master_record_number,agency,agency_tracking_number,county,city,collision_date,vehicles_involved,number_injured,number_dead,latitude,longitude,roadway_name,roadway_suffix,roadway_number,roadway_local_id,distance_from_reference,miles-feet_indicator,direction_from_reference,intersection_road_name,intersection_road_name_suffix,intersection_road_number,intersection_local_id,mile_marker,intersection_indicator,intersect_type,interchange_related_indicator,relation_to_junction,work_zone_type,construction_maintenance_zone,construction_maintenance_zone_location,fatal_case_number,officer_first_name,officer_last_name,weather_condition(s),manner_of_crash,pedestrian,bicycle,scooter,parking,hitrun,mou
101394956,METROPOLITAN NASHVILLE POLICE DEPT,20160885543,Davidson,Nashville,10/3/2016 4:40:00 AM,1,0,0,0.000000,0.000000,ROBINSON,RD,,,0.00,,,INDUSTRIAL,DR,,,0.00,Y,Four-Way,N,Intersection,None,,,         ,Justin,Chisholm,Cloudy,Not Collision with Motor Vehicle in Transport,no,no,no,no,no,False
101394984,METROPOLITAN NASHVILLE POLICE DEPT,20160885107,Davidson,Nashville,10/2/2016 8:00:00 PM,2,0,0,36.119080,-86.726220,I 24,,,,0.00,,,,,,,53.00,N,Not at Intersection, ,Non-Junction,None,,,         ,Austin,Childress,Clear,Front to Rear,no,no,no,no,no,False
101395018,METROPOLITAN NASHVILLE POLICE DEPT,20160885742,Davidson,Nashville,10/3/2016 6:50:00 AM,2,0,0,36.082400,-86.697660,I 24,,,,0.00,,,,,,,56.00,N,Not at Intersection, ,Non-Junction,None,,,         ,Rickie,Corman,Clear,Front to Rear,no,no,no,no,no,False
101395054,METROPOLITAN NASHVILLE POLICE DEPT,20160885828,Davidson,Nashville,10/3/2016 7:40:00 AM,2,1,0,36.151120,-86.853890,CHARLOTTE AV,,,,85.00,Feet,West,54TH AVN,,,,0.00,N,Not at Intersection,N,Non-Junction,None,,,         ,Michael,Phelps,Cloudy,"Sideswipe, Same Direction",no,no,no,no,no,False
101395056,METROPOLITAN NASHVILLE POLICE DEPT,20160885801,Davidson,Nashville,10/3/2016 7:30:00 AM,2,2,0,36.131880,-86.895530,CHARLOTTE PKE,,,,0.00,,,I40 E ENT RAMP,,,,0.00,Y,Four-Way,N,Intersection,None,,,         ,Douglas,Atwood,Cloudy,Angle,no,no,no,no,no,False
101395061,GOODLETTSVILLE POLICE DEPT,16-34220,Davidson,Goodlettsville,10/3/2016 7:30:00 AM,2,0,0,36.308350,-86.692090,,,SR386,,0.16,Miles,East,CONFERENCE,DR,,,0.00,N,Not at Intersection, ,Non-Junction,None,,,         ,David,Read,Cloudy,Front to Rear,no,no,no,no,no,False
101395069,METROPOLITAN NASHVILLE POLICE DEPT,20160885847,Davidson,Nashville,10/3/2016 7:55:00 AM,2,0,0,36.086790,-86.694230,HARDING PL,,,,510.00,Feet,East,S PERIMETER PARK DR,,,,0.00,N,Not at Intersection,N,Non-Junction,None,,,         ,Jedidayah,Merriweather,Cloudy,Angle,no,no,no,no,no,False
101395071,METROPOLITAN NASHVILLE POLICE DEPT,20160885818,Davidson,Nashville,10/3/2016 7:40:00 AM,3,0,0,36.051770,-86.888320,OLD HICKORY BLVD,,,,831.00,Feet,East,WEST MINISTER DR,,,,0.00,N,Not at Intersection, ,Non-Junction,None,,,         ,Michael,Pyle,Cloudy,Front to Rear,no,no,no,no,no,False
101395121,METROPOLITAN NASHVILLE POLICE DEPT,20160886047,Davidson,Nashville,10/3/2016 9:49:00 AM,2,0,0,36.132010,-86.832420,WEST END AV,,,,290.00,Feet,West,CARDEN AV,,,,0.00,N,Not at Intersection,N,Non-Junction,None,,,         ,Walter,Gray II,Cloudy,Front to Rear,no,no,no,no,no,False
101395135,METROPOLITAN NASHVILLE POLICE DEPT,20160885981,Davidson,Nashville,10/3/2016 8:25:00 AM,2,0,0,36.110630,-86.741430,THOMPSON LN,,,,140.00,Feet,East,LOGAN ST,,,,0.00,N,Not at Intersection, ,Non-Junction,None,,,         ,David,Smith,Cloudy,Front to Rear,no,no,no,no,no,False
101395138,METROPOLITAN NASHVILLE POLICE DEPT,20160885878,Davidson,Nashville,10/3/2016 8:00:00 AM,2,1,0,36.167900,-86.796230,I 40,,,,0.00,,,,,,,208.20,N,Not at Intersection,N,Non-Junction,None,,,         ,Garren,Hoskins,Cloudy,Front to Rear,no,no,no,no,no,False
101395145,METROPOLITAN NASHVILLE POLICE DEPT,20160886177,Davidson,Lakewood,10/3/2016 12:00:00 AM,3,0,0,36.241340,-86.633350,OLD HICKORY BLVD,,,,96.00,Feet,East,IRIS AV,,,,0.00,N,Not at Intersection, ,Non-Junction,None,,,         ,James,Curtis,Unknown,Unknown,no,no,no,no,yes,False
101395161,METROPOLITAN NASHVILLE POLICE DEPT,2016-0886203,Davidson,Nashville,10/3/2016 10:55:00 AM,2,0,0,36.162680,-86.777390,COMMERCE ST,,,,0.00,,,PRINTERS ALY,,,,0.00,Y,OTHER, ,Non-Junction,None,,,         ,Seth,Quiles,Clear,Front to Rear,no,no,no,no,no,False
101395167,METROPOLITAN NASHVILLE POLICE DEPT,20160886189,Davidson,Nashville,10/3/2016 9:30:00 AM,2,0,0,36.167710,-86.820340,JEFFERSON ST,,,,123.00,Feet,East,28TH AVN,,,,0.00,N,Not at Intersection, ,,None,,,         ,Darryl,Morton,,,no,no,no,no,no,False
101395192,METROPOLITAN NASHVILLE POLICE DEPT,20160886129,Davidson,Nashville,10/3/2016 10:07:00 AM,2,0,0,36.171860,-86.767890,I24 W EXT RAMP,,,,0.00,,,JAMES ROBERTSON PKWY,,,,0.00,Y,Y-Intersection,Y,Entrance/Exit Ramp Related,None,,,         ,Jeremy,Stricklin,Clear,Front to Rear,no,no,no,no,no,False
101395193,METROPOLITAN NASHVILLE POLICE DEPT,20160886439,Davidson,Nashville,10/3/2016 12:42:00 PM,2,0,0,36.200640,-86.618310,LEBANON PKE,,,,142.00,Feet,North,LEBANON PKE PVTDR,,,,0.00,N,Not at Intersection, ,Non-Junction,None,,,         ,James,Curtis,Cloudy,Angle,no,no,no,no,no,False
101395197,VANDERBILT UNIVERSITY POLICE,16- 0886310,Davidson,Nashville,10/3/2016 11:40:00 AM,2,0,0,36.146060,-86.799550,SCARRITT PL,,,,0.00,,,,,,,0.00,,, ,SharedUsePathOrTrail,None,,,         ,Charles,Payton,Cloudy,Rear to Side,no,no,no,yes,no,Campus
101395198,METROPOLITAN NASHVILLE POLICE DEPT,20160886051,Davidson,Nashville,10/3/2016 12:00:00 AM,1,0,0,36.235120,-86.785690,I24 E ENT RAMP,,,,0.00,Feet,East,I 24,,,,0.00,N,Not at Intersection,N,Non-Junction,None,,,         ,Carlos,angulo,Unknown,Unknown,no,no,no,no,yes,False
101395202,METROPOLITAN NASHVILLE POLICE DEPT,20160886343,Davidson,Nashville,10/3/2016 12:02:00 PM,2,0,0,36.135110,-86.820130,I 440,,,,0.00,,,,,,,1.60,N,Not at Intersection, ,Non-Junction,None,,,         ,Walter,Gray II,Cloudy,Not Collision with Motor Vehicle in Transport,no,no,no,no,yes,False
101395208,METROPOLITAN NASHVILLE POLICE DEPT,20160886016,Davidson,Nashville,10/3/2016 8:45:00 AM,2,0,0,36.216900,-86.763390,DICKERSON PKE,,,,175.00,Feet,South,LORRAINE AV,,,,0.00,N,Not at Intersection, ,Non-Junction,None,,,         ,Steven,Spillers,Clear,Front to Rear,no,no,no,no,no,False
101395209,METROPOLITAN NASHVILLE POLICE DEPT,20160886425,Davidson,Nashville,10/3/2016 12:20:00 PM,2,0,0,36.150500,-86.749190,I 40,,,,0.00,,,,,,,211.65,N,Not at Intersection, ,Non-Junction,None,,,         ,Richard,Hyatt,Clear,"Sideswipe, Same Direction",no,no,no,no,no,False
101395221,METROPOLITAN NASHVILLE POLICE DEPT,20160886039,Davidson,Nashville,10/3/2016 9:43:00 AM,1,1,0,36.101930,-86.763730,I65 N ENT RAMP,,,,0.00,,,I 65,,,,0.00,Y,Y-Intersection,Y,Entrance/Exit Ramp Related,None,,,         ,Erik,Wagner,Cloudy,Not Collision with Motor Vehicle in Transport,no,no,no,no,no,False
101395222,METROPOLITAN NASHVILLE POLICE DEPT,20160886274,Davidson,Nashville,10/3/2016 11:32:00 AM,2,0,0,36.120540,-86.750020,I440 E ENT RAMP,,,,0.00,,,NOLENSVILLE PKE,,,,0.00,Y,Four-Way,N,Intersection,None,,,         ,Erik,Wagner,Cloudy,Front to Rear,no,no,no,no,no,False
101395234,METROPOLITAN NASHVILLE POLICE DEPT,20160886223,Davidson,Nashville,10/3/2016 11:05:00 AM,1,1,0,36.115950,-86.773110,I 440,,,,0.00,,,,,,,4.90,N,Not at Intersection,N,Non-Junction,Construction Zone,,,         ,Paul,Joyner,Clear,Not Collision with Motor Vehicle in Transport,no,no,no,no,no,False
101395247,METROPOLITAN NASHVILLE POLICE DEPT,20160886629,Davidson,Nashville,10/3/2016 12:22:00 PM,1,0,0,36.196660,-86.742250,CAHAL AV,,,,0.00,,,GALLATIN AV,,,,0.00,Y,T-Intersection, ,Intersection-Related,None,,,         ,David,Boone,Clear,Not Collision with Motor Vehicle in Transport,no,no,no,no,no,False
101395274,METROPOLITAN NASHVILLE POLICE DEPT,20160886559,Davidson,Nashville,10/3/2016 1:20:00 PM,2,0,0,36.127730,-86.843580,HARDING PKE,,,,105.00,Feet,East,WOODLAWN DR,,,,0.00,N,Not at Intersection,N,"Driveway, Alley Access, etc",None,,,         ,Walter,Gray II,Cloudy,Angle,no,no,no,no,no,False
101395288,BERRY HILL POLICE DEPT,16-3525,Davidson,Berry Hill,10/3/2016 12:31:00 PM,2,0,0,36.112690,-86.766940,HEATHER PL,,,,0.00,,,BRANSFORD AV,,,,0.00,Y,T-Intersection, ,Intersection,None,,,         ,Ronnie,Hill,Clear,Front to Rear,no,no,no,no,no,False
101395305,METROPOLITAN NASHVILLE POLICE DEPT,2016-0882618,Davidson,Nashville,10/1/2016 8:00:00 PM,2,0,0,36.046580,-86.713410,NOLENSVILLE PKE,,,,445.00,Feet,North,OLD HICKORY BLVD,,,,0.00,N,Not at Intersection,N,Non-Junction,None,,,         ,William,McDaniel,Clear,Angle,no,no,no,yes,no,False
101395308,METROPOLITAN NASHVILLE POLICE DEPT,2016-0886620,Davidson,Nashville,10/3/2016 1:13:00 PM,2,0,0,36.145400,-86.812640,28TH AVN,,,,150.00,Feet,North,WEST END AV,,,,0.00,N,Not at Intersection, ,"Driveway, Alley Access, etc",None,,,         ,Allen,Bates,Cloudy,Angle,no,no,no,no,no,Campus
101395325,METROPOLITAN NASHVILLE POLICE DEPT,20160884905,Davidson,Nashville,10/2/2016 9:45:00 PM,2,1,0,36.150040,-86.675930,ROYAL PKWY,,,,0.00,,,PERIMETER PLACE DR,,,,0.00,Y,T-Intersection,N,Intersection,None,,,         ,Thomas,Barnes,Clear,Angle,no,no,no,no,no,False
101395332,METROPOLITAN NASHVILLE POLICE DEPT,20160886747,Davidson,Nashville,10/3/2016 2:55:00 PM,2,0,0,36.231110,-86.770690,I 65,,,,0.00,,,,,,,89.10,N,Not at Intersection, ,,None,,,         ,Christopher,Littles,,,no,no,no,no,no,False
101395337,METROPOLITAN NASHVILLE POLICE DEPT,20160886860,Davidson,Nashville,10/3/2016 3:40:00 PM,3,1,0,36.115710,-86.774770,I 440,,,,0.00,,,,,,,4.80,N,Not at Intersection,N,Entrance/Exit Ramp Related,Construction Zone,Laneclosure,Activity Area,         ,Tien,Nguyen,Clear,Front to Rear,no,no,no,no,no,False
101395355,METROPOLITAN NASHVILLE POLICE DEPT,20160886796,Davidson,Madison,10/3/2016 3:30:00 PM,2,0,0,36.262860,-86.703390,E OLD HICKORY BLVD,,,,0.00,,,FOREST PARK RD,,,,0.00,Y,T-Intersection, ,Intersection-Related,None,,,         ,Ryan,Russell,Clear,Front to Rear,no,no,no,no,no,False
101395370,METROPOLITAN NASHVILLE POLICE DEPT,20160886746,Davidson,Nashville,10/3/2016 2:50:00 PM,2,1,0,36.068250,-86.712010,HAYWOOD LN,,,,0.00,,,HOLLIS HILL DR,,,,0.00,Y,T-Intersection,N,Intersection,None,,,         ,Jeffrey,Livingston,Clear,Front to Rear,no,no,no,no,no,False
101395374,METROPOLITAN NASHVILLE POLICE DEPT,20160886828,Davidson,Nashville,10/3/2016 3:22:00 PM,3,0,0,36.152820,-86.824190,CHARLOTTE AV,,,,0.00,Feet,East,33RD AVN,,,,0.00,N,Not at Intersection, ,,None,,,         ,Walter,Gray II,,,no,no,no,no,no,False
101395383,METROPOLITAN NASHVILLE POLICE DEPT,2016-0886976,Davidson,Nashville,10/3/2016 3:46:00 PM,2,0,0,36.101090,-86.820220,HOBBS RD,,,,130.00,Feet,West,HILLSBORO CIR,,,,0.00,N,Not at Intersection, ,Non-Junction,None,,,         ,Ryan,Allen,Clear,Angle,no,no,no,no,no,False
101395384,METROPOLITAN NASHVILLE POLICE DEPT,20160886981,Davidson,Nashville,10/3/2016 4:15:00 PM,3,0,0,36.049820,-86.650070,BELL RD,,,,178.00,Feet,West,MT VIEW RD,,,,0.00,N,Not at Intersection, ,Non-Junction,None,,,         ,David,Hughes,Clear,Front to Rear,no,no,no,no,no,False
101395388,METROPOLITAN NASHVILLE POLICE DEPT,20160887104,Davidson,Nashville,10/3/2016 4:49:00 PM,2,0,0,36.140210,-86.818160,WEST END AV,,,,321.00,Feet,South,ACKLEN PARK DR,,,,0.00,N,Not at Intersection, ,Non-Junction,None,,,         ,Nicholas,Smith,Clear,Front to Rear,no,no,no,no,no,False
101395392,METROPOLITAN NASHVILLE POLICE DEPT,20160887073,Davidson,Nashville,10/3/2016 4:45:00 PM,2,0,0,36.083280,-86.761620,SIDCO DR,,,,11.00,Feet,South,CSX DR,,,,0.00,N,Not at Intersection, ,Non-Junction,None,,,         ,Tien,Nguyen,Clear,Angle,no,no,no,no,no,False
101395393,METROPOLITAN NASHVILLE POLICE DEPT,20160887173,Davidson,Nashville,10/3/2016 5:21:00 PM,2,0,0,36.077240,-86.738400,HARDING PL,,,,494.00,Feet,East,BINKLEY DR,,,,0.00,N,Not at Intersection, ,Non-Junction,None,,,         ,Tien,Nguyen,,Front to Rear,no,no,no,no,no,False
101395399,METROPOLITAN NASHVILLE POLICE DEPT,20160886985,Davidson,Not in City Limit,10/3/2016 4:17:00 PM,2,1,0,36.077580,-87.003960,I 40,,,,0.00,,,,,,,193.45,N,Not at Intersection,N,Non-Junction,None,,,         ,Walter,Gray II,Cloudy,Not Collision with Motor Vehicle in Transport,no,no,no,no,no,False
101395401,METROPOLITAN NASHVILLE POLICE DEPT,20160887034,Davidson,Nashville,10/3/2016 4:25:00 PM,2,0,0,36.166800,-86.599070,OLD HICKORY BLVD,,,,0.00,,,CROSSHILL WAY,,,,0.00,Y,Four-Way, ,Non-Junction,None,,,         ,Codey,Mullins,Clear,Front to Rear,no,no,no,no,no,False
101395412,METROPOLITAN NASHVILLE POLICE DEPT,20160886216,Davidson,Nashville,10/3/2016 10:45:00 AM,2,0,0,36.127470,-86.727530,I 440,,,,0.00,,,,,,,7.60,N,Not at Intersection,N,Non-Junction,None,,,         ,Jessie,Meadows,Clear,"Sideswipe, Same Direction",no,no,no,no,no,False
101395413,METROPOLITAN NASHVILLE POLICE DEPT,20160886269,Davidson,Nashville,10/3/2016 1:23:00 PM,2,0,0,36.150450,-86.767780,2ND AVS,,,,38.00,Feet,South,MCCANN ST,,,,0.00,N,Not at Intersection, ,Non-Junction,None,,,         ,Jessie,Meadows,Clear,Angle,no,no,no,no,no,False
101395414,METROPOLITAN NASHVILLE POLICE DEPT,20160886364,Davidson,Nashville,10/3/2016 1:32:00 PM,1,2,0,36.146770,-86.762830,WHARF AV,,,,123.00,Feet,North,TRIMBLE ST,,,,0.00,N,Not at Intersection,N,Non-Junction,None,,,         ,Jessie,Meadows,Clear,Not Collision with Motor Vehicle in Transport,no,no,no,no,no,False
101395415,METROPOLITAN NASHVILLE POLICE DEPT,20160886427,Davidson,Nashville,10/3/2016 1:37:00 PM,2,0,0,36.053140,-86.690000,TUSCULUM RD,,,,53.00,Feet,West,ROBERT YOEST DR,,,,0.00,N,Not at Intersection,N,Non-Junction,None,,,         ,Jessie,Meadows,Clear,Front to Rear,no,no,no,yes,yes,False
101395416,METROPOLITAN NASHVILLE POLICE DEPT,20160886602,Davidson,Nashville,10/3/2016 4:19:00 PM,3,0,0,36.076980,-86.641670,DOVER GLEN DR,,,,84.00,Feet,West,MURFREESBORO PKE,,,,0.00,N,Not at Intersection,N,Non-Junction,None,,,         ,Jessie,Meadows,Clear,Front to Rear,no,no,no,no,yes,False
101395417,METROPOLITAN NASHVILLE POLICE DEPT,20160887059,Davidson,Nashville,10/3/2016 5:52:00 PM,2,0,0,36.102480,-86.713720,I 24,,,,0.00,,,,,,,54.40,N,Not at Intersection, ,Non-Junction,None,,,         ,Jessie,Meadows,Clear,Front to Rear,no,no,no,no,no,False
101395420,METROPOLITAN NASHVILLE POLICE DEPT,2016-0887135,Davidson,Nashville,10/3/2016 4:32:00 PM,2,1,0,36.136200,-86.876820,HILLWOOD BLVD,,,,0.00,,,FLEETWOOD DR,,,,0.00,Y,Four-Way,N,Intersection,None,,,         ,Michael,Rogers,Clear,Angle,no,no,no,no,no,False
101395422,METROPOLITAN NASHVILLE POLICE DEPT,20160887100,Davidson,Nashville,10/3/2016 4:47:00 PM,2,1,0,36.186770,-86.631640,CENTRAL PKE,,,,0.00,,,LEBANON PKE,,,,0.00,Y,Four-Way,N,Intersection,None,,,         ,Codey,Mullins,Clear,"Sideswipe, Opposite Direction",no,no,no,no,no,False
101395437,METROPOLITAN NASHVILLE POLICE DEPT,20160887186,Davidson,Nashville,10/3/2016 5:24:00 PM,2,0,0,36.126880,-86.711320,MURFREESBORO PKE,,,,94.00,Feet,West,THOMPSON PL,,,,0.00,N,Not at Intersection, ,,None,,,         ,Brandon,Vance,,,no,no,no,no,no,False
101395445,METROPOLITAN NASHVILLE POLICE DEPT,20160887317,Davidson,Goodlettsville,10/3/2016 6:02:00 PM,2,0,0,36.288550,-86.724880,I 65,,,,0.00,,,,,,,94.10,N,Not at Intersection,N,Non-Junction,None,,,         ,Christopher,Littles,Clear,Front to Rear,no,no,no,no,no,False
101395462,METROPOLITAN NASHVILLE POLICE DEPT,2016-0887423,Davidson,Nashville,10/3/2016 6:23:00 PM,2,0,0,36.124040,-86.848970,ROYAL OAKS CONDOS PVTDR,,,,0.00,,,HARDING PKE,,,,0.00,Y,Four-Way, ,Intersection,None,,,         ,Ryan,Allen,Clear,Front to Rear,no,no,no,no,no,False
101395463,METROPOLITAN NASHVILLE POLICE DEPT,20160887136,Davidson,Nashville,10/2/2016 2:17:00 PM,2,0,0,36.069870,-86.679130,RICHARDS RD,,,,0.00,,,,,,,0.00,,, ,Unknown,None,,,         ,David,Hughes,Clear,Unknown,no,no,no,yes,yes,False
101395475,METROPOLITAN NASHVILLE POLICE DEPT,2016-0887372,Davidson,Not in City Limit,10/3/2016 6:03:00 PM,2,0,0,36.044970,-86.953400,HIGHWAY 100,,,,843.00,Feet,East,OLD HARDING PKE,,,,0.00,N,Not at Intersection, ,,None,,,         ,Michael,Rogers,,,no,no,no,no,no,False
101395476,METROPOLITAN NASHVILLE POLICE DEPT,20160887453,Davidson,Nashville,10/3/2016 6:19:00 PM,2,0,0,36.085530,-86.690750,ANTIOCH PKE,,,,0.00,,,PERIMETER HILL DR,,,,0.00,Y,T-Intersection, ,Intersection,None,,,         ,David,Hughes,Clear,Front to Rear,no,no,no,no,no,False
101395485,METROPOLITAN NASHVILLE POLICE DEPT,20160887141,Davidson,Nashville,10/3/2016 4:55:00 PM,2,0,0,36.140870,-86.732630,I 40,,,,0.00,,,,,,,213.00,N,Not at Intersection,N,Non-Junction,None,,,         ,Tyler,Maupin,Clear,Front to Rear,no,no,no,no,no,False
101395491,METROPOLITAN NASHVILLE POLICE DEPT,20160887566,Davidson,Nashville,10/3/2016 7:06:00 PM,2,0,0,36.173110,-86.601260,CENTRAL PKE,,,,114.00,Feet,West,BURNING TREE DR,,,,0.00,N,Not at Intersection, ,OtherLocation,None,,,         ,Christopher,Mackey,Clear,Other,no,no,no,no,no,False
101395492,METROPOLITAN NASHVILLE POLICE DEPT,20160887576,Davidson,Nashville,10/3/2016 7:30:00 PM,2,0,0,36.152580,-86.796870,WEST END AV,,,,197.00,Feet,East,19TH AVN,,,,0.00,N,Not at Intersection, ,Non-Junction,None,,,         ,Tien,Nguyen,Clear,Angle,no,no,no,no,no,False
101395495,METROPOLITAN NASHVILLE POLICE DEPT,20160887148,Davidson,Nashville,10/3/2016 4:50:00 PM,2,0,0,36.143920,-86.777280,I 65,,,,0.00,,,,,,,82.10,N,Not at Intersection, ,Non-Junction,None,,,         ,Conner,Harris,Clear,Front to Rear,no,no,no,no,no,False
101395501,METROPOLITAN NASHVILLE POLICE DEPT,20160887195,Davidson,Not in City Limit,10/3/2016 5:19:00 PM,2,0,0,36.263070,-86.711920,STATE RT 45,,,,0.00,,,GALLATIN PKEN,,,,0.00,Y,Four-Way,Y,Intersection-Related,None,,,         ,Samuel,Miller,Clear,"Sideswipe, Same Direction",no,no,no,no,yes,False
101395503,METROPOLITAN NASHVILLE POLICE DEPT,20160887419,Davidson,Nashville,10/3/2016 6:33:00 PM,1,1,0,36.156550,-86.627730,I 40,,,,0.00,,,,,,,219.05,N,Not at Intersection,N,Non-Junction,None,,,         ,Patrick,Taylor,Clear,Not Collision with Motor Vehicle in Transport,no,no,no,no,no,False
101395517,METROPOLITAN NASHVILLE POLICE DEPT,20160887393,Davidson,Nashville,10/3/2016 6:31:00 PM,2,0,0,36.154000,-86.846170,BRILEY PKWY N ENT RAMP,,,,2100.00,Feet,West,I 40,,,,0.00,N,Not at Intersection, ,,None,,,         ,Adam,Reese,,,no,no,no,no,no,False
101395532,METROPOLITAN NASHVILLE POLICE DEPT,20160887322,Davidson,Nashville,10/3/2016 6:13:00 PM,2,1,0,36.153960,-86.818220,28TH AVN,,,,0.00,,,CHARLOTTE AV,,,,0.00,Y,Four-Way,N,Intersection,None,,,         ,Samuel,Kersten,Clear,Front to Rear,no,no,no,no,yes,False
101395569,METROPOLITAN NASHVILLE POLICE DEPT,20160887797,Davidson,Not in City Limit,10/3/2016 8:39:00 PM,2,0,0,36.317170,-86.834830,I 24,,,,0.00,,,,,,,37.00,N,Not at Intersection,N,Non-Junction,None,,,         ,Kevin,Reynolds,Clear,Front to Rear,no,no,no,no,yes,False
101395587,METROPOLITAN NASHVILLE POLICE DEPT,20160887986,Davidson,Antioch,10/3/2016 10:17:00 PM,1,1,0,36.048640,-86.595300,PIN HOOK RD,,,,1635.00,Feet,West,PIN OAK DR,,,,0.00,N,Not at Intersection,N,Non-Junction,None,,,         ,David,Hughes,Clear,Not Collision with Motor Vehicle in Transport,yes,no,no,no,yes,False
101395588,METROPOLITAN NASHVILLE POLICE DEPT,20160887917,Davidson,Nashville,10/3/2016 9:46:00 PM,2,0,0,36.205580,-86.764320,E TRINITY LN,,,,286.00,Feet,West,SULTANA AV,,,,0.00,N,Not at Intersection, ,Non-Junction,None,,,         ,Christopher,Valdez,Clear,Front to Rear,no,no,no,no,no,False
101395594,METROPOLITAN NASHVILLE POLICE DEPT,20160887973,Davidson,Nashville,10/3/2016 10:09:00 PM,2,0,0,36.098620,-86.763890,I 65,,,,0.00,,,,,,,78.95,N,Not at Intersection, ,Non-Junction,None,,,         ,Tien,Nguyen,Clear,Front to Rear,no,no,no,no,no,False
101395629,METROPOLITAN NASHVILLE POLICE DEPT,20160888187,Davidson,Nashville,10/4/2016 12:14:00 AM,1,1,0,36.169920,-86.593220,I 40,,,,0.00,,,,,,,221.30,N,Not at Intersection,N,Non-Junction,None,,,         ,Curtis,Fisher,Clear,Not Collision with Motor Vehicle in Transport,no,no,no,no,no,False
101395635,METROPOLITAN NASHVILLE POLICE DEPT,2016-0888262,Davidson,Nashville,10/4/2016 1:02:00 AM,2,1,0,36.151010,-86.796490,BROADWAY,,,,0.00,,,19TH AVS,,,,0.00,Y,Four-Way,N,Intersection-Related,None,,,         ,Matthew,Moses,Clear,Not Collision with Motor Vehicle in Transport,no,no,no,no,no,False
101395648,METROPOLITAN NASHVILLE POLICE DEPT,20160888307,Davidson,Nashville,10/4/2016 1:30:00 AM,2,1,0,36.123800,-86.727680,I 24,,,,0.00,,,,,,,52.65,N,Not at Intersection,N,Non-Junction,None,,,         ,Andrew,Swint,Clear,Front to Rear,yes,no,no,no,no,False
101395670,METROPOLITAN NASHVILLE POLICE DEPT,20160888652,Davidson,Nashville,10/4/2016 5:14:00 AM,2,0,0,36.152030,-86.635460,I 40,,,,0.00,,,,,,,218.55,N,Not at Intersection, ,Non-Junction,None,,,         ,Curtis,Fisher,Clear,"Sideswipe, Same Direction",no,no,no,no,yes,False
101395726,METROPOLITAN NASHVILLE POLICE DEPT,20160888895,Davidson,Nashville,10/4/2016 7:43:00 AM,2,1,0,36.025470,-86.632730,I 24,,,,0.00,,,,,,,61.55,N,Not at Intersection,N,Non-Junction,None,,,         ,Steven,Williams,Clear,Front to Rear,no,no,no,no,no,False
101395737,METROPOLITAN NASHVILLE POLICE DEPT,2016-0885957,Davidson,Nashville,10/3/2016 8:30:00 AM,2,0,0,36.159380,-86.780990,BROADWAY,,,,0.00,,,7TH AVS,,,,0.00,Y,Four-Way,N,Intersection,None,,,         ,William,Vincion,Clear,Angle,no,no,no,no,no,False
101395744,METROPOLITAN NASHVILLE POLICE DEPT,20160888789,Davidson,Nashville,10/4/2016 6:00:00 AM,2,0,0,36.112890,-86.689010,MCGAVOCK PKE,,,,10.00,Feet,South,MURFREESBORO PKE,,,,0.00,N,Not at Intersection,N,Non-Junction,None,,,         ,David,Smith,Clear,Front to Rear,no,no,no,no,no,False
101395752,METROPOLITAN NASHVILLE POLICE DEPT,20160886379,Davidson,Nashville,10/3/2016 12:17:00 PM,2,0,0,36.137570,-86.800760,WEDGEWOOD AV,,,,0.00,,,21ST AVS,,,,0.00,Y,Four-Way,Y,Intersection,None,,,         ,Darrell,Osment,,Angle,no,no,no,no,yes,Campus
101395753,METROPOLITAN NASHVILLE POLICE DEPT,20160886443,Davidson,Nashville,10/3/2016 12:17:00 PM,2,0,0,36.136890,-86.800840,21ST AVS,,,,0.00,,,BELCOURT AV,,,,0.00,Y,T-Intersection, ,Intersection,None,,,         ,Darrell,Osment,Clear,Front to Rear,no,no,no,no,no,Campus
101395758,METROPOLITAN NASHVILLE POLICE DEPT,20160888822,Davidson,Not in City Limit,10/4/2016 6:32:00 AM,2,0,0,36.306740,-86.818530,I 24,,,,0.00,,,,,,,38.20,N,Not at Intersection, ,Non-Junction,None,,,         ,Carlos,angulo,Clear,Front to Rear,no,no,no,no,no,False
101395762,METROPOLITAN NASHVILLE POLICE DEPT,2016-0886688,Davidson,Nashville,10/3/2016 2:31:00 PM,2,0,0,0.000000,0.000000,,,I24,,1000.00,Feet,East,,,,,49.00,N,Not at Intersection, ,,None,,,         ,William,Vincion,,,no,no,no,no,no,False
101395777,VANDERBILT UNIVERSITY POLICE,16-0886516,Davidson,Nashville,10/3/2016 12:50:00 PM,1,0,0,36.142760,-86.801030,MEDICAL CENTER DR,,,,298.00,Feet,West,21ST AVS,,,,0.00,N,Not at Intersection, ,Non-Junction,None,,,         ,Kristen,Clark,Clear,Not Collision with Motor Vehicle in Transport,no,no,no,no,no,Campus
101395784,METROPOLITAN NASHVILLE POLICE DEPT,20160888977,Davidson,Nashville,10/4/2016 8:20:00 AM,2,2,0,36.230870,-86.770890,I 65,,,,0.00,,,,,,,89.05,N,Not at Intersection,N,Non-Junction,None,,,         ,Jack,Crouch,Clear,Front to Rear,no,no,no,no,no,False