master_record_number,agency,agency_tracking_number,county,city,collision_date,vehicles_involved,number_injured,number_dead,latitude,longitude,roadway_name,roadway_suffix,roadway_number,roadway_local_id,distance_from_reference,miles-feet_indicator,direction_from_reference,intersection_road_name,intersection_road_name_suffix,intersection_road_number,intersection_local_id,mile_marker,intersection_indicator,intersect_type,interchange_related_indicator,relation_to_junction,work_zone_type,construction_maintenance_zone,construction_maintenance_zone_location,fatal_case_number,officer_first_name,officer_last_name,weather_condition(s),manner_of_crash,pedestrian,bicycle,scooter,parking,hitrun,mou
101395788,METROPOLITAN NASHVILLE POLICE DEPT,20160888992,Davidson,Nashville,10/4/2016 8:24:00 AM,2,0,0,36.246220,-86.735710,S GRAYCROFT AV,,,,70.00,Feet,North,BRIARVILLE RD,,,,0.00,N,Not at Intersection,N,Non-Junction,None,,,         ,Michael,Agee,Clear,Front to Rear,no,no,no,no,no,False
101395794,METROPOLITAN NASHVILLE POLICE DEPT,2016-0888961,Davidson,Nashville,10/4/2016 8:14:00 AM,3,2,0,36.118530,-86.726040,I 24,,,,0.00,,,,,,,53.00,N,Not at Intersection,Y,Entrance/Exit Ramp Related,None,,,         ,William,Whitworth,Clear,Front to Rear,no,no,no,no,no,False
101395800,METROPOLITAN NASHVILLE POLICE DEPT,20160889015,Davidson,Nashville,10/4/2016 8:33:00 AM,2,1,0,36.100930,-86.711920,I 24,,,,0.00,,,,,,,54.50,N,Not at Intersection,N,Non-Junction,None,,,         ,Paul,Ellis,Clear,Front to Rear,no,no,no,no,no,False
101395804,METROPOLITAN NASHVILLE POLICE DEPT,20160888786,Davidson,Not in City Limit,10/4/2016 6:15:00 AM,2,0,0,36.320100,-86.850090,I 24,,,,0.00,,,,,,,36.00,N,Not at Intersection, ,Non-Junction,None,,,         ,Christopher,Higdon,Clear,Front to Rear,no,no,no,no,no,False
101395805,METROPOLITAN NASHVILLE POLICE DEPT,20160888846,Davidson,Madison,10/4/2016 7:22:00 AM,2,1,0,0.000000,0.000000,DICKERSON PIKE,,SR0,,0.00,,,OLD HICKORY BLVD,,SR,,0.00,Y,Four-Way,N,Intersection,None,,,         ,Faye,Denson,Clear,Front to Rear,no,no,no,no,no,False
101395825,METROPOLITAN NASHVILLE POLICE DEPT,2016-0888874,Davidson,Nashville,10/4/2016 7:31:00 AM,2,0,0,0.000000,0.000000,9TH AVENUE SOUTH,,,,15.00,Feet,North,LEA AVENUE,,,,0.00,N,Not at Intersection, ,Non-Junction,Construction Zone,,,         ,William,Vincion,Clear,"Sideswipe, Same Direction",no,no,no,no,no,False
101395833,METROPOLITAN NASHVILLE POLICE DEPT,20160888880,Davidson,Nashville,10/4/2016 7:36:00 AM,2,0,0,36.202360,-86.776850,I 65,,,,0.00,,,,,,,87.00,N,Not at Intersection, ,Non-Junction,None,,,         ,Michael,McCord,Clear,Front to Rear,no,no,no,no,no,False
101395848,METROPOLITAN NASHVILLE POLICE DEPT,20160889186,Davidson,Nashville,10/4/2016 9:40:00 AM,2,0,0,36.175270,-86.792660,MONROE ST,,,,0.00,,,ROSA L PARKS BLVD,,,,0.00,Y,OTHER,N,Non-Junction,None,,,         ,Joshua,Baker,Clear,Angle,no,no,no,no,no,False
101395851,METROPOLITAN NASHVILLE POLICE DEPT,20160888930,Davidson,Nashville,10/4/2016 7:56:00 AM,2,0,0,36.166270,-86.795070,I 40,,,,0.00,,,,,,,208.30,N,Not at Intersection, ,Non-Junction,None,,,         ,Darrell,Osment,Clear,Front to Rear,no,no,no,no,no,False
101395867,METROPOLITAN NASHVILLE POLICE DEPT,20160888926,Davidson,Not in City Limit,10/4/2016 6:45:00 AM,3,0,0,36.323880,-86.867500,I 24,,,,0.00,,,,,,,35.00,N,Not at Intersection,N,Entrance/Exit Ramp Related,None,,,         ,Donald,Black,Clear,Front to Rear,no,no,no,no,no,False
101395868,METROPOLITAN NASHVILLE POLICE DEPT,20160886532,Davidson,Nashville,10/3/2016 1:15:00 PM,2,0,0,36.224550,-86.773140,I 65,,,,0.00,,,,,,,88.60,N,Not at Intersection,N,Non-Junction,None,,,         ,Donald,Davidson,Clear,"Sideswipe, Same Direction",no,no,no,no,no,False
101395877,METROPOLITAN NASHVILLE POLICE DEPT,20160889450,Davidson,Nashville,10/4/2016 11:36:00 AM,2,0,0,36.109360,-86.922490,OLD HICKORY BLVD,,,,173.00,Feet,South,SONYA DR,,,,0.00,N,Not at Intersection, ,Non-Junction,None,,,         ,Walter,Gray II,Clear,Angle,no,no,no,no,no,False
101395878,METROPOLITAN NASHVILLE POLICE DEPT,20160889313,Davidson,Nashville,10/4/2016 10:45:00 AM,2,0,0,36.196660,-86.742250,CAHAL AV,,,,0.00,,,GALLATIN AV,,,,0.00,Y,T-Intersection, ,Intersection,None,,,         ,Paul,Burton,Clear,Front to Rear,no,no,no,no,no,False
101395887,METROPOLITAN NASHVILLE POLICE DEPT,2016-0889376,Davidson,Not in City Limit,10/4/2016 12:00:00 AM,2,0,0,36.015660,-86.703250,SUGARBUSH CT,,,,86.00,Feet,North,SUGAR VALLEY DR,,,,0.00,N,Not at Intersection,N,Non-Junction,None,,,         ,William,Whitworth,Clear,"Sideswipe, Same Direction",no,no,no,no,yes,False
101395905,METROPOLITAN NASHVILLE POLICE DEPT,20160889428,Davidson,Nashville,10/4/2016 11:27:00 AM,2,0,0,36.154110,-86.808520,23RD AVN,,,,184.00,Feet,North,MURPHY AV,,,,0.00,N,Not at Intersection, ,Non-Junction,None,,,         ,Erik,Wagner,Clear,Angle,no,no,no,no,no,False
101395916,METROPOLITAN NASHVILLE POLICE DEPT,20160889564,Davidson,Nashville,10/4/2016 12:20:00 PM,2,0,0,36.187990,-86.821560,ED TEMPLE BLVD,,,,0.00,Feet,East,ROSA L PARKS BLVD,,,,0.00,N,Not at Intersection, ,,None,,,         ,Joshua,Baker,,,no,no,no,no,no,False
101395924,METROPOLITAN NASHVILLE POLICE DEPT,2016-0889726,Davidson,Not in City Limit,10/4/2016 12:00:00 AM,2,0,0,36.021230,-86.672580,GRANT RIDGE LN,,,,241.00,Feet,West,STEPHENS RIDGE WAY,,,,0.00,N,Not at Intersection,N,Non-Junction,None,,,         ,William,Whitworth,Clear,Angle,no,no,no,no,yes,False
101395926,METROPOLITAN NASHVILLE POLICE DEPT,20160889756,Davidson,Nashville,10/4/2016 12:00:00 AM,2,0,0,36.153740,-86.824510,FELICIA ST,,,,112.00,Feet,West,33RD AVN,,,,0.00,N,Not at Intersection, ,Non-Junction,None,,,         ,Curtis,Rich,Unknown,Angle,no,no,no,no,yes,False
101395932,METROPOLITAN NASHVILLE POLICE DEPT,20160889402,Davidson,Nashville,10/4/2016 11:15:00 AM,2,0,0,36.148850,-86.804560,WEST END AV,,,,0.00,,,23RD AVN,,,,0.00,Y,T-Intersection,N,Intersection-Related,None,,,         ,Phillip,Murphy,Clear,Front to Rear,no,no,no,no,no,Campus
101395945,METROPOLITAN NASHVILLE POLICE DEPT,2016-0889360,Davidson,Nashville,10/4/2016 10:58:00 AM,2,1,0,36.139140,-86.801210,MEDICAL CENTER DR,,,,0.00,,,,,,,0.00,,,N,Non-Junction,None,,,         ,Allen,Bates,Clear,Front to Rear,no,no,no,yes,no,Campus
101395948,METROPOLITAN NASHVILLE POLICE DEPT,20160889618,Davidson,Nashville,10/4/2016 12:40:00 PM,2,0,0,36.075690,-86.726050,NOLENSVILLE PKE,,,,530.00,Feet,South,WALLACE RD,,,,0.00,N,Not at Intersection, ,Non-Junction,None,,,         ,Donald,Davidson,Clear,Angle,no,no,no,yes,no,False
101395969,METROPOLITAN NASHVILLE POLICE DEPT,20160889697,Davidson,Not in City Limit,10/4/2016 1:10:00 PM,2,1,0,36.262210,-86.712210,GALLATIN PKES,,,,0.00,,,E OLD HICKORY BLVD,,,,0.00,Y,T-Intersection,N,Intersection,Construction Zone,Work On Shoulder Or Median,Activity Area,         ,Michelle,Steidl,Clear,Angle,no,no,no,no,no,False
101395972,METROPOLITAN NASHVILLE POLICE DEPT,2016-0889656,Davidson,Nashville,10/4/2016 12:42:00 PM,2,0,0,36.106520,-86.672870,DONELSON PKE,,,,128.00,Feet,North,MURFREESBORO PKE,,,,0.00,N,Not at Intersection,N,Non-Junction,None,,,         ,Stanley,Collins,Clear,Front to Rear,no,no,no,no,yes,False
101395983,METROPOLITAN NASHVILLE POLICE DEPT,20160889227,Davidson,Nashville,10/4/2016 10:45:00 AM,2,0,0,36.135580,-86.757210,HERRON DR,,,,877.00,Feet,West,INTERSTATE BLVDS,,,,0.00,N,Not at Intersection, ,Non-Junction,None,,,         ,Jessie,Meadows,Clear,Angle,no,no,no,no,no,False
101395984,METROPOLITAN NASHVILLE POLICE DEPT,20160889400,Davidson,Nashville,10/4/2016 12:22:00 PM,3,2,0,36.102020,-86.712920,I 24,,,,0.00,,,,,,,54.45,N,Not at Intersection,N,Non-Junction,None,,,         ,Jessie,Meadows,Clear,Front to Rear,no,no,no,no,yes,False
101395985,METROPOLITAN NASHVILLE POLICE DEPT,20160889442,Davidson,Nashville,10/4/2016 12:34:00 PM,2,1,0,36.101250,-86.712170,I 24,,,,0.00,,,,,,,54.50,N,Not at Intersection,N,Non-Junction,None,,,         ,Jessie,Meadows,Clear,Front to Rear,no,no,no,no,no,False
101395986,METROPOLITAN NASHVILLE POLICE DEPT,20160889655,Davidson,Nashville,10/4/2016 1:21:00 PM,1,0,0,36.104970,-86.701140,CURREY RD,,,,275.00,Feet,East,CATALINA DR,,,,0.00,N,Not at Intersection,N,Non-Junction,None,,,         ,Jessie,Meadows,Clear,Not Collision with Motor Vehicle in Transport,no,no,no,no,no,False
101395989,METROPOLITAN NASHVILLE POLICE DEPT,16-0889686,Davidson,Nashville,10/4/2016 12:55:00 PM,2,0,0,36.165580,-86.790220,10TH AVN,,,,0.00,,,JO JOHNSTON AV,,,,0.00,Y,Four-Way, ,,Work Zone,,,         ,Frank,Campbell,,,no,no,no,no,no,False
101395994,METROPOLITAN NASHVILLE POLICE DEPT,2016-0889829,Davidson,Nashville,10/4/2016 2:02:00 PM,2,0,0,36.049980,-86.649500,MT VIEW RD,,,,0.00,,,BELL RD,,,,0.00,Y,Four-Way, ,Intersection,None,,,         ,William,Whitworth,Clear,Front to Rear,no,no,no,no,no,False
101395995,METROPOLITAN NASHVILLE POLICE DEPT,20160889860,Davidson,Nashville,10/4/2016 1:42:00 PM,2,0,0,36.155800,-86.780140,8TH AVS,,,,0.00,,,CLARK PL,,,,0.00,Y,T-Intersection,N,Non-Junction,None,,,         ,Jason,King,Clear,"Sideswipe, Same Direction",no,no,no,no,yes,False
101395999,METROPOLITAN NASHVILLE POLICE DEPT,20160889888,Davidson,Nashville,10/4/2016 2:29:00 PM,3,0,0,36.150390,-86.771090,I 40,,,,0.00,,,,,,,210.35,N,Not at Intersection,N,Non-Junction,None,,,         ,Charles,Griffin,Clear,Front to Rear,no,no,no,no,no,False
101396003,METROPOLITAN NASHVILLE POLICE DEPT,20160889855,Davidson,Nashville,10/4/2016 2:32:00 PM,2,0,0,36.189300,-86.753880,ELLINGTON PKWYN,,,,139.00,Feet,North,SHARPE AV,,,,0.00,N,Not at Intersection,N,Non-Junction,None,,,         ,Terence,Maahs,Cloudy,"Sideswipe, Same Direction",no,no,no,no,no,False
101396005,METROPOLITAN NASHVILLE POLICE DEPT,20160889862,Davidson,Nashville,10/4/2016 1:55:00 PM,2,0,0,36.148790,-86.796830,CHET ATKINS PL,,,,244.00,Feet,West,19TH AVS,,,,0.00,N,Not at Intersection,N,OtherLocation,None,,,         ,Tien,Nguyen,Clear,Angle,no,no,no,no,no,False
101396006,METROPOLITAN NASHVILLE POLICE DEPT,20160889786,Davidson,Antioch,10/4/2016 3:36:00 PM,2,0,0,36.026660,-86.588080,HICKORY WOODS DR,,,,115.00,Feet,North,MURFREESBORO PKE,,,,0.00,N,Not at Intersection, ,Non-Junction,None,,,         ,Jessie,Meadows,Clear,Front to Rear,no,no,no,no,no,False
101396011,METROPOLITAN NASHVILLE POLICE DEPT,20160889964,Davidson,Nashville,10/4/2016 3:01:00 PM,2,0,0,36.146100,-86.666580,DONELSON PKE,,,,56.00,Feet,North,ROYAL PKWY,,,,0.00,N,Not at Intersection, ,Non-Junction,None,,,         ,Wesley,Young,Clear,Angle,no,no,no,no,no,False
101396015,METROPOLITAN NASHVILLE POLICE DEPT,20160889854,Davidson,Nashville,10/4/2016 2:29:00 PM,2,0,0,36.188150,-86.798490,ROSA L PARKS BLVD,,,,85.00,Feet,North,DOMINICAN DR,,,,0.00,N,Not at Intersection, ,Non-Junction,None,,,         ,Ashton,Hill,Clear,Front to Rear,no,no,no,no,no,False
101396016,METROPOLITAN NASHVILLE POLICE DEPT,20160889883,Davidson,Nashville,10/4/2016 2:24:00 PM,2,0,0,36.154950,-86.788180,I40 W EXT RAMP,,,,0.00,,,I 40,,,,0.00,Y,Y-Intersection, ,,None,,,         ,Jason,Thomas,,,no,no,no,no,no,False
101396017,METROPOLITAN NASHVILLE POLICE DEPT,20160889898,Davidson,Nashville,10/4/2016 2:24:00 PM,2,1,0,36.041230,-86.743770,EDMONDSON PKE,,,,451.00,Feet,North,OLD HICKORY BLVD,,,,0.00,N,Not at Intersection,N,Non-Junction,None,,,         ,Nicholas,Berens,Clear,Angle,no,no,no,no,no,False
101396027,METROPOLITAN NASHVILLE POLICE DEPT,20160889849,Davidson,Nashville,10/4/2016 2:35:00 PM,2,3,0,36.141760,-86.671670,I 40,,,,0.00,,,,,,,215.00,N,Not at Intersection,N,Non-Junction,None,,,         ,Mikala,Moore,Clear,Angle,no,no,no,no,no,False
101396034,METROPOLITAN NASHVILLE POLICE DEPT,20160889712,Davidson,Nashville,10/4/2016 1:20:00 PM,2,0,0,36.190400,-86.745470,GALLATIN AV,,,,0.00,,,W GREENWOOD AV,,,,0.00,Y,T-Intersection,N,Non-Junction,None,,,         ,Paul,Burton,Clear,Angle,no,no,no,no,yes,False
101396037,METROPOLITAN NASHVILLE POLICE DEPT,20160890085,Davidson,Nashville,10/4/2016 4:18:00 PM,2,0,0,36.085530,-86.690750,ANTIOCH PKE,,,,0.00,,,PERIMETER HILL DR,,,,0.00,Y,T-Intersection, ,Non-Junction,None,,,         ,David,Hughes,Clear,"Sideswipe, Same Direction",no,no,no,no,no,False
101396038,VANDERBILT UNIVERSITY POLICE,16-0889948,Davidson,Nashville,10/4/2016 3:28:00 PM,2,0,0,36.106540,-86.764560,POWELL AV,,,,0.00,,,POWELL PL,,,,0.00,,Not at Intersection, ,Non-Junction,None,,,         ,Nancy,Douglas,Clear,Rear to Side,no,no,no,yes,yes,False
101396043,METROPOLITAN NASHVILLE POLICE DEPT,20160889826,Davidson,Nashville,10/4/2016 2:23:00 PM,2,2,0,36.142710,-86.744110,MURFREESBORO PKE,,,,80.00,Feet,East,FESSLERS LN,,,,0.00,N,Not at Intersection,N,Non-Junction,None,,,         ,Christopher,Augustin,Clear,Front to Rear,no,no,no,no,no,False
101396047,METROPOLITAN NASHVILLE POLICE DEPT,20160890159,Davidson,Nashville,10/4/2016 4:46:00 PM,2,0,0,36.159140,-86.760460,I 24,,,,0.00,,,,,,,49.50,N,Not at Intersection, ,Non-Junction,None,,,         ,Jason,Thomas,Cloudy,Front to Rear,no,no,no,no,no,False
101396048,METROPOLITAN NASHVILLE POLICE DEPT,20160889942,Davidson,Nashville,10/4/2016 3:23:00 PM,2,1,0,36.064690,-86.939130,OLD HARDING PKE,,,,6.00,Feet,West,BELLEVUE RD,,,,0.00,N,Not at Intersection,N,Non-Junction,None,,,         ,Walter,Gray II,Cloudy,Front to Rear,no,no,no,no,no,False
101396054,METROPOLITAN NASHVILLE POLICE DEPT,20160890095,Davidson,Nashville,10/4/2016 4:12:00 PM,2,1,0,36.174180,-86.604400,CENTRAL PKE,,,,50.00,Feet,West,SHURGARD WAY,,,,0.00,N,Not at Intersection,N,Non-Junction,None,,,         ,Reuben,Hewit,Clear,Front to Rear,no,no,no,no,no,False
101396066,METROPOLITAN NASHVILLE POLICE DEPT,20160890125,Davidson,Nashville,10/4/2016 4:50:00 PM,2,0,0,36.134300,-86.826050,WEST END AV,,,,247.00,Feet,West,BOWLING AV,,,,0.00,N,Not at Intersection,N,Non-Junction,None,,,         ,Torian,Cox,Clear,Front to Rear,no,no,no,no,no,False
101396068,METROPOLITAN NASHVILLE POLICE DEPT,20160890101,Davidson,Not in City Limit,10/4/2016 4:14:00 PM,2,0,0,36.077600,-87.021020,I40 W EXT RAMP,,,,0.00,,,I 40,,,,0.00,Y,Four-Way, ,,None,,,         ,Adam,Reese,,,no,no,no,no,no,False
101396071,METROPOLITAN NASHVILLE POLICE DEPT,20160890151,Davidson,Nashville,10/4/2016 4:45:00 PM,2,1,0,36.153670,-86.849460,I 40,,,,0.00,,,,,,,204.45,N,Not at Intersection,N,Non-Junction,None,,,         ,Walter,Gray II,Clear,"Sideswipe, Same Direction",no,no,no,no,no,False
101396088,METROPOLITAN NASHVILLE POLICE DEPT,20160890210,Davidson,Nashville,10/4/2016 5:15:00 PM,2,0,0,36.148310,-86.779830,I 40,,,,0.00,,,,,,,209.85,N,Not at Intersection,N,Entrance/Exit Ramp Related,None,,,         ,Tien,Nguyen,Clear,Front to Rear,no,no,no,no,no,False
101396089,METROPOLITAN NASHVILLE POLICE DEPT,20160890182,Davidson,Nashville,10/4/2016 4:50:00 PM,2,0,0,36.224210,-86.782200,BRICK CHURCH PKE,,,,0.00,,,BRICK CHURCH PARK DR,,,,0.00,Y,T-Intersection, ,Intersection-Related,None,,,         ,Edward,Holden,Clear,Angle,no,no,no,no,no,False
101396092,METROPOLITAN NASHVILLE POLICE DEPT,20160890251,Davidson,Nashville,10/4/2016 5:25:00 PM,2,0,0,36.193340,-86.752650,DOUGLAS AV,,,,8.00,Feet,East,ELLINGTON PKWYN,,,,0.00,N,Not at Intersection, ,,None,,,         ,Brian,Smith,,,no,no,no,no,no,False
101396093,VANDERBILT UNIVERSITY POLICE,16-0889994,Davidson,Nashville,10/4/2016 3:20:00 PM,1,0,0,36.139730,-86.801670,PIERCE AV,,,,0.00,,,MEDICAL CENTER DR,,,,0.00,Y,Four-Way, ,"Driveway, Alley Access, etc",None,,,         ,Cheryl,Bonner,Clear,Not Collision with Motor Vehicle in Transport,no,no,no,no,no,Campus
101396096,METROPOLITAN NASHVILLE POLICE DEPT,20160890201,Davidson,Nashville,10/4/2016 5:55:00 PM,2,0,0,36.044660,-86.659720,I24 E ENT RAMP,,,,0.00,Feet,East,I 24,,,,0.00,N,Not at Intersection,N,Entrance/Exit Ramp Related,None,,,         ,Jessie,Meadows,Clear,Front to Rear,no,no,no,no,no,False
101396097,METROPOLITAN NASHVILLE POLICE DEPT,20160890092,Davidson,Nashville,10/4/2016 6:06:00 PM,2,0,0,36.039390,-86.712820,NOLENSVILLE PKE,,,,185.00,Feet,South,MILL CREEK WHITTEMORE GRNWY,,,,0.00,N,Not at Intersection, ,Non-Junction,None,,,         ,Jessie,Meadows,Clear,Front to Rear,no,no,no,no,no,False
101396099,METROPOLITAN NASHVILLE POLICE DEPT,20160890266,Davidson,Nashville,10/4/2016 5:46:00 PM,2,0,0,36.064790,-86.628480,HAMILTON CHURCH RD,,,,0.00,,,MURFREESBORO PKE,,,,0.00,Y,Four-Way, ,Intersection,None,,,         ,David,Hughes,Clear,Front to Rear,no,no,no,no,yes,False
101396104,METROPOLITAN NASHVILLE POLICE DEPT,20160890263,Davidson,Nashville,10/4/2016 5:31:00 PM,2,0,0,36.173860,-86.770230,I 24,,,,0.00,,,,,,,48.15,N,Not at Intersection, ,Non-Junction,None,,,         ,Christopher,Valdez,Clear,Front to Rear,no,no,no,no,no,False
101396114,METROPOLITAN NASHVILLE POLICE DEPT,20160890045,Davidson,Not in City Limit,10/4/2016 4:05:00 PM,2,1,0,0.000000,0.000000,RIVER ROAD PKE,,,,0.00,Feet,,RIVER ROAD,,,,0.00,Y,Y-Intersection,N,Intersection-Related,None,,,         ,Jeremy,Huffine,Clear,Angle,no,no,no,no,no,False
101396116,METROPOLITAN NASHVILLE POLICE DEPT,20160890211,Davidson,Nashville,10/4/2016 4:54:00 PM,2,0,0,36.186130,-86.823130,28TH AVN,,,,0.00,,,ED TEMPLE BLVD,,,,0.00,Y,Y-Intersection, ,Non-Junction,None,,,         ,Samuel,Kersten,Clear,Front to Rear,no,no,no,no,no,False
101396117,METROPOLITAN NASHVILLE POLICE DEPT,20160890294,Davidson,Nashville,10/4/2016 5:44:00 PM,2,0,0,36.169170,-86.821170,ED TEMPLE BLVD,,,,183.00,Feet,North,SCOVEL ST,,,,0.00,N,Not at Intersection, ,Non-Junction,None,,,         ,Ashton,Hill,Clear,"Sideswipe, Same Direction",no,no,no,no,no,False
101396123,METROPOLITAN NASHVILLE POLICE DEPT,20160890338,Davidson,Nashville,10/4/2016 6:26:00 PM,2,4,0,36.090400,-86.771510,FRANKLIN PKE,,,,0.00,,,N CURTISWOOD LN,,,,0.00,Y,T-Intersection,N,Intersection-Related,None,,,         ,Tien,Nguyen,Clear,Front to Rear,no,no,no,no,no,False
101396129,METROPOLITAN NASHVILLE POLICE DEPT,20160890265,Davidson,Not in City Limit,10/4/2016 5:38:00 PM,2,0,0,36.263860,-86.736090,I65 N EXT RAMP,,,,0.00,,,OLD HICKORY BLVDW,,,,0.00,Y,T-Intersection, ,Non-Junction,None,,,         ,Christopher,Littles,Clear,Front to Rear,no,no,no,no,no,False
101396140,METROPOLITAN NASHVILLE POLICE DEPT,20160890365,Davidson,Nashville,10/4/2016 6:37:00 PM,2,0,0,36.081100,-86.758360,HARDING PL,,,,0.00,,,TROUSDALE DR,,,,0.00,Y,Four-Way, ,Intersection,None,,,         ,Charles,Griffin,Clear,Angle,no,no,no,no,no,False
101396142,METROPOLITAN NASHVILLE POLICE DEPT,2016-0890227,Davidson,Nashville,10/4/2016 5:31:00 PM,1,1,0,36.157950,-86.784310,10TH AVS,,,,0.00,,,BROADWAY,,,,0.00,Y,Four-Way,N,Intersection,None,,,         ,Michael,Schlegel,Clear,Not Collision with Motor Vehicle in Transport,yes,no,no,no,no,False
101396152,METROPOLITAN NASHVILLE POLICE DEPT,20160890369,Davidson,Nashville,10/4/2016 6:03:00 PM,2,0,0,36.085190,-86.690490,ANTIOCH PKE,,,,154.00,Feet,South,PERIMETER HILL DR,,,,0.00,N,Not at Intersection,N,Non-Junction,None,,,         ,Marcus,Darden,Clear,Angle,no,no,no,yes,yes,False
101396166,METROPOLITAN NASHVILLE POLICE DEPT,20160890504,Davidson,Not in City Limit,10/4/2016 6:57:00 PM,2,1,0,36.261730,-86.712370,GALLATIN PKES,,,,185.00,Feet,North,MAPLE ST,,,,0.00,N,Not at Intersection,N,Non-Junction,None,,,         ,Samuel,Miller,Clear,"Sideswipe, Same Direction",no,no,no,no,yes,False
101396171,METROPOLITAN NASHVILLE POLICE DEPT,20160890443,Davidson,Nashville,10/4/2016 6:56:00 PM,2,0,0,36.155390,-86.784340,DEMONBREUN ST,,,,239.00,Feet,East,11TH AVS,,,,0.00,N,Not at Intersection, ,,None,,,         ,Jason,Thomas,,,no,no,no,no,no,False
101396176,METROPOLITAN NASHVILLE POLICE DEPT,20160890578,Davidson,Nashville,10/4/2016 5:30:00 PM,2,0,0,36.207030,-86.778140,BRICK CHURCH PKE,,,,0.00,,,,,,,0.00,,, ,Non-Junction,None,,,         ,Christopher,Valdez,Clear,Other,no,no,no,yes,yes,False
101396191,METROPOLITAN NASHVILLE POLICE DEPT,20160887863,Davidson,Nashville,10/3/2016 9:00:00 PM,2,0,0,36.136040,-86.821550,I440 E ENT RAMP,,,,0.00,Feet,East,I 440,,,,0.00,N,Not at Intersection, ,Non-Junction,None,,,         ,Torian,Cox,Clear,"Sideswipe, Same Direction",no,no,no,no,no,False
101396202,METROPOLITAN NASHVILLE POLICE DEPT,20160889845,Davidson,Goodlettsville,10/4/2016 2:31:00 PM,3,2,0,36.302140,-86.692720,GALLATIN PKEN,,,,0.00,,,TWIN HILLS DR,,,,0.00,Y,T-Intersection,Y,Intersection,None,,,         ,Samuel,Miller,Clear,Angle,no,no,no,no,no,False
101396209,METROPOLITAN NASHVILLE POLICE DEPT,20160889969,Davidson,Nashville,10/4/2016 3:11:00 PM,2,0,0,36.151000,-86.791750,MUSIC SQE,,,,105.00,Feet,North,MUSIC CIRN,,,,0.00,N,Not at Intersection,N,Non-Junction,None,,,         ,Nicholas,Smith,Clear,"Sideswipe, Same Direction",no,no,no,no,no,False
101396216,METROPOLITAN NASHVILLE POLICE DEPT,20160890596,Davidson,Nashville,10/4/2016 8:04:00 PM,2,0,0,36.147040,-86.744600,I40 E EXT RAMP,,,,0.00,,,I 40,,,,0.00,Y,T-Intersection, ,Non-Junction,None,,,         ,John,Daugherty,Clear,Front to Rear,no,no,no,no,no,False
101396220,METROPOLITAN NASHVILLE POLICE DEPT,20160890333,Davidson,Not in City Limit,10/4/2016 6:05:00 PM,2,0,0,36.283690,-86.692320,MYATT DR,,,,0.00,,,NORTHGATE BUSINESS PKWY,,,,0.00,Y,T-Intersection,Y,Intersection-Related,None,,,         ,Samuel,Miller,Clear,Angle,no,no,no,no,no,False
101396228,METROPOLITAN NASHVILLE POLICE DEPT,20160890529,Davidson,Not in City Limit,10/4/2016 7:29:00 PM,2,0,0,36.083490,-86.951870,I 40,,,,0.00,,,,,,,196.65,N,Not at Intersection, ,Non-Junction,None,,,         ,Jeremy,Huffine,Clear,Not Collision with Motor Vehicle in Transport,no,no,no,no,no,False
101396230,METROPOLITAN NASHVILLE POLICE DEPT,20160890580,Davidson,Nashville,10/4/2016 12:00:00 AM,1,0,0,36.246450,-86.876190,EATONS CREEK RD,,,,0.50,Miles,North,TAZ HYDE RD,,,,0.00,N,Not at Intersection,N,Non-Junction,None,,,         ,Jamal,Jarvis,Clear,Not Collision with Motor Vehicle in Transport,no,no,no,no,yes,False
101396232,METROPOLITAN NASHVILLE POLICE DEPT,2016-0890314,Davidson,Nashville,10/4/2016 2:40:00 PM,2,1,0,36.170820,-86.601550,OLD HICKORY BLVD,,,,0.00,,,I40 W EXT RAMP,,,,0.00,Y,T-Intersection,N,Entrance/Exit Ramp Related,None,,,         ,Sandra,Talavera,,Front to Rear,no,no,no,no,no,False
101396233,METROPOLITAN NASHVILLE POLICE DEPT,20160890731,Davidson,Nashville,10/4/2016 9:14:00 PM,2,0,0,36.150490,-86.801230,21ST AVS,,,,0.00,,,WEST END AV,,,,0.00,Y,Four-Way, ,Intersection-Related,None,,,         ,Tien,Nguyen,Clear,"Sideswipe, Same Direction",no,no,no,no,no,Campus
101396237,METROPOLITAN NASHVILLE POLICE DEPT,20160890767,Davidson,Nashville,10/4/2016 12:45:00 PM,2,0,0,36.140020,-86.879950,CHARLOTTE PKE,,,,0.00,,,,,,,0.00,,,N,OtherLocation,None,,,         ,John,Thomas,Clear,Angle,no,no,no,yes,yes,False
101396250,METROPOLITAN NASHVILLE POLICE DEPT,20160890632,Davidson,Nashville,10/4/2016 8:19:00 PM,1,1,0,36.118560,-86.913330,I 40,,,,0.00,,,,,,,199.95,N,Not at Intersection,N,Non-Junction,None,,,         ,Jeremy,Huffine,Clear,Not Collision with Motor Vehicle in Transport,no,no,no,no,no,False
101396272,METROPOLITAN NASHVILLE POLICE DEPT,20160890983,Davidson,Nashville,10/4/2016 10:10:00 PM,2,0,0,36.150990,-86.770690,4TH AVS,,,,23.00,Feet,South,MULBERRY ST,,,,0.00,N,Not at Intersection,N,Non-Junction,None,,,         ,John,Anderson,Clear,"Sideswipe, Same Direction",no,no,no,no,yes,False
101396274,METROPOLITAN NASHVILLE POLICE DEPT,20160890856,Davidson,Nashville,10/4/2016 10:25:00 PM,2,1,0,36.163250,-86.776070,2ND AVN,,,,0.00,,,COMMERCE ST,,,,0.00,Y,T-Intersection,N,Intersection,None,,,         ,Matthew,Lachance,Clear,"Sideswipe, Same Direction",no,no,no,no,no,False