master_record_number,agency,agency_tracking_number,county,city,collision_date,vehicles_involved,number_injured,number_dead,latitude,longitude,roadway_name,roadway_suffix,roadway_number,roadway_local_id,distance_from_reference,miles-feet_indicator,direction_from_reference,intersection_road_name,intersection_road_name_suffix,intersection_road_number,intersection_local_id,mile_marker,intersection_indicator,intersect_type,interchange_related_indicator,relation_to_junction,work_zone_type,construction_maintenance_zone,construction_maintenance_zone_location,fatal_case_number,officer_first_name,officer_last_name,weather_condition(s),manner_of_crash,pedestrian,bicycle,scooter,parking,hitrun,mou
101396944,METROPOLITAN NASHVILLE POLICE DEPT,20160893664,Davidson,Nashville,10/5/2016 8:25:00 PM,2,0,0,36.161470,-86.779090,OPRY PL,,,,162.00,Feet,South,5TH AVN,,,,0.00,N,Not at Intersection,N,Non-Junction,None,,,         ,Caleb,Rogan,Clear,HeadOn,no,no,no,no,yes,False
101396947,METROPOLITAN NASHVILLE POLICE DEPT,2016-0893579,Davidson,Nashville,10/5/2016 7:48:00 PM,2,0,0,36.053920,-86.898690,OLD HICKORY BLVD,,,,0.00,,,GAUCHO ROAD PVTDR,,,,0.00,Y,Four-Way,N,Intersection,None,,,         ,Ryan,Allen,Clear,Angle,no,no,no,no,no,False
101396959,METROPOLITAN NASHVILLE POLICE DEPT,20160893445,Davidson,Nashville,10/5/2016 6:54:00 PM,2,0,0,36.199740,-86.592040,TULIP GROVE RD,,,,0.00,,,CHANDLER RD,,,,0.00,Y,OTHER, ,OtherLocation,None,,,         ,Christopher,Mackey,Clear,Front to Rear,no,no,no,no,no,False
101396961,METROPOLITAN NASHVILLE POLICE DEPT,20160893139,Davidson,Nashville,10/5/2016 5:05:00 PM,3,2,0,36.168150,-86.777420,JAMES ROBERTSON PKWY,,,,0.00,,,JAMES ROBERTSON PKWY,,,,0.00,Y,OTHER,N,Non-Junction,None,,,         ,Michael,Douglas,Clear,Front to Rear,no,no,no,no,no,False
101396966,METROPOLITAN NASHVILLE POLICE DEPT,20160893868,Davidson,Nashville,10/5/2016 9:42:00 PM,3,0,0,36.136860,-86.795760,WEDGEWOOD AV,,,,0.00,,,MAGNOLIA BLVD,,,,0.00,Y,Four-Way, ,Intersection,None,,,         ,Charles,Griffin,Clear,Front to Rear,no,no,no,no,no,Campus
101396971,METROPOLITAN NASHVILLE POLICE DEPT,20160893882,Davidson,Nashville,10/5/2016 9:48:00 PM,2,0,0,36.153960,-86.818220,28TH AVN,,,,0.00,,,CHARLOTTE AV,,,,0.00,Y,Four-Way, ,Intersection,None,,,         ,Michael,Brooks,Clear,Angle,no,no,no,no,no,False
101396975,METROPOLITAN NASHVILLE POLICE DEPT,20160893699,Davidson,Nashville,10/5/2016 8:42:00 PM,2,0,0,36.178760,-86.605150,I40 E EXT RAMP,,,,0.00,,,OLD HICKORY BLVD,,,,0.00,Y,Y-Intersection,N,Intersection-Related,None,,,         ,Kyle,Burks,Clear,Front to Rear,no,no,no,no,yes,False
101396976,GOODLETTSVILLE POLICE DEPT,16-34484,Davidson,Goodlettsville,10/5/2016 9:19:00 PM,2,0,0,36.325121,-86.701781,LONG HOLLOW PIKE,,,174,0.00,Feet,,CONFERENCE DRIVE,,,,0.00,Y,Four-Way,N,Intersection,None,,,         ,Jeffery,Hunter,Clear,Angle,no,no,no,no,no,False
101396986,METROPOLITAN NASHVILLE POLICE DEPT,20160893789,Davidson,Nashville,10/5/2016 9:00:00 PM,3,0,0,36.143670,-86.737780,I 40,,,,0.00,,,,,,,212.60,N,Not at Intersection, ,Non-Junction,None,,,         ,John,Daugherty,Clear,"Sideswipe, Same Direction",no,no,no,no,no,False
101396997,METROPOLITAN NASHVILLE POLICE DEPT,20160894042,Davidson,Madison,10/5/2016 10:40:00 PM,2,0,0,36.263070,-86.711920,STATE RT 45,,,,0.00,,,GALLATIN PKEN,,,,0.00,Y,Four-Way,N,Intersection,None,,,         ,Caesar,Harris,Clear,Other,no,no,no,no,no,False
101397013,METROPOLITAN NASHVILLE POLICE DEPT,20160894076,Davidson,Nashville,10/5/2016 11:10:00 PM,2,1,0,36.139360,-86.666050,DONELSON PKE,,,,140.00,Feet,North,I40 E ENT RAMP,,,,0.00,N,Not at Intersection,N,Non-Junction,None,,,         ,Leonard,Spadavecchia,Clear,"Sideswipe, Same Direction",no,no,no,no,no,False
101397061,METROPOLITAN NASHVILLE POLICE DEPT,20160894907,Davidson,Nashville,10/6/2016 6:33:00 AM,1,0,0,36.170610,-86.606320,I40 E EXT RAMP,,,,0.00,,,I 40,,,,0.00,Y,OTHER, ,Non-Junction,None,,,         ,James,Curtis,Clear,Not Collision with Motor Vehicle in Transport,no,no,no,no,no,False
101397063,METROPOLITAN NASHVILLE POLICE DEPT,20160891829,Davidson,Nashville,10/5/2016 8:26:00 AM,2,1,0,36.144940,-86.776940,I 65,,,,0.00,,,,,,,82.15,N,Not at Intersection,N,Non-Junction,None,,,         ,Erik,Wagner,Clear,"Sideswipe, Same Direction",no,no,no,no,no,False
101397064,METROPOLITAN NASHVILLE POLICE DEPT,20160892482,Davidson,Nashville,10/5/2016 12:33:00 PM,2,0,0,36.037700,-86.794440,OLD HICKORY BLVD,,,,92.00,Feet,East,BRENTWOOD BLVD,,,,0.00,N,Not at Intersection, ,Non-Junction,None,,,         ,Erik,Wagner,Clear,Front to Rear,no,no,no,no,no,False
101397065,METROPOLITAN NASHVILLE POLICE DEPT,20160894872,Davidson,Nashville,10/6/2016 5:55:00 AM,5,0,0,36.197670,-86.776270,I 65,,,,0.00,,,,,,,86.70,N,Not at Intersection, ,Non-Junction,None,,,         ,Matthew,Lachance,Clear,Front to Rear,no,no,no,no,no,False
101397074,METROPOLITAN NASHVILLE POLICE DEPT,20160894952,Davidson,Not in City Limit,10/6/2016 7:10:00 AM,2,0,0,36.098330,-86.963310,CHARLOTTE PKE,,,,500.00,Feet,East,QUAIL CREEK RD,,,,0.00,N,Not at Intersection,N,Non-Junction,None,,,         ,Curtis,Rich,Clear,Front to Rear,no,no,no,no,no,False
101397130,METROPOLITAN NASHVILLE POLICE DEPT,20160895179,Davidson,Nashville,10/6/2016 9:00:00 AM,2,1,0,36.130640,-86.898640,I 40,,,,0.00,,,,,,,201.10,N,Not at Intersection,N,Entrance/Exit Ramp Related,None,,,         ,Curtis,Rich,Clear,Front to Rear,no,no,no,no,no,False
101397131,METROPOLITAN NASHVILLE POLICE DEPT,20160895014,Davidson,Nashville,10/6/2016 7:46:00 AM,2,0,0,36.138940,-86.723250,SPENCE LN,,,,63.00,Feet,South,CORNELIA ST,,,,0.00,N,Not at Intersection,N,Non-Junction,None,,,         ,James,Curtis,Clear,"Sideswipe, Same Direction",no,no,no,no,no,False
101397137,METROPOLITAN NASHVILLE POLICE DEPT,20160894878,Davidson,Nashville,10/6/2016 6:00:00 AM,2,0,0,36.185960,-86.798180,I65 S EXT RAMP,,,,0.00,,,I 65,,,,0.00,Y,OTHER, ,Entrance/Exit Ramp Related,None,,,         ,Joshua,Baker,Clear,Front to Rear,no,no,no,no,no,False
101397145,METROPOLITAN NASHVILLE POLICE DEPT,20160895109,Davidson,Nashville,10/6/2016 8:20:00 AM,2,1,0,36.134020,-86.722560,MURFREESBORO PKE,,,,0.00,Feet,,PLUS PARK BLVD,,,,0.00,Y,T-Intersection,N,Intersection,None,,,         ,Brian,Ewing,Clear,Angle,no,no,no,no,no,False
101397162,METROPOLITAN NASHVILLE POLICE DEPT,20160893224,Davidson,Nashville,10/5/2016 5:36:00 PM,2,1,0,36.142250,-86.828900,37TH AVN,,,,0.00,,,NEBRASKA AV,,,,0.00,Y,Four-Way,N,Intersection,None,,,         ,Walter,Gray II,Clear,Angle,no,no,no,no,no,False
101397164,METROPOLITAN NASHVILLE POLICE DEPT,20160892586,Davidson,Nashville,10/6/2016 12:00:00 AM,2,0,0,36.082100,-86.761700,HARDING PL,,,,0.00,,,SIDCO DR,,,,0.00,Y,T-Intersection, ,,None,,,         ,Aimee,Ortiz,,,no,no,no,no,no,False
101397165,METROPOLITAN NASHVILLE POLICE DEPT,20160895254,Davidson,Nashville,10/6/2016 9:30:00 AM,2,0,0,36.046470,-86.777100,I 65,,,,0.00,,,,,,,75.20,N,Not at Intersection,N,Non-Junction,None,,,         ,Earl,Davis,Clear,"Sideswipe, Same Direction",no,no,no,no,no,False
101397171,METROPOLITAN NASHVILLE POLICE DEPT,20160895289,Davidson,Nashville,10/6/2016 9:45:00 AM,2,0,0,36.041400,-86.703730,CEDARMONT DR,,,,0.00,,,CEDARCREEK DR,,,,0.00,Y,T-Intersection,N,Intersection,None,,,         ,Jason,Dudley,Clear,Front to Rear,no,no,no,no,yes,False
101397172,METROPOLITAN NASHVILLE POLICE DEPT,20160888882,Davidson,Nashville,10/4/2016 8:05:00 AM,2,0,0,36.082570,-86.764150,HARDING PL,,,,0.00,,,I65 S EXT RAMP,,,,0.00,Y,Four-Way, ,Non-Junction,None,,,         ,Amanda,Fox,Clear,Front to Rear,no,no,no,no,no,False
101397183,METROPOLITAN NASHVILLE POLICE DEPT,20160895199,Davidson,Nashville,10/6/2016 7:20:00 AM,2,0,0,36.147070,-86.763830,1ST AVS,,,,246.00,Feet,South,MILDRED SHUTE AV,,,,0.00,N,Not at Intersection,N,Non-Junction,None,,,         ,Todd,Watson,Clear,"Sideswipe, Opposite Direction",no,no,no,no,no,False
101397193,METROPOLITAN NASHVILLE POLICE DEPT,20160895293,Davidson,Nashville,10/6/2016 9:45:00 AM,2,0,0,36.231680,-86.700280,BRILEY PKWYN,,,,31.00,Feet,South,BRILEY PKWYW,,,,0.00,N,Not at Intersection, ,,None,,,         ,Steven,Rowlett,,,no,no,no,no,no,False
101397196,METROPOLITAN NASHVILLE POLICE DEPT,20160895309,Davidson,Nashville,10/6/2016 9:25:00 AM,2,0,0,36.198440,-86.620270,LEBANON PKE,,,,0.00,,,OLD HICKORY BLVD,,,,0.00,Y,Four-Way, ,Intersection,None,,,         ,Wesley,Young,Clear,Front to Rear,no,no,no,no,no,False
101397197,METROPOLITAN NASHVILLE POLICE DEPT,20160895322,Davidson,Nashville,10/6/2016 9:51:00 AM,1,0,0,36.041020,-86.782310,I 65,,,,0.00,,,,,,,74.75,N,Not at Intersection,N,Non-Junction,None,,,         ,Amanda,Fox,Clear,Not Collision with Motor Vehicle in Transport,no,no,no,no,no,False
101397201,METROPOLITAN NASHVILLE POLICE DEPT,20160894973,Davidson,Nashville,10/6/2016 7:30:00 AM,2,0,0,36.169480,-86.806560,JEFFERSON ST,,,,18.00,Feet,East,DR D B TODD JR BLVD,,,,0.00,N,Not at Intersection, ,,None,,,         ,Paul,Flournoy,,,no,no,no,no,no,False
101397203,METROPOLITAN NASHVILLE POLICE DEPT,20160894964,Davidson,Nashville,10/6/2016 7:12:00 AM,2,1,0,36.129190,-86.727660,I440 W ENT RAMP,,,,0.00,,,I 24,,,,0.00,Y,OTHER,Y,Entrance/Exit Ramp Related,None,,,         ,David,Simmonds,Clear,Front to Rear,no,no,no,no,no,False
101397217,METROPOLITAN NASHVILLE POLICE DEPT,2016-0895225,Davidson,Nashville,10/6/2016 9:10:00 AM,2,1,0,36.154630,-86.779160,LAFAYETTE ST,,,,0.00,,,8TH AVS,,,,0.00,Y,Roundabout,Y,Intersection-Related,None,,,         ,William,Vincion,Clear,Angle,no,no,no,no,no,False
101397228,METROPOLITAN NASHVILLE POLICE DEPT,20160895265,Davidson,Nashville,10/6/2016 9:32:00 AM,2,0,0,36.177740,-86.800990,I 65,,,,0.00,,,,,,,84.85,N,Not at Intersection, ,Entrance/Exit Ramp Related,None,,,         ,Royce,McLester,Clear,Front to Rear,no,no,no,no,no,False
101397265,METROPOLITAN NASHVILLE POLICE DEPT,20160895101,Davidson,Nashville,10/6/2016 8:10:00 AM,2,0,0,36.015590,-86.740600,EDMONDSON PKE,,,,0.00,,,HOLT RD,,,,0.00,Y,T-Intersection,N,Intersection,None,,,         ,Donald,Davidson,Clear,Angle,no,no,no,no,no,False
101397266,METROPOLITAN NASHVILLE POLICE DEPT,20160895522,Davidson,Nashville,10/6/2016 11:25:00 AM,2,1,0,36.128790,-86.727330,I 24,,,,0.00,,,,,,,51.25,N,Not at Intersection,N,Non-Junction,None,,,         ,Gerry,Hutcheson,Clear,Front to Rear,no,no,no,no,no,False
101397270,METROPOLITAN NASHVILLE POLICE DEPT,20160895445,Davidson,Nashville,10/6/2016 12:09:00 PM,3,0,0,36.131650,-86.726920,I24E,,,,497.00,Feet,North,I24 W ENT RAMP,,,,0.00,N,Not at Intersection, ,Non-Junction,None,,,         ,Jessie,Meadows,Clear,Front to Rear,no,no,no,no,no,False
101397273,METROPOLITAN NASHVILLE POLICE DEPT,20160895653,Davidson,Nashville,10/6/2016 12:24:00 PM,2,0,0,36.159070,-86.664590,DONELSON PKE,,,,0.00,,,MCCAMPBELL AV,,,,0.00,Y,T-Intersection, ,Intersection,None,,,         ,Wesley,Young,Clear,Angle,no,no,no,no,no,False
101397296,METROPOLITAN NASHVILLE POLICE DEPT,20160895563,Davidson,Nashville,10/6/2016 11:48:00 AM,2,0,0,36.193160,-86.830410,CLARKSVILLE PKE,,,,299.00,Feet,East,BUENA VISTA PKE,,,,0.00,N,Not at Intersection,N,Non-Junction,None,,,         ,William,Caillouette,Clear,Angle,no,no,no,no,yes,False
101397339,METROPOLITAN NASHVILLE POLICE DEPT,20160895238,Davidson,Nashville,10/6/2016 7:30:00 AM,2,0,0,36.249390,-86.719410,E PALESTINE AV,,,,0.00,Feet,,GALLATIN PKES,,,,0.00,Y,Four-Way, ,Intersection-Related,None,,,         ,Peter,Lynch,Clear,Angle,no,no,no,no,no,False
101397343,METROPOLITAN NASHVILLE POLICE DEPT,20160895548,Davidson,Nashville,10/6/2016 11:39:00 AM,2,0,0,36.109280,-86.769790,I 65,,,,0.00,,,,,,,79.70,N,Not at Intersection,N,Non-Junction,None,,,         ,Amanda,Fox,Clear,"Sideswipe, Same Direction",no,no,no,no,no,False
101397344,METROPOLITAN NASHVILLE POLICE DEPT,2016-0891737,Davidson,Nashville,10/5/2016 7:47:00 AM,2,0,0,36.146620,-86.799490,21ST AVS,,,,200.00,Feet,North,SCARRITT PL,,,,0.00,N,Not at Intersection, ,Non-Junction,None,,,         ,Allen,Bates,Clear,"Sideswipe, Same Direction",no,no,no,no,no,Campus
101397346,METROPOLITAN NASHVILLE POLICE DEPT,20160895728,Davidson,Nashville,10/6/2016 12:52:00 PM,3,1,0,36.133540,-86.726760,I 24,,,,0.00,,,,,,,52.05,N,Not at Intersection,N,Non-Junction,None,,,         ,Stephen,Soule,Clear,Front to Rear,no,no,no,no,no,False
101397353,METROPOLITAN NASHVILLE POLICE DEPT,20160894981,Davidson,Nashville,10/6/2016 12:00:00 AM,1,0,0,36.083600,-86.766750,PEACH ORCHARD DR,,,,175.00,Feet,North,HARDING PL,,,,0.00,N,Not at Intersection,N,Non-Junction,None,,,         ,Aimee,Ortiz,Clear,Not Collision with Motor Vehicle in Transport,no,no,no,no,yes,False
101397361,METROPOLITAN NASHVILLE POLICE DEPT,20160895839,Davidson,Nashville,10/6/2016 1:40:00 PM,2,0,0,36.145630,-86.696330,I40 E ENT RAMP,,,,0.00,,,BRILEY PKWY S EXT RAMP,,,,0.00,Y,OTHER, ,Entrance/Exit Ramp Related,None,,,         ,Gerry,Hutcheson,Clear,"Sideswipe, Same Direction",no,no,no,no,no,False
101397372,METROPOLITAN NASHVILLE POLICE DEPT,20160893826,Davidson,Nashville,10/5/2016 9:28:00 PM,2,4,0,36.124390,-86.665340,DONELSON PKE,,,,0.55,Miles,North,AIRPORT SERVICE RD,,,,0.00,N,Not at Intersection,N,Non-Junction,None,,,         ,Jaby,Djabbarov,Clear,HeadOn,no,no,no,no,no,False
101397374,METROPOLITAN NASHVILLE POLICE DEPT,20160895726,Davidson,Nashville,10/6/2016 12:30:00 PM,2,0,0,36.169200,-86.681220,LEBANON PKE,,,,351.00,Feet,East,FAIRWAY DR,,,,0.00,N,Not at Intersection, ,Non-Junction,None,,,         ,Wesley,Young,Clear,Angle,no,no,no,no,no,False
101397375,METROPOLITAN NASHVILLE POLICE DEPT,20160895778,Davidson,Nashville,10/6/2016 1:00:00 PM,2,0,0,36.132650,-86.727160,I 24,,,,0.00,,,,,,,52.00,N,Not at Intersection,N,Non-Junction,None,,,         ,Todd,Watson,Clear,Front to Rear,no,no,no,no,no,False
101397390,METROPOLITAN NASHVILLE POLICE DEPT,20160895985,Davidson,Nashville,10/6/2016 2:50:00 PM,2,0,0,36.153490,-86.794180,17TH AVS,,,,99.00,Feet,North,BROADWAY,,,,0.00,N,Not at Intersection,N,Non-Junction,None,,,         ,Tien,Nguyen,Clear,Angle,no,no,no,no,no,False
101397391,METROPOLITAN NASHVILLE POLICE DEPT,20160895698,Davidson,Nashville,10/6/2016 12:39:00 PM,2,0,0,36.037530,-86.785520,OLD HICKORY BLVD,,,,95.00,Feet,East,WILSON PIKE CIR,,,,0.00,N,Not at Intersection, ,Non-Junction,None,,,         ,Kevin,Crawford,Clear,Front to Rear,no,no,no,no,no,False
101397401,METROPOLITAN NASHVILLE POLICE DEPT,20160895831,Davidson,Nashville,10/6/2016 1:32:00 PM,4,0,0,36.230970,-86.611100,SHUTE LN,,,,0.00,,,WILLOW BOUGH LN,,,,0.00,Y,T-Intersection,N,Intersection-Related,None,,,         ,Wesley,Young,Clear,Front to Rear,no,no,no,no,no,False
101397417,METROPOLITAN NASHVILLE POLICE DEPT,20160895935,Davidson,Nashville,10/6/2016 2:15:00 PM,2,0,0,36.119090,-86.767280,I 440,,,,0.00,,,,,,,5.30,N,Not at Intersection,N,Non-Junction,None,,,         ,Walter,Gray II,Clear,Other,no,no,no,no,yes,False
101397433,METROPOLITAN NASHVILLE POLICE DEPT,20160895871,Davidson,Nashville,10/6/2016 1:56:00 PM,2,2,0,36.153900,-86.757200,I 40,,,,0.00,,,,,,,211.15,N,Not at Intersection,Y,Entrance/Exit Ramp Related,None,,,         ,Steven,Rowlett,Cloudy,"Sideswipe, Same Direction",no,no,no,no,no,False
101397448,METROPOLITAN NASHVILLE POLICE DEPT,20160896040,Davidson,Nashville,10/6/2016 3:14:00 PM,2,1,0,36.090660,-86.606440,ANDERSON RD,,,,0.00,,,PRIEST LAKE DR,,,,0.00,Y,T-Intersection,N,Intersection,None,,,         ,Michael,Apsey,Clear,Front to Rear,no,no,no,no,no,False
101397452,METROPOLITAN NASHVILLE POLICE DEPT,20160896054,Davidson,Nashville,10/6/2016 3:45:00 PM,2,0,0,36.123820,-86.746700,I 440,,,,0.00,,,,,,,6.45,N,Not at Intersection, ,,None,,,         ,Jessie,Meadows,,,no,no,no,no,no,False
101397453,METROPOLITAN NASHVILLE POLICE DEPT,20160896100,Davidson,Nashville,10/6/2016 3:32:00 PM,2,0,0,36.147430,-86.758310,LAFAYETTE ST,,,,106.00,Feet,East,LEWIS ST,,,,0.00,N,Not at Intersection,N,Non-Junction,None,,,         ,Bryan,Byrnes,Clear,Front to Rear,no,no,no,no,yes,False
101397465,METROPOLITAN NASHVILLE POLICE DEPT,20160896057,Davidson,Nashville,10/6/2016 3:13:00 PM,3,0,0,36.154480,-86.818390,28TH AVN,,,,184.00,Feet,South,FELICIA ST,,,,0.00,N,Not at Intersection, ,Non-Junction,None,,,         ,Andy,Esqueda,Clear,Front to Rear,no,no,no,no,no,False
101397482,METROPOLITAN NASHVILLE POLICE DEPT,20160896021,Davidson,Nashville,10/6/2016 3:02:00 PM,2,0,0,36.089070,-86.649990,MURFREESBORO PKE,,,,0.00,,,RANSOM PL,,,,0.00,Y,Four-Way,N,Intersection,None,,,         ,Michael,Apsey,Clear,Angle,no,no,no,no,no,False
101397483,METROPOLITAN NASHVILLE POLICE DEPT,20160896157,Davidson,Nashville,10/6/2016 4:00:00 PM,2,1,0,36.153950,-86.841630,I 40,,,,0.00,,,,,,,204.85,N,Not at Intersection,N,Non-Junction,None,,,         ,Walter,Gray II,Clear,Not Collision with Motor Vehicle in Transport,no,no,no,no,yes,False
101397484,METROPOLITAN NASHVILLE POLICE DEPT,20160896127,Davidson,Nashville,10/6/2016 3:36:00 PM,3,0,0,36.167180,-86.765300,I 24,,,,0.00,,,,,,,48.90,N,Not at Intersection, ,Non-Junction,None,,,         ,Wesley,Feinstein,Clear,Front to Rear,no,no,no,no,no,False
101397499,METROPOLITAN NASHVILLE POLICE DEPT,20160896238,Davidson,Nashville,10/6/2016 4:27:00 PM,2,0,0,36.137720,-86.801930,BLAKEMORE AV,,,,242.00,Feet,West,MEDICAL CENTER DR,,,,0.00,N,Not at Intersection, ,Non-Junction,None,,,         ,Jacob,Masteller,Clear,Angle,no,no,no,no,no,Campus
101397501,METROPOLITAN NASHVILLE POLICE DEPT,20160896184,Davidson,Nashville,10/6/2016 4:58:00 PM,2,0,0,36.062490,-86.716850,NOLENSVILLE PKE,,,,149.00,Feet,South,FAIRLANE DR,,,,0.00,N,Not at Intersection, ,Non-Junction,None,,,         ,Jessie,Meadows,Clear,"Sideswipe, Same Direction",no,no,no,no,no,False
101397508,METROPOLITAN NASHVILLE POLICE DEPT,20160896216,Davidson,Nashville,10/6/2016 4:17:00 PM,2,1,0,36.137740,-86.802100,BLAKEMORE AV,,,,250.00,Feet,West,23RD AVS,,,,0.00,N,Not at Intersection,N,Non-Junction,None,,,         ,Maria,Cortez,Clear,Front to Rear,no,no,no,no,no,Campus
101397515,METROPOLITAN NASHVILLE POLICE DEPT,20160896098,Davidson,Nashville,10/6/2016 3:35:00 PM,2,0,0,36.176570,-86.800720,I 65,,,,0.00,,,,,,,84.75,N,Not at Intersection, ,Non-Junction,None,,,         ,Andy,Esqueda,Clear,Front to Rear,no,no,no,no,no,False
101397516,METROPOLITAN NASHVILLE POLICE DEPT,20160896121,Davidson,Nashville,10/6/2016 3:43:00 PM,3,2,0,36.156510,-86.794530,16TH AVN,,,,0.00,,,CHURCH ST,,,,0.00,Y,T-Intersection,N,Intersection-Related,None,,,         ,Tien,Nguyen,Clear,Angle,no,no,no,no,no,False
101397536,METROPOLITAN NASHVILLE POLICE DEPT,20160895950,Davidson,Nashville,10/6/2016 2:25:00 PM,2,0,0,36.152040,-86.752910,I 40,,,,0.00,,,,,,,211.40,N,Not at Intersection,N,Non-Junction,None,,,         ,David,Collins,Clear,Front to Rear,no,no,no,no,no,False
101397540,METROPOLITAN NASHVILLE POLICE DEPT,20160896389,Davidson,Nashville,10/6/2016 5:15:00 PM,2,0,0,36.092060,-86.651780,MURFREESBORO PKE,,,,333.00,Feet,North,BRITISH WOODS DR,,,,0.00,N,Not at Intersection,N,Non-Junction,None,,,         ,Michael,Apsey,Clear,Angle,no,no,no,no,yes,False
101397541,METROPOLITAN NASHVILLE POLICE DEPT,20160896371,Davidson,Nashville,10/6/2016 5:14:00 PM,2,0,0,36.141570,-86.816650,WEST END AV,,,,185.00,Feet,South,32ND AVS,,,,0.00,N,Not at Intersection, ,Non-Junction,None,,,         ,Jacob,Masteller,Clear,Front to Rear,no,no,no,no,no,False
101397544,METROPOLITAN NASHVILLE POLICE DEPT,20160896412,Davidson,Nashville,10/6/2016 5:30:00 PM,2,0,0,36.144580,-86.813140,WEST END AV,,,,0.00,,,29TH AVN,,,,0.00,Y,Four-Way, ,Intersection-Related,None,,,         ,Tien,Nguyen,Clear,"Sideswipe, Same Direction",no,no,no,no,no,Campus
101397545,METROPOLITAN NASHVILLE POLICE DEPT,20160896122,Davidson,Nashville,10/6/2016 3:20:00 PM,2,0,0,36.168630,-86.796560,I 40,,,,0.00,,,,,,,208.15,N,Not at Intersection, ,Non-Junction,None,,,         ,Roy,Sain Jr.,Clear,Front to Rear,no,no,no,no,no,False
101397548,METROPOLITAN NASHVILLE POLICE DEPT,20160896280,Davidson,Nashville,10/6/2016 4:20:00 PM,2,0,0,36.163250,-86.776070,2ND AVN,,,,0.00,,,COMMERCE ST,,,,0.00,Y,T-Intersection,N,Non-Junction,None,,,         ,Gregory,Scott,Clear,Rear to Side,no,no,no,no,yes,False
101397550,METROPOLITAN NASHVILLE POLICE DEPT,20160896367,Davidson,Nashville,10/6/2016 5:03:00 PM,2,0,0,36.148280,-86.745560,I 40,,,,0.00,,,,,,,211.90,N,Not at Intersection, ,,None,,,         ,Bryan,Byrnes,,,no,no,no,no,no,False
101397557,METROPOLITAN NASHVILLE POLICE DEPT,20160896241,Davidson,Nashville,10/6/2016 4:26:00 PM,3,0,0,36.032870,-86.772050,CHURCH STE,,,,996.00,Feet,West,CLOVERLAND DR,,,,0.00,N,Not at Intersection, ,Non-Junction,None,,,         ,Edin,Plancic,Clear,Front to Rear,no,no,no,no,no,False
101397560,METROPOLITAN NASHVILLE POLICE DEPT,20160896245,Davidson,Nashville,10/6/2016 12:00:00 AM,2,0,0,36.168840,-86.803190,MEHARRY BLVD,,,,172.00,Feet,West,16TH AVN,,,,0.00,N,Not at Intersection,N,Non-Junction,None,,,         ,Brandon,Rardin,Clear,Unknown,no,no,no,no,yes,False
101397564,METROPOLITAN NASHVILLE POLICE DEPT,20160896426,Davidson,Nashville,10/6/2016 5:41:00 PM,3,0,0,36.068770,-86.716450,HAYWOOD LN,,,,50.00,Feet,West,HOPEDALE DR,,,,0.00,N,Not at Intersection,N,Non-Junction,None,,,         ,Jessie,Meadows,Clear,Front to Rear,no,no,no,no,yes,False
101397567,VANDERBILT UNIVERSITY POLICE,16-0896134,Davidson,Nashville,10/6/2016 12:00:00 AM,2,0,0,36.141960,-86.805460,24TH AVS,,,,0.00,,,HIGHLAND AV,,,,0.00,,Not at Intersection, ,,None,,,         ,Karl,Haury,,,no,no,no,yes,no,Campus
101397570,METROPOLITAN NASHVILLE POLICE DEPT,20160896330,Davidson,Nashville,10/6/2016 4:32:00 PM,2,0,0,36.213970,-86.788580,OLD MATTHEWS RD,,,,232.00,Feet,North,WEBSTER DR,,,,0.00,N,Not at Intersection,N,Non-Junction,None,,,         ,Michael,Brooks,Clear,Front to Rear,no,no,no,no,yes,False
101397575,GOODLETTSVILLE POLICE DEPT,16-34561,Davidson,Goodlettsville,10/6/2016 4:58:00 PM,4,0,0,36.299740,-86.711790,I 65,,,,0.00,,,,,,,95.15,N,Not at Intersection,N,Non-Junction,None,,,         ,Rico,Jones,Clear,Front to Rear,no,no,no,no,no,False
101397577,VANDERBILT UNIVERSITY POLICE,16-0896258,Davidson,Nashville,10/5/2016 12:00:00 AM,2,0,0,36.141090,-86.805670,24TH AVS,,,,0.00,,,,,,,0.00,,,N,Non-Junction,None,,,         ,Donald,Dennis,Clear,"Sideswipe, Same Direction",no,no,no,yes,yes,Campus
101397579,METROPOLITAN NASHVILLE POLICE DEPT,20160896434,Davidson,Nashville,10/6/2016 5:41:00 PM,3,0,0,36.168870,-86.758900,SHELBY AV,,,,214.00,Feet,East,S 6TH ST,,,,0.00,N,Not at Intersection, ,Non-Junction,None,,,         ,James,Smith,Clear,Front to Rear,no,no,no,no,no,False
101397581,METROPOLITAN NASHVILLE POLICE DEPT,20160896494,Davidson,Nashville,10/6/2016 6:05:00 PM,2,0,0,36.150810,-86.806060,23RD AVN,,,,0.00,,,BRANDAU PL,,,,0.00,Y,T-Intersection, ,Intersection-Related,None,,,         ,Tien,Nguyen,Clear,Angle,no,no,no,no,no,Campus
101397585,METROPOLITAN NASHVILLE POLICE DEPT,20160896032,Davidson,Nashville,10/6/2016 3:11:00 PM,2,0,0,36.239660,-86.780780,BRILEY PKWY W EXT RAMP,,,,0.00,,,BRICK CHURCH PKE,,,,0.00,Y,T-Intersection, ,Intersection,None,,,         ,Bradley,Campbell,Clear,Front to Rear,no,no,no,no,no,False
101397590,METROPOLITAN NASHVILLE POLICE DEPT,2016-0896567,Davidson,Nashville,10/6/2016 6:32:00 PM,2,0,0,36.085030,-86.703110,HARDING PL,,,,141.00,Feet,West,I24 E ENT RAMP,,,,0.00,N,Not at Intersection, ,Non-Junction,None,,,         ,Alyson,Cook,Clear,Front to Rear,no,no,no,no,no,False