master_record_number,agency,agency_tracking_number,county,city,collision_date,vehicles_involved,number_injured,number_dead,latitude,longitude,roadway_name,roadway_suffix,roadway_number,roadway_local_id,distance_from_reference,miles-feet_indicator,direction_from_reference,intersection_road_name,intersection_road_name_suffix,intersection_road_number,intersection_local_id,mile_marker,intersection_indicator,intersect_type,interchange_related_indicator,relation_to_junction,work_zone_type,construction_maintenance_zone,construction_maintenance_zone_location,fatal_case_number,officer_first_name,officer_last_name,weather_condition(s),manner_of_crash,pedestrian,bicycle,scooter,parking,hitrun,mou
101398107,METROPOLITAN NASHVILLE POLICE DEPT,20160898768,Davidson,Nashville,10/7/2016 11:52:00 AM,1,1,0,36.154810,-86.758570,HERMITAGE AV,,,,0.00,,,DRIFTWOOD ST,,,,0.00,Y,T-Intersection,N,Intersection-Related,None,,,         ,James,Curtis,Clear,Not Collision with Motor Vehicle in Transport,no,no,no,no,no,False
101398110,METROPOLITAN NASHVILLE POLICE DEPT,20160898862,Davidson,Nashville,10/7/2016 12:30:00 PM,2,0,0,36.096740,-86.737970,NOLENSVILLE PKE,,,,231.00,Feet,North,ALLIED DR,,,,0.00,N,Not at Intersection,N,Non-Junction,None,,,         ,Amanda,Fox,Clear,Front to Rear,no,no,no,no,yes,False
101398112,METROPOLITAN NASHVILLE POLICE DEPT,20160898879,Davidson,Nashville,10/7/2016 12:30:00 PM,2,0,0,36.250970,-86.715500,LIBERTY CIR,,,,20.00,Feet,South,E WEBSTER ST,,,,0.00,N,Not at Intersection,N,Non-Junction,None,,,         ,Brian,Otto,Clear,Front to Rear,no,no,no,no,yes,False
101398113,METROPOLITAN NASHVILLE POLICE DEPT,20160898850,Davidson,Nashville,10/7/2016 12:13:00 PM,2,0,0,36.156870,-86.780840,DEMONBREUN ST,,,,0.00,,,8TH AVS,,,,0.00,Y,Four-Way, ,Intersection,Construction Zone,,,         ,Daniel,Massey,Clear,Front to Rear,no,no,no,no,no,False
101398118,METROPOLITAN NASHVILLE POLICE DEPT,20160898721,Davidson,Nashville,10/7/2016 11:36:00 AM,2,0,0,36.144500,-86.813230,WEST END AV,,,,38.00,Feet,West,29TH AVN,,,,0.00,N,Not at Intersection, ,Non-Junction,None,,,         ,Darrell,Osment,Clear,Angle,no,no,no,no,no,Campus
101398120,METROPOLITAN NASHVILLE POLICE DEPT,20160898781,Davidson,Nashville,10/7/2016 11:55:00 AM,2,0,0,36.184680,-86.773700,DICKERSON PKE,,,,96.00,Feet,North,HANCOCK ST,,,,0.00,N,Not at Intersection, ,,None,,,         ,Michael,Passaro,,,no,no,no,no,no,False
101398121,METROPOLITAN NASHVILLE POLICE DEPT,20160898831,Davidson,Nashville,10/7/2016 12:20:00 PM,1,1,0,36.190310,-86.579480,NEW HOPE MEADOW RD,,,,0.00,,,RACCOON TRL,,,,0.00,Y,Four-Way,N,Non-Junction,None,,,         ,Wesley,Young,Clear,Not Collision with Motor Vehicle in Transport,no,no,no,no,no,False
101398122,METROPOLITAN NASHVILLE POLICE DEPT,20160898816,Davidson,Madison,10/7/2016 12:12:00 PM,1,2,0,0.000000,0.000000,TUCKAHOE DRIVE,,US0,BELLSHIRE DRIVE,0.10,Feet,East,,,,,0.10,N,Not at Intersection,N,Non-Junction,None,,,         ,Faye,Denson,Clear,Not Collision with Motor Vehicle in Transport,no,no,no,no,no,False
101398131,METROPOLITAN NASHVILLE POLICE DEPT,20160898904,Davidson,Nashville,10/7/2016 12:36:00 PM,2,0,0,36.122720,-86.727420,I 24,,,,0.00,,,,,,,52.70,N,Not at Intersection,N,Entrance/Exit Ramp Related,None,,,         ,Stephen,Soule,Clear,Angle,no,no,no,no,no,False
101398133,METROPOLITAN NASHVILLE POLICE DEPT,20160898319,Davidson,Nashville,10/7/2016 8:56:00 AM,2,0,0,36.133310,-86.818940,I 440,,,,0.00,,,,,,,1.75,N,Not at Intersection, ,Entrance/Exit Ramp Related,None,,,         ,Erik,Wagner,Clear,"Sideswipe, Same Direction",no,no,no,no,no,False
101398142,METROPOLITAN NASHVILLE POLICE DEPT,2016-0898600,Davidson,Nashville,10/7/2016 10:45:00 AM,2,0,0,36.123350,-86.750490,I440 W ENT RAMP,,,,0.00,,,I 440,,,,0.00,Y,OTHER, ,,None,,,         ,Emily,Davies,,,no,no,no,no,no,False
101398154,METROPOLITAN NASHVILLE POLICE DEPT,20160898956,Davidson,Not in City Limit,10/7/2016 1:00:00 PM,1,1,0,36.261240,-86.712530,GALLATIN PKES,,,,0.00,,,MAPLE ST,,,,0.00,Y,T-Intersection,N,Intersection,None,,,         ,Brian,Otto,Clear,Not Collision with Motor Vehicle in Transport,yes,no,no,no,no,False
101398156,METROPOLITAN NASHVILLE POLICE DEPT,2016-0899034,Davidson,Nashville,10/7/2016 1:33:00 PM,2,0,0,36.157340,-86.874740,CROLEY DR,,,,110.00,Feet,South,ROBERTSON AV,,,,0.00,N,Not at Intersection, ,Non-Junction,None,,,         ,Curtis,Rich,Clear,Front to Rear,no,no,no,no,no,False
101398157,METROPOLITAN NASHVILLE POLICE DEPT,20160898912,Davidson,Nashville,10/7/2016 12:51:00 PM,2,0,0,36.133070,-86.892290,CHARLOTTE,PIKE,US6818,,0.00,Feet,,CHARLOTTE,PIKE,US,,0.00,Y,T-Intersection,N,Intersection,None,,,         ,Walter,Gray II,Clear,Angle,no,no,no,no,no,False
101398158,METROPOLITAN NASHVILLE POLICE DEPT,20160895906,Davidson,Nashville,10/6/2016 2:09:00 PM,2,0,0,36.166190,-86.765870,I24 E ENT RAMP,,,,0.00,,,SHELBY AV,,,,0.00,Y,OTHER, ,Intersection-Related,None,,,         ,Timothy,Powell,Clear,"Sideswipe, Same Direction",no,no,no,no,no,False
101398163,METROPOLITAN NASHVILLE POLICE DEPT,20160898866,Davidson,Nashville,10/7/2016 12:33:00 PM,2,0,0,36.111100,-86.754700,THOMPSON LN,,,,70.00,Feet,West,EUGENIA AV,,,,0.00,N,Not at Intersection, ,Non-Junction,None,,,         ,Erik,Wagner,Clear,"Sideswipe, Same Direction",no,no,no,no,no,False
101398165,METROPOLITAN NASHVILLE POLICE DEPT,2016-0898933,Davidson,Nashville,10/7/2016 1:00:00 PM,2,0,0,36.127360,-86.728340,I 24,,,,0.00,,,,,,,51.35,N,Not at Intersection, ,Non-Junction,None,,,         ,Emily,Davies,Clear,Front to Rear,no,no,no,no,no,False
101398166,METROPOLITAN NASHVILLE POLICE DEPT,20160898801,Davidson,Nashville,10/7/2016 12:02:00 PM,2,0,0,36.146400,-86.816540,LONG BLVD,,,,51.00,Feet,West,31ST AVN,,,,0.00,N,Not at Intersection, ,Non-Junction,None,,,         ,Darrell,Osment,Clear,Angle,no,no,no,no,no,False
101398170,METROPOLITAN NASHVILLE POLICE DEPT,20160898864,Davidson,Nashville,10/7/2016 12:33:00 PM,2,1,0,36.153000,-86.779340,8TH AVS,,,,2.00,Feet,South,CANNERY ROW,,,,0.00,N,Not at Intersection,N,"Driveway, Alley Access, etc",None,,,         ,Christian,Martin,Clear,"Sideswipe, Same Direction",no,no,no,no,no,False
101398176,METROPOLITAN NASHVILLE POLICE DEPT,20160899048,Davidson,Nashville,10/7/2016 1:45:00 PM,2,1,0,36.180400,-86.819490,BUCHANAN ST,,,,0.00,,,26TH AVN,,,,0.00,Y,Four-Way,N,Intersection,None,,,         ,Garren,Hoskins,Clear,Angle,no,no,no,no,yes,False
101398177,METROPOLITAN NASHVILLE POLICE DEPT,20160898930,Davidson,Nashville,10/7/2016 1:00:00 PM,3,1,0,36.182830,-86.753140,MAXWELL AV,,,,0.00,,,LAURENT ST,,,,0.00,Y,Four-Way,N,Intersection,None,,,         ,Randal,Owsley,Clear,Front to Rear,no,no,no,no,yes,False
101398183,METROPOLITAN NASHVILLE POLICE DEPT,2016-0899053,Davidson,Nashville,10/7/2016 1:23:00 PM,2,0,0,36.146970,-86.808360,WEST END AV,,,,0.00,,,25TH AVS,,,,0.00,Y,OTHER, ,Non-Junction,None,,,         ,Jonathan,Seidl,Clear,"Sideswipe, Same Direction",no,no,no,no,no,Campus
101398189,VANDERBILT UNIVERSITY POLICE,16-0898993,Davidson,Nashville,10/7/2016 1:00:00 PM,2,0,0,36.136880,-86.803420,BELCOURT AV,,,,0.00,,,BLAKEMORE AV,,,,0.00,,OTHER, ,,None,,,         ,Sean,Hughes,,,no,no,no,yes,no,Campus
101398215,METROPOLITAN NASHVILLE POLICE DEPT,20160896690,Davidson,Nashville,10/6/2016 7:20:00 PM,2,0,0,36.050010,-86.713940,NOLENSVILLE PKE,,,,167.00,Feet,North,ASH GROVE DR,,,,0.00,N,Not at Intersection, ,Non-Junction,None,,,         ,Nicholas,Berens,Clear,Angle,no,no,no,no,no,False
101398217,METROPOLITAN NASHVILLE POLICE DEPT,20160898393,Davidson,Nashville,10/7/2016 9:17:00 AM,3,0,0,36.037610,-86.785120,OLD HICKORY BLVD,,,,0.00,,,I65 S ENT RAMP,,,,0.00,Y,Four-Way, ,Intersection-Related,None,,,         ,Kevin,Crawford,Clear,Front to Rear,no,no,no,no,no,False
101398227,METROPOLITAN NASHVILLE POLICE DEPT,20160898997,Davidson,Nashville,10/7/2016 1:15:00 PM,3,0,0,36.182130,-86.799470,I 65,,,,0.00,,,,,,,85.15,N,Not at Intersection, ,Non-Junction,None,,,         ,Julie,Nabors,Clear,"Sideswipe, Same Direction",no,no,no,no,no,False
101398251,METROPOLITAN NASHVILLE POLICE DEPT,20160899181,Davidson,Nashville,10/7/2016 3:10:00 PM,1,0,0,36.041770,-86.712880,NOLENSVILLE PKE,,,,228.00,Feet,South,MILL CREEK WHITTLEMORE GRNWY,,,,0.00,N,Not at Intersection, ,OtherLocation,None,,,         ,Tien,Nguyen,Clear,Not Collision with Motor Vehicle in Transport,no,no,no,yes,no,False
101398252,METROPOLITAN NASHVILLE POLICE DEPT,20160896294,Davidson,Nashville,10/6/2016 4:37:00 PM,2,0,0,36.121710,-86.759970,I 440,,,,0.00,,,,,,,5.80,N,Not at Intersection, ,Non-Junction,None,,,         ,David,Collins,Clear,Front to Rear,no,no,no,no,no,False
101398254,METROPOLITAN NASHVILLE POLICE DEPT,20160898836,Davidson,Not in City Limit,10/7/2016 12:10:00 PM,2,0,0,36.312630,-86.830330,I 24,,,,0.00,,,,,,,37.40,N,Not at Intersection, ,Non-Junction,None,,,         ,Christopher,Higdon,Clear,"Sideswipe, Same Direction",no,no,no,no,no,False
101398255,METROPOLITAN NASHVILLE POLICE DEPT,20160899060,Davidson,Nashville,10/7/2016 1:50:00 PM,2,1,0,36.268500,-86.756070,DICKERSON PKE,,,,64.00,Feet,North,BELL GRIMES LN,,,,0.00,N,Not at Intersection,N,Non-Junction,None,,,         ,Terrence,Bradley,Clear,Angle,no,no,no,no,no,False
101398281,METROPOLITAN NASHVILLE POLICE DEPT,20160899194,Davidson,Nashville,10/7/2016 3:03:00 PM,2,0,0,36.130250,-86.713880,MILLWOOD DR,,,,366.00,Feet,North,MURFREESBORO PKE,,,,0.00,N,Not at Intersection, ,Non-Junction,None,,,         ,Wesley,Young,Clear,Angle,no,no,no,no,no,False
101398310,METROPOLITAN NASHVILLE POLICE DEPT,20160899241,Davidson,Nashville,10/7/2016 3:30:00 PM,2,0,0,36.152480,-86.754040,I 40,,,,0.00,,,,,,,211.35,N,Not at Intersection, ,Non-Junction,None,,,         ,Michael,Moss,Clear,Front to Rear,no,no,no,no,no,False
101398312,METROPOLITAN NASHVILLE POLICE DEPT,20160898747,Davidson,Nashville,10/7/2016 11:50:00 AM,2,2,0,36.148180,-86.745100,I 40,,,,0.00,,,,,,,211.90,N,Not at Intersection,N,Non-Junction,None,,,         ,Jessie,Loy,Clear,Front to Rear,no,no,no,no,no,False
101398326,METROPOLITAN NASHVILLE POLICE DEPT,20160899222,Davidson,Nashville,10/7/2016 3:20:00 PM,2,0,0,36.104830,-86.669820,MURFREESBORO PKE,,,,477.00,Feet,West,OLD MURFREESBORO PKE,,,,0.00,N,Not at Intersection, ,Non-Junction,None,,,         ,Tyler,Maupin,Clear,"Sideswipe, Same Direction",no,no,no,no,no,False
101398331,METROPOLITAN NASHVILLE POLICE DEPT,20160899288,Davidson,Nashville,10/7/2016 3:42:00 PM,2,1,0,36.202420,-86.739150,LITTON AV,,,,0.00,,,GALLATIN PKE,,,,0.00,Y,T-Intersection,N,Intersection,None,,,         ,Christopher,Valdez,Cloudy,Front to Rear,no,no,no,no,no,False
101398332,METROPOLITAN NASHVILLE POLICE DEPT,20160899193,Davidson,Not in City Limit,10/7/2016 3:08:00 PM,2,0,0,36.077450,-86.947140,HIGHWAY 70S,,,,0.00,,,BELLEVUE CTR PVTDR,,,,0.00,Y,Four-Way,N,Intersection,None,,,         ,Walter,Gray II,Clear,Angle,no,no,no,no,no,False
101398335,METROPOLITAN NASHVILLE POLICE DEPT,20160899234,Davidson,Nashville,10/7/2016 3:18:00 PM,2,1,0,36.073300,-86.637540,MURFREESBORO PKE,,,,539.00,Feet,South,RURAL HILL RD,,,,0.00,N,Not at Intersection,N,"Driveway, Alley Access, etc",None,,,         ,Nakia,Reid,Clear,"Sideswipe, Opposite Direction",no,no,no,no,yes,False
101398336,METROPOLITAN NASHVILLE POLICE DEPT,20160899146,Davidson,Nashville,10/7/2016 2:57:00 PM,2,0,0,36.072730,-86.716360,WALES DR,,,,76.00,Feet,West,HOPEDALE DR,,,,0.00,N,Not at Intersection, ,Non-Junction,None,,,         ,Juan,Gonzalez,Clear,"Sideswipe, Opposite Direction",no,no,no,no,no,False
101398343,METROPOLITAN NASHVILLE POLICE DEPT,20160899315,Davidson,Nashville,10/7/2016 3:53:00 PM,2,2,0,36.185300,-86.636500,JACKSON DOWNS BLVD,,,,0.00,,,LEBANON PKE,,,,0.00,Y,T-Intersection,N,Intersection,None,,,         ,Mikala,Moore,Cloudy,Front to Rear,no,no,no,no,no,False
101398351,GOODLETTSVILLE POLICE DEPT,16-34660,Davidson,Goodlettsville,10/7/2016 3:50:00 PM,2,0,0,36.309482,-86.695616,VIETNAM VETERANS WB EXIT RAMP,,SR386,,0.00,,,CONFERENCE,DR,,,0.00,Y,T-Intersection, ,Entrance/Exit Ramp Related,None,,,         ,Charles,Hauskin,Clear,Front to Rear,no,no,no,no,no,False
101398360,METROPOLITAN NASHVILLE POLICE DEPT,20160899381,Davidson,Nashville,10/7/2016 4:02:00 PM,2,0,0,36.234160,-86.655210,OCOEE TRL,,,,0.00,,,CRETE TRL,,,,0.00,Y,OTHER, ,,None,,,         ,Edward,Draves,,,no,no,no,no,no,False
101398363,METROPOLITAN NASHVILLE POLICE DEPT,20160899152,Davidson,Nashville,10/7/2016 2:59:00 PM,2,0,0,36.125380,-86.742390,GLENROSE AV,,,,0.00,,,FOSTER AV,,,,0.00,Y,Four-Way,N,Intersection,None,,,         ,David,Hughes,Clear,Angle,no,no,no,no,no,False
101398369,METROPOLITAN NASHVILLE POLICE DEPT,20160899325,Davidson,Nashville,10/7/2016 3:44:00 PM,2,0,0,36.135310,-86.823550,WEST END AV,,,,0.00,,,I440 WEST END AV ENT RAMP,,,,0.00,Y,Four-Way,N,Intersection,None,,,         ,Ethan,Usherwood,Clear,"Sideswipe, Opposite Direction",no,no,no,no,no,False
101398373,METROPOLITAN NASHVILLE POLICE DEPT,20160899392,Davidson,Nashville,10/7/2016 4:15:00 PM,2,0,0,36.145320,-86.645840,I 40,,,,0.00,,,,,,,217.15,N,Not at Intersection,Y,Non-Junction,None,,,         ,Marcus,Mitchell,Clear,"Sideswipe, Same Direction",no,no,no,no,no,False
101398376,METROPOLITAN NASHVILLE POLICE DEPT,20160899367,Davidson,Nashville,10/7/2016 4:04:00 PM,2,0,0,36.143150,-86.685360,I 40,,,,0.00,,,,,,,215.55,N,Not at Intersection, ,Non-Junction,None,,,         ,Mikala,Moore,Clear,Front to Rear,no,no,no,no,no,False
101398377,METROPOLITAN NASHVILLE POLICE DEPT,20160899326,Davidson,Nashville,10/7/2016 3:50:00 PM,2,0,0,36.157440,-86.770530,HERMITAGE AV,,,,0.00,,,PEABODY ST,,,,0.00,Y,Four-Way, ,Non-Junction,None,,,         ,Kendra,Cowper,Clear,"Sideswipe, Same Direction",no,no,no,no,yes,False
101398381,METROPOLITAN NASHVILLE POLICE DEPT,20160899388,Davidson,Nashville,10/7/2016 3:59:00 PM,2,0,0,36.211320,-86.850100,W HAMILTON RD,,,,0.00,,,DRAKES BRANCH RD,,,,0.00,Y,Four-Way,N,Intersection,None,,,         ,Michael,Brooks,Clear,Angle,no,no,no,no,no,False
101398392,METROPOLITAN NASHVILLE POLICE DEPT,20160899498,Davidson,Nashville,10/7/2016 4:57:00 PM,2,0,0,36.185540,-86.748240,SEYMOUR AV,,,,200.00,Feet,West,GALLATIN AV,,,,0.00,N,Not at Intersection, ,Non-Junction,None,,,         ,Christopher,Valdez,Clear,Angle,no,no,no,yes,yes,False
101398397,METROPOLITAN NASHVILLE POLICE DEPT,20160899466,Davidson,Nashville,10/7/2016 4:33:00 PM,2,0,0,36.210110,-86.839150,CLARKSVILLE PKE,,,,328.00,Feet,South,NORTHSIDE STATION PVTDR,,,,0.00,N,Not at Intersection, ,Non-Junction,None,,,         ,Thomas,Burns,Clear,Front to Rear,no,no,no,no,no,False
101398399,METROPOLITAN NASHVILLE POLICE DEPT,20160899414,Davidson,Nashville,10/7/2016 4:26:00 PM,2,1,0,36.028210,-86.783930,I 65,,,,0.00,,,,,,,73.80,N,Not at Intersection,N,Non-Junction,None,,,         ,Tien,Nguyen,Clear,Front to Rear,no,no,no,no,no,False
101398406,METROPOLITAN NASHVILLE POLICE DEPT,20160899189,Davidson,Nashville,10/7/2016 2:20:00 PM,2,0,0,36.133270,-86.789030,CALDWELL AV,,,,75.00,Feet,West,12TH AVS,,,,0.00,N,Not at Intersection, ,Non-Junction,None,,,         ,Charles,Griffin,Clear,Angle,no,no,no,yes,yes,False
101398408,METROPOLITAN NASHVILLE POLICE DEPT,20160899249,Davidson,Not in City Limit,10/7/2016 1:00:00 PM,1,0,0,36.260550,-86.757640,DICKERSON PKE,,,,221.00,Feet,South,TUCKAHOE DR,,,,0.00,N,Not at Intersection,N,Non-Junction,None,,,         ,Jerry,Pirtle,Clear,Not Collision with Motor Vehicle in Transport,no,no,no,no,no,False
101398409,METROPOLITAN NASHVILLE POLICE DEPT,20160899370,Davidson,Nashville,10/7/2016 4:05:00 PM,2,0,0,36.176030,-86.780270,JEFFERSON ST,,,,583.00,Feet,West,OLDHAM ST PVTDR,,,,0.00,N,Not at Intersection,N,Non-Junction,None,,,         ,Kendra,Cowper,Clear,Front to Rear,no,no,no,no,no,False
101398411,METROPOLITAN NASHVILLE POLICE DEPT,20160899451,Davidson,Nashville,10/7/2016 4:37:00 PM,1,1,0,36.146540,-86.813540,28TH AVN,,,,0.00,Feet,East,POSTON AV,,,,0.00,N,Not at Intersection,N,Non-Junction,None,,,         ,Edin,Plancic,Clear,Not Collision with Motor Vehicle in Transport,no,yes,no,no,yes,False
101398412,METROPOLITAN NASHVILLE POLICE DEPT,20160899532,Davidson,Nashville,10/7/2016 4:51:00 PM,2,0,0,36.115900,-86.795430,I 440,,,,0.00,,,,,,,3.70,N,Not at Intersection, ,Non-Junction,None,,,         ,Charles,Griffin,Clear,Front to Rear,no,no,no,no,no,False
101398423,METROPOLITAN NASHVILLE POLICE DEPT,20160899443,Davidson,Nashville,10/7/2016 4:35:00 PM,4,0,0,36.148740,-86.775090,I 40,,,,0.00,,,,,,,210.10,N,Not at Intersection,N,Non-Junction,None,,,         ,Jonathan,Cavezza,Clear,Front to Rear,no,no,no,no,no,False
101398424,METROPOLITAN NASHVILLE POLICE DEPT,20160899073,Davidson,Nashville,10/7/2016 2:09:00 PM,3,0,0,36.084770,-86.728150,NOLENSVILLE PKE,,,,27.00,Feet,South,PARAGON MILLS RD,,,,0.00,N,Not at Intersection,Y,Unknown,None,,,         ,Jarret,Sonnenberg,Clear,Front to Rear,no,no,no,no,no,False
101398425,METROPOLITAN NASHVILLE POLICE DEPT,20160899520,Davidson,Nashville,10/7/2016 5:00:00 PM,2,0,0,36.238520,-86.755270,I 65,,,,0.00,,,,,,,90.10,N,Not at Intersection, ,Non-Junction,None,,,         ,William,Crowe,Clear,Front to Rear,no,no,no,no,no,False
101398426,METROPOLITAN NASHVILLE POLICE DEPT,20160899220,Davidson,Nashville,10/7/2016 3:18:00 PM,2,0,0,36.158290,-86.771890,HERMITAGE AV,,,,0.00,,,KOREAN VETERANS BLVD,,,,0.00,Y,Four-Way,N,Non-Junction,None,,,         ,Jason,King,Clear,"Sideswipe, Same Direction",no,no,no,no,yes,False
101398428,METROPOLITAN NASHVILLE POLICE DEPT,20160899376,Davidson,Nashville,10/7/2016 4:12:00 PM,3,1,0,36.124400,-86.737330,I 440,,,,0.00,,,,,,,7.00,N,Not at Intersection,N,Non-Junction,None,,,         ,David,Hughes,Clear,Front to Rear,no,no,no,no,no,False
101398453,METROPOLITAN NASHVILLE POLICE DEPT,20160899535,Davidson,Nashville,10/7/2016 5:00:00 PM,2,0,0,36.233500,-86.781360,BRICK CHURCH PKE,,,,0.00,,,MOOREWOOD DR,,,,0.00,Y,T-Intersection, ,Non-Junction,None,,,         ,Joel,Callies,Clear,Front to Rear,no,no,no,no,no,False
101398456,METROPOLITAN NASHVILLE POLICE DEPT,2016-0894080,Davidson,Nashville,10/5/2016 11:17:00 PM,1,0,1,36.067200,-86.631030,MURFREESBORO PKE,,,,100.00,Feet,South,FOREST VIEW DR,,,,0.00,N,Not at Intersection,N,Non-Junction,None,,,16-0728  ,John,Roberson,Clear,Not Collision with Motor Vehicle in Transport,yes,no,no,no,yes,False
101398458,METROPOLITAN NASHVILLE POLICE DEPT,20160899416,Davidson,Nashville,10/7/2016 4:25:00 PM,2,1,0,36.185520,-86.817180,CLARKSVILLE PKE,,,,0.00,,,25TH AVN,,,,0.00,Y,Four-Way,N,Intersection-Related,None,,,         ,Andy,Esqueda,Clear,Front to Rear,no,no,no,no,no,False
101398467,METROPOLITAN NASHVILLE POLICE DEPT,20160899522,Davidson,Nashville,10/7/2016 5:00:00 PM,2,0,0,36.206330,-86.774270,W TRINITY LN,,,,224.00,Feet,West,I65 N ENT RAMP,,,,0.00,N,Not at Intersection, ,,None,,,         ,Hunter,Fikes,,,no,no,no,no,no,False
101398472,METROPOLITAN NASHVILLE POLICE DEPT,20160899505,Davidson,Nashville,10/7/2016 4:46:00 PM,2,1,0,36.138780,-86.726030,I40 E ENT RAMP,,,,0.00,,,I 24,,,,0.00,Y,OTHER,N,Non-Junction,None,,,         ,Brent,Hedgcoth,Clear,"Sideswipe, Same Direction",no,no,no,no,no,False
101398473,METROPOLITAN NASHVILLE POLICE DEPT,20160899460,Davidson,Nashville,10/7/2016 4:42:00 PM,1,1,0,36.129490,-86.714700,MURFREESBORO PKE,,,,0.00,Feet,East,MILLWOOD DR,,,,0.00,N,Not at Intersection,N,Non-Junction,None,,,         ,David,Hughes,Clear,Not Collision with Motor Vehicle in Transport,yes,no,no,no,no,False
101398482,METROPOLITAN NASHVILLE POLICE DEPT,20160899675,Davidson,Not in City Limit,10/7/2016 3:54:00 PM,2,0,0,36.272880,-86.711120,NESBITT LN,,,,285.00,Feet,West,GALLATIN PKEN,,,,0.00,N,Not at Intersection, ,Non-Junction,Utility Zone,,,         ,Cecilia,Gomez,Clear,Front to Rear,no,no,no,no,no,False
101398485,METROPOLITAN NASHVILLE POLICE DEPT,20160899534,Davidson,Nashville,10/7/2016 5:22:00 PM,2,1,0,36.134680,-86.723520,MURFREESBORO PKE,,,,309.00,Feet,East,I24 W EXT RAMP,,,,0.00,N,Not at Intersection,N,Non-Junction,None,,,         ,Andrew,Mullen,Clear,Angle,no,no,no,no,no,False
101398489,METROPOLITAN NASHVILLE POLICE DEPT,20160899600,Davidson,Nashville,10/7/2016 5:39:00 PM,2,0,0,36.066060,-86.738120,WHITFIELD PARK PVTDR,,,,0.00,,,EDMONDSON PKE,,,,0.00,Y,T-Intersection,N,Intersection-Related,None,,,         ,Tien,Nguyen,Clear,Angle,no,no,no,no,no,False
101398490,METROPOLITAN NASHVILLE POLICE DEPT,20160899780,Davidson,Nashville,10/7/2016 6:45:00 PM,2,0,0,36.148660,-86.807040,ELLISTON PL,,,,0.00,,,24TH AVN,,,,0.00,Y,Four-Way, ,Intersection,None,,,         ,Charles,Griffin,Clear,Angle,no,no,no,no,no,Campus
101398491,METROPOLITAN NASHVILLE POLICE DEPT,20160899291,Davidson,Nashville,10/7/2016 3:44:00 PM,2,0,0,36.209220,-86.589660,TULIP GROVE RD,,,,547.00,Feet,North,BROOKE CASTLE DR,,,,0.00,N,Not at Intersection,N,Non-Junction,None,,,         ,Dontaveous,Eubanks,Clear,Front to Rear,no,no,no,no,no,False
101398492,METROPOLITAN NASHVILLE POLICE DEPT,20160899561,Davidson,Nashville,10/7/2016 4:50:00 PM,2,1,0,36.163870,-86.786620,CHARLOTTE AV,,,,0.00,,,YMCA WAY,,,,0.00,Y,Four-Way,N,Intersection,None,,,         ,Gregory,Scott,Clear,Angle,no,no,no,no,no,False
101398493,METROPOLITAN NASHVILLE POLICE DEPT,20160899646,Davidson,Nashville,10/7/2016 5:12:00 PM,2,0,0,36.152660,-86.829800,CHARLOTTE AV,,,,120.00,Feet,East,38TH AVN,,,,0.00,N,Not at Intersection, ,Non-Junction,None,,,         ,Ethan,Usherwood,Clear,"Sideswipe, Same Direction",no,no,no,no,no,False
101398498,METROPOLITAN NASHVILLE POLICE DEPT,20160899696,Davidson,Nashville,10/7/2016 6:17:00 PM,3,0,0,36.143000,-86.705680,I 40,,,,0.00,,,,,,,214.45,N,Not at Intersection, ,Non-Junction,None,,,         ,Jaby,Djabbarov,Clear,Front to Rear,no,no,no,no,no,False
101398500,METROPOLITAN NASHVILLE POLICE DEPT,20160899683,Davidson,Nashville,10/7/2016 6:10:00 PM,2,1,0,36.092070,-86.735580,NOLENSVILLE PKE,,,,283.00,Feet,North,YELTON CT,,,,0.00,N,Not at Intersection,N,Non-Junction,None,,,         ,Candice,Soper,Clear,HeadOn,no,no,no,no,no,False
101398513,METROPOLITAN NASHVILLE POLICE DEPT,20160899654,Davidson,Nashville,10/7/2016 6:00:00 PM,2,2,0,36.163470,-86.762000,I 24,,,,0.00,,,,,,,49.20,N,Not at Intersection,N,Non-Junction,None,,,         ,Michael,Moss,Clear,Front to Rear,no,no,no,no,no,False
101398516,METROPOLITAN NASHVILLE POLICE DEPT,20160899564,Davidson,Old Hickory,10/7/2016 4:26:00 PM,2,0,0,36.255890,-86.627250,ROBERTA DR,,,,0.00,,,MAUREEN DR,,,,0.00,Y,OTHER, ,OtherLocation,None,,,         ,Christopher,Mackey,Clear,Other,no,no,no,no,no,False
101398530,METROPOLITAN NASHVILLE POLICE DEPT,2016-0899701,Davidson,Nashville,10/7/2016 6:15:00 PM,2,2,0,36.061080,-86.913270,HIGHWAY 100,,,,627.00,Feet,West,WARNER NATURE CTR PVTDR,,,,0.00,N,Not at Intersection,N,Non-Junction,None,,,         ,Michael,Rogers,Clear,Front to Rear,no,no,no,no,no,False
101398535,METROPOLITAN NASHVILLE POLICE DEPT,20160899831,Davidson,Nashville,10/7/2016 4:44:00 PM,2,0,0,36.081660,-86.713650,HARDING PL,,,,0.00,Feet,West,WHISPERING OAKS PL,,,,0.00,N,Not at Intersection,N,Non-Junction,None,,,         ,David,Hughes,Clear,Angle,no,no,no,no,no,False
101398537,METROPOLITAN NASHVILLE POLICE DEPT,20160899842,Davidson,Nashville,10/7/2016 7:05:00 PM,2,0,0,36.135860,-86.726900,I24E,,,,319.00,Feet,West,I24 W ENT RAMP,,,,0.00,N,Not at Intersection, ,Non-Junction,None,,,         ,Jarret,Sonnenberg,Clear,Front to Rear,no,no,no,no,no,False