master_record_number,agency,agency_tracking_number,county,city,collision_date,vehicles_involved,number_injured,number_dead,latitude,longitude,roadway_name,roadway_suffix,roadway_number,roadway_local_id,distance_from_reference,miles-feet_indicator,direction_from_reference,intersection_road_name,intersection_road_name_suffix,intersection_road_number,intersection_local_id,mile_marker,intersection_indicator,intersect_type,interchange_related_indicator,relation_to_junction,work_zone_type,construction_maintenance_zone,construction_maintenance_zone_location,fatal_case_number,officer_first_name,officer_last_name,weather_condition(s),manner_of_crash,pedestrian,bicycle,scooter,parking,hitrun,mou
101398538,METROPOLITAN NASHVILLE POLICE DEPT,20160899673,Davidson,Nashville,10/7/2016 5:56:00 PM,2,1,0,36.169360,-86.579070,I 40,,,,0.00,,,,,,,222.00,N,Not at Intersection,N,Non-Junction,None,,,         ,Kyle,Burks,Clear,"Sideswipe, Same Direction",no,no,no,no,no,False
101398548,METROPOLITAN NASHVILLE POLICE DEPT,20160899921,Davidson,Nashville,10/7/2016 7:32:00 PM,2,0,0,36.158990,-86.775890,DEMONBREUN ST,,,,0.00,,,4TH AVS,,,,0.00,Y,Four-Way, ,Non-Junction,None,,,         ,Jason,King,Clear,Front to Rear,no,no,no,no,no,False
101398563,METROPOLITAN NASHVILLE POLICE DEPT,2016-0899851,Davidson,Nashville,10/7/2016 7:10:00 PM,2,0,0,36.074970,-86.920740,OLD HICKORY BLVD,,,,0.00,,,,,,,0.00,,,N,Non-Junction,None,,,         ,Michael,Rogers,Clear,Angle,no,no,no,yes,no,False
101398571,METROPOLITAN NASHVILLE POLICE DEPT,20160900154,Davidson,Nashville,10/7/2016 8:46:00 PM,2,0,0,36.141140,-86.721950,I40 W EXT RAMP,,,,0.00,,,I 40,,,,0.00,Y,T-Intersection,Y,Intersection-Related,None,,,         ,Brian,Smith,Clear,Front to Rear,no,no,no,no,yes,False
101398572,METROPOLITAN NASHVILLE POLICE DEPT,20160900104,Davidson,Nashville,10/7/2016 8:36:00 PM,1,0,0,36.045470,-86.659020,I 24,,,,0.00,,,,,,,59.40,N,Not at Intersection, ,Non-Junction,None,,,         ,David,Hughes,Clear,Not Collision with Motor Vehicle in Transport,no,no,no,no,no,False
101398575,METROPOLITAN NASHVILLE POLICE DEPT,2016-0899974,Davidson,Nashville,10/7/2016 7:55:00 PM,2,0,0,36.154890,-86.779150,8TH AVS,,,,0.00,,,KOREAN VETERANS BLVD,,,,0.00,Y,Roundabout, ,Intersection-Related,None,,,         ,Michael,Schlegel,Cloudy,"Sideswipe, Same Direction",no,no,no,no,no,False
101398576,METROPOLITAN NASHVILLE POLICE DEPT,20160899504,Davidson,Nashville,10/7/2016 4:30:00 PM,3,1,0,36.085070,-86.703000,HARDING PL,,,,49.00,Feet,West,I24 E ENT RAMP,,,,0.00,N,Not at Intersection,N,Non-Junction,None,,,         ,Juan,Gonzalez,Clear,Front to Rear,no,no,no,no,no,False
101398584,METROPOLITAN NASHVILLE POLICE DEPT,20160899966,Davidson,Nashville,10/7/2016 7:50:00 PM,2,0,0,36.154890,-86.779150,8TH AVS,,,,0.00,,,KOREAN VETERANS BLVD,,,,0.00,Y,Roundabout, ,Intersection,None,,,         ,Wesley,Feinstein,Clear,Front to Rear,no,no,no,no,no,False
101398587,METROPOLITAN NASHVILLE POLICE DEPT,20160899849,Davidson,Madison,10/7/2016 7:01:00 PM,2,0,0,0.000000,0.000000,,,US0,,0.10,Feet,West,,,,,0.10,N,Not at Intersection, ,Non-Junction,None,,,         ,Faye,Denson,Clear,Angle,no,no,no,yes,no,False
101398595,METROPOLITAN NASHVILLE POLICE DEPT,20160900130,Davidson,Nashville,10/7/2016 8:46:00 PM,1,0,0,36.118310,-86.701570,BRILEY PKWY S ENT RAMP,,,,0.00,Feet,East,BRILEY PKWYS,,,,0.00,N,Not at Intersection,N,Non-Junction,None,,,         ,David,Hughes,Clear,Not Collision with Motor Vehicle in Transport,no,no,no,no,no,False
101398597,METROPOLITAN NASHVILLE POLICE DEPT,20160900160,Davidson,Nashville,10/7/2016 8:47:00 PM,2,1,0,36.176360,-86.756190,MAIN ST,,,,157.00,Feet,West,MCFERRIN AV,,,,0.00,N,Not at Intersection,N,Non-Junction,None,,,         ,Christopher,Valdez,Clear,Angle,no,no,no,no,yes,False
101398602,METROPOLITAN NASHVILLE POLICE DEPT,20160899856,Davidson,Nashville,10/7/2016 6:50:00 PM,3,0,0,36.140110,-86.723270,I 40,,,,0.00,,,,,,,213.50,N,Not at Intersection, ,,None,,,         ,Brent,Hedgcoth,,,no,no,no,no,no,False
101398603,METROPOLITAN NASHVILLE POLICE DEPT,20160900080,Davidson,Nashville,10/7/2016 7:40:00 PM,2,0,0,36.156790,-86.680900,WOODBERRY DR,,,,0.00,,,MCGAVOCK PKE,,,,0.00,Y,Four-Way,N,Intersection,None,,,         ,Brent,Hedgcoth,Clear,Angle,no,no,no,no,yes,False
101398605,METROPOLITAN NASHVILLE POLICE DEPT,20160899969,Davidson,Nashville,10/7/2016 7:45:00 PM,2,1,0,36.071400,-86.636360,BELL RD,,,,179.00,Feet,South,MURFREESBORO PKE,,,,0.00,N,Not at Intersection,N,Non-Junction,None,,,         ,Victoria,Cunningham,Clear,Front to Rear,no,no,no,no,no,False
101398616,METROPOLITAN NASHVILLE POLICE DEPT,20160899565,Davidson,Antioch,10/7/2016 5:24:00 PM,2,0,0,36.036020,-86.611130,HOBSON PKE,,,,49.00,Feet,North,OLD HICKORY BLVD,,,,0.00,N,Not at Intersection, ,Non-Junction,None,,,         ,Victoria,Cunningham,Clear,"Sideswipe, Same Direction",no,no,no,no,no,False
101398635,METROPOLITAN NASHVILLE POLICE DEPT,20160900328,Davidson,Nashville,10/7/2016 8:51:00 PM,2,0,0,36.064810,-86.622110,HAMILTON CHURCH RD,,,,0.00,,,OWENDALE DR,,,,0.00,Y,T-Intersection, ,Intersection,None,,,         ,David,Hughes,Clear,Angle,no,no,no,no,no,False
101398638,METROPOLITAN NASHVILLE POLICE DEPT,20160899864,Davidson,Nashville,10/7/2016 7:10:00 PM,4,1,0,36.044100,-86.656660,I24 W EXT RAMP,,,,0.00,Feet,East,I 24,,,,0.00,N,Not at Intersection,N,Non-Junction,None,,,         ,Sharissa,Perez,Clear,Front to Rear,no,no,no,no,no,False
101398675,METROPOLITAN NASHVILLE POLICE DEPT,20160900360,Davidson,Nashville,10/7/2016 10:05:00 PM,2,1,0,36.195590,-86.776150,I 65,,,,0.00,,,,,,,86.55,N,Not at Intersection,N,Non-Junction,None,,,         ,Geoffrey,Daugherty,Clear,Front to Rear,no,no,no,no,no,False
101398694,METROPOLITAN NASHVILLE POLICE DEPT,20160900497,Davidson,Nashville,10/7/2016 11:20:00 PM,2,0,0,36.051110,-86.646270,BELL RD,,,,235.00,Feet,East,HICKORY HOLLOW TER,,,,0.00,N,Not at Intersection, ,Non-Junction,None,,,         ,William,Coy,Clear,Front to Rear,no,no,no,no,no,False
101398695,METROPOLITAN NASHVILLE POLICE DEPT,20160900460,Davidson,Nashville,10/7/2016 10:05:00 PM,2,0,0,36.195590,-86.776150,I 65,,,,0.00,,,,,,,86.55,N,Not at Intersection,N,Non-Junction,None,,,         ,Geoffrey,Daugherty,Clear,Front to Rear,no,no,no,no,yes,False
101398700,METROPOLITAN NASHVILLE POLICE DEPT,20160900480,Davidson,Nashville,10/7/2016 10:05:00 PM,2,0,0,36.171870,-86.797050,11TH AVN,,,,0.00,Feet,,JEFFERSON ST,,,,0.00,Y,T-Intersection,Y,Intersection,None,,,         ,Bryant,Presley,Clear,Angle,no,no,no,no,yes,False
101398701,METROPOLITAN NASHVILLE POLICE DEPT,20160900536,Davidson,Nashville,10/7/2016 12:00:00 AM,1,0,0,36.164200,-86.771890,VICTORY AV,,,,78.00,Feet,East,TITANS WAY,,,,0.00,N,Not at Intersection,N,Non-Junction,None,,,         ,Jeremy,King,Clear,Not Collision with Motor Vehicle in Transport,no,no,no,no,yes,False
101398706,METROPOLITAN NASHVILLE POLICE DEPT,20160900559,Davidson,Nashville,10/7/2016 11:50:00 PM,2,1,0,36.163730,-86.819780,28TH AVN,,,,188.00,Feet,South,ALBION ST,,,,0.00,N,Not at Intersection,Y,Entrance/Exit Ramp Related,None,,,         ,Nicholas,Carter,Clear,Front to Rear,no,no,no,no,no,False
101398731,METROPOLITAN NASHVILLE POLICE DEPT,20160900699,Davidson,Nashville,10/8/2016 12:50:00 AM,1,1,0,36.151700,-86.851730,CHARLOTTE AV,,,,115.00,Feet,East,MORROW RD,,,,0.00,N,Not at Intersection,N,Non-Junction,None,,,         ,Jean,McCormack,Clear,Not Collision with Motor Vehicle in Transport,no,no,no,no,no,False
101398743,METROPOLITAN NASHVILLE POLICE DEPT,20160900434,Davidson,Nashville,10/7/2016 10:03:00 PM,2,0,0,36.151970,-86.848570,51ST AVN,,,,0.00,,,ALABAMA AV,,,,0.00,Y,OTHER,N,Intersection,None,,,         ,Benjamin,Fisher,Clear,Angle,no,no,no,no,no,False
101398754,VANDERBILT UNIVERSITY POLICE,2016-0893236,Davidson,Nashville,10/5/2016 12:00:00 AM,2,0,0,36.142710,-86.811210,VANDERBILT PL,,,,0.00,,,,,,,0.00,,, ,Non-Junction,None,,,         ,Rachel,Meyer,Clear,Other,no,no,no,yes,yes,Campus
101398757,METROPOLITAN NASHVILLE POLICE DEPT,20160900628,Davidson,Not in City Limit,10/8/2016 12:25:00 AM,2,1,0,36.304750,-86.814100,I 24,,,,0.00,,,,,,,38.50,N,Not at Intersection,N,Non-Junction,None,,,         ,Michael,Richardson,Clear,Front to Rear,no,no,no,no,no,False
101398758,METROPOLITAN NASHVILLE POLICE DEPT,20160900855,Davidson,Not in City Limit,10/8/2016 2:34:00 AM,1,0,0,36.275500,-86.735320,I 65,,,,0.00,,,,,,,93.00,N,Not at Intersection,N,Non-Junction,None,,,         ,Michael,Richardson,Clear,Not Collision with Motor Vehicle in Transport,no,no,no,no,no,False
101398764,METROPOLITAN NASHVILLE POLICE DEPT,20160900983,Davidson,Nashville,10/8/2016 3:58:00 AM,2,0,0,36.122350,-86.807040,HILLSBORO PKE,,,,101.00,Feet,North,I440 E EXT RAMP,,,,0.00,N,Not at Intersection,N,Entrance/Exit Ramp Related,None,,,         ,Ryan,Worstall,Clear,HeadOn,no,no,no,no,no,False
101398766,METROPOLITAN NASHVILLE POLICE DEPT,20160901023,Davidson,Nashville,10/8/2016 12:00:00 AM,2,0,0,36.152900,-86.755480,I 40,,,,0.00,,,,,,,211.25,N,Not at Intersection,N,Non-Junction,None,,,         ,Anthony,Russo,Clear,"Sideswipe, Same Direction",no,no,no,no,no,False
101398771,METROPOLITAN NASHVILLE POLICE DEPT,20160901058,Davidson,Not in City Limit,10/8/2016 12:00:00 AM,1,0,0,36.222440,-86.975480,BULL RUN RD,,,,1462.00,Feet,North,ASHLAND CITY HWY,,,,0.00,N,Not at Intersection,N,Non-Junction,None,,,         ,Geoffrey,Daugherty,Clear,Not Collision with Motor Vehicle in Transport,no,no,no,yes,yes,False
101398772,METROPOLITAN NASHVILLE POLICE DEPT,20160901036,Davidson,Nashville,10/8/2016 4:24:00 AM,2,0,0,36.198880,-86.844860,ASHLAND CITY HWY,,,,112.00,Feet,East,HYDES FERRY RD,,,,0.00,N,Not at Intersection,N,Non-Junction,None,,,         ,Armonty,Houston,Clear,Angle,no,no,no,no,yes,False
101398777,METROPOLITAN NASHVILLE POLICE DEPT,20160900390,Davidson,Nashville,10/7/2016 10:25:00 PM,2,0,0,36.141760,-86.885170,I 40,,,,0.00,,,,,,,202.20,N,Not at Intersection,N,Non-Junction,None,,,         ,Ryan,McManman,Clear,Front to Rear,no,no,no,no,no,False
101398781,METROPOLITAN NASHVILLE POLICE DEPT,20160900670,Davidson,Not in City Limit,10/8/2016 12:00:00 AM,2,0,0,36.080760,-86.931080,POST CREEK RD,,,,286.00,Feet,South,HICKS RD,,,,0.00,N,Not at Intersection,N,Non-Junction,None,,,         ,Kristen,Morgan,Clear,Angle,no,no,no,yes,yes,False
101398788,METROPOLITAN NASHVILLE POLICE DEPT,20160901062,Davidson,Goodlettsville,10/8/2016 4:45:00 AM,1,1,0,36.370800,-86.741520,SPRINGFIELD HWY,,,,459.00,Feet,West,KAYLA DR,,,,0.00,N,Not at Intersection,N,Non-Junction,None,,,         ,Matthew,Harris,Clear,Not Collision with Motor Vehicle in Transport,no,no,no,no,no,False
101398808,METROPOLITAN NASHVILLE POLICE DEPT,2016-0899054,Davidson,Nashville,10/7/2016 1:04:00 PM,2,2,0,36.188490,-86.793320,I 65,,,,0.00,,,,,,,85.50,N,Not at Intersection,N,Non-Junction,None,,,         ,Seth,Quiles,Clear,Front to Rear,no,no,no,no,no,False
101398821,GOODLETTSVILLE POLICE DEPT,16-34671,Davidson,Goodlettsville,10/7/2016 6:30:00 PM,2,0,0,36.305980,-86.703057,RIVERGATE,PKWY,,,50.00,Feet,South,WADE,CIR,,,0.00,N,Not at Intersection, ,Non-Junction,None,,,         ,Charles,Hauskin,Clear,Front to Rear,no,no,no,no,no,False
101398822,METROPOLITAN NASHVILLE POLICE DEPT,20160901198,Davidson,Not in City Limit,10/8/2016 6:25:00 AM,1,1,0,36.340720,-86.871700,WHITES CREEK PKE,,,,1570.00,Feet,North,MORGAN RD,,,,0.00,N,Not at Intersection,N,Non-Junction,None,,,         ,Steven,Frazier Jr.,Clear,Not Collision with Motor Vehicle in Transport,no,no,no,no,no,False
101398833,METROPOLITAN NASHVILLE POLICE DEPT,20160901237,Davidson,Not in City Limit,10/8/2016 7:20:00 AM,1,0,0,36.032580,-86.988380,HIGHWAY 100,,,,599.00,Feet,West,OLD HARDING PKE,,,,0.00,N,Not at Intersection, ,Non-Junction,None,,,         ,Wesley,Tilley,Clear,Not Collision with Motor Vehicle in Transport,no,no,no,no,no,False
101398847,METROPOLITAN NASHVILLE POLICE DEPT,20160892402,Davidson,Nashville,10/5/2016 11:38:00 AM,2,0,0,36.154080,-86.784420,11TH AVS,,,,0.00,,,LAUREL ST,,,,0.00,Y,T-Intersection, ,,None,,,         ,Byron,Carter,,,no,no,no,no,no,False
101398852,METROPOLITAN NASHVILLE POLICE DEPT,20160901223,Davidson,Nashville,10/8/2016 7:10:00 AM,2,0,0,36.045430,-86.703610,OLD HICKORY BLVD,,,,0.00,,,EULALA DR,,,,0.00,Y,Four-Way,N,Intersection-Related,None,,,         ,Jason,Dudley,Clear,Front to Rear,no,no,no,no,yes,False
101398859,METROPOLITAN NASHVILLE POLICE DEPT,20160892392,Davidson,Nashville,10/5/2016 11:55:00 AM,2,1,0,36.152810,-86.774310,LAFAYETTE ST,,,,185.00,Feet,West,ELM ST,,,,0.00,N,Not at Intersection,N,"Driveway, Alley Access, etc",None,,,         ,Shawn,Taylor,Clear,Angle,no,no,no,no,no,False
101398861,METROPOLITAN NASHVILLE POLICE DEPT,20160898776,Davidson,Nashville,10/7/2016 11:57:00 AM,2,1,0,36.154630,-86.779160,LAFAYETTE ST,,,,0.00,,,8TH AVS,,,,0.00,Y,Roundabout,N,Non-Junction,None,,,         ,Phillip,Box,Clear,Other,no,no,no,no,no,False
101398872,METROPOLITAN NASHVILLE POLICE DEPT,20160901298,Davidson,Nashville,10/8/2016 12:00:00 AM,1,0,0,36.257700,-86.787160,I 24,,,,0.00,,,,,,,42.05,N,Not at Intersection, ,Non-Junction,None,,,         ,Coleman,McKellar,Clear,Not Collision with Motor Vehicle in Transport,no,no,no,no,no,False
101398881,METROPOLITAN NASHVILLE POLICE DEPT,2016-0895887,Davidson,Nashville,10/6/2016 1:50:00 PM,2,0,0,36.150070,-86.805500,23RD AVN,,,,2.00,Feet,South,ELLISTON PL,,,,0.00,N,Not at Intersection, ,Non-Junction,None,,,         ,David,Anderson,Clear,Angle,no,no,no,no,no,Campus
101398899,METROPOLITAN NASHVILLE POLICE DEPT,20160901372,Davidson,Nashville,10/8/2016 12:00:00 AM,1,0,0,36.064280,-86.693500,PACKARD DR,,,,261.00,Feet,East,CREEKSIDE DR,,,,0.00,N,Not at Intersection,N,Non-Junction,None,,,         ,Rickie,Corman,Clear,Not Collision with Motor Vehicle in Transport,no,no,no,no,yes,False
101398920,METROPOLITAN NASHVILLE POLICE DEPT,20160901471,Davidson,Nashville,10/8/2016 12:00:00 AM,2,0,0,36.228840,-86.830130,SUNNYVIEW DR,,,,36.00,Feet,East,BLUEBELL CT,,,,0.00,N,Not at Intersection, ,Non-Junction,None,,,         ,Brandon,Evans,Unknown,"Sideswipe, Same Direction",no,no,no,no,yes,False
101398935,METROPOLITAN NASHVILLE POLICE DEPT,20160899066,Davidson,Nashville,10/7/2016 1:20:00 PM,2,0,0,36.148150,-86.806000,WEST END AV,,,,160.00,Feet,East,24TH AVS,,,,0.00,N,Not at Intersection,N,Non-Junction,None,,,         ,David,Anderson,Clear,Rear to Rear,no,no,no,yes,yes,Campus
101398947,METROPOLITAN NASHVILLE POLICE DEPT,20160901415,Davidson,Nashville,10/8/2016 9:25:00 AM,4,1,0,36.197930,-86.776310,I 65,,,,0.00,,,,,,,86.70,N,Not at Intersection,N,Non-Junction,None,,,         ,Royce,McLester,Clear,Front to Rear,no,no,no,no,no,False
101398959,METROPOLITAN NASHVILLE POLICE DEPT,20160901434,Davidson,Nashville,10/8/2016 9:30:00 AM,2,0,0,36.091510,-86.832250,HARDING PL,,,,0.00,,,LINDAWOOD DR,,,,0.00,Y,Four-Way,N,Intersection,None,,,         ,Michael,Pyle,Clear,Angle,no,no,no,no,no,False
101398967,METROPOLITAN NASHVILLE POLICE DEPT,20160901533,Davidson,Nashville,10/8/2016 10:35:00 AM,2,0,0,36.155610,-86.862510,ROBERTSON AV,,,,0.00,,,ETHEL ST,,,,0.00,Y,T-Intersection,Y,Intersection,None,,,         ,Michael,Hunnicutt,Clear,Front to Rear,no,no,no,no,no,False
101398969,METROPOLITAN NASHVILLE POLICE DEPT,20160901542,Davidson,Nashville,10/8/2016 10:52:00 AM,2,2,0,36.144050,-86.738450,I 40,,,,0.00,,,,,,,212.40,N,Not at Intersection,N,Non-Junction,None,,,         ,Ralph,Harvey,Clear,Front to Rear,no,no,no,no,no,False
101398971,METROPOLITAN NASHVILLE POLICE DEPT,20160901606,Davidson,Nashville,10/8/2016 11:35:00 AM,2,0,0,36.195580,-86.776060,FERN AV,,,,26.00,Feet,East,BRICK CHURCH PKE,,,,0.00,N,Not at Intersection,N,Non-Junction,None,,,         ,Brandon,Evans,Clear,Front to Rear,no,no,no,no,no,False
101398980,METROPOLITAN NASHVILLE POLICE DEPT,20160901523,Davidson,Nashville,10/8/2016 10:45:00 AM,2,1,0,36.105190,-86.742280,NOLENSVILLE PKE,,,,0.00,,,RADNOR ST,,,,0.00,Y,Four-Way,N,Non-Junction,None,,,         ,David,Smith,Clear,Front to Rear,no,no,no,no,no,False
101398981,METROPOLITAN NASHVILLE POLICE DEPT,20160898927,Davidson,Nashville,10/7/2016 1:01:00 PM,3,0,0,36.115980,-86.794020,I 440,,,,0.00,,,,,,,3.75,N,Not at Intersection,N,Non-Junction,None,,,         ,Phillip,Murphy,Clear,Front to Rear,no,no,no,no,no,False
101398993,METROPOLITAN NASHVILLE POLICE DEPT,20160901553,Davidson,Nashville,10/8/2016 10:48:00 AM,2,4,0,36.066300,-86.774230,FRANKLIN PKE,,,,0.00,,,HOGAN RD,,,,0.00,Y,Four-Way,N,Intersection,None,,,         ,Brent,Bauer,Clear,Angle,no,no,no,no,no,False
101399001,METROPOLITAN NASHVILLE POLICE DEPT,20160901610,Davidson,Nashville,10/8/2016 11:33:00 AM,2,0,0,36.179440,-86.773830,I 24,,,,0.00,,,,,,,47.70,N,Not at Intersection, ,Non-Junction,None,,,         ,David,Boone,Clear,"Sideswipe, Same Direction",no,no,no,no,no,False
101399009,METROPOLITAN NASHVILLE POLICE DEPT,2016-0901661,Davidson,Nashville,10/8/2016 12:05:00 PM,2,0,0,36.074030,-86.922380,HIGHWAY 70S,,,,129.00,Feet,West,HIGHWAY 70S,,,,0.00,N,Not at Intersection, ,Non-Junction,None,,,         ,Douglas,Atwood,Clear,"Sideswipe, Same Direction",no,no,no,no,no,False
101399013,METROPOLITAN NASHVILLE POLICE DEPT,20160901612,Davidson,Nashville,10/8/2016 11:39:00 AM,2,3,0,36.251920,-86.717690,W WEBSTER ST,,,,0.00,,,GALLATIN PKES,,,,0.00,Y,Four-Way,N,Intersection,None,,,         ,Michael,Agee,Clear,Angle,no,no,no,no,no,False
101399014,METROPOLITAN NASHVILLE POLICE DEPT,20160901690,Davidson,Nashville,10/8/2016 12:30:00 PM,2,0,0,36.052190,-86.689990,ROBERT YOEST DR,,,,327.00,Feet,South,TUSCULUM RD,,,,0.00,N,Not at Intersection, ,Non-Junction,None,,,         ,Jason,Dudley,Clear,Angle,no,no,no,no,no,False
101399015,METROPOLITAN NASHVILLE POLICE DEPT,20160901668,Davidson,Nashville,10/8/2016 12:17:00 PM,2,1,0,36.212490,-86.731330,GALLATIN PKE,,,,0.00,,,,,,,0.00,,,N,Non-Junction,None,,,         ,Richard,Conger,Clear,Front to Rear,no,no,no,yes,yes,False
101399017,METROPOLITAN NASHVILLE POLICE DEPT,20160901676,Davidson,Nashville,10/8/2016 12:20:00 PM,2,0,0,36.196550,-86.776120,I 65,,,,0.00,,,,,,,86.65,N,Not at Intersection, ,Non-Junction,None,,,         ,Brandon,Evans,Clear,"Sideswipe, Same Direction",no,no,no,no,yes,False
101399027,METROPOLITAN NASHVILLE POLICE DEPT,20160901687,Davidson,Not in City Limit,10/8/2016 12:25:00 PM,2,0,0,36.062180,-86.978020,VAUXHALL DR,,,,257.00,Feet,South,FERRINGDON CT,,,,0.00,N,Not at Intersection, ,Non-Junction,None,,,         ,Wesley,Tilley,Clear,Angle,no,no,no,no,no,False
101399046,METROPOLITAN NASHVILLE POLICE DEPT,20160901662,Davidson,Nashville,10/8/2016 12:13:00 PM,2,4,0,36.141920,-86.629160,ELM HILL PKE,,,,439.00,Feet,East,BELL RD,,,,0.00,N,Not at Intersection,N,Non-Junction,None,,,         ,MIchael,Mihajlov,Clear,Angle,no,no,no,no,no,False
101399052,METROPOLITAN NASHVILLE POLICE DEPT,20160901731,Davidson,Nashville,10/8/2016 11:40:00 AM,2,0,0,36.129060,-86.853840,WHITE BRIDGE PKE,,,,255.00,Feet,East,TARGET PVTDR,,,,0.00,N,Not at Intersection, ,"Driveway, Alley Access, etc",None,,,         ,Michael,Pyle,Clear,Front to Rear,no,no,no,yes,no,False
101399064,METROPOLITAN NASHVILLE POLICE DEPT,20160901797,Davidson,Nashville,10/8/2016 12:57:00 PM,2,0,0,36.220610,-86.754220,HART LN,,,,0.00,,,JONES AV,,,,0.00,Y,T-Intersection, ,,None,,,         ,David,Boone,,,no,no,no,no,no,False
101399086,METROPOLITAN NASHVILLE POLICE DEPT,20160901863,Davidson,Nashville,10/8/2016 1:00:00 PM,2,0,0,36.182230,-86.792520,5TH AVN,,,,0.00,,,GARFIELD ST,,,,0.00,Y,Four-Way, ,Intersection,None,,,         ,Chase,Burnett,Clear,"Sideswipe, Same Direction",no,no,no,no,yes,False
101399087,METROPOLITAN NASHVILLE POLICE DEPT,20160901678,Davidson,Nashville,10/8/2016 12:15:00 PM,2,1,0,36.139050,-86.733010,MURFREESBORO PKE,,,,0.00,Feet,,ARLINGTON AV,,,,0.00,Y,Four-Way,N,Intersection-Related,None,,,         ,Jedidayah,Merriweather,Clear,Front to Rear,no,no,no,no,no,False
101399091,METROPOLITAN NASHVILLE POLICE DEPT,20160901832,Davidson,Nashville,10/8/2016 1:41:00 PM,3,0,0,36.183650,-86.610660,OLD HICKORY BLVD,,,,0.00,,,ANDREW JACKSON PKWY,,,,0.00,Y,Four-Way,N,Intersection-Related,None,,,         ,William,Mckay,Clear,Front to Rear,no,no,no,no,no,False
101399123,METROPOLITAN NASHVILLE POLICE DEPT,20160901871,Davidson,Nashville,10/8/2016 1:56:00 PM,2,1,0,36.168420,-86.687960,LEBANON PKE,,,,0.00,,,BRILEY PKWY N ENT RAMP,,,,0.00,Y,Four-Way,N,Intersection,None,,,         ,Richard,Hyatt,Clear,Angle,no,no,no,no,no,False
101399143,METROPOLITAN NASHVILLE POLICE DEPT,20160901912,Davidson,Nashville,10/8/2016 2:39:00 PM,2,0,0,36.192320,-86.616300,OLD HICKORY BLVD,,,,0.00,,,JUAREZ DR,,,,0.00,Y,T-Intersection, ,Intersection-Related,None,,,         ,Dontaveous,Eubanks,Clear,Front to Rear,no,no,no,no,no,False
101399155,METROPOLITAN NASHVILLE POLICE DEPT,20160901811,Davidson,Nashville,10/8/2016 1:33:00 PM,2,1,0,36.185230,-86.609640,ANDREW JACKSON PKWY,,,,648.00,Feet,North,OLD HICKORY BLVD,,,,0.00,N,Not at Intersection,N,"Driveway, Alley Access, etc",None,,,         ,Terry,Denton,Clear,Angle,no,no,no,no,no,False
101399169,METROPOLITAN NASHVILLE POLICE DEPT,20160901877,Davidson,Not in City Limit,10/8/2016 3:00:00 PM,2,0,0,36.263810,-86.711660,GALLATIN PKEN,,,,0.00,,,OLD TIME VILLAGE PVTDR,,,,0.00,Y,OTHER, ,Non-Junction,None,,,         ,William,Crowe,Clear,"Sideswipe, Same Direction",no,no,no,no,no,False
101399171,METROPOLITAN NASHVILLE POLICE DEPT,20160901927,Davidson,Nashville,10/8/2016 1:57:00 PM,2,0,0,36.143040,-86.705430,I 40,,,,0.00,,,,,,,214.45,N,Not at Intersection, ,Non-Junction,None,,,         ,Jaby,Djabbarov,Clear,Front to Rear,no,no,no,no,no,False
101399198,METROPOLITAN NASHVILLE POLICE DEPT,20160901889,Davidson,Nashville,10/8/2016 2:20:00 PM,2,0,0,36.139560,-86.879950,CHARLOTTE PKE,,,,256.00,Feet,East,HILLWOOD BLVD,,,,0.00,N,Not at Intersection, ,Non-Junction,None,,,         ,Adam,Reese,Clear,Front to Rear,no,no,no,no,no,False
101399199,METROPOLITAN NASHVILLE POLICE DEPT,20160901922,Davidson,Nashville,10/8/2016 2:39:00 PM,2,0,0,36.154370,-86.759780,I 40,,,,0.00,,,,,,,211.00,N,Not at Intersection, ,Non-Junction,None,,,         ,Jonathan,Cavezza,Clear,Front to Rear,no,no,no,no,no,False
101399200,METROPOLITAN NASHVILLE POLICE DEPT,20160901968,Davidson,Not in City Limit,10/8/2016 1:40:00 PM,2,0,0,36.262570,-86.690670,RANDY RD,,,,63.00,Feet,North,OLD HICKORY APTS PVTDR,,,,0.00,N,Not at Intersection, ,Non-Junction,None,,,         ,Cecilia,Gomez,Clear,Angle,no,no,no,no,yes,False
101399219,METROPOLITAN NASHVILLE POLICE DEPT,20160901953,Davidson,Nashville,10/8/2016 2:53:00 PM,2,0,0,36.196370,-86.776120,I 65,,,,0.00,,,,,,,86.60,N,Not at Intersection,N,Non-Junction,None,,,         ,Melvin,Taylor,Clear,Front to Rear,no,no,no,no,no,False
101399220,METROPOLITAN NASHVILLE POLICE DEPT,20160901957,Davidson,Goodlettsville,10/8/2016 2:55:00 PM,2,1,0,36.293840,-86.696450,MYATT DR,,,,0.00,,,SPRING BRANCH DR,,,,0.00,Y,T-Intersection,N,Intersection,None,,,         ,Joel,Callies,Clear,Front to Rear,no,no,no,no,no,False
101399221,METROPOLITAN NASHVILLE POLICE DEPT,20160901945,Davidson,Nashville,10/8/2016 3:12:00 PM,2,0,0,36.064790,-86.628480,HAMILTON CHURCH RD,,,,0.00,Feet,,MURFREESBORO PKE,,,,0.00,Y,Four-Way,N,Intersection-Related,None,,,         ,Victoria,Cunningham,Clear,Angle,no,no,no,no,no,False
101399223,METROPOLITAN NASHVILLE POLICE DEPT,20160901907,Davidson,Nashville,10/8/2016 2:50:00 PM,2,1,0,36.195930,-86.776120,I 65,,,,0.00,,,,,,,86.60,N,Not at Intersection,N,Non-Junction,None,,,         ,Roy,Sain Jr.,Clear,Front to Rear,no,no,no,no,no,False