master_record_number,agency,agency_tracking_number,county,city,collision_date,vehicles_involved,number_injured,number_dead,latitude,longitude,roadway_name,roadway_suffix,roadway_number,roadway_local_id,distance_from_reference,miles-feet_indicator,direction_from_reference,intersection_road_name,intersection_road_name_suffix,intersection_road_number,intersection_local_id,mile_marker,intersection_indicator,intersect_type,interchange_related_indicator,relation_to_junction,work_zone_type,construction_maintenance_zone,construction_maintenance_zone_location,fatal_case_number,officer_first_name,officer_last_name,weather_condition(s),manner_of_crash,pedestrian,bicycle,scooter,parking,hitrun,mou
101406383,METROPOLITAN NASHVILLE POLICE DEPT,20160929293,Davidson,Nashville,10/18/2016 7:00:00 AM,2,0,0,36.085390,-86.702170,I24 E EXT RAMP,,,,0.00,Feet,East,I 24,,,,0.00,N,Not at Intersection,Y,Entrance/Exit Ramp Related,None,,,         ,David,Smith,Clear,Front to Rear,no,no,no,no,no,False
101406384,METROPOLITAN NASHVILLE POLICE DEPT,20160929431,Davidson,Nashville,10/18/2016 8:00:00 AM,2,0,0,36.143830,-86.727550,POPLAR ST,,,,0.00,,,ELM HILL PKE,,,,0.00,Y,T-Intersection, ,Intersection-Related,None,,,         ,Tyler,Adcock,Clear,Angle,no,no,no,no,no,False
101406385,METROPOLITAN NASHVILLE POLICE DEPT,20160929587,Davidson,Nashville,10/18/2016 8:43:00 AM,2,1,0,36.044770,-86.659600,I24 E ENT RAMP,,,,0.00,,,I 24,,,,0.00,Y,Y-Intersection,Y,Entrance/Exit Ramp Related,None,,,         ,Kenneth,Alexandrow,,Front to Rear,no,no,no,no,no,False
101406386,METROPOLITAN NASHVILLE POLICE DEPT,20160929211,Davidson,Nashville,10/18/2016 6:30:00 AM,4,0,0,36.172010,-86.767500,JAMES ROBERTSON PKWY,,,,119.00,Feet,West,ELLINGTON PKWY N ENT RAMP,,,,0.00,N,Not at Intersection, ,Non-Junction,None,,,         ,Steven,Spillers,Clear,Front to Rear,no,no,no,no,no,False
101406388,METROPOLITAN NASHVILLE POLICE DEPT,20160929562,Davidson,Nashville,10/18/2016 7:18:00 AM,2,0,0,36.139660,-86.722830,SPENCE LN,,,,58.00,Feet,South,CORNELIA CT,,,,0.00,N,Not at Intersection, ,Non-Junction,None,,,         ,Wesley,Young,Clear,Angle,no,no,no,no,no,False
101406389,METROPOLITAN NASHVILLE POLICE DEPT,20160929375,Davidson,Nashville,10/18/2016 7:50:00 AM,2,3,0,36.156480,-86.806440,CHARLOTTE AV,,,,0.00,,,21ST AVN,,,,0.00,Y,T-Intersection,N,Non-Junction,None,,,         ,Isaac,Wood,Clear,Angle,no,no,no,no,no,False
101406396,METROPOLITAN NASHVILLE POLICE DEPT,20160929330,Davidson,Nashville,10/18/2016 7:40:00 AM,3,3,0,36.173190,-86.764410,MAIN ST,,,,155.00,Feet,West,YEAMAN PL,,,,0.00,N,Not at Intersection,N,Non-Junction,None,,,         ,Erik,Nash,Clear,Front to Rear,no,no,no,no,yes,False
101406397,METROPOLITAN NASHVILLE POLICE DEPT,20160929367,Davidson,Nashville,10/18/2016 7:52:00 AM,5,1,0,36.153300,-86.842260,46TH AVN,,,,0.00,Feet,,I40 E ENT RAMP,,,,0.00,Y,Y-Intersection,N,Non-Junction,None,,,         ,Michael,Phelps,Clear,Front to Rear,no,no,no,no,no,False
101406398,METROPOLITAN NASHVILLE POLICE DEPT,20160929543,Davidson,Nashville,10/18/2016 7:53:00 AM,2,0,0,36.204190,-86.870160,BRILEY PKWYS,,,,661.00,Feet,South,BRILEY PKWYN,,,,0.00,N,Not at Intersection, ,Non-Junction,None,,,         ,Ernie,Wilson,Clear,Front to Rear,no,no,no,no,no,False
101406403,METROPOLITAN NASHVILLE POLICE DEPT,20160929482,Davidson,Nashville,10/18/2016 8:30:00 AM,2,0,0,36.203080,-86.597190,SCOTTS CREEK TRL,,,,0.00,,,BELGIUM DR,,,,0.00,Y,T-Intersection,N,Intersection-Related,None,,,         ,Johnathan,Carlisle,Clear,"Sideswipe, Same Direction",no,no,no,no,no,False
101406405,METROPOLITAN NASHVILLE POLICE DEPT,2016-0929523,Davidson,Nashville,10/18/2016 8:41:00 AM,3,0,0,36.048510,-86.664210,I 24,,,,0.00,,,,,,,59.05,N,Not at Intersection, ,Non-Junction,None,,,         ,Stanley,Collins,Clear,Front to Rear,no,no,no,no,no,False
101406409,METROPOLITAN NASHVILLE POLICE DEPT,20160929606,Davidson,Not in City Limit,10/18/2016 8:03:00 AM,2,0,0,36.259640,-86.738450,I 65,,,,0.00,,,,,,,91.90,N,Not at Intersection,N,Non-Junction,None,,,         ,Jack,Crouch,Clear,Front to Rear,no,no,no,no,no,False
101406411,METROPOLITAN NASHVILLE POLICE DEPT,20160929314,Davidson,Nashville,10/18/2016 7:07:00 AM,2,0,0,36.180040,-86.762790,ELLINGTON PKWYS,,,,1086.00,Feet,South,ELLINGTON PKWY S ENT RAMP,,,,0.00,N,Not at Intersection, ,Non-Junction,None,,,         ,Doyle,Price,Clear,Front to Rear,no,no,no,no,no,False
101406418,METROPOLITAN NASHVILLE POLICE DEPT,20160929284,Davidson,Nashville,10/18/2016 7:19:00 AM,2,0,0,36.158760,-86.721480,SPENCE LN,,,,348.00,Feet,South,RIVER HILLS DR,,,,0.00,N,Not at Intersection,N,Non-Junction,None,,,         ,Michael,Dance,Clear,HeadOn,no,no,no,no,no,False
101406419,METROPOLITAN NASHVILLE POLICE DEPT,20160929391,Davidson,Nashville,10/18/2016 7:30:00 AM,2,0,0,36.200540,-86.776720,I 65,,,,0.00,,,,,,,86.90,N,Not at Intersection, ,,None,,,         ,Garren,Hoskins,,,no,no,no,no,no,False
101406420,METROPOLITAN NASHVILLE POLICE DEPT,20160929697,Davidson,Nashville,10/18/2016 9:55:00 AM,2,0,0,36.079640,-86.726180,HARDING PL,,,,41.00,Feet,East,NOLENSVILLE PKE,,,,0.00,N,Not at Intersection, ,Non-Junction,None,,,         ,David,Smith,Clear,Front to Rear,no,no,no,no,no,False
101406426,METROPOLITAN NASHVILLE POLICE DEPT,20160929746,Davidson,Nashville,10/18/2016 10:15:00 AM,2,0,0,36.083650,-86.647220,MURFREESBORO PKE,,,,0.00,,,BROOKSBORO PL,,,,0.00,Y,Four-Way, ,Intersection,None,,,         ,Benjamin,Leeper,Clear,Front to Rear,no,no,no,no,no,False
101406428,METROPOLITAN NASHVILLE POLICE DEPT,20160929626,Davidson,Nashville,10/18/2016 9:00:00 AM,2,0,0,36.084800,-86.699180,I 24,,,,0.00,,,,,,,55.80,N,Not at Intersection,N,Non-Junction,None,,,         ,James,Thomas,Clear,Front to Rear,no,no,no,no,yes,False
101406429,VANDERBILT UNIVERSITY POLICE,16- 0929644,Davidson,Nashville,10/18/2016 9:15:00 AM,2,0,0,36.144050,-86.802920,STEVENSON CENTER LN,,,,0.00,,,,,,,0.00,,Not at Intersection, ,"Driveway, Alley Access, etc",None,,,         ,Charles,Payton,Clear,Rear to Side,no,no,no,yes,no,Campus
101406432,METROPOLITAN NASHVILLE POLICE DEPT,20160929743,Davidson,Nashville,10/18/2016 8:55:00 AM,2,0,0,36.198940,-86.663410,NEELYS BEND RD,,,,1468.00,Feet,North,BOAT RAMP PVTDR,,,,0.00,N,Not at Intersection,N,Non-Junction,None,,,         ,Brian,Otto,Clear,Angle,no,no,no,no,no,False
101406435,METROPOLITAN NASHVILLE POLICE DEPT,20160929451,Davidson,Nashville,10/18/2016 8:15:00 AM,2,1,0,36.173590,-86.760250,WOODLAND ST,,,,24.00,Feet,East,S 7TH ST,,,,0.00,N,Not at Intersection,N,Non-Junction,None,,,         ,Steven,Spillers,Clear,Angle,no,no,no,no,no,False
101406436,METROPOLITAN NASHVILLE POLICE DEPT,20160929283,Davidson,Nashville,10/18/2016 7:09:00 AM,2,0,0,36.142590,-86.815500,WEST END AV,,,,0.00,,,31ST AVN,,,,0.00,Y,Four-Way,N,Intersection,None,,,         ,Nathan,Kemp,Clear,Angle,no,no,no,no,no,Campus
101406437,METROPOLITAN NASHVILLE POLICE DEPT,20160929449,Davidson,Nashville,10/18/2016 8:13:00 AM,2,0,0,36.129270,-86.802600,21ST AVS,,,,0.00,,,ASHWOOD AV,,,,0.00,Y,T-Intersection,N,Non-Junction,None,,,         ,Nathan,Kemp,Clear,"Sideswipe, Same Direction",no,no,no,no,no,False
101406438,METROPOLITAN NASHVILLE POLICE DEPT,20160929607,Davidson,Nashville,10/18/2016 9:23:00 AM,2,1,0,36.039510,-86.781750,OLD HICKORY BLVD,,,,0.00,,,I65 N EXT RAMP,,,,0.00,Y,Y-Intersection,N,Entrance/Exit Ramp Related,None,,,         ,Nathan,Kemp,Clear,Front to Rear,no,no,no,no,no,False
101406439,METROPOLITAN NASHVILLE POLICE DEPT,20160929716,Davidson,Nashville,10/18/2016 10:01:00 AM,2,0,0,36.141750,-86.816450,WEST END AV,,,,75.00,Feet,South,32ND AVS,,,,0.00,N,Not at Intersection, ,Non-Junction,None,,,         ,Nathan,Kemp,Clear,Front to Rear,no,no,no,no,no,False
101406444,METROPOLITAN NASHVILLE POLICE DEPT,20160926667,Davidson,Nashville,10/17/2016 11:37:00 AM,2,0,1,36.067010,-86.725020,NORTHCREST DR,,,,189.00,Feet,West,COTTON LN,,,,0.00,N,Not at Intersection,N,"Driveway, Alley Access, etc",None,,,16-0760  ,William,Waters,Clear,Not Collision with Motor Vehicle in Transport,no,no,no,no,no,False
101406445,GOODLETTSVILLE POLICE DEPT,16-35914,Davidson,Goodlettsville,10/18/2016 11:04:00 AM,2,0,0,36.309510,-86.695680,VIETNAM VETERANS BLVD SB EXT R,,,,12.00,Feet,North,CONFERENCE DR,,,,0.00,N,Not at Intersection, ,Entrance/Exit Ramp Related,None,,,         ,Jeremy,Baker,Clear,Front to Rear,no,no,no,no,no,False
101406452,METROPOLITAN NASHVILLE POLICE DEPT,20160929814,Davidson,Nashville,10/18/2016 10:35:00 AM,2,2,0,36.101270,-86.765070,I65 S ENT RAMP,,,,0.00,Feet,East,I 65,,,,0.00,N,Not at Intersection,N,Non-Junction,None,,,         ,Justin,Pinkelton,Clear,"Sideswipe, Same Direction",no,no,no,no,no,False
101406464,METROPOLITAN NASHVILLE POLICE DEPT,20160929435,Davidson,Nashville,10/18/2016 8:13:00 AM,3,2,0,36.106710,-86.719070,I 24,,,,0.00,,,,,,,54.00,N,Not at Intersection,N,Non-Junction,None,,,         ,Paul,Ellis,Clear,Front to Rear,no,no,no,no,no,False
101406497,METROPOLITAN NASHVILLE POLICE DEPT,2016-0929306,Davidson,Antioch,10/18/2016 7:30:00 AM,2,1,0,0.000000,0.000000,FIRESTONE PARKWAY,PKWY,,,0.00,,,GOULD BOULEVARD,BLVD,,,0.00,Y,T-Intersection,N,Intersection,None,,,         ,William,Whitworth,,Angle,no,no,no,no,no,False
101406498,METROPOLITAN NASHVILLE POLICE DEPT,20160929954,Davidson,Nashville,10/18/2016 11:14:00 AM,2,0,0,36.164150,-86.783970,7TH AVN,,,,259.00,Feet,South,CHARLOTTE AV,,,,0.00,N,Not at Intersection, ,,None,,,         ,Christian,Martin,,,no,no,no,no,no,False
101406499,METROPOLITAN NASHVILLE POLICE DEPT,2016-0929685,Davidson,Nashville,10/18/2016 9:00:00 AM,2,0,0,36.071430,-86.690930,I 24,,,,0.00,,,,,,,56.85,N,Not at Intersection, ,Non-Junction,None,,,         ,William,Whitworth,Clear,Front to Rear,no,no,no,no,no,False
101406521,METROPOLITAN NASHVILLE POLICE DEPT,20160930078,Davidson,Nashville,10/18/2016 10:00:00 AM,2,0,0,36.166200,-86.824160,31ST AVN,,,,500.00,Feet,South,JOHN A MERRITT BLVD,,,,0.00,N,Not at Intersection, ,,None,,,         ,Garren,Hoskins,,,no,no,no,no,no,False
101406523,METROPOLITAN NASHVILLE POLICE DEPT,20160929454,Davidson,Nashville,10/18/2016 8:17:00 AM,2,2,0,36.186680,-86.764480,CLEVELAND ST,,,,0.00,,,LISCHEY AV,,,,0.00,Y,Four-Way,N,Intersection,None,,,         ,Doyle,Price,Clear,Angle,no,no,no,no,no,False
101406547,METROPOLITAN NASHVILLE POLICE DEPT,20160929924,Davidson,Nashville,10/18/2016 11:10:00 AM,2,0,0,36.146240,-86.743860,FESSLERS LN,,,,181.00,Feet,South,RUNDLE AV,,,,0.00,N,Not at Intersection, ,,None,,,         ,Jason,Smith,,,no,no,no,no,no,False
101406549,METROPOLITAN NASHVILLE POLICE DEPT,2016-0929515,Davidson,Nashville,10/18/2016 8:45:00 AM,1,0,0,36.148400,-86.780530,I 40,,,,0.00,,,,,,,209.80,N,Not at Intersection,N,Non-Junction,None,,,         ,Sean,Williams,Clear,Unknown,no,no,no,no,no,False
101406551,METROPOLITAN NASHVILLE POLICE DEPT,20160930040,Davidson,Nashville,10/18/2016 12:00:00 AM,2,0,0,36.149610,-86.758260,LEWIS ST,,,,311.00,Feet,North,ROBERTSON ST,,,,0.00,N,Not at Intersection,N,Non-Junction,None,,,         ,Larry,Benz,Clear,Unknown,no,no,no,yes,yes,False
101406553,METROPOLITAN NASHVILLE POLICE DEPT,20160929452,Davidson,Nashville,10/18/2016 8:00:00 AM,2,0,0,36.133100,-86.720960,MURFREESBORO PKE,,,,0.00,,,PAVILION BLVD,,,,0.00,Y,OTHER, ,,None,,,         ,Ernesto,Holiday,,,no,no,no,no,no,False
101406554,METROPOLITAN NASHVILLE POLICE DEPT,20160930304,Davidson,Nashville,10/18/2016 11:55:00 AM,2,0,0,36.175230,-86.805430,16TH AVN,,,,0.00,,,COCKRILL ST,,,,0.00,Y,Four-Way, ,Intersection,None,,,         ,Julie,Nabors,Clear,Angle,no,no,no,no,no,False
101406561,METROPOLITAN NASHVILLE POLICE DEPT,20160930276,Davidson,Nashville,10/18/2016 7:50:00 AM,2,0,0,36.183650,-86.610660,OLD HICKORY BLVD,,,,0.00,,,ANDREW JACKSON PKWY,,,,0.00,Y,Four-Way, ,Intersection,None,,,         ,Benny,Pittman,Clear,Front to Rear,no,no,no,no,no,False
101406569,METROPOLITAN NASHVILLE POLICE DEPT,20160929894,Davidson,Nashville,10/18/2016 11:04:00 AM,2,1,0,36.201990,-86.621350,OLD HICKORY BLVD,,,,0.00,,,WRIGHT AV,,,,0.00,Y,T-Intersection,N,Intersection,None,,,         ,James,Curtis,Clear,Angle,no,no,no,no,no,False
101406573,METROPOLITAN NASHVILLE POLICE DEPT,2016-0930218,Davidson,Not in City Limit,10/18/2016 12:39:00 PM,2,0,0,36.356180,-86.861140,GREENBRIER RD,,,,295.00,Feet,West,WILKINSON RD,,,,0.00,N,Not at Intersection,N,Non-Junction,Work Zone,Intermittent Moving Work,Before First Warning Area,         ,William,Caillouette,Clear,"Sideswipe, Opposite Direction",no,no,no,no,yes,False
101406578,METROPOLITAN NASHVILLE POLICE DEPT,20160929670,Davidson,Nashville,10/18/2016 11:06:00 AM,2,0,0,36.104430,-86.721000,GLENCLIFF RD,,,,115.00,Feet,North,TWIN OAKS DR,,,,0.00,N,Not at Intersection,N,Non-Junction,None,,,         ,Jessie,Meadows,Clear,Rear to Side,no,no,no,no,no,False
101406579,METROPOLITAN NASHVILLE POLICE DEPT,20160930427,Davidson,Nashville,10/18/2016 1:35:00 PM,2,0,0,36.151260,-86.666560,DONELSON PKE,,,,104.00,Feet,South,NODYNE DR,,,,0.00,N,Not at Intersection, ,,None,,,         ,Benny,Pittman,,,no,no,no,yes,no,False
101406581,METROPOLITAN NASHVILLE POLICE DEPT,2016-0929631,Davidson,Nashville,10/18/2016 9:14:00 AM,1,0,0,36.146090,-86.799670,21ST AVS,,,,0.00,,,,,,,0.00,,, ,,None,,,         ,Allen,Bates,,,no,no,no,yes,no,Campus
101406604,METROPOLITAN NASHVILLE POLICE DEPT,20160930424,Davidson,Nashville,10/18/2016 1:30:00 PM,1,1,0,36.187360,-86.740060,N 16TH ST,,,,238.00,Feet,South,SHARPE AV,,,,0.00,N,Not at Intersection,N,Non-Junction,None,,,         ,Erik,Nash,Clear,Not Collision with Motor Vehicle in Transport,no,no,no,yes,no,False
101406605,VANDERBILT UNIVERSITY POLICE,16-0929724,Davidson,Nashville,10/18/2016 9:35:00 AM,2,0,0,36.140900,-86.807690,25TH AVS,,,,0.00,,,,,,,0.00,,, ,Non-Junction,None,,,         ,Linda,Jennings,Clear,Angle,no,no,no,yes,no,Campus
101406610,METROPOLITAN NASHVILLE POLICE DEPT,20160930478,Davidson,Nashville,10/18/2016 11:57:00 AM,2,0,0,36.157420,-86.792630,CHURCH ST,,,,0.00,,,15TH AVN,,,,0.00,Y,Four-Way, ,Intersection,None,,,         ,Ronald,Raynore,Clear,Front to Rear,no,no,no,no,no,False
101406612,METROPOLITAN NASHVILLE POLICE DEPT,20160930341,Davidson,Nashville,10/18/2016 1:12:00 PM,2,0,0,36.111110,-86.748100,THOMPSON LN,,,,219.00,Feet,West,LOUISE DR,,,,0.00,N,Not at Intersection,N,Non-Junction,None,,,         ,Justin,Pinkelton,Clear,Front to Rear,no,no,no,no,no,False
101406630,METROPOLITAN NASHVILLE POLICE DEPT,20160930450,Davidson,Nashville,10/18/2016 1:30:00 PM,2,0,0,36.204460,-86.749760,ELLINGTON PKWY N EXT RAMP,,,,0.00,Feet,East,ELLINGTON PKWY N ENT RAMP,,,,0.00,N,Not at Intersection, ,,None,,,         ,Steven,Spillers,,,no,no,no,no,no,False
101406631,METROPOLITAN NASHVILLE POLICE DEPT,20160930159,Davidson,Nashville,10/18/2016 12:25:00 PM,2,0,0,36.154960,-86.791290,BROADWAY,,,,214.00,Feet,West,15TH AVN,,,,0.00,N,Not at Intersection,N,Non-Junction,None,,,         ,Nathan,Kemp,Clear,Angle,no,no,no,no,no,False
101406642,METROPOLITAN NASHVILLE POLICE DEPT,20160929802,Davidson,Nashville,10/18/2016 8:35:00 AM,2,0,0,36.204490,-86.776710,I 65,,,,0.00,,,,,,,87.20,N,Not at Intersection, ,Non-Junction,None,,,         ,Carlos,angulo,Clear,"Sideswipe, Same Direction",no,no,no,no,no,False
101406647,METROPOLITAN NASHVILLE POLICE DEPT,20160930583,Davidson,Nashville,10/18/2016 2:42:00 PM,2,0,0,36.080970,-86.756640,HARDING PL,,,,373.00,Feet,West,TIMBERHILL DR,,,,0.00,N,Not at Intersection, ,Non-Junction,None,,,         ,Miguel,Garcia,Clear,Front to Rear,no,no,no,no,no,False
101406649,METROPOLITAN NASHVILLE POLICE DEPT,20160930362,Davidson,Nashville,10/18/2016 12:40:00 PM,2,0,0,36.168000,-86.821400,29TH AVN,,,,0.00,,,JOHN A MERRITT BLVD,,,,0.00,Y,Y-Intersection,N,Non-Junction,None,,,         ,Darryl,Morton,Clear,Angle,no,no,no,no,no,False
101406660,METROPOLITAN NASHVILLE POLICE DEPT,20160930133,Davidson,Nashville,10/18/2016 12:16:00 PM,4,4,0,36.147300,-86.757920,LAFAYETTE ST,,,,0.00,,,FAIRFIELD AV,,,,0.00,Y,Four-Way,N,Intersection,None,,,         ,Wesley,Young,Clear,Angle,no,no,no,no,no,False
101406663,METROPOLITAN NASHVILLE POLICE DEPT,20160928125,Davidson,Nashville,10/17/2016 10:00:00 PM,2,0,0,36.187320,-86.776090,I 24,,,,0.00,,,,,,,47.10,N,Not at Intersection, ,Non-Junction,None,,,         ,Michael,Baron,Clear,Angle,no,no,no,no,no,False
101406665,METROPOLITAN NASHVILLE POLICE DEPT,20160930523,Davidson,Nashville,10/18/2016 2:10:00 PM,2,0,0,36.133030,-86.829570,WEST END AV,,,,50.00,Feet,West,LEONARD AV,,,,0.00,N,Not at Intersection,N,Non-Junction,None,,,         ,Walter,Gray II,Clear,Angle,no,no,no,no,no,False
101406666,METROPOLITAN NASHVILLE POLICE DEPT,20160930407,Davidson,Nashville,10/18/2016 1:30:00 PM,4,0,0,36.211600,-86.732600,GALLATIN PKE,,,,0.00,,,HART LN,,,,0.00,Y,T-Intersection,Y,Intersection,None,,,         ,Jeremy,Stricklin,Clear,Front to Rear,no,no,no,no,yes,False
101406680,METROPOLITAN NASHVILLE POLICE DEPT,20160930592,Davidson,Nashville,10/18/2016 2:40:00 PM,3,0,0,36.122700,-86.696550,BRILEY PKWY,,,,185.00,Feet,South,VENUS DR,,,,0.00,N,Not at Intersection, ,Non-Junction,None,,,         ,Marcus,Mitchell,Clear,Front to Rear,no,no,no,no,no,False
101406698,METROPOLITAN NASHVILLE POLICE DEPT,20160930598,Davidson,Nashville,10/18/2016 2:42:00 PM,2,0,0,36.184930,-86.754720,W EASTLAND AV,,,,92.00,Feet,West,MCFERRIN AV,,,,0.00,N,Not at Intersection, ,Non-Junction,None,,,         ,Christopher,Valdez,Clear,Angle,no,no,no,no,no,False
101406700,METROPOLITAN NASHVILLE POLICE DEPT,20160930309,Davidson,Goodlettsville,10/18/2016 1:05:00 PM,3,0,0,36.296910,-86.699160,GALLATIN PKEN,,,,0.00,,,RIVERGATE PKWY,,,,0.00,Y,Four-Way,N,Intersection,None,,,         ,Michael,Agee,Clear,Front to Rear,no,no,no,no,no,False
101406714,METROPOLITAN NASHVILLE POLICE DEPT,20160930723,Davidson,Nashville,10/18/2016 3:26:00 PM,3,0,0,36.114190,-86.810840,HILLSBORO PKE,,,,86.00,Feet,North,WOODMONT BLVD,,,,0.00,N,Not at Intersection,N,Non-Junction,None,,,         ,Tien,Nguyen,Clear,Front to Rear,no,no,no,no,yes,False
101406730,METROPOLITAN NASHVILLE POLICE DEPT,20160930797,Davidson,Nashville,10/18/2016 3:40:00 PM,2,0,0,36.109870,-86.721390,BRILEY PKWYS,,,,0.00,,,,,,,0.00,,,N,Non-Junction,None,,,         ,Benjamin,Froehlich,Clear,Front to Rear,no,no,no,no,no,False
101406734,METROPOLITAN NASHVILLE POLICE DEPT,20160930683,Davidson,Nashville,10/18/2016 2:50:00 PM,2,1,0,36.156430,-86.631340,I40 W ENT RAMP,,,,0.00,,,I 40,,,,0.00,Y,Y-Intersection,Y,Intersection,None,,,         ,John,Kelley,Clear,Angle,no,no,no,no,no,False
101406740,BERRY HILL POLICE DEPT,16-3680,Davidson,Berry Hill,10/18/2016 3:26:00 PM,2,0,0,0.000000,0.000000,FRANKLIN,PIKE,US2602,,100.00,Feet,North,FRANKLIN,PIKE,US2602,,0.00,N,Not at Intersection, ,,None,,,         ,Roy,Morris,,,no,no,no,yes,no,False
101406754,METROPOLITAN NASHVILLE POLICE DEPT,20160930772,Davidson,Nashville,10/18/2016 3:08:00 PM,2,0,0,36.070780,-86.871610,CHICKERING RD,,,,3.00,Feet,South,PAGE RD,,,,0.00,N,Not at Intersection, ,Non-Junction,None,,,         ,Walter,Gray II,Clear,Angle,no,no,no,no,no,False
101406761,METROPOLITAN NASHVILLE POLICE DEPT,20160930903,Davidson,Nashville,10/18/2016 4:09:00 PM,2,0,0,36.144780,-86.816180,POSTON AV,,,,111.00,Feet,East,31ST AVN,,,,0.00,N,Not at Intersection, ,Non-Junction,None,,,         ,Tien,Nguyen,Clear,Angle,no,no,no,no,no,Campus
101406765,METROPOLITAN NASHVILLE POLICE DEPT,20160930859,Davidson,Nashville,10/18/2016 4:05:00 PM,2,0,0,36.182420,-86.797450,I65 N EXT RAMP,,,,30.00,Feet,East,ROSA L PARKS BLVD,,,,0.00,N,Not at Intersection, ,,None,,,         ,Jessica,Johnson,,,no,no,no,no,no,False
101406768,METROPOLITAN NASHVILLE POLICE DEPT,20160930647,Davidson,Madison,10/18/2016 2:26:00 PM,2,0,0,36.308610,-86.681540,RIVERCHASE BLVD,,,,0.00,,,GALLATIN PKEN,,,,0.00,Y,T-Intersection,N,Intersection,None,,,         ,Joel,Callies,Clear,Front to Rear,no,no,no,no,no,False
101406769,METROPOLITAN NASHVILLE POLICE DEPT,20160930978,Davidson,Not in City Limit,10/18/2016 4:24:00 PM,2,1,0,36.113090,-86.928520,CHARLOTTE PKE,,,,59.00,Feet,East,WEST HILLS CONDOS PVTDR,,,,0.00,N,Not at Intersection,N,Non-Junction,None,,,         ,Brandon,Pedigo,Clear,Front to Rear,no,no,no,no,no,False
101406774,METROPOLITAN NASHVILLE POLICE DEPT,20160930965,Davidson,Nashville,10/18/2016 4:35:00 PM,2,0,0,36.125560,-86.807680,WOODLAWN DR,,,,59.00,Feet,East,VILLAGER CONDOS PVTDR,,,,0.00,N,Not at Intersection, ,Non-Junction,None,,,         ,Nicholas,Smith,Clear,Front to Rear,no,no,no,no,no,False
101406776,METROPOLITAN NASHVILLE POLICE DEPT,20160930810,Davidson,Nashville,10/18/2016 3:50:00 PM,2,1,0,36.081140,-86.758570,HARDING PL,,,,50.00,Feet,West,TROUSDALE DR,,,,0.00,N,Not at Intersection,N,Non-Junction,None,,,         ,Miguel,Garcia,Clear,Angle,no,no,no,no,no,False
101406777,METROPOLITAN NASHVILLE POLICE DEPT,20160930440,Davidson,Not in City Limit,10/18/2016 9:14:00 AM,2,1,0,36.264380,-86.732630,OLD HICKORY BLVDW,,,,100.00,Feet,West,N GRAYCROFT AV,,,,0.00,N,Not at Intersection,N,Non-Junction,None,,,         ,Peter,Knisley,Clear,Front to Rear,no,no,no,no,yes,False
101406781,METROPOLITAN NASHVILLE POLICE DEPT,20160930613,Davidson,Nashville,10/18/2016 2:50:00 PM,2,0,0,36.187820,-86.794250,I 65,,,,0.00,,,,,,,85.45,N,Not at Intersection, ,Non-Junction,None,,,         ,Ashton,Hill,Clear,Front to Rear,no,no,no,no,no,False
101406785,METROPOLITAN NASHVILLE POLICE DEPT,20160931022,Davidson,Nashville,10/18/2016 4:55:00 PM,2,0,0,36.168350,-86.813720,I40 E EXT RAMP,,,,0.00,Feet,East,I 40,,,,0.00,N,Not at Intersection, ,Entrance/Exit Ramp Related,None,,,         ,Landon,Bagwell,Clear,Front to Rear,no,no,no,no,no,False
101406787,METROPOLITAN NASHVILLE POLICE DEPT,20160930003,Davidson,Nashville,10/18/2016 11:00:00 AM,2,0,0,36.135310,-86.732710,BLANTON AV,,,,721.00,Feet,South,TPS COMPLEX PVTDR,,,,0.00,N,Not at Intersection,N,Non-Junction,None,,,         ,Jessie,Meadows,Clear,Rear to Side,no,no,no,yes,yes,False
101406788,METROPOLITAN NASHVILLE POLICE DEPT,20160930992,Davidson,Nashville,10/18/2016 4:40:00 PM,2,1,0,36.147680,-86.744620,I 40,,,,0.00,,,,,,,212.00,N,Not at Intersection,N,Non-Junction,None,,,         ,John,Kelley,Clear,Front to Rear,no,no,no,no,no,False
101406793,METROPOLITAN NASHVILLE POLICE DEPT,20160930648,Davidson,Not in City Limit,10/18/2016 3:03:00 PM,1,1,0,36.263340,-86.682190,STATE RT 45,,,,388.00,Feet,West,RIO VISTA DR,,,,0.00,N,Not at Intersection,N,Non-Junction,None,,,         ,Samuel,Miller,Clear,Not Collision with Motor Vehicle in Transport,no,no,no,no,no,False
101406798,METROPOLITAN NASHVILLE POLICE DEPT,20160930961,Davidson,Nashville,10/18/2016 4:44:00 PM,2,2,0,36.187710,-86.775340,I 24,,,,0.00,,,,,,,47.10,N,Not at Intersection,Y,Non-Junction,None,,,         ,Hunter,Fikes,Clear,Front to Rear,no,no,no,no,no,False
101406802,METROPOLITAN NASHVILLE POLICE DEPT,20160930674,Davidson,Nashville,10/18/2016 3:10:00 PM,1,0,0,36.157420,-86.792630,CHURCH ST,,,,0.00,,,15TH AVN,,,,0.00,Y,Four-Way, ,,None,,,         ,Charles,Griffin,,,no,no,no,no,no,False
101406805,METROPOLITAN NASHVILLE POLICE DEPT,20160930729,Davidson,Nashville,10/18/2016 3:28:00 PM,2,0,0,36.168370,-86.796370,I 40,,,,0.00,,,,,,,208.15,N,Not at Intersection,N,Non-Junction,None,,,         ,Brian,Woodard,Clear,Front to Rear,no,no,no,no,no,False
101406809,METROPOLITAN NASHVILLE POLICE DEPT,20160930933,Davidson,Nashville,10/18/2016 4:30:00 PM,2,1,0,36.194850,-86.726030,BRANCH ST,,,,0.00,,,CAHAL AV,,,,0.00,Y,Four-Way,N,Intersection,None,,,         ,Jefferson,Hughes,Clear,Angle,no,no,no,no,no,False