master_record_number,agency,agency_tracking_number,county,city,collision_date,vehicles_involved,number_injured,number_dead,latitude,longitude,roadway_name,roadway_suffix,roadway_number,roadway_local_id,distance_from_reference,miles-feet_indicator,direction_from_reference,intersection_road_name,intersection_road_name_suffix,intersection_road_number,intersection_local_id,mile_marker,intersection_indicator,intersect_type,interchange_related_indicator,relation_to_junction,work_zone_type,construction_maintenance_zone,construction_maintenance_zone_location,fatal_case_number,officer_first_name,officer_last_name,weather_condition(s),manner_of_crash,pedestrian,bicycle,scooter,parking,hitrun,mou
101406817,METROPOLITAN NASHVILLE POLICE DEPT,20160930554,Davidson,Not in City Limit,10/18/2016 2:16:00 PM,2,3,0,36.269260,-86.755740,DICKERSON PKE,,,,0.00,,,OLD HICKORY BLVDW,,,,0.00,Y,Four-Way,Y,Intersection,None,,,         ,Samuel,Miller,Clear,Angle,no,no,no,no,no,False
101406819,METROPOLITAN NASHVILLE POLICE DEPT,20160931097,Davidson,Nashville,10/18/2016 5:25:00 PM,3,0,0,36.150610,-86.767730,LAFAYETTE ST,,,,43.00,Feet,East,MCCANN ST,,,,0.00,N,Not at Intersection, ,Non-Junction,None,,,         ,Jarret,Sonnenberg,Clear,Front to Rear,no,no,no,no,no,False
101406821,METROPOLITAN NASHVILLE POLICE DEPT,20160930581,Davidson,Antioch,10/18/2016 6:11:00 PM,1,0,0,36.049190,-86.598960,PIN HOOK RD,,,,311.00,Feet,East,HOBSON PKE,,,,0.00,N,Not at Intersection, ,Non-Junction,None,,,         ,Jessie,Meadows,Clear,Not Collision with Motor Vehicle in Transport,no,no,no,no,no,False
101406822,METROPOLITAN NASHVILLE POLICE DEPT,20160930983,Davidson,Nashville,10/18/2016 3:38:00 PM,2,0,0,36.142130,-86.699550,BRILEY PKWYS,,,,269.00,Feet,South,BRILEY PKWYN,,,,0.00,N,Not at Intersection, ,Non-Junction,None,,,         ,Patrick,Taylor,Clear,Front to Rear,no,no,no,no,no,False
101406824,METROPOLITAN NASHVILLE POLICE DEPT,2016-0930886,Davidson,Nashville,10/18/2016 4:15:00 PM,3,0,0,36.154110,-86.834350,I 40,,,,0.00,,,,,,,205.25,N,Not at Intersection,N,Non-Junction,None,,,         ,Michael,Rogers,Clear,Front to Rear,no,no,no,no,no,False
101406831,METROPOLITAN NASHVILLE POLICE DEPT,20160930857,Davidson,Nashville,10/18/2016 4:08:00 PM,1,0,0,36.121730,-86.757960,I 440,,,,0.00,,,,,,,5.90,N,Not at Intersection,N,Non-Junction,None,,,         ,Charles,Griffin,Clear,Not Collision with Motor Vehicle in Transport,no,no,no,no,no,False
101406832,METROPOLITAN NASHVILLE POLICE DEPT,20160931211,Davidson,Nashville,10/18/2016 5:56:00 PM,2,1,0,36.110300,-86.770520,I 65,,,,0.00,,,,,,,79.75,N,Not at Intersection,N,Non-Junction,None,,,         ,Nicholas,Berens,Clear,Front to Rear,no,no,no,no,no,False
101406836,METROPOLITAN NASHVILLE POLICE DEPT,20160931016,Davidson,Nashville,10/18/2016 5:01:00 PM,2,0,0,36.148880,-86.782420,I 40,,,,0.00,,,,,,,209.70,N,Not at Intersection, ,,None,,,         ,Charles,Griffin,,,no,no,no,no,no,False
101406840,METROPOLITAN NASHVILLE POLICE DEPT,20160931312,Davidson,Nashville,10/18/2016 6:28:00 PM,2,0,0,36.068680,-86.770220,I 65,,,,0.00,,,,,,,76.85,N,Not at Intersection, ,Non-Junction,None,,,         ,Charles,Griffin,Clear,Front to Rear,no,no,no,no,no,False
101406842,METROPOLITAN NASHVILLE POLICE DEPT,20160931025,Davidson,Nashville,10/18/2016 5:02:00 PM,3,1,0,36.176810,-86.776700,SPRING ST,,,,153.00,Feet,West,COWAN ST,,,,0.00,N,Not at Intersection,N,Non-Junction,None,,,         ,Michael,Baron,Clear,Front to Rear,no,no,no,no,no,False
101406859,METROPOLITAN NASHVILLE POLICE DEPT,20160931322,Davidson,Nashville,10/18/2016 5:35:00 PM,2,0,0,36.045980,-86.713330,NOLENSVILLE PKE,,,,225.00,Feet,North,OLD HICKORY BLVD,,,,0.00,N,Not at Intersection,N,Non-Junction,None,,,         ,Tien,Nguyen,Clear,Angle,no,no,no,no,yes,False
101406863,METROPOLITAN NASHVILLE POLICE DEPT,20160931139,Davidson,Nashville,10/18/2016 12:00:00 AM,1,1,0,36.156140,-86.808000,CHARLOTTE AV,,,,220.00,Feet,East,23RD AVN,,,,0.00,N,Not at Intersection,N,Non-Junction,None,,,         ,Andy,Esqueda,Clear,Not Collision with Motor Vehicle in Transport,no,yes,no,no,yes,False
101406865,METROPOLITAN NASHVILLE POLICE DEPT,20160930928,Davidson,Nashville,10/18/2016 4:15:00 PM,1,0,0,36.152050,-86.779270,8TH AVS,,,,94.00,Feet,North,GLEAVES ST,,,,0.00,N,Not at Intersection, ,Non-Junction,None,,,         ,Conner,Harris,Clear,Not Collision with Motor Vehicle in Transport,no,no,no,no,no,False
101406867,METROPOLITAN NASHVILLE POLICE DEPT,20160931382,Davidson,Nashville,10/18/2016 6:59:00 PM,2,0,0,36.166860,-86.764930,I 24,,,,0.00,,,,,,,48.95,N,Not at Intersection,N,Non-Junction,None,,,         ,Rachael,Sacco,Cloudy,Front to Rear,no,no,no,no,no,False
101406868,METROPOLITAN NASHVILLE POLICE DEPT,20160931151,Davidson,Nashville,10/18/2016 5:41:00 PM,3,1,0,36.118750,-86.801500,I 440,,,,0.00,,,,,,,3.10,N,Not at Intersection,N,Non-Junction,None,,,         ,Charles,Griffin,Clear,Front to Rear,no,no,no,no,no,False
101406869,METROPOLITAN NASHVILLE POLICE DEPT,20160931407,Davidson,Nashville,10/18/2016 7:10:00 PM,2,0,0,36.150590,-86.770610,I 40,,,,0.00,,,,,,,210.40,N,Not at Intersection, ,,None,,,         ,Bryan,Byrnes,,,no,no,no,no,no,False
101406870,METROPOLITAN NASHVILLE POLICE DEPT,20160931161,Davidson,Nashville,10/18/2016 6:20:00 PM,3,1,0,36.141440,-86.715900,I 40,,,,0.00,,,,,,,213.90,N,Not at Intersection,N,Non-Junction,None,,,         ,Brian,Smith,Clear,Front to Rear,no,no,no,no,no,False
101406881,METROPOLITAN NASHVILLE POLICE DEPT,20160931378,Davidson,Nashville,10/18/2016 6:55:00 PM,2,0,0,36.159470,-86.769960,KOREAN VETERANS BLVD,,,,713.00,Feet,East,HERMITAGE AV,,,,0.00,N,Not at Intersection,N,Non-Junction,None,,,         ,Michael,Baron,Clear,Angle,no,no,no,no,no,False
101406882,METROPOLITAN NASHVILLE POLICE DEPT,20160931505,Davidson,Nashville,10/18/2016 7:24:00 PM,2,0,0,36.068200,-86.719110,NOLENSVILLE PKE,,,,0.00,,,HAYWOOD LN,,,,0.00,Y,Four-Way,N,Intersection-Related,None,,,         ,Tien,Nguyen,Clear,Front to Rear,no,no,no,no,yes,False
101406897,METROPOLITAN NASHVILLE POLICE DEPT,20160931233,Davidson,Nashville,10/18/2016 6:00:00 PM,3,0,0,36.191870,-86.781000,I 65,,,,0.00,,,,,,,86.25,N,Not at Intersection, ,Non-Junction,None,,,         ,Darrien,Spann,Clear,Front to Rear,no,no,no,no,no,False
101406898,METROPOLITAN NASHVILLE POLICE DEPT,20160931603,Davidson,Nashville,10/18/2016 7:56:00 PM,2,0,0,36.136720,-86.800860,21ST AVS,,,,65.00,Feet,South,BELCOURT AV,,,,0.00,N,Not at Intersection, ,Non-Junction,None,,,         ,Charles,Griffin,Clear,Front to Rear,no,no,no,no,no,Campus
101406903,METROPOLITAN NASHVILLE POLICE DEPT,20160930476,Davidson,Not in City Limit,10/18/2016 1:56:00 PM,3,2,0,36.274660,-86.689390,MYATT DR,,,,500.00,Feet,South,MYATT CENTER LN,,,,0.00,N,Not at Intersection,N,OtherLocation,None,,,         ,Brian,Theriac,Clear,Front to Rear,no,no,no,no,no,False
101406904,METROPOLITAN NASHVILLE POLICE DEPT,20160931523,Davidson,Nashville,10/18/2016 7:46:00 PM,2,0,0,36.097910,-86.709710,I 24,,,,0.00,,,,,,,54.70,N,Not at Intersection, ,,None,,,         ,Brandon,Vance,,,no,no,no,no,no,False
101406924,METROPOLITAN NASHVILLE POLICE DEPT,20160931326,Davidson,Goodlettsville,10/18/2016 6:32:00 PM,3,3,0,36.302750,-86.691850,GALLATIN PKEN,,,,0.00,,,CONFERENCE DR,,,,0.00,Y,Four-Way,Y,Intersection,None,,,         ,Samuel,Miller,Clear,Angle,no,no,no,no,no,False
101406925,METROPOLITAN NASHVILLE POLICE DEPT,20160931581,Davidson,Nashville,10/18/2016 7:59:00 PM,2,0,0,36.081100,-86.758360,HARDING PL,,,,0.00,,,TROUSDALE DR,,,,0.00,Y,Four-Way,N,Intersection-Related,None,,,         ,Tien,Nguyen,Clear,Angle,no,no,no,no,no,False
101406938,METROPOLITAN NASHVILLE POLICE DEPT,20160931490,Davidson,Nashville,10/18/2016 6:13:00 PM,2,0,0,36.255010,-86.715230,GALLATIN PKES,,,,0.00,,,MADISON BLVD,,,,0.00,Y,Four-Way,Y,Intersection,None,,,         ,Samuel,Miller,Clear,Angle,no,no,no,no,no,False
101406939,METROPOLITAN NASHVILLE POLICE DEPT,20160931628,Davidson,Nashville,10/18/2016 7:16:00 PM,2,0,0,36.205020,-86.737620,MCGAVOCK PKE,,,,0.00,,,GALLATIN PKE,,,,0.00,Y,Four-Way, ,Intersection,None,,,         ,Christopher,Valdez,Clear,Angle,no,no,no,no,no,False
101406949,METROPOLITAN NASHVILLE POLICE DEPT,20160931726,Davidson,Nashville,10/18/2016 8:26:00 PM,2,0,0,36.170830,-86.746800,SHELBY AV,,,,0.00,,,S 14TH ST,,,,0.00,Y,Four-Way, ,,None,,,         ,Kimberly,Brown,,,no,no,no,no,no,False
101406950,METROPOLITAN NASHVILLE POLICE DEPT,20160930981,Davidson,Nashville,10/18/2016 4:32:00 PM,2,0,0,36.247170,-86.734890,S GRAYCROFT AV,,,,300.00,Feet,North,FREDA VILLA,,,,0.00,N,Not at Intersection, ,Non-Junction,None,,,         ,Samuel,Miller,Clear,"Sideswipe, Same Direction",no,no,no,no,no,False
101406964,METROPOLITAN NASHVILLE POLICE DEPT,20160930823,Davidson,Not in City Limit,10/18/2016 3:27:00 PM,2,0,0,36.262620,-86.684380,E OLD HICKORY BLVD,,,,0.00,,,LARKIN SPRINGS RD,,,,0.00,Y,Four-Way, ,Intersection,None,,,         ,Samuel,Miller,Clear,Angle,no,no,no,no,no,False
101406978,METROPOLITAN NASHVILLE POLICE DEPT,20160930916,Davidson,Goodlettsville,10/18/2016 3:53:00 PM,2,0,0,36.307160,-86.694570,CONFERENCE DR,,,,90.00,Feet,South,VIETNAM VETERANS BLVDN,,,,0.00,N,Not at Intersection, ,Non-Junction,None,,,         ,Samuel,Miller,Clear,Angle,no,no,no,no,no,False
101406979,METROPOLITAN NASHVILLE POLICE DEPT,2016-0930995,Davidson,Nashville,10/18/2016 4:53:00 PM,3,1,0,36.087430,-86.730790,NOLENSVILLE PKE,,,,260.00,Feet,North,ELYSIAN FIELDS CT,,,,0.00,N,Not at Intersection,N,"Driveway, Alley Access, etc",None,,,         ,William,King,Clear,Angle,no,no,no,no,no,False
101406984,METROPOLITAN NASHVILLE POLICE DEPT,20160931906,Davidson,Nashville,10/18/2016 9:38:00 PM,1,1,0,36.238810,-86.723860,GALLATIN PKES,,,,0.00,,,GALLATIN PKE,,,,0.00,Y,T-Intersection,N,Intersection,None,,,         ,Jordan,Vrbas,Clear,Not Collision with Motor Vehicle in Transport,yes,no,no,no,no,False
101406993,METROPOLITAN NASHVILLE POLICE DEPT,20160931732,Davidson,Nashville,10/18/2016 8:40:00 PM,1,0,0,36.087430,-86.692210,ANTIOCH PKE,,,,0.00,,,HARDING PL,,,,0.00,Y,OTHER, ,,None,,,         ,richard,haley,,,no,no,no,yes,no,False
101406998,METROPOLITAN NASHVILLE POLICE DEPT,20160931895,Davidson,Nashville,10/18/2016 9:28:00 PM,2,3,0,36.110940,-86.745220,THOMPSON LN,,,,0.00,,,NOLENSVILLE PKE,,,,0.00,Y,Four-Way,N,Intersection,None,,,         ,Charles,Griffin,Clear,Angle,no,no,no,no,no,False
101407022,METROPOLITAN NASHVILLE POLICE DEPT,20160931585,Davidson,Not in City Limit,10/18/2016 8:04:00 PM,1,1,0,36.261110,-86.712580,GALLATIN PKES,,,,50.00,Feet,South,MAPLE ST,,,,0.00,N,Not at Intersection,N,Non-Junction,None,,,         ,Peter,Knisley,Clear,Not Collision with Motor Vehicle in Transport,yes,no,no,no,no,False
101407039,METROPOLITAN NASHVILLE POLICE DEPT,20160932013,Davidson,Nashville,10/18/2016 10:17:00 PM,2,0,0,36.155650,-86.789720,I40 E ENT RAMP,,,,0.00,,,BROADWAY,,,,0.00,Y,Four-Way, ,Intersection-Related,None,,,         ,Tien,Nguyen,Clear,"Sideswipe, Same Direction",no,no,no,no,no,False
101407045,METROPOLITAN NASHVILLE POLICE DEPT,20160932190,Davidson,Nashville,10/18/2016 11:30:00 PM,2,0,0,36.170400,-86.768450,INTERSTATE DR,,,,0.00,,,WOODLAND ST,,,,0.00,Y,Four-Way, ,Intersection,None,,,         ,Anthony,Rizo,Clear,Angle,no,no,no,no,yes,False
101407053,METROPOLITAN NASHVILLE POLICE DEPT,20160932277,Davidson,Nashville,10/19/2016 12:00:00 AM,1,0,0,36.219550,-86.774460,I 65,,,,0.00,,,,,,,88.25,N,Not at Intersection,N,Non-Junction,None,,,         ,Terrance,McBride,Clear,Not Collision with Motor Vehicle in Transport,no,no,no,no,no,False
101407058,METROPOLITAN NASHVILLE POLICE DEPT,20160932380,Davidson,Nashville,10/19/2016 12:05:00 AM,2,0,0,36.142740,-86.787030,EDGEHILL AV,,,,0.00,,,12TH AVS,,,,0.00,Y,Four-Way, ,Intersection,None,,,         ,Ryan,Worstall,Clear,Angle,no,no,no,no,no,False
101407061,METROPOLITAN NASHVILLE POLICE DEPT,20160932260,Davidson,Nashville,10/18/2016 11:55:00 PM,1,0,0,36.162990,-86.771730,EAST BANK GRNWY,,,,152.00,Feet,West,SHELBY ST PEDESTRIAN BRIDGE GR,,,,0.00,N,Not at Intersection,N,Non-Junction,None,,,         ,Joshua,Hollins,Clear,Not Collision with Motor Vehicle in Transport,no,no,no,yes,no,False
101407068,METROPOLITAN NASHVILLE POLICE DEPT,20160932495,Davidson,Nashville,10/19/2016 1:32:00 AM,1,1,0,36.086860,-86.771930,FRANKLIN PKE,,,,102.00,Feet,North,HARDING PL,,,,0.00,N,Not at Intersection,N,Non-Junction,None,,,         ,Joshua,Billotte,Clear,Not Collision with Motor Vehicle in Transport,no,no,no,no,no,False
101407095,METROPOLITAN NASHVILLE POLICE DEPT,20160932629,Davidson,Nashville,10/19/2016 2:50:00 AM,1,0,0,36.086630,-86.881920,HIGHWAY 100,,,,618.00,Feet,East,PERCY WARNER BLVD,,,,0.00,N,Not at Intersection,N,Non-Junction,None,,,         ,Aaron,Wigginton,Clear,Not Collision with Motor Vehicle in Transport,no,no,no,no,yes,False
101407100,METROPOLITAN NASHVILLE POLICE DEPT,20160932741,Davidson,Nashville,10/19/2016 3:25:00 AM,3,0,0,36.077550,-86.666080,BILLINGSGATE RD,,,,80.00,Feet,West,CAVENDISH CT,,,,0.00,N,Not at Intersection,N,Non-Junction,None,,,         ,Justin,McCormick,Clear,Front to Rear,no,no,no,no,yes,False
101407101,METROPOLITAN NASHVILLE POLICE DEPT,20160932724,Davidson,Nashville,10/19/2016 4:15:00 AM,1,0,0,36.132870,-86.795870,BELMONT BLVD,,,,0.00,,,,,,,0.00,,Not at Intersection, ,Non-Junction,None,,,         ,Steven,Carrick,Clear,Not Collision with Motor Vehicle in Transport,no,no,no,yes,no,False
101407104,METROPOLITAN NASHVILLE POLICE DEPT,20160929601,Davidson,Nashville,10/18/2016 9:23:00 AM,1,0,0,36.082060,-86.764030,I 65,,,,0.00,,,,,,,77.80,N,Not at Intersection, ,Non-Junction,None,,,         ,Erik,Wagner,Clear,Not Collision with Motor Vehicle in Transport,no,no,no,no,no,False
101407110,METROPOLITAN NASHVILLE POLICE DEPT,20160926748,Davidson,Nashville,10/17/2016 12:22:00 PM,2,1,0,36.153250,-86.794010,17TH AVS,,,,0.00,,,BROADWAY,,,,0.00,Y,Four-Way,N,Intersection,None,,,         ,Darrell,Osment,Cloudy,Front to Rear,no,no,no,no,no,False
101407119,METROPOLITAN NASHVILLE POLICE DEPT,20160930457,Davidson,Nashville,10/18/2016 1:45:00 PM,2,0,0,36.166610,-86.820440,28TH AVN,,,,0.00,,,MEHARRY BLVD,,,,0.00,Y,Y-Intersection,N,Non-Junction,None,,,         ,Darryl,Morton,Clear,Front to Rear,no,no,no,no,yes,False
101407125,METROPOLITAN NASHVILLE POLICE DEPT,20160932795,Davidson,Not in City Limit,10/19/2016 3:50:00 AM,1,0,0,36.280500,-86.803630,I 24,,,,0.00,,,,,,,40.25,N,Not at Intersection, ,Non-Junction,None,,,         ,Charles,Duke,Clear,Not Collision with Motor Vehicle in Transport,no,no,no,no,no,False
101407131,METROPOLITAN NASHVILLE POLICE DEPT,20160933072,Davidson,Nashville,10/19/2016 7:04:00 AM,2,0,0,36.086580,-86.771750,HARDING PL,,,,64.00,Feet,East,FRANKLIN PKE,,,,0.00,N,Not at Intersection, ,,None,,,         ,Justin,Pinkelton,,,no,no,no,no,no,False
101407132,METROPOLITAN NASHVILLE POLICE DEPT,20160933003,Davidson,Nashville,10/19/2016 6:45:00 AM,2,0,0,36.196490,-86.740470,CAHAL AV,,,,531.00,Feet,East,GALLATIN AV,,,,0.00,N,Not at Intersection, ,Non-Junction,None,,,         ,Erik,Nash,Clear,"Sideswipe, Same Direction",no,no,no,no,no,False
101407135,METROPOLITAN NASHVILLE POLICE DEPT,20160933076,Davidson,Not in City Limit,10/19/2016 7:22:00 AM,1,0,0,36.078200,-87.021920,MCCRORY LN,,,,172.00,Feet,West,I40 W ENT RAMP,,,,0.00,N,Not at Intersection,N,Non-Junction,None,,,         ,Curtis,Rich,Clear,Not Collision with Motor Vehicle in Transport,no,no,no,yes,no,False
101407137,METROPOLITAN NASHVILLE POLICE DEPT,20160930561,Davidson,Nashville,10/18/2016 2:25:00 PM,2,0,0,36.155710,-86.777550,KOREAN VETERANS BLVD,,,,115.00,Feet,West,6TH AVS,,,,0.00,N,Not at Intersection,N,Non-Junction,None,,,         ,Wesley,Henderson,Clear,"Sideswipe, Same Direction",no,no,no,no,no,False
101407138,METROPOLITAN NASHVILLE POLICE DEPT,20160932962,Davidson,Nashville,10/19/2016 6:25:00 AM,2,0,0,36.206330,-86.774230,W TRINITY LN,,,,223.00,Feet,West,I65 N ENT RAMP,,,,0.00,N,Not at Intersection,Y,Entrance/Exit Ramp Related,None,,,         ,Terrance,McBride,Clear,Other,no,no,no,no,no,False
101407139,METROPOLITAN NASHVILLE POLICE DEPT,20160932974,Davidson,Nashville,10/19/2016 6:25:00 AM,1,0,0,36.045440,-86.759800,SPRING HOUSE CT,,,,31.00,Feet,West,TROUSDALE DR,,,,0.00,N,Not at Intersection,N,Non-Junction,None,,,         ,Brent,Bauer,Clear,Not Collision with Motor Vehicle in Transport,no,no,no,no,no,False
101407144,METROPOLITAN NASHVILLE POLICE DEPT,20160930578,Davidson,Nashville,10/18/2016 2:20:00 PM,2,0,0,36.156670,-86.787290,BROADWAY,,,,63.00,Feet,East,12TH AVS,,,,0.00,N,Not at Intersection, ,Non-Junction,None,,,         ,Brian,Williams,Clear,"Sideswipe, Same Direction",no,no,no,no,no,False
101407151,METROPOLITAN NASHVILLE POLICE DEPT,20160933065,Davidson,Nashville,10/19/2016 7:19:00 AM,2,0,0,36.042450,-86.712940,SWISS AV,,,,0.00,,,NOLENSVILLE PKE,,,,0.00,Y,Four-Way,N,Intersection,None,,,         ,Jason,Dudley,Clear,Angle,no,no,no,no,no,False
101407155,METROPOLITAN NASHVILLE POLICE DEPT,20160933115,Davidson,Nashville,10/19/2016 7:33:00 AM,2,0,0,36.169360,-86.579070,I 40,,,,0.00,,,,,,,222.00,N,Not at Intersection, ,,None,,,         ,James,Curtis,,,no,no,no,no,no,False
101407162,METROPOLITAN NASHVILLE POLICE DEPT,20160933071,Davidson,Nashville,10/19/2016 7:00:00 AM,2,0,0,36.082580,-86.698000,I 24,,,,0.00,,,,,,,56.00,N,Not at Intersection,N,Non-Junction,None,,,         ,Todd,Watson,Clear,Front to Rear,no,no,no,no,yes,False
101407166,METROPOLITAN NASHVILLE POLICE DEPT,20160933061,Davidson,Not in City Limit,10/19/2016 7:08:00 AM,1,0,0,36.279430,-86.873460,CLARKSVILLE PKE,,,,1.00,Feet,East,OLD HICKORY BLVD,,,,0.00,N,Not at Intersection, ,Non-Junction,None,,,         ,Ernie,Wilson,Clear,Not Collision with Motor Vehicle in Transport,no,no,no,no,no,False
101407167,METROPOLITAN NASHVILLE POLICE DEPT,2016-0932955,Davidson,Nashville,10/19/2016 6:22:00 AM,4,1,0,36.202570,-86.776850,I 65,,,,0.00,,,,,,,86.95,N,Not at Intersection,N,Non-Junction,None,,,         ,Anthony,Cavis,Clear,Front to Rear,no,no,no,no,no,False
101407176,METROPOLITAN NASHVILLE POLICE DEPT,2016-0933111,Davidson,Not in City Limit,10/19/2016 6:44:00 AM,1,0,0,36.012660,-86.703790,NOLENSVILLE PKE,,,,116.00,Feet,North,HOLT RD,,,,0.00,N,Not at Intersection,N,Non-Junction,None,,,         ,Roderic,Williams,Clear,Not Collision with Motor Vehicle in Transport,no,no,no,no,no,False
101407184,METROPOLITAN NASHVILLE POLICE DEPT,20160933114,Davidson,Nashville,10/19/2016 7:33:00 AM,2,0,0,36.136080,-86.829000,CRAIGHEAD AV,,,,0.00,,,CENTRAL AV,,,,0.00,Y,Four-Way, ,Intersection,None,,,         ,Michael,Hunnicutt,Clear,Angle,no,no,no,no,no,False
101407185,METROPOLITAN NASHVILLE POLICE DEPT,20160933318,Davidson,Nashville,10/19/2016 12:00:00 AM,1,0,0,36.115670,-86.882730,BROWNLEE DR,,,,510.00,Feet,South,DAVIDSON RD,,,,0.00,N,Not at Intersection, ,Non-Junction,None,,,         ,Curtis,Rich,Unknown,Not Collision with Motor Vehicle in Transport,no,no,no,no,yes,False
101407196,GOODLETTSVILLE POLICE DEPT,16-35688,Davidson,Goodlettsville,10/16/2016 10:29:00 AM,2,0,0,36.300730,-86.700950,RIVERGATE PKWY,,,,0.00,,,RIVERGATE MALL PVTDR,,,,0.00,Y,Four-Way, ,Intersection,None,,,         ,John,Spencer,Clear,"Sideswipe, Same Direction",no,no,no,no,no,False
101407203,METROPOLITAN NASHVILLE POLICE DEPT,20160933117,Davidson,Nashville,10/19/2016 7:38:00 AM,2,1,0,36.218030,-86.820360,BUENA VISTA PKE,,,,0.00,,,W HAMILTON AV,,,,0.00,Y,T-Intersection,N,Intersection,None,,,         ,Michael,McCord,Clear,Angle,no,no,no,no,no,False
101407206,METROPOLITAN NASHVILLE POLICE DEPT,20160930477,Davidson,Nashville,10/18/2016 1:50:00 PM,3,0,0,36.157240,-86.760430,I40 W ENT RAMP,,,,0.00,,,I 24,,,,0.00,Y,Y-Intersection,N,Non-Junction,None,,,         ,Daniel,Massey,Clear,Front to Rear,no,no,no,no,no,False
101407212,METROPOLITAN NASHVILLE POLICE DEPT,2016-0933021,Davidson,Nashville,10/19/2016 6:43:00 AM,2,0,0,36.045740,-86.674350,BLUE HOLE RD,,,,0.00,,,BELL RD,,,,0.00,Y,Four-Way, ,Intersection,None,,,         ,William,Whitworth,Clear,"Sideswipe, Same Direction",no,no,no,no,no,False
101407217,METROPOLITAN NASHVILLE POLICE DEPT,20160933227,Davidson,Nashville,10/19/2016 8:25:00 AM,2,0,0,36.132650,-86.727160,I 24,,,,0.00,,,,,,,52.00,N,Not at Intersection, ,,None,,,         ,Steven,Williams,,,no,no,no,no,no,False
101407218,METROPOLITAN NASHVILLE POLICE DEPT,20160933366,Davidson,Nashville,10/19/2016 9:16:00 AM,2,1,0,36.106230,-86.718860,I 24,,,,0.00,,,,,,,54.00,N,Not at Intersection,N,Non-Junction,None,,,         ,Steven,Williams,Clear,Front to Rear,no,no,no,no,no,False
101407235,METROPOLITAN NASHVILLE POLICE DEPT,20160933016,Davidson,Not in City Limit,10/19/2016 6:50:00 AM,4,0,0,36.318370,-86.842370,I 24,,,,0.00,,,,,,,36.60,N,Not at Intersection,N,Non-Junction,None,,,         ,Steven,Frazier Jr.,Clear,Front to Rear,no,no,no,no,no,False
101407236,METROPOLITAN NASHVILLE POLICE DEPT,20160933144,Davidson,Not in City Limit,10/19/2016 6:50:00 AM,3,0,0,36.318370,-86.842370,I 24,,,,0.00,,,,,,,36.60,N,Not at Intersection,N,Non-Junction,None,,,         ,Steven,Frazier Jr.,Clear,Front to Rear,no,no,no,no,yes,False
101407242,METROPOLITAN NASHVILLE POLICE DEPT,20160933272,Davidson,Madison,10/19/2016 8:32:00 AM,2,0,0,36.269260,-86.755740,OLD HICKORY BLVDW,,,,0.00,,,DICKERSON PKE,,,,0.00,Y,Four-Way, ,Intersection,None,,,         ,Michelle,Steidl,Clear,Angle,no,no,no,no,no,False
101407245,METROPOLITAN NASHVILLE POLICE DEPT,20160933259,Davidson,Nashville,10/19/2016 8:15:00 AM,2,0,0,36.190610,-86.753370,ELLINGTON PKWYS,,,,72.00,Feet,West,ELLINGTON PKWY N EXT RAMP,,,,0.00,N,Not at Intersection,N,Non-Junction,None,,,         ,Eric,Knight,Clear,Front to Rear,no,no,no,no,no,False
101407276,METROPOLITAN NASHVILLE POLICE DEPT,20160933423,Davidson,Nashville,10/19/2016 9:33:00 AM,2,0,0,36.098410,-86.709860,I 24,,,,0.00,,,,,,,54.70,N,Not at Intersection, ,,None,,,         ,Brian,Penny,,,no,no,no,no,no,False
101407279,METROPOLITAN NASHVILLE POLICE DEPT,2016-0933429,Davidson,Nashville,10/19/2016 9:35:00 AM,2,1,0,36.132650,-86.727160,I 24,,,,0.00,,,,,,,52.00,N,Not at Intersection,N,Non-Junction,None,,,         ,Todd,Watson,Clear,Front to Rear,no,no,no,no,no,False
101407290,METROPOLITAN NASHVILLE POLICE DEPT,2016-0933143,Davidson,Not in City Limit,10/19/2016 6:56:00 AM,3,1,0,36.318370,-86.842410,I 24,,,,0.00,,,,,,,36.60,N,Not at Intersection,N,Non-Junction,None,,,         ,William,Caillouette,Clear,Front to Rear,no,no,no,no,no,False
101407293,METROPOLITAN NASHVILLE POLICE DEPT,20160933582,Davidson,Nashville,10/19/2016 10:20:00 AM,2,0,0,36.157290,-86.789940,I40 W EXT RAMP,,,,0.00,Feet,East,I 40,,,,0.00,N,Not at Intersection, ,Entrance/Exit Ramp Related,None,,,         ,Phillip,Box,Clear,Front to Rear,no,no,no,no,no,False
101407300,METROPOLITAN NASHVILLE POLICE DEPT,20160933709,Davidson,Nashville,10/19/2016 12:00:00 AM,1,0,0,36.081290,-86.901600,CRESTMEADE,,,,183.00,Feet,North,HILLMEADE DR,,,,0.00,N,Not at Intersection,N,Non-Junction,None,,,         ,Curtis,Rich,Unknown,Not Collision with Motor Vehicle in Transport,no,no,no,yes,yes,False
101407307,METROPOLITAN NASHVILLE POLICE DEPT,2016-0933512,Davidson,Nashville,10/19/2016 9:55:00 AM,2,0,0,36.256860,-86.738460,I 65,,,,0.00,,,,,,,91.70,N,Not at Intersection,N,Non-Junction,None,,,         ,Arthur,Hipp,Clear,"Sideswipe, Same Direction",no,no,no,no,no,False