master_record_number,agency,agency_tracking_number,county,city,collision_date,vehicles_involved,number_injured,number_dead,latitude,longitude,roadway_name,roadway_suffix,roadway_number,roadway_local_id,distance_from_reference,miles-feet_indicator,direction_from_reference,intersection_road_name,intersection_road_name_suffix,intersection_road_number,intersection_local_id,mile_marker,intersection_indicator,intersect_type,interchange_related_indicator,relation_to_junction,work_zone_type,construction_maintenance_zone,construction_maintenance_zone_location,fatal_case_number,officer_first_name,officer_last_name,weather_condition(s),manner_of_crash,pedestrian,bicycle,scooter,parking,hitrun,mou
101417806,METROPOLITAN NASHVILLE POLICE DEPT,20160935818,Davidson,Nashville,10/20/2016 12:25:00 AM,1,1,0,36.203550,-86.738530,GALLATIN PKE,,,,0.00,,,E TRINITY LN,,,,0.00,Y,T-Intersection,N,Intersection-Related,None,,,         ,Robert,Crow,Clear,Not Collision with Motor Vehicle in Transport,yes,no,no,no,no,False
101417808,METROPOLITAN NASHVILLE POLICE DEPT,20160936071,Davidson,Goodlettsville,10/20/2016 2:17:00 AM,1,0,0,36.377090,-86.749240,SPRINGFIELD HWY,,,,199.00,Feet,North,BAKER STATION RD,,,,0.00,N,Not at Intersection, ,Non-Junction,None,,,         ,Matthew,Harris,Clear,Not Collision with Motor Vehicle in Transport,no,no,no,no,no,False
101417826,METROPOLITAN NASHVILLE POLICE DEPT,20160935983,Davidson,Nashville,10/20/2016 1:34:00 AM,2,0,0,36.171840,-86.764770,S 5TH ST,,,,0.00,,,WOODLAND ST,,,,0.00,Y,Four-Way,N,Intersection,None,,,         ,Wallis,Massey,Clear,Angle,no,no,no,no,no,False
101417833,METROPOLITAN NASHVILLE POLICE DEPT,20160936049,Davidson,Not in City Limit,10/20/2016 2:05:00 AM,1,1,0,36.313590,-86.883450,CLARKSVILLE PKE,,,,171.00,Feet,South,CREASY DR,,,,0.00,N,Not at Intersection,N,Non-Junction,None,,,         ,Armonty,Houston,Clear,Not Collision with Motor Vehicle in Transport,no,no,no,no,no,False
101417835,THP District 3 - Nashville,316057647,Davidson,Nashville,10/19/2016 10:33:00 PM,2,0,0,36.191570,-86.785840,I 65,,,,0.00,,,,,,,86.00,N,Not at Intersection, ,Non-Junction,Construction Zone,,,         ,Vincent,Turocy,Clear,Front to Rear,no,no,no,no,no,False
101417865,METROPOLITAN NASHVILLE POLICE DEPT,20160936233,Davidson,Nashville,10/20/2016 4:10:00 AM,2,0,0,36.150150,-86.857950,CHARLOTTE PKE,,,,0.00,,,WHITE BRIDGE PKE,,,,0.00,Y,Four-Way,N,Intersection-Related,None,,,         ,Benjamin,Fisher,Clear,Front to Rear,no,no,no,no,no,False
101417873,METROPOLITAN NASHVILLE POLICE DEPT,20160933372,Davidson,Nashville,10/19/2016 1:52:00 PM,2,0,0,36.111210,-86.811310,HILLSBORO PKE,,,,0.00,,,GRAYBAR LN,,,,0.00,Y,T-Intersection, ,Intersection-Related,None,,,         ,Phillip,Murphy,Clear,"Sideswipe, Same Direction",no,no,no,no,no,False
101417919,METROPOLITAN NASHVILLE POLICE DEPT,20160936457,Davidson,Nashville,10/20/2016 6:15:00 AM,2,0,0,36.106210,-86.673060,MURFREESBORO PKE,,,,0.00,Feet,,DONELSON PKE,,,,0.00,Y,Four-Way, ,Intersection,None,,,         ,Clayton,Lewis,Clear,Front to Rear,no,no,no,no,no,False
101417926,METROPOLITAN NASHVILLE POLICE DEPT,20160933920,Davidson,Nashville,10/19/2016 12:20:00 PM,2,0,0,36.145450,-86.811550,WEST END AV,,,,35.00,Feet,West,27TH AVN,,,,0.00,N,Not at Intersection,N,"Driveway, Alley Access, etc",None,,,         ,Phillip,Murphy,Clear,"Sideswipe, Opposite Direction",no,no,no,no,no,Campus
101417930,METROPOLITAN NASHVILLE POLICE DEPT,20160933845,Davidson,Nashville,10/19/2016 12:13:00 PM,2,0,0,36.145500,-86.811450,WEST END AV,,,,0.00,,,27TH AVN,,,,0.00,Y,T-Intersection,N,Intersection-Related,None,,,         ,Phillip,Murphy,Clear,"Sideswipe, Same Direction",no,no,no,no,no,Campus
101417931,METROPOLITAN NASHVILLE POLICE DEPT,2016-0926962,Davidson,Nashville,10/17/2016 2:00:00 PM,2,0,0,36.154510,-86.779280,8TH AVS,,,,58.00,Feet,South,LAFAYETTE ST,,,,0.00,N,Not at Intersection, ,Non-Junction,None,,,         ,Seth,Quiles,Clear,"Sideswipe, Same Direction",no,no,no,no,no,False
101417935,METROPOLITAN NASHVILLE POLICE DEPT,20160936511,Davidson,Not in City Limit,10/20/2016 6:30:00 AM,2,1,0,36.285180,-86.808260,I 24,,,,0.00,,,,,,,39.85,N,Not at Intersection,N,Non-Junction,None,,,         ,Nicholas,MacDougall,Rain,Front to Rear,no,no,no,no,no,False
101417938,METROPOLITAN NASHVILLE POLICE DEPT,20160936528,Davidson,Nashville,10/20/2016 7:14:00 AM,2,0,0,36.102520,-86.760630,ARMORY DR,,,,124.00,Feet,West,POWELL AV RAMP,,,,0.00,N,Not at Intersection,N,Non-Junction,None,,,         ,Nathan,Kemp,Clear,"Sideswipe, Same Direction",no,no,no,no,no,False
101417940,METROPOLITAN NASHVILLE POLICE DEPT,20160936408,Davidson,Nashville,10/20/2016 5:53:00 AM,2,0,0,36.201660,-86.776840,I 65,,,,0.00,,,,,,,87.00,N,Not at Intersection,N,Non-Junction,None,,,         ,James,Wray,Clear,Front to Rear,no,no,no,no,no,False
101417941,METROPOLITAN NASHVILLE POLICE DEPT,20160936554,Davidson,Nashville,10/20/2016 7:25:00 AM,2,0,0,36.191710,-86.785800,I 65,,,,0.00,,,,,,,86.00,N,Not at Intersection,N,Non-Junction,None,,,         ,James,Wray,Clear,Front to Rear,no,no,no,no,no,False
101417942,METROPOLITAN NASHVILLE POLICE DEPT,20160936543,Davidson,Nashville,10/20/2016 7:15:00 AM,2,0,0,36.172270,-86.766990,JAMES ROBERTSON PKWY ENT RAMP,,,,0.00,,,JAMES ROBERTSON PKWY,,,,0.00,Y,OTHER, ,,None,,,         ,Randal,Owsley,,,no,no,no,no,no,False
101417945,METROPOLITAN NASHVILLE POLICE DEPT,20160936634,Davidson,Nashville,10/20/2016 7:58:00 AM,2,0,0,36.231250,-86.724930,HAYSBORO AV,,,,0.00,Feet,,GALLATIN PKE,,,,0.00,Y,Four-Way, ,Intersection-Related,None,,,         ,Richard,Conger,Clear,Front to Rear,no,no,no,no,yes,False
101417946,METROPOLITAN NASHVILLE POLICE DEPT,20160936485,Davidson,Nashville,10/20/2016 6:42:00 AM,3,2,0,36.195770,-86.776130,I 65,,,,0.00,,,,,,,86.60,N,Not at Intersection,N,Non-Junction,None,,,         ,Royce,McLester,Rain,Front to Rear,no,no,no,no,no,False
101417952,METROPOLITAN NASHVILLE POLICE DEPT,20160936622,Davidson,Nashville,10/20/2016 7:55:00 AM,2,0,0,36.058490,-86.716140,NOLENSVILLE PKE,,,,225.00,Feet,South,TUSCULUM RD,,,,0.00,N,Not at Intersection, ,Non-Junction,None,,,         ,Earl,Davis,Cloudy,Angle,no,no,no,no,no,False
101417954,METROPOLITAN NASHVILLE POLICE DEPT,20160936723,Davidson,Nashville,10/20/2016 8:15:00 AM,2,0,0,36.148720,-86.822580,I 440,,,,0.00,,,,,,,1.35,N,Not at Intersection, ,,None,,,         ,Curtis,Rich,,,no,no,no,no,no,False
101417972,METROPOLITAN NASHVILLE POLICE DEPT,20160936601,Davidson,Nashville,10/20/2016 7:40:00 AM,2,0,0,36.101790,-86.817830,HILLSBORO PKE,,,,32.00,Feet,South,HILLSBORO DR,,,,0.00,N,Not at Intersection,N,Non-Junction,None,,,         ,Justin,Pinkelton,Cloudy,"Sideswipe, Same Direction",no,no,no,no,yes,False
101417976,METROPOLITAN NASHVILLE POLICE DEPT,20160936556,Davidson,Nashville,10/20/2016 7:17:00 AM,4,0,0,36.181220,-86.799940,I 65,,,,0.00,,,,,,,85.10,N,Not at Intersection,Y,Entrance/Exit Ramp Related,None,,,         ,James,Jarvis,Cloudy,Front to Rear,no,no,no,no,yes,False
101417986,METROPOLITAN NASHVILLE POLICE DEPT,20160936582,Davidson,Nashville,10/20/2016 7:35:00 AM,3,1,0,36.140170,-86.722770,I 40,,,,0.00,,,,,,,213.50,N,Not at Intersection,N,Non-Junction,None,,,         ,Gerry,Hutcheson,Cloudy,Front to Rear,no,no,no,no,no,False
101418003,METROPOLITAN NASHVILLE POLICE DEPT,20160936530,Davidson,Nashville,10/20/2016 7:12:00 AM,2,0,0,36.044770,-86.660940,BELL RD,,,,174.00,Feet,East,CANE RIDGE RD,,,,0.00,N,Not at Intersection,Y,Entrance/Exit Ramp Related,None,,,         ,Roy,McElwee,Clear,"Sideswipe, Same Direction",no,no,no,no,yes,False
101418004,METROPOLITAN NASHVILLE POLICE DEPT,20160936675,Davidson,Nashville,10/20/2016 8:16:00 AM,2,0,0,36.172900,-86.770030,INTERSTATE DR,,,,113.00,Feet,North,HOWERTON ST,,,,0.00,N,Not at Intersection,N,Non-Junction,None,,,         ,Timothy,Powell,Cloudy,"Sideswipe, Same Direction",no,no,no,no,yes,False
101418008,METROPOLITAN NASHVILLE POLICE DEPT,20160936593,Davidson,Nashville,10/20/2016 6:50:00 AM,2,0,0,36.149840,-86.772870,I40 W ENT RAMP,,,,0.00,Feet,East,I 40,,,,0.00,N,Not at Intersection,Y,OtherLocation,None,,,         ,Joshua,Baker,Cloudy,"Sideswipe, Same Direction",no,no,no,no,yes,False
101418014,METROPOLITAN NASHVILLE POLICE DEPT,20160936631,Davidson,Nashville,10/20/2016 7:52:00 AM,2,0,0,36.175340,-86.594600,TULIP GROVE RD,,,,166.00,Feet,South,ROCKWOOD DR,,,,0.00,N,Not at Intersection,N,Non-Junction,None,,,         ,Wesley,Young,Cloudy,Angle,no,no,no,no,no,False
101418023,METROPOLITAN NASHVILLE POLICE DEPT,20160936640,Davidson,Nashville,10/20/2016 8:03:00 AM,2,1,0,36.156450,-86.631310,I40 W ENT RAMP,,,,0.00,,,I 40,,,,0.00,Y,OTHER,N,Intersection-Related,None,,,         ,Ralph,Harvey,Cloudy,Angle,no,no,no,no,no,False
101418024,METROPOLITAN NASHVILLE POLICE DEPT,20160936841,Davidson,Nashville,10/20/2016 9:23:00 AM,3,1,0,36.045680,-86.855170,OLD HICKORY BLVD,,,,0.00,,,CROMWELL DR,,,,0.00,Y,T-Intersection,N,Non-Junction,None,,,         ,Nathan,Kemp,Rain,Front to Rear,no,no,no,no,no,False
101418032,METROPOLITAN NASHVILLE POLICE DEPT,20160936688,Davidson,Nashville,10/20/2016 8:14:00 AM,3,0,0,36.044810,-86.848940,NOEL DR,,,,0.00,,,OLD HICKORY BLVD,,,,0.00,Y,T-Intersection,N,Intersection-Related,None,,,         ,Kevin,Crawford,Cloudy,Front to Rear,no,no,no,no,no,False
101418036,METROPOLITAN NASHVILLE POLICE DEPT,20160936633,Davidson,Nashville,10/20/2016 7:45:00 AM,2,0,0,36.167950,-86.771620,RUSSELL ST,,,,0.00,,,S 1ST ST,,,,0.00,Y,T-Intersection,Y,Intersection,None,,,         ,Robert,Magner,Cloudy,Angle,no,no,no,no,no,False
101418039,METROPOLITAN NASHVILLE POLICE DEPT,20160936720,Davidson,Nashville,10/20/2016 7:54:00 AM,2,1,0,36.151180,-86.691820,ELM HILL PKE,,,,0.00,,,BRILEY PKWY S EXT RAMP,,,,0.00,Y,T-Intersection,N,Intersection,None,,,         ,Wesley,Young,Cloudy,Front to Rear,no,no,no,no,no,False
101418044,METROPOLITAN NASHVILLE POLICE DEPT,20160936856,Davidson,Nashville,10/20/2016 9:22:00 AM,2,0,0,36.144800,-86.744030,FESSLERS LN,,,,51.00,Feet,North,ELM HILL PKE,,,,0.00,N,Not at Intersection, ,,None,,,         ,James,Curtis,,,no,no,no,no,no,False
101418045,METROPOLITAN NASHVILLE POLICE DEPT,2016-0936497,Davidson,Nashville,10/20/2016 6:48:00 AM,2,2,0,36.047550,-86.655930,HICKORY HOLLOW PKWY,,,,0.00,,,BELL RD,,,,0.00,Y,Four-Way,N,Intersection,None,,,         ,William,Whitworth,Cloudy,Front to Rear,no,no,no,no,no,False
101418048,METROPOLITAN NASHVILLE POLICE DEPT,20160934667,Davidson,Nashville,10/19/2016 5:01:00 PM,1,1,0,36.138410,-86.881400,CHARLOTTE PKE,,,,343.00,Feet,West,HILLWOOD BLVD,,,,0.00,N,Not at Intersection,N,"Driveway, Alley Access, etc",None,,,         ,Walter,Gray II,Clear,Not Collision with Motor Vehicle in Transport,yes,no,no,no,no,False
101418054,METROPOLITAN NASHVILLE POLICE DEPT,20160936550,Davidson,Nashville,10/20/2016 7:21:00 AM,3,0,0,36.119340,-86.726330,I 24,,,,0.00,,,,,,,53.00,N,Not at Intersection, ,Non-Junction,None,,,         ,Stephen,Soule,Clear,Front to Rear,no,no,no,no,no,False
101418055,METROPOLITAN NASHVILLE POLICE DEPT,20160936918,Davidson,Nashville,10/20/2016 9:50:00 AM,2,0,0,36.048460,-86.728780,TOBYLYNN DR,,,,450.00,Feet,East,TOBYLYNN CIR,,,,0.00,N,Not at Intersection, ,Non-Junction,None,,,         ,Earl,Davis,Cloudy,Angle,no,no,no,no,no,False
101418058,METROPOLITAN NASHVILLE POLICE DEPT,20160936514,Davidson,Not in City Limit,10/20/2016 6:39:00 AM,2,1,0,35.996010,-86.688640,NOLENSVILLE PKE,,,,297.00,Feet,West,PETTUS RD,,,,0.00,N,Not at Intersection,N,Non-Junction,None,,,         ,Jason,Dudley,Clear,Front to Rear,no,no,no,no,no,False
101418068,METROPOLITAN NASHVILLE POLICE DEPT,20160936879,Davidson,Nashville,10/20/2016 9:40:00 AM,2,0,0,36.153270,-86.769560,2ND AVS,,,,0.00,,,ASH ST,,,,0.00,Y,T-Intersection, ,Intersection,None,,,         ,Daniel,Massey,Cloudy,"Sideswipe, Same Direction",no,no,no,no,no,False
101418076,METROPOLITAN NASHVILLE POLICE DEPT,20160936749,Davidson,Nashville,10/20/2016 7:10:00 AM,1,0,0,36.200180,-86.769890,GATEWOOD AV,,,,0.00,,,DICKERSON PKE,,,,0.00,Y,OTHER,N,OtherLocation,None,,,         ,Randal,Owsley,Cloudy,Unknown,no,no,no,yes,yes,False
101418077,METROPOLITAN NASHVILLE POLICE DEPT,20160937034,Davidson,Nashville,10/20/2016 10:13:00 AM,1,0,0,36.150790,-86.785440,I 40,,,,0.00,,,,,,,209.50,N,Not at Intersection, ,,None,,,         ,Christian,Martin,,,no,no,no,no,no,False
101418081,BELLE MEADE POLICE DEPT,16-0282,Davidson,Belle Meade,10/19/2016 3:40:00 PM,2,1,0,36.108370,-86.865770,HARDING PKE,,,,1267.00,Feet,North,LEAKE AV,,,,0.00,N,Not at Intersection,N,Non-Junction,None,,,         ,Dale,Corter,Clear,Front to Rear,no,no,no,no,no,False
101418084,METROPOLITAN NASHVILLE POLICE DEPT,20160936903,Davidson,Nashville,10/20/2016 9:35:00 AM,2,0,0,36.109880,-86.720310,I24 W EXT RAMP,,,,0.00,Feet,East,I 24,,,,0.00,N,Not at Intersection,N,Entrance/Exit Ramp Related,None,,,         ,James,Thomas,Clear,Front to Rear,no,no,no,no,yes,False
101418098,METROPOLITAN NASHVILLE POLICE DEPT,20160936498,Davidson,Nashville,10/20/2016 6:50:00 AM,2,0,0,36.141020,-86.660260,I 40,,,,0.00,,,,,,,218.00,N,Not at Intersection,N,Non-Junction,None,,,         ,Jason,Smith,Cloudy,"Sideswipe, Same Direction",no,no,no,no,no,False
101418104,METROPOLITAN NASHVILLE POLICE DEPT,20160936969,Davidson,Nashville,10/20/2016 10:00:00 AM,2,1,0,36.158890,-86.782110,8TH AVS,,,,0.00,,,BROADWAY,,,,0.00,Y,Four-Way,N,Intersection,None,,,         ,Darren,Key,Cloudy,"Sideswipe, Same Direction",no,no,no,no,no,False
101418113,BERRY HILL POLICE DEPT,16-3704,Davidson,Nashville,10/20/2016 8:08:00 AM,2,0,0,36.118860,-86.774590,FRANKLIN PKE,,,,0.00,,,BERRY RD,,,,0.00,Y,T-Intersection, ,Non-Junction,None,,,         ,Ronnie,Hill,Cloudy,Front to Rear,no,no,no,no,no,False
101418115,METROPOLITAN NASHVILLE POLICE DEPT,20160937166,Davidson,Nashville,10/20/2016 11:24:00 AM,2,0,0,36.155650,-86.789720,14TH AVN,,,,0.00,,,BROADWAY,,,,0.00,Y,Four-Way, ,,None,,,         ,Nathan,Kemp,,,no,no,no,no,no,False
101418125,METROPOLITAN NASHVILLE POLICE DEPT,20160936975,Davidson,Nashville,10/20/2016 10:15:00 AM,2,1,0,36.170460,-86.805500,I 40,,,,0.00,,,,,,,207.35,N,Not at Intersection,N,Non-Junction,None,,,         ,Nicholas,MacDougall,Cloudy,"Sideswipe, Same Direction",no,no,no,no,no,False
101418130,METROPOLITAN NASHVILLE POLICE DEPT,20160936736,Davidson,Nashville,10/20/2016 7:48:00 AM,2,0,0,36.182750,-86.773930,N 1ST ST,,,,150.00,Feet,South,GRACE ST,,,,0.00,N,Not at Intersection, ,Non-Junction,None,,,         ,Casey,Tomes,Clear,Front to Rear,no,no,no,no,no,False
101418139,METROPOLITAN NASHVILLE POLICE DEPT,20160936577,Davidson,Nashville,10/20/2016 7:00:00 AM,2,0,0,36.185390,-86.680730,TWO RIVERS PARK PVTDR,,,,615.00,Feet,North,STONES RIVER GRNWY,,,,0.00,N,Not at Intersection,N,Non-Junction,None,,,         ,Michael,Upchurch,Clear,"Sideswipe, Same Direction",no,no,no,yes,no,False
101418140,METROPOLITAN NASHVILLE POLICE DEPT,20160937268,Davidson,Nashville,10/20/2016 12:14:00 PM,2,0,0,36.140210,-86.818150,WEST END AV,,,,319.00,Feet,South,PARK DR,,,,0.00,N,Not at Intersection, ,,None,,,         ,Nathan,Kemp,,,no,no,no,no,no,False
101418153,METROPOLITAN NASHVILLE POLICE DEPT,20160936906,Davidson,Madison,10/20/2016 9:55:00 AM,2,0,0,0.000000,0.000000,,,I65,,0.10,Miles,South,,,,,91.20,N,Not at Intersection, ,Non-Junction,None,,,         ,Faye,Denson,Clear,Front to Rear,no,no,no,no,no,False
101418156,METROPOLITAN NASHVILLE POLICE DEPT,20160936619,Davidson,Madison,10/20/2016 7:50:00 AM,3,0,0,0.000000,0.000000,,,I65,,0.10,Miles,South,,,,,91.20,N,Not at Intersection,N,Non-Junction,None,,,         ,Faye,Denson,Clear,Front to Rear,no,no,no,no,no,False
101418160,METROPOLITAN NASHVILLE POLICE DEPT,20160937137,Davidson,Nashville,10/20/2016 11:13:00 AM,2,0,0,36.156310,-86.807250,CHARLOTTE AV,,,,0.00,,,22ND AVN,,,,0.00,Y,Four-Way, ,Intersection-Related,None,,,         ,Phillip,Murphy,Clear,"Sideswipe, Opposite Direction",no,no,no,no,no,False
101418176,METROPOLITAN NASHVILLE POLICE DEPT,20160937392,Davidson,Nashville,10/20/2016 12:32:00 PM,3,0,0,36.110640,-86.767040,POWELL AV,,,,122.00,Feet,South,OLD POWELL AV,,,,0.00,N,Not at Intersection, ,Non-Junction,None,,,         ,Nathan,Kemp,Clear,Front to Rear,no,no,no,no,no,False
101418215,METROPOLITAN NASHVILLE POLICE DEPT,20160934183,Davidson,Nashville,10/19/2016 2:24:00 PM,2,0,0,36.161020,-86.777200,BROADWAY,,,,0.00,Feet,,4TH AVN,,,,0.00,Y,Four-Way, ,Intersection,None,,,         ,Shawn,Taylor,Clear,"Sideswipe, Same Direction",no,no,no,no,no,False
101418217,METROPOLITAN NASHVILLE POLICE DEPT,20160937517,Davidson,Nashville,10/20/2016 1:12:00 PM,2,0,0,36.152070,-86.845700,CHARLOTTE AV,,,,83.00,Feet,East,49TH AVN,,,,0.00,N,Not at Intersection, ,Non-Junction,None,,,         ,Curtis,Rich,Rain,Front to Rear,no,no,no,no,no,False
101418224,METROPOLITAN NASHVILLE POLICE DEPT,20160937406,Davidson,Nashville,10/20/2016 12:54:00 PM,1,1,0,36.083340,-86.702050,WALLACE RD,,,,356.00,Feet,North,LINBAR DR,,,,0.00,N,Not at Intersection,N,Non-Junction,None,,,         ,Brian,Lamb,Cloudy,Not Collision with Motor Vehicle in Transport,no,no,no,no,no,False
101418229,METROPOLITAN NASHVILLE POLICE DEPT,20160936559,Davidson,Antioch,10/20/2016 7:00:00 AM,1,0,0,36.037650,-86.600990,MURFREESBORO PKE,,,,776.00,Feet,South,OLD HICKORY BLVD,,,,0.00,N,Not at Intersection,N,Non-Junction,None,,,         ,Brandon,O'Guin,Clear,Not Collision with Motor Vehicle in Transport,no,no,no,no,no,False
101418236,METROPOLITAN NASHVILLE POLICE DEPT,20160937438,Davidson,Nashville,10/20/2016 1:00:00 PM,2,1,0,36.183670,-86.748440,GALLATIN AV,,,,57.00,Feet,South,EASTLAND AV,,,,0.00,N,Not at Intersection,N,Non-Junction,None,,,         ,Eric,Knight,Cloudy,"Sideswipe, Same Direction",no,no,no,no,no,False
101418241,METROPOLITAN NASHVILLE POLICE DEPT,20160937138,Davidson,Madison,10/20/2016 11:30:00 AM,2,0,0,36.264210,-86.734140,OLD HICKORY BLVDW,,,,80.00,Feet,West,HEAD DR,,,,0.00,N,Not at Intersection, ,Non-Junction,None,,,         ,Terrence,Bradley,Clear,"Sideswipe, Same Direction",no,no,no,no,no,False
101418247,METROPOLITAN NASHVILLE POLICE DEPT,20160937179,Davidson,Nashville,10/20/2016 11:31:00 AM,2,0,0,36.037400,-86.786570,FRANKLIN PKE,,,,0.00,,,OLD HICKORY BLVD,,,,0.00,Y,Four-Way,N,Intersection-Related,None,,,         ,Phillip,Murphy,Cloudy,"Sideswipe, Same Direction",no,no,no,no,yes,False
101418248,METROPOLITAN NASHVILLE POLICE DEPT,20160937483,Davidson,Nashville,10/20/2016 1:13:00 PM,2,0,0,36.157130,-86.803560,CHARLOTTE AV,,,,15.00,Feet,East,20TH AVN,,,,0.00,N,Not at Intersection, ,Non-Junction,None,,,         ,Phillip,Murphy,Rain,Front to Rear,no,no,no,no,no,False
101418250,METROPOLITAN NASHVILLE POLICE DEPT,20160937602,Davidson,Nashville,10/20/2016 1:48:00 PM,2,0,0,36.151370,-86.799330,20TH AVS,,,,0.00,,,WEST END AV,,,,0.00,Y,Four-Way, ,,None,,,         ,Nathan,Kemp,,,no,no,no,no,no,Campus
101418252,METROPOLITAN NASHVILLE POLICE DEPT,20160937626,Davidson,Nashville,10/20/2016 1:47:00 PM,2,0,0,36.074430,-86.745970,BLACKMAN RD,,,,0.00,,,DANBY DR,,,,0.00,Y,Four-Way, ,Intersection-Related,None,,,         ,Kevin,Crawford,Rain,Front to Rear,no,no,no,no,no,False
101418253,METROPOLITAN NASHVILLE POLICE DEPT,20160937498,Davidson,Nashville,10/20/2016 1:21:00 PM,2,0,0,36.164770,-86.826260,ALAMEDA ST,,,,39.00,Feet,East,33RD AVN,,,,0.00,N,Not at Intersection,N,Non-Junction,None,,,         ,Darryl,Morton,Cloudy,Front to Rear,no,no,no,no,yes,False
101418254,METROPOLITAN NASHVILLE POLICE DEPT,20160937497,Davidson,Nashville,10/20/2016 1:21:00 PM,2,0,0,36.081630,-86.758320,TROUSDALE DR,,,,191.00,Feet,North,HARDING PL,,,,0.00,N,Not at Intersection,N,Non-Junction,None,,,         ,Amanda,Fox,Cloudy,"Sideswipe, Opposite Direction",no,no,no,yes,yes,False
101418261,METROPOLITAN NASHVILLE POLICE DEPT,20160937504,Davidson,Nashville,10/20/2016 1:21:00 PM,3,0,0,36.139430,-86.729220,I 24,,,,0.00,,,,,,,51.50,N,Not at Intersection, ,Non-Junction,None,,,         ,William,Waters,Rain,Front to Rear,no,no,no,no,no,False
101418263,METROPOLITAN NASHVILLE POLICE DEPT,20160937655,Davidson,Nashville,10/20/2016 2:00:00 PM,1,0,0,36.207690,-86.723110,RIVERSIDE DR,,,,97.00,Feet,North,KIRKLAND AV,,,,0.00,N,Not at Intersection,N,Non-Junction,None,,,         ,Erik,Nash,Rain,Not Collision with Motor Vehicle in Transport,no,no,no,no,no,False
101418284,METROPOLITAN NASHVILLE POLICE DEPT,2016-0918619,Davidson,Nashville,10/14/2016 11:05:00 AM,2,1,0,36.151800,-86.771250,LAFAYETTE ST,,,,0.00,,,4TH AVS,,,,0.00,Y,Four-Way,N,Intersection,None,,,         ,William,Vincion,Clear,Angle,no,no,no,no,no,False
101418291,METROPOLITAN NASHVILLE POLICE DEPT,20160937275,Davidson,Nashville,10/20/2016 11:57:00 AM,3,1,0,36.024930,-86.632500,I 24,,,,0.00,,,,,,,61.60,N,Not at Intersection,N,Non-Junction,None,,,         ,Randall,Combs,Cloudy,Angle,no,no,no,no,no,False
101418298,METROPOLITAN NASHVILLE POLICE DEPT,20160937659,Davidson,Nashville,10/20/2016 2:19:00 PM,2,0,0,36.161520,-86.681300,MCGAVOCK PKE,,,,135.00,Feet,South,TAMWORTH DR,,,,0.00,N,Not at Intersection, ,Non-Junction,None,,,         ,Wesley,Young,Cloudy,Front to Rear,no,no,no,no,no,False
101418328,METROPOLITAN NASHVILLE POLICE DEPT,20160937747,Davidson,Nashville,10/20/2016 3:01:00 PM,2,1,0,36.130950,-86.801630,21ST AVS,,,,131.00,Feet,South,BERNARD AV,,,,0.00,N,Not at Intersection,N,Non-Junction,None,,,         ,Tien,Nguyen,Cloudy,Front to Rear,no,no,no,no,no,False
101418338,METROPOLITAN NASHVILLE POLICE DEPT,20160937755,Davidson,Nashville,10/20/2016 2:45:00 PM,2,0,0,36.163600,-86.600610,BELL RD,,,,0.00,,,ARBOR LAKE BLVD,,,,0.00,Y,T-Intersection, ,Intersection,None,,,         ,John,Kelley,Cloudy,Front to Rear,no,no,no,no,no,False
101418344,METROPOLITAN NASHVILLE POLICE DEPT,20160937721,Davidson,Nashville,10/20/2016 1:15:00 PM,1,0,0,36.231290,-86.827870,BRILEY PKWYE,,,,584.00,Feet,North,BRILEY PKWYW,,,,0.00,N,Not at Intersection,N,Non-Junction,None,,,         ,Brandon,Rardin,Rain,Not Collision with Motor Vehicle in Transport,no,no,no,no,no,False
101418347,METROPOLITAN NASHVILLE POLICE DEPT,20160937614,Davidson,Nashville,10/20/2016 1:54:00 PM,2,2,0,36.084000,-86.656230,PICCADILLY ROW,,,,0.00,,,WHITE MOUNTAIN LN,,,,0.00,Y,OTHER,N,Intersection,None,,,         ,David,Simmonds,Cloudy,Angle,no,no,no,no,no,False
101418363,METROPOLITAN NASHVILLE POLICE DEPT,20160937924,Davidson,Nashville,10/20/2016 4:03:00 PM,2,0,0,36.177540,-86.616720,CENTRAL PKE,,,,0.00,,,JAMES KAY LN,,,,0.00,Y,T-Intersection,N,Intersection,None,,,         ,Wesley,Young,Rain,"Sideswipe, Same Direction",no,no,no,no,yes,False
101418364,METROPOLITAN NASHVILLE POLICE DEPT,20160937865,Davidson,Nashville,10/20/2016 2:21:00 PM,2,0,0,36.073220,-86.759100,TROUSDALE DR,,,,50.00,Feet,South,BRAMBLEWOOD DR,,,,0.00,N,Not at Intersection, ,Non-Junction,None,,,         ,Miguel,Garcia,Clear,Front to Rear,no,no,no,no,yes,False
101418371,METROPOLITAN NASHVILLE POLICE DEPT,20160937771,Davidson,Nashville,10/20/2016 3:00:00 PM,2,0,0,36.163130,-86.777010,3RD AVN,,,,95.00,Feet,North,COMMERCE ST,,,,0.00,N,Not at Intersection,N,Non-Junction,None,,,         ,Michael,Baron,Clear,Front to Rear,no,no,no,no,no,False
101418372,METROPOLITAN NASHVILLE POLICE DEPT,20160937691,Davidson,Nashville,10/20/2016 2:03:00 PM,2,1,0,36.221700,-86.761670,HART LN,,,,0.00,,,DICKERSON PKE,,,,0.00,Y,T-Intersection,N,Non-Junction,None,,,         ,Hunter,Fikes,Cloudy,Front to Rear,no,no,no,no,no,False