master_record_number,agency,agency_tracking_number,county,city,collision_date,vehicles_involved,number_injured,number_dead,latitude,longitude,roadway_name,roadway_suffix,roadway_number,roadway_local_id,distance_from_reference,miles-feet_indicator,direction_from_reference,intersection_road_name,intersection_road_name_suffix,intersection_road_number,intersection_local_id,mile_marker,intersection_indicator,intersect_type,interchange_related_indicator,relation_to_junction,work_zone_type,construction_maintenance_zone,construction_maintenance_zone_location,fatal_case_number,officer_first_name,officer_last_name,weather_condition(s),manner_of_crash,pedestrian,bicycle,scooter,parking,hitrun,mou
101418387,METROPOLITAN NASHVILLE POLICE DEPT,20160937891,Davidson,Nashville,10/20/2016 3:52:00 PM,2,0,0,36.103030,-86.883800,BROOK HOLLOW RD,,,,100.00,Feet,North,CHURCHILL CT,,,,0.00,N,Not at Intersection, ,Non-Junction,None,,,         ,Walter,Gray II,Rain,Not Collision with Motor Vehicle in Transport,no,no,no,no,yes,False
101418407,METROPOLITAN NASHVILLE POLICE DEPT,20160937872,Davidson,Nashville,10/20/2016 3:40:00 PM,2,1,0,36.231890,-86.801600,EWING DR,,,,0.00,,,CLAYMILLE BLVD,,,,0.00,Y,T-Intersection,N,Intersection-Related,None,,,         ,Brandon,Rardin,Rain,"Sideswipe, Same Direction",no,no,no,no,yes,False
101418414,VANDERBILT UNIVERSITY POLICE,2016-0937931,Davidson,Nashville,10/20/2016 3:25:00 PM,1,0,0,36.142880,-86.803670,GARLAND AV,,,,0.00,,,,,,,0.00,,, ,Non-Junction,None,,,         ,Robert,Skucy,Rain,Not Collision with Motor Vehicle in Transport,no,no,no,yes,no,Campus
101418417,METROPOLITAN NASHVILLE POLICE DEPT,20160937658,Davidson,Nashville,10/20/2016 2:15:00 PM,2,1,0,36.144500,-86.794220,17TH AVS,,,,365.00,Feet,North,EDGEHILL AV,,,,0.00,N,Not at Intersection,N,Non-Junction,None,,,         ,Conner,Harris,Cloudy,"Sideswipe, Same Direction",no,no,no,no,no,Campus
101418429,METROPOLITAN NASHVILLE POLICE DEPT,20160938085,Davidson,Nashville,10/20/2016 4:56:00 PM,2,0,0,36.082100,-86.761700,HARDING PL,,,,0.00,,,SIDCO DR,,,,0.00,Y,Four-Way, ,Non-Junction,None,,,         ,Miguel,Garcia,Clear,Front to Rear,no,no,no,no,no,False
101418438,METROPOLITAN NASHVILLE POLICE DEPT,2016-0937971,Davidson,Nashville,10/20/2016 4:11:00 PM,2,0,0,36.077830,-86.781980,OVERTON LEA RD,,,,0.00,,,TYNE BLVD,,,,0.00,Y,T-Intersection, ,Intersection,None,,,         ,William,King,Rain,Angle,no,no,no,no,no,False
101418439,METROPOLITAN NASHVILLE POLICE DEPT,20160937923,Davidson,Nashville,10/20/2016 4:02:00 PM,3,0,0,36.081430,-86.726900,NOLENSVILLE PKE,,,,443.00,Feet,South,WELSHWOOD DR,,,,0.00,N,Not at Intersection,N,Non-Junction,None,,,         ,Tien,Nguyen,Rain,Angle,no,no,no,no,no,False
101418442,METROPOLITAN NASHVILLE POLICE DEPT,20160938076,Davidson,Nashville,10/20/2016 12:00:00 AM,2,0,0,36.197620,-86.709950,WELCOME LN,,,,300.00,Feet,North,VALLEY PARK DR,,,,0.00,N,Not at Intersection, ,Non-Junction,None,,,         ,Colin,Bleem,Rain,Angle,no,no,no,no,no,False
101418443,METROPOLITAN NASHVILLE POLICE DEPT,20160937997,Davidson,Nashville,10/20/2016 4:29:00 PM,2,1,0,36.155680,-86.789740,14TH AVN,,,,0.00,,,BROADWAY,,,,0.00,Y,Four-Way,N,Intersection,None,,,         ,Eric,Burford,Rain,Angle,no,no,no,no,no,False
101418444,METROPOLITAN NASHVILLE POLICE DEPT,20160937895,Davidson,Nashville,10/20/2016 3:50:00 PM,2,0,0,36.242060,-86.761980,DOVERSIDE DR,,,,273.00,Feet,East,BRILEY PKWYW,,,,0.00,N,Not at Intersection,N,Non-Junction,None,,,         ,Rudy,Basaldua,Rain,"Sideswipe, Opposite Direction",no,no,no,no,no,False
101418445,METROPOLITAN NASHVILLE POLICE DEPT,20160938020,Davidson,Nashville,10/20/2016 12:00:00 AM,2,1,0,36.159940,-86.801480,DR D B TODD JR BLVD,,,,284.00,Feet,North,PEARL ST,,,,0.00,N,Not at Intersection,N,Non-Junction,None,,,         ,Adam,Gartner,Cloudy,Front to Rear,no,no,no,no,no,False
101418446,METROPOLITAN NASHVILLE POLICE DEPT,2016-0938069,Davidson,Nashville,10/20/2016 4:55:00 PM,2,0,0,36.060730,-86.916150,HIGHWAY 100,,,,0.00,Feet,,OLD HICKORY BLVD,,,,0.00,Y,T-Intersection, ,Intersection,None,,,         ,Ryan,Allen,Cloudy,Front to Rear,no,no,no,no,no,False
101418455,METROPOLITAN NASHVILLE POLICE DEPT,20160938055,Davidson,Nashville,10/20/2016 4:35:00 PM,2,0,0,36.163870,-86.786620,CHARLOTTE AV,,,,0.00,Feet,,ROSA L PARKS BLVD,,,,0.00,Y,Y-Intersection, ,Intersection,None,,,         ,Jason,King,Rain,Front to Rear,no,no,no,no,no,False
101418456,METROPOLITAN NASHVILLE POLICE DEPT,20160938175,Davidson,Nashville,10/20/2016 5:09:00 PM,2,0,0,36.083250,-86.761610,SIDCO DR,,,,25.00,Feet,South,CSX DR,,,,0.00,N,Not at Intersection,N,Non-Junction,None,,,         ,Miguel,Garcia,Rain,Angle,no,no,no,no,no,False
101418458,METROPOLITAN NASHVILLE POLICE DEPT,20160937081,Davidson,Nashville,10/20/2016 12:05:00 PM,2,0,0,36.062940,-86.716910,NOLENSVILLE PKE,,,,13.00,Feet,North,FAIRLANE DR,,,,0.00,N,Not at Intersection,N,Non-Junction,None,,,         ,Jessie,Meadows,Clear,HeadOn,no,no,no,no,no,False
101418459,METROPOLITAN NASHVILLE POLICE DEPT,20160937359,Davidson,Nashville,10/20/2016 1:24:00 PM,2,0,0,36.116710,-86.748160,NOLENSVILLE PKE,,,,83.00,Feet,North,JOYNER AV,,,,0.00,N,Not at Intersection, ,Non-Junction,None,,,         ,Jessie,Meadows,Clear,Front to Rear,no,no,no,no,no,False
101418460,METROPOLITAN NASHVILLE POLICE DEPT,20160936954,Davidson,Nashville,10/20/2016 1:37:00 PM,2,0,0,36.045400,-86.703240,OLD HICKORY BLVD,,,,110.00,Feet,East,EULALA DR,,,,0.00,N,Not at Intersection, ,Non-Junction,None,,,         ,Jessie,Meadows,Clear,Front to Rear,no,no,no,no,no,False
101418461,METROPOLITAN NASHVILLE POLICE DEPT,20160935095,Davidson,Not in City Limit,10/19/2016 7:15:00 PM,1,0,0,36.221530,-86.971450,ASHLAND CITY HWY,,,,1980.00,Feet,East,BULL RUN RD,,,,0.00,N,Not at Intersection, ,Non-Junction,None,,,         ,Jessie,Meadows,Clear,Not Collision with Motor Vehicle in Transport,no,no,no,no,no,False
101418462,METROPOLITAN NASHVILLE POLICE DEPT,20160937647,Davidson,Nashville,10/20/2016 3:52:00 PM,2,0,0,36.099950,-86.711110,I 24,,,,0.00,,,,,,,54.55,N,Not at Intersection,N,Non-Junction,None,,,         ,Jessie,Meadows,Rain,"Sideswipe, Same Direction",no,no,no,no,no,False
101418463,METROPOLITAN NASHVILLE POLICE DEPT,20160937935,Davidson,Nashville,10/20/2016 4:15:00 PM,3,0,0,36.098680,-86.710320,I 24,,,,0.00,,,,,,,54.65,N,Not at Intersection,N,Non-Junction,None,,,         ,Jessie,Meadows,Rain,Front to Rear,no,no,no,no,no,False
101418464,METROPOLITAN NASHVILLE POLICE DEPT,20160938174,Davidson,Nashville,10/20/2016 6:13:00 PM,1,0,0,36.053870,-86.667460,HICKORY HOLLOW PKWY,,,,1461.00,Feet,East,MT VIEW RD,,,,0.00,N,Not at Intersection,N,Non-Junction,None,,,         ,Jessie,Meadows,Rain,Not Collision with Motor Vehicle in Transport,no,no,no,no,no,False
101418465,METROPOLITAN NASHVILLE POLICE DEPT,20160938006,Davidson,Nashville,10/20/2016 4:30:00 PM,2,0,0,36.205720,-86.778010,BRICK CHURCH PKE,,,,0.00,,,I65 S ENT RAMP,,,,0.00,Y,Four-Way, ,,None,,,         ,Randy,Heinze,,,no,no,no,no,no,False
101418478,METROPOLITAN NASHVILLE POLICE DEPT,20160937644,Davidson,Nashville,10/20/2016 2:13:00 PM,2,0,0,36.230330,-86.743800,LEMONT DR,,,,0.00,,,BROADMOOR DR,,,,0.00,Y,Four-Way,N,Non-Junction,None,,,         ,Bonita,Blue,Cloudy,Angle,no,no,no,no,no,False
101418479,METROPOLITAN NASHVILLE POLICE DEPT,20160938140,Davidson,Nashville,10/20/2016 5:31:00 PM,2,0,0,36.139860,-86.727630,I 40,,,,0.00,,,,,,,213.25,N,Not at Intersection, ,,None,,,         ,Mikala,Moore,,,no,no,no,no,no,False
101418481,METROPOLITAN NASHVILLE POLICE DEPT,20160938207,Davidson,Nashville,10/20/2016 5:28:00 PM,2,0,0,36.109950,-86.770240,I 65,,,,0.00,,,,,,,79.75,N,Not at Intersection, ,Non-Junction,None,,,         ,Tien,Nguyen,Cloudy,"Sideswipe, Same Direction",no,no,no,no,no,False
101418483,METROPOLITAN NASHVILLE POLICE DEPT,20160938000,Davidson,Nashville,10/20/2016 4:20:00 PM,3,0,0,36.076730,-86.681930,ANTIOCH PKE,,,,83.00,Feet,South,LUNA DR,,,,0.00,N,Not at Intersection,N,Non-Junction,None,,,         ,Sharissa,Perez,Rain,Rear to Side,no,no,no,no,no,False
101418486,METROPOLITAN NASHVILLE POLICE DEPT,20160937962,Davidson,Not in City Limit,10/20/2016 4:16:00 PM,3,2,0,36.007770,-86.666820,PETTUS RD,,,,284.00,Feet,West,OLD HICKORY BLVD,,,,0.00,N,Not at Intersection,N,Non-Junction,None,,,         ,Joseph,Progar,Rain,HeadOn,no,no,no,no,no,False
101418487,METROPOLITAN NASHVILLE POLICE DEPT,20160938083,Davidson,Nashville,10/20/2016 4:45:00 PM,2,0,0,36.125060,-86.816030,SHARONDALE DR,,,,0.00,,,WOODLAWN DR,,,,0.00,Y,Four-Way, ,Intersection-Related,None,,,         ,Franklin,Taylor,Cloudy,Angle,no,no,no,no,no,False
101418492,METROPOLITAN NASHVILLE POLICE DEPT,20160938213,Davidson,Nashville,10/20/2016 5:22:00 PM,2,0,0,36.069120,-86.693970,APACHE TRL,,,,172.00,Feet,South,HAYWOOD LN,,,,0.00,N,Not at Intersection, ,Non-Junction,None,,,         ,Andrew,Mullen,Cloudy,Angle,no,no,no,no,no,False
101418498,METROPOLITAN NASHVILLE POLICE DEPT,20160938231,Davidson,Nashville,10/20/2016 12:00:00 AM,2,0,0,36.168200,-86.816260,JEFFERSON ST,,,,0.00,,,I40 W ENT RAMP,,,,0.00,Y,T-Intersection,Y,Entrance/Exit Ramp Related,None,,,         ,Adam,Gartner,Cloudy,Angle,no,no,no,no,yes,False
101418499,METROPOLITAN NASHVILLE POLICE DEPT,20160938079,Davidson,Nashville,10/20/2016 5:00:00 PM,2,2,0,36.096690,-86.644920,SMITH SPRINGS RD,,,,1158.00,Feet,West,UNA RECREATION RD,,,,0.00,N,Not at Intersection,N,Non-Junction,None,,,         ,Noah,Melton,Rain,HeadOn,no,no,no,no,no,False
101418500,METROPOLITAN NASHVILLE POLICE DEPT,20160938002,Davidson,Nashville,10/20/2016 4:25:00 PM,1,0,0,36.141910,-86.640910,ELM HILL PKE,,,,88.00,Feet,West,TIMBER VALLEY DR,,,,0.00,N,Not at Intersection,N,Non-Junction,None,,,         ,Marcus,Mitchell,Cloudy,Not Collision with Motor Vehicle in Transport,no,no,no,no,no,False
101418501,METROPOLITAN NASHVILLE POLICE DEPT,20160938134,Davidson,Nashville,10/20/2016 12:00:00 AM,1,2,0,36.241500,-86.750290,I65 S EXT RAMP,,,,0.00,Feet,East,I 65,,,,0.00,N,Not at Intersection,Y,Non-Junction,None,,,         ,Gordon,Stovall,Cloudy,Not Collision with Motor Vehicle in Transport,no,no,no,no,no,False
101418502,METROPOLITAN NASHVILLE POLICE DEPT,20160938270,Davidson,Nashville,10/20/2016 6:29:00 PM,2,0,0,36.158570,-86.781890,8TH AVS,,,,132.00,Feet,South,BROADWAY,,,,0.00,N,Not at Intersection, ,,None,,,         ,Wesley,Feinstein,,,no,no,no,no,no,False
101418503,METROPOLITAN NASHVILLE POLICE DEPT,20160903552,Davidson,Nashville,10/9/2016 10:00:00 AM,2,0,0,36.140460,-86.791130,15TH AVS,,,,0.00,,,HORTON AV,,,,0.00,Y,OTHER, ,Non-Junction,None,,,         ,Edward,Rucker,Clear,"Sideswipe, Same Direction",no,no,no,no,no,False
101418507,METROPOLITAN NASHVILLE POLICE DEPT,20160938248,Davidson,Nashville,10/20/2016 5:21:00 PM,2,0,0,36.140360,-86.666440,I40 E EXT RAMP,,,,0.00,,,DONELSON PKE,,,,0.00,Y,Y-Intersection, ,Entrance/Exit Ramp Related,None,,,         ,Jaby,Djabbarov,Rain,"Sideswipe, Same Direction",no,no,no,no,no,False
101418509,METROPOLITAN NASHVILLE POLICE DEPT,20160938137,Davidson,Nashville,10/20/2016 4:25:00 PM,2,0,0,36.170170,-86.807360,I 40,,,,0.00,,,,,,,207.25,N,Not at Intersection, ,Non-Junction,None,,,         ,Jessie,Freeland,Rain,Front to Rear,no,no,no,no,no,False
101418510,METROPOLITAN NASHVILLE POLICE DEPT,20160938301,Davidson,Nashville,10/20/2016 6:29:00 PM,2,0,0,36.139350,-86.819100,ORLEANS DR,,,,0.00,Feet,,WEST END AV,,,,0.00,Y,Four-Way,N,Intersection-Related,None,,,         ,Tien,Nguyen,Rain,Front to Rear,no,no,no,no,no,False
101418519,METROPOLITAN NASHVILLE POLICE DEPT,20160938197,Davidson,Nashville,10/20/2016 6:02:00 PM,2,1,0,36.176790,-86.801110,I40 E ENT RAMP,,,,0.00,Feet,East,I 65,,,,0.00,N,Not at Intersection,N,Entrance/Exit Ramp Related,None,,,         ,Zachary,Ronan,Cloudy,Front to Rear,no,no,no,no,no,False
101418537,METROPOLITAN NASHVILLE POLICE DEPT,20160938447,Davidson,Nashville,10/20/2016 7:01:00 PM,2,0,0,36.115590,-86.773180,I 65,,,,0.00,,,,,,,80.15,N,Not at Intersection, ,Non-Junction,None,,,         ,Tien,Nguyen,Rain,"Sideswipe, Same Direction",no,no,no,no,no,False
101418538,METROPOLITAN NASHVILLE POLICE DEPT,20160938153,Davidson,Nashville,10/20/2016 5:33:00 PM,2,0,0,36.158720,-86.818530,28TH AVE N,,,,0.00,,,CLIFTON AVE,,,,0.00,Y,Four-Way, ,Intersection,None,,,         ,Brandon,Rardin,Rain,Angle,no,no,no,no,no,False
101418539,METROPOLITAN NASHVILLE POLICE DEPT,20160938332,Davidson,Nashville,10/20/2016 6:45:00 PM,2,0,0,36.086150,-86.699620,HARDING PL,,,,297.00,Feet,West,I24 W ENT RAMP,,,,0.00,N,Not at Intersection,N,Non-Junction,None,,,         ,Michael,Russell,Rain,Front to Rear,no,no,no,no,no,False
101418540,METROPOLITAN NASHVILLE POLICE DEPT,20160937716,Davidson,Not in City Limit,10/20/2016 1:22:00 PM,2,0,0,36.307780,-86.681200,RIVERCHASE BLVD,,,,135.00,Feet,North,NORTHSIDE MARKETPLACE PVTDR,,,,0.00,N,Not at Intersection, ,Non-Junction,None,,,         ,Samuel,Miller,Rain,Angle,no,no,no,no,no,False
101418541,METROPOLITAN NASHVILLE POLICE DEPT,20160937819,Davidson,Not in City Limit,10/20/2016 3:24:00 PM,2,1,0,36.278420,-86.709230,GALLATIN PKEN,,,,345.00,Feet,West,ONE MILE PKWY,,,,0.00,N,Not at Intersection,N,Non-Junction,None,,,         ,Samuel,Miller,Cloudy,Front to Rear,no,no,no,no,no,False
101418542,METROPOLITAN NASHVILLE POLICE DEPT,20160934835,Davidson,Nashville,10/19/2016 5:00:00 PM,2,0,0,36.080400,-86.717930,RECOVERY RD,,,,0.00,,,HARDING PL,,,,0.00,Y,Four-Way, ,Intersection,None,,,         ,Michael,Russell,Clear,HeadOn,no,no,no,no,no,False
101418553,METROPOLITAN NASHVILLE POLICE DEPT,20160938369,Davidson,Nashville,10/20/2016 6:51:00 PM,2,0,0,36.079370,-86.632570,BELL RD,,,,0.00,,,EDGE O LAKE DR,,,,0.00,Y,Four-Way,N,Intersection,None,,,         ,Michael,Apsey,Cloudy,Angle,no,no,no,no,yes,False
101418554,METROPOLITAN NASHVILLE POLICE DEPT,20160938355,Davidson,Nashville,10/20/2016 6:49:00 PM,1,0,0,36.072710,-86.636980,MURFREESBORO PKE,,,,386.00,Feet,North,BELL RD,,,,0.00,N,Not at Intersection,N,Non-Junction,None,,,         ,Michael,Apsey,Cloudy,Not Collision with Motor Vehicle in Transport,no,no,no,no,yes,False
101418555,METROPOLITAN NASHVILLE POLICE DEPT,20160938162,Davidson,Not in City Limit,10/20/2016 4:59:00 PM,2,0,0,36.274500,-86.895430,EATONS CREEK RD,,,,341.00,Feet,North,LITTLE MARROWBONE RD,,,,0.00,N,Not at Intersection,N,Non-Junction,None,,,         ,Jamal,Jarvis,Cloudy,Angle,no,no,no,no,no,False
101418559,METROPOLITAN NASHVILLE POLICE DEPT,20160938206,Davidson,Nashville,10/20/2016 4:50:00 PM,2,1,0,36.116240,-86.791740,GRANNY WHITE PKE,,,,320.00,Feet,South,BATTLEFIELD DR,,,,0.00,N,Not at Intersection,N,Non-Junction,None,,,         ,Conner,Harris,Rain,Front to Rear,no,no,no,no,no,False
101418562,METROPOLITAN NASHVILLE POLICE DEPT,20160938512,Davidson,Nashville,10/20/2016 6:58:00 PM,2,0,0,36.134520,-86.782390,WEDGEWOOD AV,,,,0.00,,,ELLIOTT AV,,,,0.00,Y,T-Intersection, ,Intersection-Related,None,,,         ,Tien,Nguyen,Rain,"Sideswipe, Same Direction",no,no,no,no,no,False
101418569,METROPOLITAN NASHVILLE POLICE DEPT,20160938192,Davidson,Nashville,10/20/2016 4:15:00 PM,2,0,0,36.164910,-86.817920,27TH AVE N,,,,0.00,,,ALBION ST,,,,0.00,Y,OTHER,N,OtherLocation,None,,,         ,Brandon,Rardin,Rain,"Sideswipe, Opposite Direction",no,no,no,no,yes,False
101418571,METROPOLITAN NASHVILLE POLICE DEPT,20160938376,Davidson,Nashville,10/20/2016 5:20:00 PM,2,0,0,36.068620,-86.676100,RICHARDS RD,,,,42.00,Feet,East,WAIKIKI BLVD,,,,0.00,N,Not at Intersection,N,Non-Junction,None,,,         ,Richard,Olive,Rain,Front to Rear,no,no,no,no,yes,False
101418572,VANDERBILT UNIVERSITY POLICE,2016-0938329,Davidson,Nashville,10/20/2016 6:20:00 PM,1,2,0,36.140080,-86.805150,PIERCE AV,,,,0.00,,,24TH AVS,,,,0.00,Y,Four-Way,N,Non-Junction,None,,,         ,Robert,Skucy,Cloudy,Not Collision with Motor Vehicle in Transport,yes,no,no,no,no,Campus
101418575,METROPOLITAN NASHVILLE POLICE DEPT,20160937952,Davidson,Nashville,10/20/2016 4:12:00 PM,2,4,0,36.249580,-86.686580,NEELYS BEND RD,,,,0.00,,,LARKIN SPRINGS RD,,,,0.00,Y,T-Intersection,Y,Intersection,None,,,         ,Samuel,Miller,Rain,Angle,no,no,no,no,no,False
101418576,METROPOLITAN NASHVILLE POLICE DEPT,20160938239,Davidson,Goodlettsville,10/20/2016 6:19:00 PM,2,0,0,36.296550,-86.698890,MYATT DR,,,,155.00,Feet,South,GALLATIN PKEN,,,,0.00,N,Not at Intersection, ,Non-Junction,None,,,         ,Samuel,Miller,Cloudy,Angle,no,no,no,no,no,False
101418577,METROPOLITAN NASHVILLE POLICE DEPT,20160938326,Davidson,Nashville,10/20/2016 6:45:00 PM,2,0,0,36.162770,-86.819560,28TH AVN,,,,63.00,Feet,North,I40 E ENT RAMP,,,,0.00,N,Not at Intersection,N,Non-Junction,None,,,         ,Roy,Sain Jr.,Cloudy,Front to Rear,no,no,no,no,no,False
101418586,METROPOLITAN NASHVILLE POLICE DEPT,20160938225,Davidson,Nashville,10/20/2016 6:00:00 PM,2,0,0,36.170170,-86.806370,I 40,,,,0.00,,,,,,,207.30,N,Not at Intersection,N,Non-Junction,None,,,         ,Matthew,Dixon,Cloudy,Front to Rear,no,no,no,no,no,False
101418588,METROPOLITAN NASHVILLE POLICE DEPT,20160938005,Davidson,Nashville,10/20/2016 4:35:00 PM,2,0,0,36.132150,-86.774390,I 65,,,,0.00,,,,,,,81.20,N,Not at Intersection, ,Non-Junction,None,,,         ,Akira,McSwain,Rain,Angle,no,no,no,no,no,False
101418590,METROPOLITAN NASHVILLE POLICE DEPT,20160938273,Davidson,Nashville,10/20/2016 6:30:00 PM,2,0,0,36.118660,-86.801420,I 440,,,,0.00,,,,,,,3.10,N,Not at Intersection,N,Non-Junction,None,,,         ,Akira,McSwain,Rain,Front to Rear,no,no,no,no,no,False
101418592,METROPOLITAN NASHVILLE POLICE DEPT,20160938299,Davidson,Nashville,10/20/2016 6:43:00 PM,2,0,0,36.040350,-86.768970,OLD HICKORY BLVD,,,,177.00,Feet,West,SEVEN SPRINGS WAY,,,,0.00,N,Not at Intersection, ,Non-Junction,None,,,         ,Jacob,Masteller,Clear,Front to Rear,no,no,no,no,no,False
101418602,METROPOLITAN NASHVILLE POLICE DEPT,20160938379,Davidson,Nashville,10/20/2016 7:05:00 PM,2,0,0,36.126800,-86.814980,I 440,,,,0.00,,,,,,,2.25,N,Not at Intersection, ,Non-Junction,None,,,         ,Franklin,Taylor,Cloudy,Front to Rear,no,no,no,no,no,False
101418607,METROPOLITAN NASHVILLE POLICE DEPT,2016-0938500,Davidson,Nashville,10/20/2016 7:57:00 PM,2,0,0,36.156030,-86.788790,BROADWAY,,,,0.00,,,I40 W ENT RAMP,,,,0.00,Y,Four-Way, ,Intersection-Related,None,,,         ,Michael,Schlegel,Rain,Front to Rear,no,no,no,no,no,False
101418609,METROPOLITAN NASHVILLE POLICE DEPT,2016-0938167,Davidson,Nashville,10/20/2016 4:27:00 PM,2,0,0,36.089500,-86.804480,HARDING PL,,,,450.00,Feet,West,BATTERY LN,,,,0.00,N,Not at Intersection, ,Non-Junction,None,,,         ,William,King,Cloudy,Front to Rear,no,no,no,no,no,False
101418617,METROPOLITAN NASHVILLE POLICE DEPT,20160938358,Davidson,Nashville,10/20/2016 6:47:00 PM,2,0,0,36.176960,-86.751430,S 10TH ST,,,,0.00,,,WOODLAND ST,,,,0.00,Y,Four-Way,N,Intersection,None,,,         ,Whitney,Arnold,Clear,Front to Rear,no,no,no,no,no,False
101418618,METROPOLITAN NASHVILLE POLICE DEPT,20160938411,Davidson,Nashville,10/20/2016 7:22:00 PM,2,0,0,36.162230,-86.774360,BROADWAY,,,,0.00,,,1ST AVN,,,,0.00,Y,T-Intersection,N,Intersection-Related,None,,,         ,Ruben,Mariano,Cloudy,"Sideswipe, Opposite Direction",no,no,no,no,yes,False
101418620,METROPOLITAN NASHVILLE POLICE DEPT,20160938246,Davidson,Nashville,10/20/2016 6:13:00 PM,2,0,0,36.154630,-86.779160,LAFAYETTE ST,,,,0.00,,,8TH AVS,,,,0.00,Y,Roundabout, ,Intersection-Related,None,,,         ,Jason,Thomas,Rain,"Sideswipe, Same Direction",no,no,no,no,no,False
101418632,METROPOLITAN NASHVILLE POLICE DEPT,20160938517,Davidson,Nashville,10/20/2016 12:00:00 AM,2,0,0,36.153350,-86.757730,LEWIS ST,,,,0.00,Feet,East,OLD HERMITAGE AV,,,,0.00,N,Not at Intersection, ,Non-Junction,None,,,         ,Craig,Gentry,Rain,Other,no,no,no,no,no,False
101418640,METROPOLITAN NASHVILLE POLICE DEPT,20160938632,Davidson,Nashville,10/20/2016 8:46:00 PM,2,0,0,36.119890,-86.808530,HILLSBORO PKE,,,,131.00,Feet,North,STOKES LN,,,,0.00,N,Not at Intersection, ,Non-Junction,None,,,         ,Tien,Nguyen,Rain,Front to Rear,no,no,no,no,no,False
101418666,METROPOLITAN NASHVILLE POLICE DEPT,2016-0938473,Davidson,Not in City Limit,10/20/2016 7:27:00 PM,2,0,0,35.996730,-86.690030,CONCORD RD,,,,25.00,Feet,South,NOLENSVILLE PKE,,,,0.00,N,Not at Intersection, ,Non-Junction,None,,,         ,William,King,Clear,"Sideswipe, Same Direction",no,no,no,no,no,False
101418669,METROPOLITAN NASHVILLE POLICE DEPT,20160938501,Davidson,Nashville,10/20/2016 7:20:00 PM,2,0,0,36.109760,-86.721880,I 24,,,,0.00,,,,,,,53.70,N,Not at Intersection, ,Non-Junction,None,,,         ,Benjamin,Froehlich,Rain,Front to Rear,no,no,no,no,no,False
101418675,METROPOLITAN NASHVILLE POLICE DEPT,20160938333,Davidson,Nashville,10/20/2016 6:52:00 PM,2,2,0,36.135420,-86.823040,I440 WEST END AV ENT RAMP,,,,0.00,Feet,East,WEST END AV,,,,0.00,N,Not at Intersection,N,Non-Junction,None,,,         ,Torian,Cox,Rain,Angle,no,no,no,no,no,False
101418682,VANDERBILT UNIVERSITY POLICE,16-0938607,Davidson,Nashville,10/20/2016 12:00:00 AM,2,0,0,36.140400,-86.814960,ORLEANS DR,,,,0.00,,,32ND AVS,,,,0.00,Y,T-Intersection, ,Intersection,None,,,         ,William,West,Unknown,"Sideswipe, Opposite Direction",no,no,no,no,yes,Campus
101418683,METROPOLITAN NASHVILLE POLICE DEPT,20160923437,Davidson,Nashville,10/16/2016 3:06:00 AM,1,1,0,36.158570,-86.795030,MCMILLIN ST,,,,130.00,Feet,North,HYNES ST,,,,0.00,N,Not at Intersection,N,Non-Junction,None,,,         ,Stephen,Waterman,Clear,Not Collision with Motor Vehicle in Transport,no,no,no,no,yes,False
101418684,METROPOLITAN NASHVILLE POLICE DEPT,20160923496,Davidson,Nashville,10/16/2016 3:15:00 AM,2,0,0,36.149480,-86.773120,I 40,,,,0.00,,,,,,,210.20,N,Not at Intersection,N,Non-Junction,None,,,         ,Stephen,Waterman,Clear,"Sideswipe, Same Direction",no,no,no,no,no,False
101418698,METROPOLITAN NASHVILLE POLICE DEPT,20160938306,Davidson,Nashville,10/20/2016 6:14:00 PM,2,0,0,36.217260,-86.699380,MCGAVOCK PKE,,,,0.00,,,OUTLET CENTER DR,,,,0.00,Y,T-Intersection,Y,Intersection,None,,,         ,Brian,Smith,Rain,Angle,no,no,no,no,no,False
101418699,METROPOLITAN NASHVILLE POLICE DEPT,20160938714,Davidson,Nashville,10/20/2016 9:31:00 PM,2,0,0,36.087920,-86.649320,MURFREESBORO PKE,,,,538.00,Feet,North,NASHBORO BLVD,,,,0.00,N,Not at Intersection,N,Non-Junction,None,,,         ,Jaby,Djabbarov,Rain,Rear to Side,no,no,no,yes,yes,False
101418701,METROPOLITAN NASHVILLE POLICE DEPT,20160938775,Davidson,Nashville,10/20/2016 8:29:00 PM,2,0,0,36.174630,-86.760670,MAIN ST,,,,100.00,Feet,East,N 7TH ST,,,,0.00,N,Not at Intersection,N,Non-Junction,None,,,         ,Whitney,Arnold,Clear,"Sideswipe, Same Direction",no,no,no,no,yes,False
101418704,METROPOLITAN NASHVILLE POLICE DEPT,20160938484,Davidson,Nashville,10/20/2016 7:45:00 PM,1,0,0,36.177870,-86.764320,SPRING ST ENT RAMP,,,,0.00,Feet,East,ELLINGTON PKWYS,,,,0.00,N,Not at Intersection, ,Entrance/Exit Ramp Related,None,,,         ,Micah,Wright,Rain,Not Collision with Motor Vehicle in Transport,no,no,no,no,no,False
101418707,METROPOLITAN NASHVILLE POLICE DEPT,20160938064,Davidson,Not in City Limit,10/20/2016 4:57:00 PM,2,0,0,36.276950,-86.796190,OLD HICKORY BLVD,,,,0.00,,,HICKORY HILLS BLVD,,,,0.00,Y,T-Intersection, ,,None,,,         ,Bradley,Campbell,,,no,no,no,no,no,False