master_record_number,agency,agency_tracking_number,county,city,collision_date,vehicles_involved,number_injured,number_dead,latitude,longitude,roadway_name,roadway_suffix,roadway_number,roadway_local_id,distance_from_reference,miles-feet_indicator,direction_from_reference,intersection_road_name,intersection_road_name_suffix,intersection_road_number,intersection_local_id,mile_marker,intersection_indicator,intersect_type,interchange_related_indicator,relation_to_junction,work_zone_type,construction_maintenance_zone,construction_maintenance_zone_location,fatal_case_number,officer_first_name,officer_last_name,weather_condition(s),manner_of_crash,pedestrian,bicycle,scooter,parking,hitrun,mou
101418734,METROPOLITAN NASHVILLE POLICE DEPT,20160938104,Davidson,Nashville,10/20/2016 4:25:00 PM,2,0,0,36.220610,-86.754220,HART LN,,,,0.00,,,JONES AV,,,,0.00,Y,T-Intersection, ,Intersection-Related,None,,,         ,Shawn,Rosson,Rain,Angle,no,no,no,no,no,False
101418754,METROPOLITAN NASHVILLE POLICE DEPT,20160938799,Davidson,Nashville,10/20/2016 12:00:00 AM,2,0,0,36.167010,-86.763730,S 4TH ST,,,,0.00,,,SHELBY AV,,,,0.00,Y,Four-Way,N,Intersection,None,,,         ,Robert,Croteau,Rain,Angle,no,no,no,no,no,False
101418755,METROPOLITAN NASHVILLE POLICE DEPT,20160938634,Davidson,Nashville,10/20/2016 8:58:00 PM,5,4,0,36.087430,-86.692210,ANTIOCH PKE,,,,0.00,Feet,,HARDING PL,,,,0.00,Y,Four-Way,N,Intersection,None,,,         ,Sharissa,Perez,Rain,HeadOn,no,no,no,no,no,False
101418770,METROPOLITAN NASHVILLE POLICE DEPT,20160938589,Davidson,Nashville,10/20/2016 8:40:00 PM,2,1,0,36.118200,-86.700280,US HWY 41,,,,0.00,,,STATE HWY 155,,,,0.00,Y,Four-Way,N,Non-Junction,None,,,         ,Oscar,Gomez,Rain,Front to Rear,no,no,no,no,no,False
101418784,METROPOLITAN NASHVILLE POLICE DEPT,20160938893,Davidson,Nashville,10/20/2016 11:00:00 PM,2,0,0,36.236550,-86.758080,DICKERSON PKE,,,,3.00,Feet,North,I65 N ENT RAMP,,,,0.00,N,Not at Intersection,N,Entrance/Exit Ramp Related,None,,,         ,Harris,Smith,Rain,Angle,no,no,no,no,no,False
101418785,GOODLETTSVILLE POLICE DEPT,16-36266,Davidson,Goodlettsville,10/20/2016 7:33:00 PM,2,0,0,36.306650,-86.696460,VIETNAM VETERANS BLVD NB EXT R,,,,621.00,Feet,West,VIETNAM VETERANS BLVD NB ENT R,,,,0.00,N,Not at Intersection,N,Entrance/Exit Ramp Related,None,,,         ,Stephen,Hodges,Clear,Front to Rear,no,no,no,no,yes,False
101418792,METROPOLITAN NASHVILLE POLICE DEPT,20160938726,Davidson,Antioch,10/20/2016 8:50:00 PM,2,0,0,36.046020,-86.657930,BELL RD,,,,1.00,Feet,East,COLLINS PARK DR,,,,0.00,N,Not at Intersection,N,Non-Junction,None,,,         ,Victoria,Cunningham,Rain,Front to Rear,no,no,no,no,yes,False
101418802,METROPOLITAN NASHVILLE POLICE DEPT,20160939356,Davidson,Nashville,10/21/2016 2:27:00 AM,2,1,0,36.187950,-86.607770,ANDREW JACKSON PKWY,,,,0.00,,,OLD LEBANON DIRT RD,,,,0.00,Y,Four-Way,Y,Intersection-Related,None,,,         ,Brett,Johns,Clear,Other,no,no,no,no,no,False
101418805,METROPOLITAN NASHVILLE POLICE DEPT,20160939128,Davidson,Nashville,10/20/2016 8:35:00 PM,2,0,0,36.052240,-86.653190,MT VIEW RD,,,,0.00,,,RURAL HILL RD,,,,0.00,Y,Four-Way,Y,Intersection,None,,,         ,Dezmond,Hughes,Rain,Angle,no,no,no,no,yes,False
101418812,METROPOLITAN NASHVILLE POLICE DEPT,20160939395,Davidson,Nashville,10/21/2016 2:30:00 AM,1,0,0,36.135120,-86.701890,GLASTONBURY RD,,,,11.00,Feet,South,SOUTHWOOD PARK PL,,,,0.00,N,Not at Intersection,N,Non-Junction,None,,,         ,Robert,Fondren,Cloudy,Not Collision with Motor Vehicle in Transport,no,no,no,yes,yes,False
101418821,METROPOLITAN NASHVILLE POLICE DEPT,20160939379,Davidson,Nashville,10/21/2016 2:40:00 AM,1,1,0,36.241450,-86.762430,BRILEY PKWY E EXT RAMP,,,,0.00,,,BRILEY PKWYE,,,,0.00,Y,Y-Intersection,N,Non-Junction,None,,,         ,Michael,Richardson,Cloudy,Not Collision with Motor Vehicle in Transport,no,no,no,no,no,False
101418827,METROPOLITAN NASHVILLE POLICE DEPT,20160939041,Davidson,Antioch,10/21/2016 12:09:00 AM,2,1,0,36.050330,-86.614634,MURFREESBORO,PIKE,SR1,,0.00,,,PIN HOOK,RD,US2,,0.00,Y,Four-Way,N,Intersection,None,,,         ,Autumn,Manning,Rain,Angle,no,no,no,no,no,False
101418837,METROPOLITAN NASHVILLE POLICE DEPT,20160939506,Davidson,Nashville,10/21/2016 3:41:00 AM,2,0,0,36.086690,-86.698660,I24 W ENT RAMP,,,,0.00,Feet,East,I 24,,,,0.00,N,Not at Intersection, ,AccelDecelLane,None,,,         ,Sandra,Fly,Clear,"Sideswipe, Same Direction",no,no,no,no,no,False
101418847,METROPOLITAN NASHVILLE POLICE DEPT,20160939692,Davidson,Nashville,10/21/2016 2:20:00 AM,2,0,0,0.000000,0.000000,5252 HICKORY HOLLOW PARKWAY,,,,1.00,Feet,South,5252 HICKORY HOLLOW PARKWAY,,,,0.00,N,Not at Intersection,N,Non-Junction,None,,,         ,Caleb,Jernigan,Clear,Rear to Side,no,no,no,yes,yes,False
101418854,METROPOLITAN NASHVILLE POLICE DEPT,20160939724,Davidson,Nashville,10/21/2016 5:34:00 AM,1,0,0,36.060880,-86.855830,CHICKERING LN,,,,0.00,,,,,,,0.00,,,N,Non-Junction,None,,,         ,Steven,Popp,Clear,Not Collision with Motor Vehicle in Transport,no,no,no,yes,no,False
101418886,METROPOLITAN NASHVILLE POLICE DEPT,2016-0939733,Davidson,Nashville,10/21/2016 5:56:00 AM,1,1,0,36.158620,-86.782750,BROADWAY,,,,0.00,,,9TH AVN,,,,0.00,Y,Four-Way,N,Intersection,None,,,         ,Michael,Willis Jr.,Cloudy,Not Collision with Motor Vehicle in Transport,yes,no,no,no,no,False
101418890,METROPOLITAN NASHVILLE POLICE DEPT,20160936888,Davidson,Nashville,10/20/2016 9:40:00 AM,2,0,0,36.174400,-86.774190,OLDHAM ST,,,,0.00,,,N 1ST ST,,,,0.00,Y,Four-Way, ,Intersection,None,,,         ,Timothy,Powell,Clear,Front to Rear,no,no,no,no,no,False
101418896,METROPOLITAN NASHVILLE POLICE DEPT,20160939813,Davidson,Nashville,10/21/2016 6:58:00 AM,2,0,0,36.121890,-86.726880,I440 W ENT RAMP,,,,0.00,,,I 24,,,,0.00,Y,OTHER,Y,Entrance/Exit Ramp Related,None,,,         ,Stephen,Soule,Cloudy,Front to Rear,no,no,no,no,no,False
101418897,METROPOLITAN NASHVILLE POLICE DEPT,20160939816,Davidson,Nashville,10/21/2016 6:46:00 AM,2,2,0,36.065150,-86.627140,HAMILTON CHURCH RD,,,,424.00,Feet,East,MURFREESBORO PKE,,,,0.00,N,Not at Intersection,N,Non-Junction,None,,,         ,Jason,Dudley,Clear,Front to Rear,no,no,no,no,no,False
101418904,METROPOLITAN NASHVILLE POLICE DEPT,20160939864,Davidson,Nashville,10/21/2016 7:15:00 AM,2,0,0,36.159390,-86.772590,1ST AVS,,,,0.00,,,DEMONBREUN ST,,,,0.00,Y,T-Intersection,N,Intersection-Related,None,,,         ,Daniel,Massey,Cloudy,Front to Rear,no,no,no,no,no,False
101418905,METROPOLITAN NASHVILLE POLICE DEPT,20160939991,Davidson,Nashville,10/21/2016 7:53:00 AM,2,0,0,36.106540,-86.764560,POWELL AV,,,,0.00,,,POWELL PL,,,,0.00,Y,T-Intersection, ,Intersection,None,,,         ,Nathan,Kemp,Clear,Front to Rear,no,no,no,no,no,False
101418916,METROPOLITAN NASHVILLE POLICE DEPT,20160939987,Davidson,Not in City Limit,10/21/2016 8:00:00 AM,1,1,0,36.082070,-86.954450,I 40,,,,0.00,,,,,,,196.45,N,Not at Intersection,N,Non-Junction,None,,,         ,Curtis,Rich,Cloudy,Not Collision with Motor Vehicle in Transport,no,no,no,no,no,False
101418919,METROPOLITAN NASHVILLE POLICE DEPT,20160939904,Davidson,Nashville,10/21/2016 7:35:00 AM,1,1,0,36.046390,-86.713380,NOLENSVILLE PKE,,,,376.00,Feet,North,OLD HICKORY BLVD,,,,0.00,N,Not at Intersection,N,Non-Junction,None,,,         ,Blake,Lutz,Clear,Not Collision with Motor Vehicle in Transport,yes,no,no,no,no,False
101418931,METROPOLITAN NASHVILLE POLICE DEPT,20160940011,Davidson,Nashville,10/21/2016 8:25:00 AM,2,0,0,36.140180,-86.722680,I 40,,,,0.00,,,,,,,213.50,N,Not at Intersection, ,Non-Junction,None,,,         ,James,Curtis,Cloudy,Front to Rear,no,no,no,no,no,False
101418936,METROPOLITAN NASHVILLE POLICE DEPT,20160939918,Davidson,Nashville,10/21/2016 7:40:00 AM,2,1,0,36.205320,-86.776600,I 65,,,,0.00,,,,,,,87.25,N,Not at Intersection,N,Non-Junction,None,,,         ,Nicholas,MacDougall,Cloudy,Front to Rear,no,no,no,no,no,False
101418941,METROPOLITAN NASHVILLE POLICE DEPT,20160939901,Davidson,Nashville,10/21/2016 7:33:00 AM,3,0,0,36.111280,-86.771180,I 65,,,,0.00,,,,,,,79.85,N,Not at Intersection,Y,Entrance/Exit Ramp Related,None,,,         ,Justin,Pinkelton,Clear,Front to Rear,no,no,no,no,no,False
101418961,METROPOLITAN NASHVILLE POLICE DEPT,20160939868,Davidson,Nashville,10/21/2016 6:55:00 AM,2,0,0,36.052610,-86.673110,BLUE HOLE RD,,,,0.00,,,TUSCULUM RD,,,,0.00,Y,T-Intersection, ,Intersection,None,,,         ,Randall,Combs,Cloudy,"Sideswipe, Opposite Direction",no,no,no,no,yes,False
101418962,METROPOLITAN NASHVILLE POLICE DEPT,20160939969,Davidson,Nashville,10/21/2016 7:50:00 AM,2,0,0,36.110210,-86.737330,THOMPSON LN,,,,286.00,Feet,West,PRESCOTT PL,,,,0.00,N,Not at Intersection,N,Non-Junction,None,,,         ,Todd,Watson,Cloudy,Front to Rear,no,no,no,no,no,False
101418967,METROPOLITAN NASHVILLE POLICE DEPT,2016-0939950,Davidson,Nashville,10/21/2016 7:56:00 AM,2,0,0,36.083460,-86.763550,I 65,,,,0.00,,,,,,,77.90,N,Not at Intersection,N,Non-Junction,None,,,         ,Jonathan,Seidl,Clear,Front to Rear,no,no,no,no,no,False
101418970,METROPOLITAN NASHVILLE POLICE DEPT,20160939981,Davidson,Nashville,10/21/2016 8:05:00 AM,2,0,0,36.132720,-86.719970,MURFREESBORO PKE,,,,214.00,Feet,West,WILHAGAN RD,,,,0.00,N,Not at Intersection, ,,None,,,         ,David,Smith,,,no,no,no,no,no,False
101418971,METROPOLITAN NASHVILLE POLICE DEPT,20160940081,Davidson,Nashville,10/21/2016 8:40:00 AM,2,0,0,36.133760,-86.722170,MURFREESBORO PKE,,,,148.00,Feet,East,PLUS PARK BLVD,,,,0.00,N,Not at Intersection, ,Non-Junction,None,,,         ,David,Smith,Cloudy,"Sideswipe, Same Direction",no,no,no,no,no,False
101418979,METROPOLITAN NASHVILLE POLICE DEPT,20160938073,Davidson,Nashville,10/20/2016 4:16:00 PM,2,1,0,36.125310,-86.847950,WHITE BRIDGE PKE,,,,150.00,Feet,North,HARDING PKE,,,,0.00,N,Not at Intersection,N,Non-Junction,None,,,         ,Walter,Gray II,Rain,Front to Rear,no,no,no,no,no,False
101418987,METROPOLITAN NASHVILLE POLICE DEPT,20160940111,Davidson,Nashville,10/21/2016 9:00:00 AM,2,0,0,36.160990,-86.793140,CHARLOTTE AV,,,,181.00,Feet,East,14TH AVN,,,,0.00,N,Not at Intersection, ,Non-Junction,None,,,         ,Garren,Hoskins,Cloudy,"Sideswipe, Same Direction",no,no,no,no,no,False
101418991,Nashville Airport Police,2016-03043,Davidson,Nashville,10/19/2016 8:00:00 PM,2,0,0,0.000000,0.000000,FAIRCLOTH,LN,,,0.10,Miles,West,FAIRLCOTH,LN,,,0.00,N,Not at Intersection, ,Non-Junction,None,,,         ,Steve,Wright,Clear,Front to Rear,no,no,no,yes,no,False
101418993,METROPOLITAN NASHVILLE POLICE DEPT,20160940191,Davidson,Nashville,10/21/2016 9:38:00 AM,2,1,0,36.216970,-86.775000,I 65,,,,0.00,,,,,,,88.10,N,Not at Intersection,N,Non-Junction,None,,,         ,James,Jarvis,Cloudy,Front to Rear,no,no,no,no,no,False
101419000,METROPOLITAN NASHVILLE POLICE DEPT,20160939839,Davidson,Nashville,10/21/2016 5:15:00 AM,1,0,0,36.058770,-86.670410,HICKORY HOLLOW PKWY,,,,23.00,Feet,South,MT VIEW RD,,,,0.00,N,Not at Intersection,N,Non-Junction,None,,,         ,Jedidayah,Merriweather,Other,Not Collision with Motor Vehicle in Transport,no,no,no,yes,yes,False
101419001,METROPOLITAN NASHVILLE POLICE DEPT,20160939853,Davidson,Nashville,10/21/2016 7:10:00 AM,2,2,0,36.191350,-86.827400,CLARKSVILLE PKE,,,,0.00,,,TSU CONNECTOR,,,,0.00,Y,OTHER,N,Non-Junction,None,,,         ,Freddirico,Pye,Clear,Front to Rear,no,no,no,no,no,False
101419006,METROPOLITAN NASHVILLE POLICE DEPT,20160940287,Davidson,Nashville,10/21/2016 10:00:00 AM,2,1,0,36.124720,-86.848010,HARDING PKE,,,,146.00,Feet,West,WHITE BRIDGE PKE,,,,0.00,N,Not at Intersection,N,Non-Junction,None,,,         ,Curtis,Rich,Cloudy,Front to Rear,no,no,no,no,no,False
101419015,METROPOLITAN NASHVILLE POLICE DEPT,20160940288,Davidson,Nashville,10/21/2016 9:45:00 AM,2,0,0,36.079340,-86.620460,LERA JONES DR,,,,142.00,Feet,East,COLD SPRING DR,,,,0.00,N,Not at Intersection, ,,None,,,         ,Benjamin,Leeper,,,no,no,no,no,no,False
101419033,METROPOLITAN NASHVILLE POLICE DEPT,2016-0940371,Davidson,Nashville,10/21/2016 10:37:00 AM,2,0,0,36.136840,-86.799990,BELCOURT AV,,,,150.00,Feet,West,20TH AVS,,,,0.00,N,Not at Intersection, ,,None,,,         ,Jonathan,Seidl,,,no,no,no,no,no,False
101419034,METROPOLITAN NASHVILLE POLICE DEPT,20160940008,Davidson,Nashville,10/21/2016 8:20:00 AM,1,0,0,36.219570,-86.689690,PENNINGTON BEND RD,,,,1335.00,Feet,North,MCGAVOCK PKE,,,,0.00,N,Not at Intersection, ,Non-Junction,None,,,         ,Wesley,Young,Cloudy,Not Collision with Motor Vehicle in Transport,no,no,no,no,no,False
101419038,VANDERBILT UNIVERSITY POLICE,16-0939115,Davidson,Nashville,10/21/2016 7:12:00 AM,2,0,0,36.141710,-86.811190,NATCHEZ TRC,,,,0.00,,,NATCHEZ TRC,,,,0.00,,Not at Intersection, ,OtherLocation,None,,,         ,Gregory,Blocker,Cloudy,Rear to Side,no,no,no,yes,no,Campus
101419041,METROPOLITAN NASHVILLE POLICE DEPT,20160940361,Davidson,Nashville,10/21/2016 10:11:00 AM,2,0,0,36.073250,-86.734310,BLACKMAN RD,,,,0.00,,,BLACKMAN CT,,,,0.00,Y,T-Intersection,N,Intersection,None,,,         ,Earl,Davis,Cloudy,Front to Rear,no,no,no,no,no,False
101419054,METROPOLITAN NASHVILLE POLICE DEPT,20160940181,Davidson,Nashville,10/21/2016 9:32:00 AM,2,0,0,36.106210,-86.673060,MURFREESBORO PKE,,,,0.00,,,DONELSON PKE,,,,0.00,Y,Four-Way, ,,None,,,         ,James,Curtis,,,no,no,no,no,no,False
101419055,METROPOLITAN NASHVILLE POLICE DEPT,20160940353,Davidson,Nashville,10/21/2016 10:32:00 AM,2,0,0,36.148980,-86.666280,DONELSON PKE,,,,65.00,Feet,North,ELM HILL PKE,,,,0.00,N,Not at Intersection,N,Non-Junction,None,,,         ,James,Curtis,Cloudy,"Sideswipe, Same Direction",no,no,no,no,no,False
101419073,METROPOLITAN NASHVILLE POLICE DEPT,20160940491,Davidson,Nashville,10/21/2016 8:30:00 AM,2,0,0,36.170880,-86.795110,WARREN ST,,,,27.00,Feet,South,PHILLIPS ST,,,,0.00,N,Not at Intersection,N,Non-Junction,None,,,         ,James,Jarvis,Cloudy,Other,no,no,no,no,yes,False
101419112,METROPOLITAN NASHVILLE POLICE DEPT,20160940548,Davidson,Nashville,10/21/2016 11:52:00 AM,1,1,0,36.134100,-86.759010,NOLENSVILLE PKE,,,,36.00,Feet,North,CRAIGHEAD ST,,,,0.00,N,Not at Intersection,N,Non-Junction,None,,,         ,Jason,Dudley,Clear,Not Collision with Motor Vehicle in Transport,no,no,no,no,no,False
101419113,METROPOLITAN NASHVILLE POLICE DEPT,20160940654,Davidson,Nashville,10/21/2016 12:29:00 PM,2,0,0,36.136700,-86.856870,NASHVILLE TECH PVTDR,,,,230.00,Feet,West,KNOB RD CNCTR,,,,0.00,N,Not at Intersection, ,Non-Junction,None,,,         ,Curtis,Rich,Clear,Front to Rear,no,no,no,yes,no,False
101419115,METROPOLITAN NASHVILLE POLICE DEPT,20160940543,Davidson,Nashville,10/21/2016 3:00:00 AM,2,0,0,36.148980,-86.807280,24TH AVN,,,,134.00,Feet,North,ELLISTON PL,,,,0.00,N,Not at Intersection,N,Non-Junction,None,,,         ,Nathan,Kemp,Clear,Unknown,no,no,no,no,yes,Campus
101419116,METROPOLITAN NASHVILLE POLICE DEPT,20160940642,Davidson,Nashville,10/21/2016 12:13:00 PM,2,0,0,36.134240,-86.776600,WEDGEWOOD AV,,,,68.00,Feet,West,I65 S EXT RAMP,,,,0.00,N,Not at Intersection, ,Non-Junction,None,,,         ,Nathan,Kemp,Clear,Front to Rear,no,no,no,no,no,False
101419130,METROPOLITAN NASHVILLE POLICE DEPT,20160940605,Davidson,Nashville,10/21/2016 12:05:00 PM,2,0,0,36.171270,-86.870980,BRILEY PKWY S EXT RAMP,,,,0.00,,,CENTENNIAL BLVD,,,,0.00,Y,OTHER, ,Entrance/Exit Ramp Related,None,,,         ,Walter,Gray II,Cloudy,Front to Rear,no,no,no,no,no,False
101419148,BERRY HILL POLICE DEPT,16-3717,Davidson,Berry Hill,10/21/2016 12:00:00 AM,2,0,0,36.121850,-86.765890,BRANSFORD AV,,,,0.00,,,,,,,0.00,,, ,Non-Junction,None,,,         ,John,Gleixner,Cloudy,Angle,no,no,no,yes,no,False
101419155,METROPOLITAN NASHVILLE POLICE DEPT,20160940800,Davidson,Nashville,10/21/2016 1:09:00 PM,2,0,0,36.146950,-86.794610,GRAND AV,,,,134.00,Feet,East,18TH AVS,,,,0.00,N,Not at Intersection, ,"Driveway, Alley Access, etc",None,,,         ,Nathan,Kemp,Clear,Angle,no,no,no,no,no,Campus
101419165,METROPOLITAN NASHVILLE POLICE DEPT,20160940644,Davidson,Nashville,10/21/2016 12:02:00 PM,2,0,0,36.134770,-86.723660,MURFREESBORO PKE,,,,426.00,Feet,West,PLUS PARK BLVD,,,,0.00,N,Not at Intersection, ,Non-Junction,None,,,         ,Stephen,Soule,Clear,"Sideswipe, Same Direction",no,no,no,no,no,False
101419184,METROPOLITAN NASHVILLE POLICE DEPT,20160940468,Davidson,Nashville,10/21/2016 11:14:00 AM,2,2,0,36.237560,-86.757880,DICKERSON PKE,,,,0.00,,,I65 N ENT RAMP,,,,0.00,Y,T-Intersection,Y,Intersection,None,,,         ,Doyle,Price,Cloudy,HeadOn,no,no,no,no,no,False
101419217,METROPOLITAN NASHVILLE POLICE DEPT,20160940812,Davidson,Nashville,10/21/2016 1:20:00 PM,2,0,0,36.151180,-86.691820,ELM HILL PKE,,,,0.00,,,BRILEY PKWY S EXT RAMP,,,,0.00,Y,T-Intersection, ,Intersection,None,,,         ,Wesley,Young,Clear,"Sideswipe, Same Direction",no,no,no,no,no,False
101419222,METROPOLITAN NASHVILLE POLICE DEPT,20160940767,Davidson,Nashville,10/21/2016 12:47:00 PM,2,0,0,36.078650,-86.726050,NOLENSVILLE PKE,,,,355.00,Feet,South,HARDING PL,,,,0.00,N,Not at Intersection,N,Non-Junction,None,,,         ,Jedidayah,Merriweather,Clear,"Sideswipe, Same Direction",no,no,no,no,no,False
101419223,METROPOLITAN NASHVILLE POLICE DEPT,20160940773,Davidson,Nashville,10/21/2016 1:09:00 PM,1,0,0,36.183250,-86.813050,CLARKSVILLE PKE,,,,190.00,Feet,East,BOND AV,,,,0.00,N,Not at Intersection,N,Non-Junction,None,,,         ,Joshua,Baker,Clear,Not Collision with Motor Vehicle in Transport,no,no,no,no,yes,False
101419225,METROPOLITAN NASHVILLE POLICE DEPT,20160940863,Davidson,Nashville,10/21/2016 1:34:00 PM,2,0,0,36.148900,-86.666280,DONELSON PKE,,,,33.00,Feet,North,ELM HILL PKE,,,,0.00,N,Not at Intersection, ,,None,,,         ,James,Curtis,,,no,no,no,no,no,False
101419226,THP District 9 - Administrative,316058051,Davidson,Nashville,10/21/2016 12:00:00 AM,2,0,0,36.163840,-86.788140,10TH CIRN,,,,196.00,Feet,North,10TH AVN,,,,0.00,N,Not at Intersection, ,Non-Junction,None,,,         ,James,Gatlin,Clear,"Sideswipe, Opposite Direction",no,no,no,yes,no,False
101419232,METROPOLITAN NASHVILLE POLICE DEPT,20160940765,Davidson,Nashville,10/21/2016 12:41:00 PM,2,0,0,36.040900,-86.779380,STONE BROOK DR,,,,0.00,,,OLD HICKORY BLVD,,,,0.00,Y,Four-Way,N,Intersection,None,,,         ,Kevin,Crawford,Cloudy,Angle,no,no,no,no,no,False
101419236,METROPOLITAN NASHVILLE POLICE DEPT,20160940818,Davidson,Nashville,10/21/2016 1:30:00 PM,2,0,0,36.107330,-86.812960,HILLSBORO PKE,,,,190.00,Feet,South,GREEN HILLS VILLAGE DR,,,,0.00,N,Not at Intersection,N,Non-Junction,None,,,         ,Curtis,Rich,Cloudy,Angle,no,no,no,no,yes,False
101419257,METROPOLITAN NASHVILLE POLICE DEPT,20160940869,Davidson,Nashville,10/21/2016 1:40:00 PM,2,0,0,36.218770,-86.597610,ANDREW JACKSON PKWY,,,,0.00,,,GENERAL JACKSON LN,,,,0.00,Y,T-Intersection, ,Intersection-Related,None,,,         ,Benny,Pittman,Cloudy,Front to Rear,no,no,no,no,no,False
101419267,METROPOLITAN NASHVILLE POLICE DEPT,20160940073,Davidson,Nashville,10/21/2016 8:24:00 AM,2,0,0,36.079100,-86.720540,WALLACE RD,,,,0.00,,,RECOVERY RD,,,,0.00,Y,T-Intersection,N,Intersection,None,,,         ,Thomas,White,Cloudy,Angle,no,no,no,no,yes,False
101419304,METROPOLITAN NASHVILLE POLICE DEPT,20160940647,Davidson,Nashville,10/21/2016 12:26:00 PM,2,0,0,36.044860,-86.670430,BELL RD,,,,0.00,,,HICKORY PARK DR,,,,0.00,Y,T-Intersection,N,Intersection,None,,,         ,David,Smith,Clear,Angle,no,no,no,no,no,False
101419319,METROPOLITAN NASHVILLE POLICE DEPT,20160940925,Davidson,Nashville,10/21/2016 2:11:00 PM,2,4,0,36.163090,-86.761890,I 24,,,,0.00,,,,,,,49.25,N,Not at Intersection,N,Non-Junction,None,,,         ,Timothy,Powell,Clear,Front to Rear,no,no,no,no,no,False
101419322,METROPOLITAN NASHVILLE POLICE DEPT,20160940879,Davidson,Nashville,10/21/2016 1:34:00 PM,2,1,0,36.150550,-86.770700,I 40,,,,0.00,,,,,,,210.40,N,Not at Intersection,N,Non-Junction,None,,,         ,Johnathan,Carlisle,Cloudy,Front to Rear,no,no,no,no,no,False
101419347,METROPOLITAN NASHVILLE POLICE DEPT,20160940940,Davidson,Nashville,10/21/2016 2:15:00 PM,2,2,0,36.132910,-86.720470,MURFREESBORO PKE,,,,161.00,Feet,East,PAVILION BLVD,,,,0.00,N,Not at Intersection,N,Non-Junction,None,,,         ,David,Simmonds,Clear,Front to Rear,no,no,no,no,no,False
101419371,METROPOLITAN NASHVILLE POLICE DEPT,20160941061,Davidson,Nashville,10/21/2016 3:23:00 PM,2,0,0,36.110290,-86.800350,GRAYBAR LN,,,,0.00,,,BELMONT BLVD,,,,0.00,Y,Four-Way, ,Intersection-Related,None,,,         ,Tien,Nguyen,Clear,Angle,no,no,no,no,no,False
101419385,METROPOLITAN NASHVILLE POLICE DEPT,20160940866,Davidson,Nashville,10/21/2016 1:16:00 PM,1,0,0,36.206670,-86.778750,US HWY 431,,,,105.00,Feet,West,HAMPTON ST,,,,0.00,N,Not at Intersection,N,"Driveway, Alley Access, etc",None,,,         ,Royce,McLester,Clear,Not Collision with Motor Vehicle in Transport,no,yes,no,no,no,False
101419394,METROPOLITAN NASHVILLE POLICE DEPT,2016-0940981,Davidson,Nashville,10/21/2016 2:50:00 PM,2,0,0,36.115620,-86.810630,HILLSBORO PKE,,,,63.00,Feet,South,HAMPTON PL,,,,0.00,N,Not at Intersection, ,Non-Junction,None,,,         ,Ryan,Allen,Clear,Front to Rear,no,no,no,no,no,False
101419404,METROPOLITAN NASHVILLE POLICE DEPT,20160941075,Davidson,Nashville,10/21/2016 3:29:00 PM,2,0,0,36.142860,-86.822810,I 440,,,,0.00,,,,,,,1.00,N,Not at Intersection, ,,None,,,         ,Barrett,Teague,,,no,no,no,no,no,False
101419412,METROPOLITAN NASHVILLE POLICE DEPT,20160941076,Davidson,Nashville,10/21/2016 3:22:00 PM,2,0,0,36.215400,-86.588530,LEBANON PKE,,,,5.00,Feet,West,BIG HORN DR,,,,0.00,N,Not at Intersection, ,Non-Junction,None,,,         ,Jonathan,Cavezza,Clear,Angle,no,no,no,no,no,False
101419425,VANDERBILT UNIVERSITY POLICE,16-0941080,Davidson,Nashville,10/21/2016 12:00:00 AM,1,0,0,36.149120,-86.802200,WEST END AV,,,,0.00,,,,,,,0.00,,,N,Non-Junction,None,,,         ,William,West,Clear,Not Collision with Motor Vehicle in Transport,no,no,no,yes,no,Campus
101419432,METROPOLITAN NASHVILLE POLICE DEPT,20160941062,Davidson,Nashville,10/21/2016 3:19:00 PM,2,0,0,36.047020,-86.656630,BELL RD,,,,283.00,Feet,West,HICKORY HOLLOW PKWY,,,,0.00,N,Not at Intersection,N,Non-Junction,None,,,         ,Tamara,Zurawski,Clear,Front to Rear,no,no,no,no,no,False
101419439,METROPOLITAN NASHVILLE POLICE DEPT,20160941153,Davidson,Nashville,10/21/2016 4:06:00 PM,2,1,0,36.071280,-86.691060,I 24,,,,0.00,,,,,,,56.85,N,Not at Intersection,N,Non-Junction,None,,,         ,Alyson,Cook,Clear,Front to Rear,no,no,no,no,no,False
101419440,METROPOLITAN NASHVILLE POLICE DEPT,20160941121,Davidson,Nashville,10/21/2016 3:00:00 PM,2,0,0,36.085380,-86.702000,HARDING PL,,,,179.00,Feet,West,I24 E EXT RAMP,,,,0.00,N,Not at Intersection, ,Non-Junction,None,,,         ,Michael,Russell,Clear,Front to Rear,no,no,no,no,no,False
101419443,METROPOLITAN NASHVILLE POLICE DEPT,20160941144,Davidson,Nashville,10/21/2016 4:02:00 PM,2,0,0,36.113680,-86.773800,I65 S ENT RAMP,,,,0.00,Feet,East,I 65,,,,0.00,N,Not at Intersection, ,Non-Junction,None,,,         ,Jacob,Masteller,Clear,Front to Rear,no,no,no,no,no,False
101419448,METROPOLITAN NASHVILLE POLICE DEPT,20160940965,Davidson,Not in City Limit,10/21/2016 2:30:00 PM,2,0,0,36.261230,-86.678010,SANDHURST DR,,,,0.00,,,LONDON BRIDGE RD,,,,0.00,Y,T-Intersection,N,Intersection-Related,None,,,         ,Edward,Draves,Clear,HeadOn,no,no,no,no,yes,False