master_record_number,agency,agency_tracking_number,county,city,collision_date,vehicles_involved,number_injured,number_dead,latitude,longitude,roadway_name,roadway_suffix,roadway_number,roadway_local_id,distance_from_reference,miles-feet_indicator,direction_from_reference,intersection_road_name,intersection_road_name_suffix,intersection_road_number,intersection_local_id,mile_marker,intersection_indicator,intersect_type,interchange_related_indicator,relation_to_junction,work_zone_type,construction_maintenance_zone,construction_maintenance_zone_location,fatal_case_number,officer_first_name,officer_last_name,weather_condition(s),manner_of_crash,pedestrian,bicycle,scooter,parking,hitrun,mou
101420648,METROPOLITAN NASHVILLE POLICE DEPT,20160942677,Davidson,Nashville,10/22/2016 12:23:00 AM,2,0,0,36.160290,-86.835550,PRESTON TAYLOR PL,,,,0.00,,,40TH AVN,,,,0.00,Y,T-Intersection, ,Intersection-Related,None,,,         ,Benjamin,Fisher,Clear,Front to Rear,no,no,no,no,no,False
101420649,METROPOLITAN NASHVILLE POLICE DEPT,20160944831,Davidson,Nashville,10/23/2016 12:30:00 AM,1,1,0,36.173620,-86.579370,CENTRAL PKE,,,,752.00,Feet,East,N NEW HOPE RD,,,,0.00,N,Not at Intersection,N,Non-Junction,None,,,         ,Robert,Fondren,Cloudy,Not Collision with Motor Vehicle in Transport,no,no,no,no,no,False
101420655,METROPOLITAN NASHVILLE POLICE DEPT,20160943872,Davidson,Nashville,10/22/2016 4:24:00 PM,2,0,0,36.132260,-86.727170,I 24,,,,0.00,,,,,,,52.00,N,Not at Intersection, ,Non-Junction,None,,,         ,Alyson,Cook,Clear,Front to Rear,no,no,no,no,no,False
101420663,METROPOLITAN NASHVILLE POLICE DEPT,20160944772,Davidson,Nashville,10/23/2016 12:00:00 AM,2,0,0,36.110940,-86.745220,NOLENSVILLE PKE,,,,0.00,,,THOMPSON LN,,,,0.00,Y,Four-Way,N,Intersection,None,,,         ,Jose,Salazar,Clear,Angle,no,no,no,no,yes,False
101420670,METROPOLITAN NASHVILLE POLICE DEPT,20160944944,Davidson,Nashville,10/23/2016 1:53:00 AM,2,1,0,36.093780,-86.706370,I 24,,,,0.00,,,,,,,55.10,N,Not at Intersection,N,Non-Junction,None,,,         ,Autumn,Manning,Clear,Front to Rear,no,no,no,no,no,False
101420671,METROPOLITAN NASHVILLE POLICE DEPT,20160944586,Davidson,Nashville,10/22/2016 10:47:00 PM,2,1,0,36.152220,-86.753770,I 40,,,,0.00,,,,,,,211.35,N,Not at Intersection,N,Non-Junction,None,,,         ,Bridget,Griepentrog,Clear,Front to Rear,no,no,no,no,no,False
101420675,METROPOLITAN NASHVILLE POLICE DEPT,20160945082,Davidson,Nashville,10/23/2016 3:00:00 AM,2,0,0,36.096920,-86.708910,I 24,,,,0.00,,,,,,,54.80,N,Not at Intersection,N,Non-Junction,None,,,         ,Douglas,Sykes,Clear,"Sideswipe, Same Direction",no,no,no,no,yes,False
101420676,METROPOLITAN NASHVILLE POLICE DEPT,20160944904,Davidson,Nashville,10/23/2016 1:25:00 AM,1,1,0,36.143150,-86.736780,I 40,,,,0.00,,,,,,,212.70,N,Not at Intersection,N,Non-Junction,None,,,         ,Austin,Childress,Clear,Not Collision with Motor Vehicle in Transport,no,no,no,no,no,False
101420688,METROPOLITAN NASHVILLE POLICE DEPT,20160945102,Davidson,Nashville,10/23/2016 3:53:00 AM,1,1,0,36.089740,-86.638890,NASHBORO BLVD PVTDR,,,,0.00,,,DOUBLETREE LN,,,,0.00,Y,OTHER,N,Non-Junction,None,,,         ,Robert,Fondren,Cloudy,Not Collision with Motor Vehicle in Transport,no,no,no,no,no,False
101420692,METROPOLITAN NASHVILLE POLICE DEPT,20160945040,Davidson,Nashville,10/23/2016 3:05:00 AM,1,1,0,36.078190,-86.642860,MURFREESBORO PKE,,,,65.00,Feet,East,MARTWAY DR,,,,0.00,N,Not at Intersection,N,Non-Junction,None,,,         ,Erik,Dabbs,Clear,Not Collision with Motor Vehicle in Transport,yes,no,no,no,no,False
101420693,METROPOLITAN NASHVILLE POLICE DEPT,20160945100,Davidson,Nashville,10/23/2016 3:58:00 AM,2,0,0,36.139740,-86.729900,I 24,,,,0.00,,,,,,,51.50,N,Not at Intersection,N,Non-Junction,None,,,         ,Dezmond,Hughes,Clear,"Sideswipe, Same Direction",no,no,no,no,yes,False
101420694,METROPOLITAN NASHVILLE POLICE DEPT,20160945221,Davidson,Nashville,10/23/2016 3:12:00 AM,2,0,0,36.156960,-86.793640,CHURCH ST,,,,57.00,Feet,East,16TH AVN,,,,0.00,N,Not at Intersection,N,Non-Junction,None,,,         ,Austin,Childress,Clear,"Sideswipe, Same Direction",no,no,no,no,yes,False
101420707,METROPOLITAN NASHVILLE POLICE DEPT,20160945286,Davidson,Nashville,10/23/2016 6:05:00 AM,1,0,0,36.076170,-86.915850,HIGHWAY 70S,,,,0.00,Feet,West,CHIMNEY HL,,,,0.00,N,Not at Intersection,N,Non-Junction,None,,,         ,Douglas,Atwood,Clear,Not Collision with Motor Vehicle in Transport,no,no,no,no,no,False
101420730,VANDERBILT UNIVERSITY POLICE,16-0943636,Davidson,Nashville,10/22/2016 1:36:00 PM,2,0,0,36.142030,-86.800850,MEDICAL CENTER DR,,,,0.00,,,,,,,0.00,,, ,,None,,,         ,Linda,Jennings,,,no,no,no,yes,no,Campus
101420749,METROPOLITAN NASHVILLE POLICE DEPT,20160945332,Davidson,Nashville,10/23/2016 7:25:00 AM,2,0,0,36.172070,-86.592240,CENTRAL PKE,,,,50.00,Feet,West,VALLEY GROVE DR,,,,0.00,N,Not at Intersection,N,Non-Junction,None,,,         ,Scott,Toney,Clear,Front to Rear,no,no,no,no,no,False
101420785,METROPOLITAN NASHVILLE POLICE DEPT,20160945676,Davidson,Nashville,10/23/2016 9:55:00 AM,2,1,0,36.099050,-86.872160,HARDING PKE,,,,0.00,,,HEADY DR,,,,0.00,Y,T-Intersection,N,Intersection-Related,None,,,         ,Douglas,Atwood,Clear,Front to Rear,no,no,no,no,no,False
101420806,METROPOLITAN NASHVILLE POLICE DEPT,20160945303,Davidson,Nashville,10/23/2016 6:34:00 AM,2,0,0,36.059070,-86.716220,TUSCULUM RD,,,,0.00,,,NOLENSVILLE PKE,,,,0.00,Y,Four-Way, ,Intersection-Related,None,,,         ,Kevin,Crawford,Clear,Front to Rear,no,no,no,no,no,False
101420813,METROPOLITAN NASHVILLE POLICE DEPT,16-0945594,Davidson,Nashville,10/23/2016 9:34:00 AM,2,0,0,36.161580,-86.783890,ROSA L PARKS BLVD,,,,0.00,,,CHURCH ST,,,,0.00,Y,Four-Way,N,Intersection,None,,,         ,Frank,Campbell,Clear,Front to Rear,no,no,no,no,no,False
101420814,METROPOLITAN NASHVILLE POLICE DEPT,20160945760,Davidson,Nashville,10/23/2016 10:49:00 AM,2,0,0,36.216920,-86.693530,MCGAVOCK PKE,,,,0.00,,,MCGAVOCK PKE WB ENT RAMP,,,,0.00,Y,Four-Way, ,Intersection,None,,,         ,Michael,Dance,Clear,"Sideswipe, Same Direction",no,no,no,no,no,False
101420822,METROPOLITAN NASHVILLE POLICE DEPT,20160945777,Davidson,Nashville,10/23/2016 12:00:00 AM,2,0,0,36.063030,-86.692170,COLEMONT PL,,,,56.00,Feet,North,GILLESPIE DR,,,,0.00,N,Not at Intersection,N,Non-Junction,None,,,         ,Rickie,Corman,Clear,"Sideswipe, Opposite Direction",no,no,no,no,yes,False
101420828,METROPOLITAN NASHVILLE POLICE DEPT,20160945846,Davidson,Not in City Limit,10/23/2016 11:55:00 AM,2,1,0,36.112320,-86.929630,CHARLOTTE PKE PVTDR,,,,0.00,,,CHARLOTTE PKE,,,,0.00,Y,T-Intersection,N,Intersection,None,,,         ,Benjamin,Cantrell,Clear,Angle,no,no,no,no,no,False
101420829,METROPOLITAN NASHVILLE POLICE DEPT,20160945838,Davidson,Nashville,10/23/2016 11:42:00 AM,2,0,0,36.176770,-86.776920,SPRING ST,,,,221.00,Feet,West,COWAN ST,,,,0.00,N,Not at Intersection, ,Non-Junction,Construction Zone,,,         ,Christian,Martin,Clear,Front to Rear,no,no,no,no,yes,False
101420831,METROPOLITAN NASHVILLE POLICE DEPT,20160945746,Davidson,Nashville,10/23/2016 10:35:00 AM,2,2,0,36.183650,-86.610660,OLD HICKORY BLVD,,,,0.00,,,ANDREW JACKSON PKWY,,,,0.00,Y,Four-Way,N,Intersection,None,,,         ,Gerry,Hutcheson,Clear,Angle,no,no,no,no,no,False
101420861,METROPOLITAN NASHVILLE POLICE DEPT,20160945816,Davidson,Nashville,10/23/2016 11:56:00 AM,2,0,0,36.116040,-86.790260,I 440,,,,0.00,,,,,,,4.00,N,Not at Intersection, ,Unknown,None,,,         ,Aimee,Ortiz,Clear,Angle,no,no,no,no,no,False
101420864,METROPOLITAN NASHVILLE POLICE DEPT,20160945154,Davidson,Nashville,10/23/2016 4:50:00 AM,1,0,0,36.224630,-86.688560,PENNINGTON BEND RD,,,,506.00,Feet,North,VALLEY BEND DR,,,,0.00,N,Not at Intersection,N,Non-Junction,None,,,         ,Jason,Smith,Clear,Not Collision with Motor Vehicle in Transport,no,no,no,no,yes,False
101420874,METROPOLITAN NASHVILLE POLICE DEPT,2016-0943545,Davidson,Nashville,10/22/2016 12:53:00 PM,2,2,0,36.043010,-86.842310,KINGSBURY DR,,,,0.00,Feet,East,OLD HICKORY BLVD,,,,0.00,N,Not at Intersection,N,Non-Junction,None,,,         ,Sean,Williams,Clear,Front to Rear,no,no,no,no,no,False
101420886,METROPOLITAN NASHVILLE POLICE DEPT,20160945957,Davidson,Nashville,10/23/2016 1:00:00 PM,2,0,0,36.134050,-86.726920,I24E,,,,54.00,Feet,East,I24 E ENT RAMP,,,,0.00,N,Not at Intersection,N,Non-Junction,None,,,         ,David,Smith,Clear,Front to Rear,no,no,no,no,no,False
101420890,METROPOLITAN NASHVILLE POLICE DEPT,20160945788,Davidson,Nashville,10/23/2016 11:14:00 AM,4,2,0,36.134610,-86.727110,I 24,,,,0.00,,,,,,,52.15,N,Not at Intersection,N,Non-Junction,None,,,         ,David,Simmonds,Clear,Front to Rear,no,no,no,no,no,False
101420904,METROPOLITAN NASHVILLE POLICE DEPT,20160945967,Davidson,Nashville,10/23/2016 12:00:00 AM,2,0,0,36.040640,-86.705980,ILAWOOD DR,,,,74.00,Feet,West,CEDARMONT CIR,,,,0.00,N,Not at Intersection,N,Non-Junction,None,,,         ,Robert,Erickson,Clear,"Sideswipe, Opposite Direction",no,no,no,no,yes,False
101420910,METROPOLITAN NASHVILLE POLICE DEPT,20160945731,Davidson,Nashville,10/23/2016 10:17:00 AM,3,1,0,36.041140,-86.776210,BRENTWOOD TRC,,,,0.00,,,BRENTWOOD COMMONS WAY,,,,0.00,Y,Four-Way,N,Intersection-Related,None,,,         ,Kevin,Crawford,Clear,Front to Rear,no,no,no,no,yes,False
101420917,METROPOLITAN NASHVILLE POLICE DEPT,20160946026,Davidson,Nashville,10/23/2016 1:50:00 PM,2,0,0,36.117730,-86.921710,CHARLOTTE PKE,,,,587.00,Feet,East,OLD HICKORY BLVD,,,,0.00,N,Not at Intersection,N,Non-Junction,None,,,         ,Benjamin,Cantrell,Clear,"Sideswipe, Opposite Direction",no,no,no,no,yes,False
101420927,METROPOLITAN NASHVILLE POLICE DEPT,20160945995,Davidson,Nashville,10/23/2016 11:45:00 AM,2,0,0,36.148420,-86.745460,I 40,,,,0.00,,,,,,,211.90,N,Not at Intersection, ,Non-Junction,None,,,         ,Tyler,Adcock,Clear,Front to Rear,no,no,no,no,no,False
101420928,METROPOLITAN NASHVILLE POLICE DEPT,20160945969,Davidson,Nashville,10/23/2016 1:02:00 PM,2,1,0,36.151340,-86.768360,2ND AVS,,,,0.00,,,I40 E ENT RAMP,,,,0.00,Y,Four-Way,Y,Intersection,None,,,         ,Timothy,Powell,Clear,Angle,no,no,no,no,no,False
101420929,METROPOLITAN NASHVILLE POLICE DEPT,20160945884,Davidson,Nashville,10/23/2016 12:09:00 PM,2,0,0,36.147590,-86.744190,I 40,,,,0.00,,,,,,,212.00,N,Not at Intersection,N,Non-Junction,None,,,         ,Terry,Denton,Clear,Front to Rear,no,no,no,no,no,False
101420932,METROPOLITAN NASHVILLE POLICE DEPT,20160946008,Davidson,Nashville,10/23/2016 2:00:00 PM,2,0,0,36.182820,-86.798180,I65 N EXT RAMP,,,,0.00,,,I 65,,,,0.00,Y,Y-Intersection, ,,None,,,         ,Garren,Hoskins,,,no,no,no,no,no,False
101420940,METROPOLITAN NASHVILLE POLICE DEPT,2016-0945823,Davidson,Nashville,10/23/2016 11:09:00 AM,2,1,0,36.044810,-86.848950,OLD HICKORY BLVD,,,,1.00,Feet,West,NOEL DR,,,,0.00,N,Not at Intersection,N,Non-Junction,None,,,         ,Sean,Williams,Clear,Front to Rear,no,no,no,no,no,False
101420948,METROPOLITAN NASHVILLE POLICE DEPT,20160946047,Davidson,Nashville,10/23/2016 2:02:00 PM,2,0,0,36.135330,-86.886440,CHARLOTTE PKE,,,,420.00,Feet,West,BROOK HOLLOW RD,,,,0.00,N,Not at Intersection, ,Non-Junction,None,,,         ,Douglas,Atwood,Clear,Front to Rear,no,no,no,no,no,False
101420980,METROPOLITAN NASHVILLE POLICE DEPT,20160945952,Davidson,Nashville,10/23/2016 12:55:00 PM,2,2,0,36.163870,-86.786620,CHARLOTTE AV,,,,0.00,,,ROSA L PARKS BLVD,,,,0.00,Y,Four-Way,Y,Intersection,None,,,         ,Robert,Magner,Clear,Angle,no,no,no,no,no,False
101420992,METROPOLITAN NASHVILLE POLICE DEPT,20160944147,Davidson,Nashville,10/22/2016 5:33:00 PM,1,0,0,36.060070,-86.741050,ELLINGTON CIR,,,,0.00,,,EDMONDSON PKE,,,,0.00,Y,T-Intersection, ,Non-Junction,None,,,         ,David,Collins,Clear,Not Collision with Motor Vehicle in Transport,no,no,no,no,no,False
101420997,METROPOLITAN NASHVILLE POLICE DEPT,2016-0945871,Davidson,Nashville,10/23/2016 12:07:00 PM,1,1,0,36.205280,-86.814240,W TRINITY LN,,,,982.00,Feet,West,OLD BUENA VISTA RD,,,,0.00,N,Not at Intersection,N,Non-Junction,None,,,         ,William,Caillouette,Clear,Not Collision with Motor Vehicle in Transport,no,no,no,no,yes,False
101421004,METROPOLITAN NASHVILLE POLICE DEPT,20160946096,Davidson,Nashville,10/23/2016 2:00:00 PM,2,0,0,36.190510,-86.746750,W GREENWOOD AV,,,,122.00,Feet,East,BAILEY ST,,,,0.00,N,Not at Intersection, ,"Driveway, Alley Access, etc",None,,,         ,Terence,Maahs,Clear,Angle,no,no,no,no,no,False
101421009,METROPOLITAN NASHVILLE POLICE DEPT,20160946105,Davidson,Nashville,10/22/2016 4:00:00 AM,2,0,0,36.174360,-86.599990,BURNING TREE DR,,,,704.00,Feet,East,OLD HICKORY BLVD,,,,0.00,N,Not at Intersection,N,Non-Junction,None,,,         ,Dontaveous,Eubanks,Clear,Angle,no,no,no,yes,yes,False
101421019,METROPOLITAN NASHVILLE POLICE DEPT,20160946147,Davidson,Nashville,10/23/2016 3:00:00 PM,3,0,0,36.103130,-86.714190,I 24,,,,0.00,,,,,,,54.35,N,Not at Intersection, ,Non-Junction,None,,,         ,Jeffrey,Livingston,Clear,"Sideswipe, Same Direction",no,no,no,no,yes,False
101421038,METROPOLITAN NASHVILLE POLICE DEPT,20160946217,Davidson,Not in City Limit,10/23/2016 4:05:00 PM,2,2,0,36.278380,-86.772470,OLD HICKORY BLVD,,,,158.00,Feet,West,DALEMERE DR,,,,0.00,N,Not at Intersection,N,Non-Junction,None,,,         ,Harold,Willmore IV,Clear,HeadOn,no,no,no,no,no,False
101421040,METROPOLITAN NASHVILLE POLICE DEPT,20160946234,Davidson,Nashville,10/23/2016 12:00:00 AM,2,0,0,36.150640,-86.785220,I 40,,,,0.00,,,,,,,209.50,N,Not at Intersection, ,Non-Junction,None,,,         ,Adam,Gartner,Clear,"Sideswipe, Same Direction",no,no,no,no,no,False
101421043,METROPOLITAN NASHVILLE POLICE DEPT,2016-0946249,Davidson,Nashville,10/23/2016 4:29:00 PM,2,0,0,36.134240,-86.776370,I65 S ENT RAMP,,,,0.00,,,I65 S EXT RAMP,,,,0.00,Y,Four-Way,Y,Non-Junction,None,,,         ,Austin,Kendrick,Clear,Front to Rear,no,no,no,no,yes,False
101421056,METROPOLITAN NASHVILLE POLICE DEPT,20160946024,Davidson,Nashville,10/23/2016 1:45:00 PM,2,3,0,36.122150,-86.630550,BELL RD,,,,210.00,Feet,South,WOODLAND POINTE DR,,,,0.00,N,Not at Intersection,N,Non-Junction,None,,,         ,Gerry,Hutcheson,Clear,HeadOn,no,no,no,no,no,False
101421057,METROPOLITAN NASHVILLE POLICE DEPT,20160946241,Davidson,Not in City Limit,10/23/2016 4:23:00 PM,3,0,0,36.034650,-86.977190,HIGHWAY 100,,,,141.00,Feet,West,NATCHEZ TRACE PKWY ENT RAMP,,,,0.00,N,Not at Intersection, ,Non-Junction,None,,,         ,Ethan,Usherwood,Clear,Front to Rear,no,no,no,no,no,False
101421070,GOODLETTSVILLE POLICE DEPT,16-36580,Davidson,Goodlettsville,10/23/2016 1:55:00 PM,2,2,0,36.305652,-86.702909,RIVERGATE,PKWY,,,0.00,,,WADE,CIR,,,0.00,Y,Four-Way,N,Non-Junction,None,,,         ,Charles,Hauskin,Clear,Angle,no,no,no,no,no,False
101421086,METROPOLITAN NASHVILLE POLICE DEPT,20160946267,Davidson,Antioch,10/23/2016 4:40:00 PM,2,0,0,36.043040,-86.606730,MURFREESBORO PKE,,,,87.00,Feet,North,HOBSON PKE,,,,0.00,N,Not at Intersection, ,Non-Junction,None,,,         ,Tamara,Zurawski,Clear,Front to Rear,no,no,no,no,no,False
101421094,METROPOLITAN NASHVILLE POLICE DEPT,20160946448,Davidson,Nashville,10/23/2016 6:49:00 PM,1,0,0,36.209810,-86.712970,RIVERWOOD DR,,,,199.00,Feet,East,MCGAVOCK PKE,,,,0.00,N,Not at Intersection, ,Non-Junction,None,,,         ,Rachael,Sacco,Cloudy,Not Collision with Motor Vehicle in Transport,no,no,no,yes,no,False
101421096,METROPOLITAN NASHVILLE POLICE DEPT,20160946355,Davidson,Nashville,10/23/2016 5:29:00 PM,2,0,0,36.171040,-86.803510,I 40,,,,0.00,,,,,,,207.70,N,Not at Intersection,N,Non-Junction,None,,,         ,Ashton,Hill,Clear,"Sideswipe, Same Direction",no,no,no,no,no,False
101421101,METROPOLITAN NASHVILLE POLICE DEPT,20160946412,Davidson,Nashville,10/23/2016 12:00:00 AM,2,0,0,36.149550,-86.773640,I 40,,,,0.00,,,,,,,210.20,N,Not at Intersection, ,Non-Junction,None,,,         ,Michael,Baron,Clear,Angle,no,no,no,no,no,False
101421102,METROPOLITAN NASHVILLE POLICE DEPT,2016-0946501,Davidson,Nashville,10/23/2016 6:38:00 PM,1,0,0,36.100770,-86.772300,FRANKLIN PKE,,,,741.00,Feet,North,NORWOOD DR,,,,0.00,N,Not at Intersection,N,Non-Junction,None,,,         ,Austin,Kendrick,Clear,Not Collision with Motor Vehicle in Transport,no,no,no,no,no,False
101421106,METROPOLITAN NASHVILLE POLICE DEPT,20160946183,Davidson,Nashville,10/23/2016 3:35:00 PM,2,1,0,36.174810,-86.726580,FORTLAND DR,,,,9.00,Feet,East,RIVERSIDE DR,,,,0.00,N,Not at Intersection,N,Non-Junction,None,,,         ,Jefferson,Hughes,Clear,Angle,no,no,no,no,no,False
101421107,METROPOLITAN NASHVILLE POLICE DEPT,20160944184,Davidson,Nashville,10/22/2016 7:29:00 PM,2,0,0,36.040010,-86.743470,OLD HICKORY BLVD,,,,0.00,,,EDMONDSON PKE,,,,0.00,Y,Four-Way,N,Non-Junction,None,,,         ,David,Collins,Clear,Front to Rear,no,no,no,no,no,False
101421109,METROPOLITAN NASHVILLE POLICE DEPT,20160946316,Davidson,Nashville,10/23/2016 5:02:00 PM,2,0,0,36.155290,-86.812060,CHARLOTTE AV,,,,0.00,,,25TH AVN,,,,0.00,Y,T-Intersection, ,Intersection,None,,,         ,Akira,McSwain,Clear,"Sideswipe, Same Direction",no,no,no,no,no,False
101421111,METROPOLITAN NASHVILLE POLICE DEPT,20160946420,Davidson,Nashville,10/23/2016 6:15:00 PM,2,0,0,36.148580,-86.860550,OCEOLA AV,,,,341.00,Feet,West,LENOX AV,,,,0.00,N,Not at Intersection,N,OtherLocation,None,,,         ,Franklin,Taylor,Clear,Front to Rear,no,no,no,yes,yes,False
101421130,METROPOLITAN NASHVILLE POLICE DEPT,20160946524,Davidson,Nashville,10/23/2016 7:08:00 PM,2,0,0,36.145060,-86.809960,NATCHEZ TRC,,,,0.00,,,,,,,0.00,,, ,OtherLocation,None,,,         ,Nicholas,Smith,Clear,Other,no,no,no,no,no,Campus
101421131,METROPOLITAN NASHVILLE POLICE DEPT,20160946438,Davidson,Nashville,10/23/2016 6:30:00 PM,2,0,0,36.158720,-86.818400,CLIFTON AV,,,,39.00,Feet,East,28TH AVN,,,,0.00,N,Not at Intersection,N,Non-Junction,None,,,         ,Jessica,Johnson,Clear,Angle,no,no,no,yes,yes,False
101421133,METROPOLITAN NASHVILLE POLICE DEPT,20160946437,Davidson,Nashville,10/23/2016 6:26:00 PM,2,0,0,36.167710,-86.820720,28TH AVN,,,,0.00,,,JEFFERSON ST,,,,0.00,Y,Four-Way,N,Intersection-Related,None,,,         ,Zachary,Ronan,Clear,"Sideswipe, Same Direction",no,no,no,no,yes,False
101421154,METROPOLITAN NASHVILLE POLICE DEPT,20160946407,Davidson,Nashville,10/23/2016 6:10:00 PM,2,1,0,36.074290,-86.921600,HIGHWAY 70S,,,,120.00,Feet,East,OLD HARDING PKE,,,,0.00,N,Not at Intersection,N,Non-Junction,None,,,         ,Barrett,Teague,Clear,Angle,no,no,no,no,yes,False
101421157,METROPOLITAN NASHVILLE POLICE DEPT,20160946567,Davidson,Nashville,10/23/2016 8:05:00 PM,2,0,0,36.161200,-86.792680,GEORGE L DAVIS BLVD,,,,0.00,,,CHARLOTTE AV,,,,0.00,Y,Four-Way, ,Intersection,None,,,         ,Kendra,Cowper,Clear,Front to Rear,no,no,no,no,no,False
101421168,METROPOLITAN NASHVILLE POLICE DEPT,2016-0946535,Davidson,Not in City Limit,10/23/2016 7:10:00 PM,2,0,0,36.027830,-87.008830,HIGHWAY 100,,,,488.00,Feet,East,OLD HARDING PKE,,,,0.00,N,Not at Intersection,N,Non-Junction,None,,,         ,Michael,Rogers,Clear,Not Collision with Motor Vehicle in Transport,no,no,no,no,no,False
101421195,METROPOLITAN NASHVILLE POLICE DEPT,20160946362,Davidson,Nashville,10/23/2016 4:55:00 PM,3,0,0,36.112330,-86.767020,POWELL AV,,,,0.00,Feet,,THOMPSON LN,,,,0.00,Y,T-Intersection, ,Intersection-Related,None,,,         ,Conner,Harris,Clear,Front to Rear,no,no,no,no,no,False
101421213,METROPOLITAN NASHVILLE POLICE DEPT,20160946570,Davidson,Nashville,10/23/2016 8:12:00 PM,2,0,0,36.173790,-86.791710,ROSA L PARKS BLVD,,,,0.00,,,MADISON ST,,,,0.00,Y,Four-Way,N,Intersection,Work Zone,Laneclosure,Termination Area,         ,Ashton,Hill,Clear,Angle,no,no,no,no,no,False
101421234,METROPOLITAN NASHVILLE POLICE DEPT,20160946422,Davidson,Nashville,10/23/2016 6:23:00 PM,2,1,0,36.171380,-86.601690,OLD HICKORY BLVD,,,,205.00,Feet,North,I40 W EXT RAMP,,,,0.00,N,Not at Intersection,N,Non-Junction,None,,,         ,Dontaveous,Eubanks,Clear,Front to Rear,no,no,no,no,no,False
101421236,METROPOLITAN NASHVILLE POLICE DEPT,20160946690,Davidson,Nashville,10/23/2016 9:49:00 PM,1,1,0,36.244500,-86.831950,CLARKSVILLE PKE,,,,1143.00,Feet,South,DRY FORK RD,,,,0.00,N,Not at Intersection,N,Non-Junction,None,,,         ,Kevin,Reynolds,Clear,Not Collision with Motor Vehicle in Transport,no,no,no,no,no,False
101421249,METROPOLITAN NASHVILLE POLICE DEPT,20160946611,Davidson,Nashville,10/23/2016 8:45:00 PM,2,0,0,36.175400,-86.741240,HOLLY ST,,,,14.00,Feet,West,EVANDER ST,,,,0.00,N,Not at Intersection,N,Non-Junction,None,,,         ,Cressie,Prill,Clear,HeadOn,no,no,no,no,no,False
101421273,METROPOLITAN NASHVILLE POLICE DEPT,20160946752,Davidson,Nashville,10/23/2016 10:40:00 PM,2,0,0,36.249190,-86.734460,DUE WEST AVW,,,,0.00,,,S GRAYCROFT AV,,,,0.00,Y,Four-Way, ,,None,,,         ,Patrick,McGinnis,,,no,no,no,no,no,False
101421275,METROPOLITAN NASHVILLE POLICE DEPT,20160946779,Davidson,Nashville,10/23/2016 9:48:00 PM,2,0,0,36.055010,-86.642410,BELL RD,,,,0.00,,,ZELIDA AV,,,,0.00,Y,T-Intersection, ,Intersection,None,,,         ,William,Coy,Clear,Front to Rear,no,no,no,no,yes,False
101421278,METROPOLITAN NASHVILLE POLICE DEPT,20160946713,Davidson,Not in City Limit,10/23/2016 10:00:00 PM,1,1,0,36.325710,-86.878200,I 24,,,,0.00,,,,,,,34.40,N,Not at Intersection,N,Non-Junction,None,,,         ,Roy,Sain Jr.,Clear,Not Collision with Motor Vehicle in Transport,no,no,no,no,no,False
101421285,BRENTWOOD POLICE DEPT,201600030787,Davidson,Nashville,10/23/2016 2:35:00 AM,1,0,0,36.041930,-86.866620,PELHAM DR,,,,185.00,Feet,East,HILLSBORO PKE,,,,0.00,N,Not at Intersection,N,Non-Junction,None,,,         ,Sean,Emmons,Cloudy,Not Collision with Motor Vehicle in Transport,no,no,no,no,no,False
101421292,METROPOLITAN NASHVILLE POLICE DEPT,20160946869,Davidson,Nashville,10/24/2016 12:00:00 AM,1,0,0,36.199740,-86.592040,TULIP GROVE RD,,,,0.00,,,CHANDLER RD,,,,0.00,Y,Four-Way, ,Intersection,None,,,         ,Sean,Wuethrich,Clear,Not Collision with Motor Vehicle in Transport,no,no,no,no,no,False
101421295,METROPOLITAN NASHVILLE POLICE DEPT,20160946835,Davidson,Nashville,10/23/2016 11:09:00 PM,1,0,0,36.169890,-86.592650,I 40,,,,0.00,,,,,,,221.30,N,Not at Intersection, ,Non-Junction,None,,,         ,Blake,Giles,Clear,Not Collision with Motor Vehicle in Transport,no,no,no,no,no,False
101421301,METROPOLITAN NASHVILLE POLICE DEPT,20160946926,Davidson,Old Hickory,10/24/2016 12:40:00 AM,1,1,0,36.297260,-86.661610,OLD HICKORY NATURE TRAIL,,,,220.00,Feet,North,OLD HICKORY DAM GRNWY,,,,0.00,N,Not at Intersection,N,Non-Junction,None,,,         ,Sean,Wuethrich,Clear,Not Collision with Motor Vehicle in Transport,no,no,no,no,no,False
101421306,METROPOLITAN NASHVILLE POLICE DEPT,20160946870,Davidson,Nashville,10/24/2016 12:00:00 AM,1,1,0,36.070320,-86.702040,HAYWOOD LN,,,,125.00,Feet,West,HAYWOOD CT,,,,0.00,N,Not at Intersection,N,Non-Junction,None,,,         ,Caleb,Jernigan,Clear,Not Collision with Motor Vehicle in Transport,no,no,no,no,no,False
101421308,METROPOLITAN NASHVILLE POLICE DEPT,20160947033,Davidson,Nashville,10/24/2016 1:45:00 AM,1,0,0,36.210610,-86.758380,WOODYHILL DR,,,,0.00,,,GORDON TER,,,,0.00,Y,T-Intersection,N,Intersection-Related,None,,,         ,Edward,Conrads,Clear,Not Collision with Motor Vehicle in Transport,no,no,no,no,yes,False