master_record_number,agency,agency_tracking_number,county,city,collision_date,vehicles_involved,number_injured,number_dead,latitude,longitude,roadway_name,roadway_suffix,roadway_number,roadway_local_id,distance_from_reference,miles-feet_indicator,direction_from_reference,intersection_road_name,intersection_road_name_suffix,intersection_road_number,intersection_local_id,mile_marker,intersection_indicator,intersect_type,interchange_related_indicator,relation_to_junction,work_zone_type,construction_maintenance_zone,construction_maintenance_zone_location,fatal_case_number,officer_first_name,officer_last_name,weather_condition(s),manner_of_crash,pedestrian,bicycle,scooter,parking,hitrun,mou
101422321,METROPOLITAN NASHVILLE POLICE DEPT,20160950719,Davidson,Nashville,10/25/2016 7:38:00 AM,2,1,0,36.110750,-86.745120,NOLENSVILLE PKE,,,,74.00,Feet,South,THOMPSON LN,,,,0.00,N,Not at Intersection,N,Non-Junction,None,,,         ,James,Thomas,Clear,Front to Rear,no,no,no,no,no,False
101422340,METROPOLITAN NASHVILLE POLICE DEPT,20160950980,Davidson,Nashville,10/25/2016 9:13:00 AM,2,0,0,36.186110,-86.798370,ROSA L PARKS BLVD,,,,0.00,,,I65 S EXT RAMP,,,,0.00,Y,Y-Intersection, ,Entrance/Exit Ramp Related,None,,,         ,Derrick,Toney,Clear,Front to Rear,no,no,no,no,no,False
101422343,VANDERBILT UNIVERSITY POLICE,16-0950748,Davidson,Nashville,10/25/2016 7:26:00 AM,2,0,0,36.139970,-86.798290,VILLAGE AT VANDERBILT,,,,0.00,,,,,,,0.00,,, ,Non-Junction,None,,,         ,Linda,Jennings,Clear,Angle,no,no,no,yes,no,Campus
101422349,METROPOLITAN NASHVILLE POLICE DEPT,20160951113,Davidson,Not in City Limit,10/25/2016 10:00:00 AM,1,0,0,36.080150,-86.953790,COLEY DAVIS RD,,,,192.00,Feet,West,HIGHWAY 70S,,,,0.00,N,Not at Intersection,N,Non-Junction,None,,,         ,Curtis,Rich,Clear,Not Collision with Motor Vehicle in Transport,no,no,no,yes,no,False
101422350,METROPOLITAN NASHVILLE POLICE DEPT,20160951015,Davidson,Nashville,10/25/2016 9:30:00 AM,2,0,0,36.152340,-86.771580,4TH AVS,,,,0.00,,,ASH ST,,,,0.00,Y,Four-Way, ,Intersection,None,,,         ,Daniel,Massey,Clear,Angle,no,no,no,no,no,False
101422351,METROPOLITAN NASHVILLE POLICE DEPT,20160951062,Davidson,Nashville,10/25/2016 7:30:00 AM,1,0,0,36.155040,-86.665960,LAKELAND DR,,,,203.00,Feet,West,DONELSON PKE,,,,0.00,N,Not at Intersection, ,Non-Junction,None,,,         ,Larry,Benz,Clear,Not Collision with Motor Vehicle in Transport,no,no,no,yes,no,False
101422352,METROPOLITAN NASHVILLE POLICE DEPT,20160951090,Davidson,Nashville,10/25/2016 8:55:00 AM,2,1,0,36.106950,-86.719320,I 24,,,,0.00,,,,,,,53.95,N,Not at Intersection,N,Non-Junction,None,,,         ,Paul,Ellis,Clear,Front to Rear,no,no,no,no,no,False
101422364,METROPOLITAN NASHVILLE POLICE DEPT,20160950914,Davidson,Madison,10/25/2016 8:50:00 AM,2,1,0,36.263650,-86.687000,STATE RT 45,,,,42.00,Feet,East,ARCHWOOD DR,,,,0.00,N,Not at Intersection,N,Non-Junction,None,,,         ,Michael,Agee,Clear,Angle,no,no,no,no,no,False
101422366,METROPOLITAN NASHVILLE POLICE DEPT,20160950927,Davidson,Nashville,10/25/2016 10:32:00 AM,2,0,0,36.134430,-86.726910,I24E,,,,734.00,Feet,South,I24 E ENT RAMP,,,,0.00,N,Not at Intersection, ,Non-Junction,None,,,         ,Jessie,Meadows,Clear,Front to Rear,no,no,no,no,no,False
101422370,METROPOLITAN NASHVILLE POLICE DEPT,20160951121,Davidson,Nashville,10/25/2016 10:05:00 AM,2,2,0,36.168180,-86.816390,I40 W ENT RAMP,,,,0.00,,,I 40,,,,0.00,Y,Y-Intersection,N,Intersection-Related,None,,,         ,Chase,Burnett,Clear,HeadOn,no,no,no,no,no,False
101422373,METROPOLITAN NASHVILLE POLICE DEPT,20160948636,Davidson,Nashville,10/24/2016 2:40:00 PM,2,0,0,36.172840,-86.765340,SPRING ST,,,,0.00,,,JAMES ROBERTSON PKWY,,,,0.00,Y,Four-Way, ,Intersection-Related,None,,,         ,Amanda,Martin,Clear,Front to Rear,no,no,no,no,no,False
101422374,METROPOLITAN NASHVILLE POLICE DEPT,20160951106,Davidson,Not in City Limit,10/25/2016 10:00:00 AM,1,0,0,36.083900,-86.950630,I 40,,,,0.00,,,,,,,196.70,N,Not at Intersection,N,Non-Junction,None,,,         ,Walter,Gray II,Clear,Not Collision with Motor Vehicle in Transport,no,no,no,no,no,False
101422375,METROPOLITAN NASHVILLE POLICE DEPT,20160915119,Davidson,Nashville,10/24/2016 5:30:00 PM,1,0,0,36.155550,-86.828200,I 40,,,,0.00,,,,,,,205.60,N,Not at Intersection, ,Non-Junction,None,,,         ,Walter,Gray II,Clear,Not Collision with Motor Vehicle in Transport,no,no,no,no,no,False
101422377,METROPOLITAN NASHVILLE POLICE DEPT,2016-0951045,Davidson,Nashville,10/25/2016 8:31:00 AM,3,0,0,36.071710,-86.665060,APOLLO DR,,,,224.00,Feet,West,UNA ANTIOCH PKE,,,,0.00,N,Not at Intersection,N,Non-Junction,None,,,         ,Stanley,Collins,Clear,Angle,no,no,no,yes,yes,False
101422386,METROPOLITAN NASHVILLE POLICE DEPT,2016-0950762,Davidson,Nashville,10/25/2016 7:59:00 AM,2,1,0,36.141930,-86.817100,PARK DR,,,,257.00,Feet,West,HILLCREST PL,,,,0.00,N,Not at Intersection,N,Non-Junction,None,,,         ,Sean,Williams,Clear,Front to Rear,no,no,no,no,no,False
101422413,METROPOLITAN NASHVILLE POLICE DEPT,20160951369,Davidson,Nashville,10/25/2016 2:00:00 AM,1,1,0,36.163420,-86.804890,19TH AVN,,,,101.00,Feet,North,HERMAN ST,,,,0.00,N,Not at Intersection,N,Non-Junction,None,,,         ,Chase,Burnett,Clear,Not Collision with Motor Vehicle in Transport,yes,no,no,no,yes,False
101422428,BERRY HILL POLICE DEPT,16-3756,Davidson,Berry Hill,10/25/2016 10:50:00 AM,2,0,0,36.113250,-86.766850,BRANSFORD AV,,,,205.00,Feet,North,HEATHER PL,,,,0.00,N,Not at Intersection, ,Non-Junction,None,,,         ,John,Gleixner,Clear,Front to Rear,no,no,no,no,no,False
101422433,METROPOLITAN NASHVILLE POLICE DEPT,20160950985,Davidson,Nashville,10/25/2016 9:10:00 AM,2,1,0,36.166000,-86.764360,I 24,,,,0.00,,,,,,,49.00,N,Not at Intersection,N,Non-Junction,None,,,         ,Phillip,Box,Clear,Other,no,no,no,no,no,False
101422434,METROPOLITAN NASHVILLE POLICE DEPT,20160951358,Davidson,Nashville,10/25/2016 11:38:00 AM,2,1,0,36.144760,-86.872360,CHARLOTTE PKE,,,,158.00,Feet,North,AMERICAN RD,,,,0.00,N,Not at Intersection,N,"Driveway, Alley Access, etc",None,,,         ,Walter,Gray II,Clear,Other,no,no,no,no,no,False
101422436,METROPOLITAN NASHVILLE POLICE DEPT,20160951110,Davidson,Not in City Limit,10/25/2016 10:00:00 AM,2,0,0,36.082530,-86.955640,GEORGE E HORN RD,,,,516.00,Feet,North,I40 W EXT RAMP,,,,0.00,N,Not at Intersection, ,Non-Junction,None,,,         ,Charles,Boles,Clear,Front to Rear,no,no,no,no,no,False
101422446,METROPOLITAN NASHVILLE POLICE DEPT,20160951323,Davidson,Nashville,10/25/2016 11:15:00 AM,2,1,0,36.156240,-86.802940,MURPHY AV,,,,0.00,,,20TH AVN,,,,0.00,Y,T-Intersection,N,Intersection-Related,None,,,         ,Erik,Wagner,Clear,Front to Rear,no,no,no,no,no,False
101422468,METROPOLITAN NASHVILLE POLICE DEPT,20160951504,Davidson,Nashville,10/25/2016 12:45:00 PM,2,0,0,36.113510,-86.810950,HILLSBORO PKE,,,,163.00,Feet,South,WOODMONT BLVD,,,,0.00,N,Not at Intersection, ,Non-Junction,None,,,         ,Curtis,Rich,Clear,Angle,no,no,no,no,yes,False
101422469,METROPOLITAN NASHVILLE POLICE DEPT,20160951272,Davidson,Nashville,10/25/2016 11:00:00 AM,2,0,0,36.139980,-86.793790,16TH AVS,,,,280.00,Feet,South,HORTON AV,,,,0.00,N,Not at Intersection,N,Non-Junction,None,,,         ,Paul,Joyner,Clear,Front to Rear,no,no,no,no,no,False
101422470,METROPOLITAN NASHVILLE POLICE DEPT,20160950951,Davidson,Nashville,10/25/2016 8:45:00 AM,2,0,0,36.164700,-86.779600,4TH AVN,,,,52.00,Feet,North,THE ARCADE,,,,0.00,N,Not at Intersection, ,OtherLocation,Maintenance Zone,,,         ,Frank,Campbell,Clear,"Sideswipe, Same Direction",no,no,no,no,no,False
101422474,METROPOLITAN NASHVILLE POLICE DEPT,20160951526,Davidson,Nashville,10/25/2016 12:05:00 PM,2,0,0,36.162630,-86.777500,COMMERCE ST,,,,0.00,,,PRINTERS ALY,,,,0.00,Y,T-Intersection, ,Intersection-Related,None,,,         ,Daniel,Massey,Clear,Angle,no,no,no,no,no,False
101422501,METROPOLITAN NASHVILLE POLICE DEPT,2016-0951060,Davidson,Nashville,10/25/2016 8:30:00 AM,2,0,0,36.126090,-86.728090,I440 W ENT RAMP,,,,0.00,,,I 24,,,,0.00,Y,OTHER, ,Entrance/Exit Ramp Related,None,,,         ,William,Whitworth,Clear,"Sideswipe, Same Direction",no,no,no,no,no,False
101422502,METROPOLITAN NASHVILLE POLICE DEPT,2016-0951440,Davidson,Nashville,10/25/2016 12:12:00 PM,2,0,0,36.057370,-86.658780,WINTON DR,,,,230.00,Feet,North,HIGHLANDER DR,,,,0.00,N,Not at Intersection, ,Non-Junction,None,,,         ,William,Whitworth,Clear,Angle,no,no,no,no,no,False
101422509,METROPOLITAN NASHVILLE POLICE DEPT,20160951104,Davidson,Nashville,10/25/2016 9:45:00 AM,2,2,0,36.114910,-86.631430,BELL RD,,,,1099.00,Feet,North,HERON POINTE DR,,,,0.00,N,Not at Intersection,N,Non-Junction,None,,,         ,Gerald,Gomes,Clear,HeadOn,no,no,no,no,no,False
101422530,METROPOLITAN NASHVILLE POLICE DEPT,20160951687,Davidson,Nashville,10/25/2016 1:00:00 PM,2,0,0,36.178250,-86.788350,4TH AVN,,,,214.00,Feet,South,TAYLOR ST,,,,0.00,N,Not at Intersection, ,Non-Junction,None,,,         ,Marc,Haugen,Clear,"Sideswipe, Same Direction",no,no,no,no,no,False
101422531,METROPOLITAN NASHVILLE POLICE DEPT,20160951697,Davidson,Nashville,10/25/2016 1:41:00 PM,2,0,0,36.184980,-86.755170,W EASTLAND AV,,,,224.00,Feet,West,MCFERRIN AV,,,,0.00,N,Not at Intersection, ,,None,,,         ,Jeremy,Stricklin,,,no,no,no,no,no,False
101422532,METROPOLITAN NASHVILLE POLICE DEPT,20160950941,Davidson,Nashville,10/25/2016 8:30:00 AM,2,0,0,36.179680,-86.754920,MCFERRIN AV,,,,206.00,Feet,South,MARINA ST,,,,0.00,N,Not at Intersection,N,Non-Junction,None,,,         ,Steven,Spillers,Clear,"Sideswipe, Same Direction",no,no,no,no,no,False
101422533,METROPOLITAN NASHVILLE POLICE DEPT,20160951423,Davidson,Nashville,10/25/2016 12:21:00 PM,2,3,0,36.044620,-86.659380,I24 E ENT RAMP,,,,0.00,Feet,East,I 24,,,,0.00,N,Not at Intersection,N,Entrance/Exit Ramp Related,None,,,         ,Jessie,Meadows,Clear,Angle,no,no,no,no,no,False
101422534,METROPOLITAN NASHVILLE POLICE DEPT,20160951568,Davidson,Nashville,10/25/2016 1:51:00 PM,3,0,0,36.045680,-86.647320,MT VIEW RD,,,,72.00,Feet,North,CROSSINGS BLVD,,,,0.00,N,Not at Intersection,N,Non-Junction,None,,,         ,Jessie,Meadows,Clear,Angle,no,no,no,no,yes,False
101422556,METROPOLITAN NASHVILLE POLICE DEPT,20160951540,Davidson,Nashville,10/25/2016 12:45:00 PM,2,0,0,36.120530,-86.750020,NOLENSVILLE PKE,,,,0.00,,,I440 E ENT RAMP,,,,0.00,Y,Four-Way,N,Intersection,None,,,         ,Todd,Watson,Clear,Angle,no,no,no,no,no,False
101422575,METROPOLITAN NASHVILLE POLICE DEPT,20160950834,Davidson,Nashville,10/25/2016 7:33:00 AM,2,0,0,36.090330,-86.626500,BELL RD,,,,0.00,,,SMITH SPRINGS RD,,,,0.00,Y,Four-Way, ,Intersection,None,,,         ,James,Curtis,Clear,Front to Rear,no,no,no,no,no,False
101422598,BELLE MEADE POLICE DEPT,16-0287,Davidson,Belle Meade,10/25/2016 7:30:00 AM,2,0,0,36.121510,-86.852390,HARDING PKE,,,,428.00,Feet,West,LYNNWOOD BLVD,,,,0.00,N,Not at Intersection, ,Non-Junction,None,,,         ,Dale,Corter,Clear,"Sideswipe, Same Direction",no,no,no,no,yes,False
101422608,METROPOLITAN NASHVILLE POLICE DEPT,2016-0951782,Davidson,Nashville,10/25/2016 2:05:00 PM,2,0,0,36.084310,-86.727860,NOLENSVILLE PKE,,,,214.00,Feet,South,PARAGON MILLS RD,,,,0.00,N,Not at Intersection, ,"Driveway, Alley Access, etc",None,,,         ,William,Whitworth,Clear,Angle,no,no,no,no,no,False
101422621,METROPOLITAN NASHVILLE POLICE DEPT,20160951588,Davidson,Nashville,10/25/2016 1:04:00 PM,2,1,0,36.159830,-86.795740,CHARLOTTE AV,,,,111.00,Feet,West,15TH AVN,,,,0.00,N,Not at Intersection,N,Non-Junction,None,,,         ,Phillip,Murphy,Clear,Front to Rear,no,no,no,no,no,False
101422622,METROPOLITAN NASHVILLE POLICE DEPT,20160951275,Davidson,Nashville,10/25/2016 10:56:00 AM,2,0,0,36.134510,-86.789500,ACKLEN AV,,,,174.00,Feet,West,12TH AVS,,,,0.00,N,Not at Intersection, ,OtherLocation,None,,,         ,Phillip,Murphy,Clear,Angle,no,no,no,yes,no,False
101422623,METROPOLITAN NASHVILLE POLICE DEPT,20160951871,Davidson,Nashville,10/25/2016 3:00:00 PM,2,0,0,36.151800,-86.771250,LAFAYETTE ST,,,,0.00,,West,4TH AVS,,,,0.00,N,Not at Intersection, ,Non-Junction,None,,,         ,Darrien,Spann,Clear,Angle,no,no,no,no,yes,False
101422635,METROPOLITAN NASHVILLE POLICE DEPT,20160951832,Davidson,Nashville,10/25/2016 2:39:00 PM,2,1,0,36.174850,-86.771330,I 24,,,,0.00,,,,,,,48.10,N,Not at Intersection,N,Non-Junction,None,,,         ,Michael,Baron,Clear,Angle,no,no,no,no,no,False
101422647,METROPOLITAN NASHVILLE POLICE DEPT,20160951902,Davidson,Not in City Limit,10/25/2016 3:07:00 PM,2,0,0,36.269320,-86.756190,OLD HICKORY BLVD,,,,137.00,Feet,West,DICKERSON PKE,,,,0.00,N,Not at Intersection, ,Non-Junction,None,,,         ,Rodney,Phipps,Clear,Angle,no,no,no,no,no,False
101422648,METROPOLITAN NASHVILLE POLICE DEPT,20160951960,Davidson,Nashville,10/25/2016 3:29:00 PM,2,1,0,36.039580,-86.781680,I65 N EXT RAMP,,,,0.00,Feet,East,I 65,,,,0.00,N,Not at Intersection,N,Non-Junction,None,,,         ,Tien,Nguyen,Clear,Front to Rear,no,no,no,no,no,False
101422673,METROPOLITAN NASHVILLE POLICE DEPT,20160951994,Davidson,Nashville,10/25/2016 3:06:00 PM,2,0,0,36.129560,-86.840000,HARDING PKE,,,,144.00,Feet,West,BRIXWORTH LN,,,,0.00,N,Not at Intersection,N,Non-Junction,None,,,         ,Torian,Cox,Clear,Front to Rear,no,no,no,no,no,False
101422683,METROPOLITAN NASHVILLE POLICE DEPT,20160951968,Davidson,Nashville,10/25/2016 3:32:00 PM,5,2,0,36.142060,-86.776680,I 65,,,,0.00,,,,,,,82.00,N,Not at Intersection,N,Non-Junction,None,,,         ,Charles,Griffin,Clear,Front to Rear,no,no,no,no,no,False
101422689,METROPOLITAN NASHVILLE POLICE DEPT,20160952046,Davidson,Nashville,10/25/2016 2:59:00 PM,2,0,0,36.210680,-86.733290,GALLATIN PKE,,,,103.00,Feet,South,GREENFIELD AV,,,,0.00,N,Not at Intersection,N,Non-Junction,None,,,         ,Rachael,Sacco,Cloudy,Front to Rear,no,no,no,no,no,False
101422695,METROPOLITAN NASHVILLE POLICE DEPT,20160952240,Davidson,Nashville,10/25/2016 5:02:00 PM,2,0,0,36.033120,-86.774340,CHURCH STE,,,,1149.00,Feet,East,CLOVERLAND DR,,,,0.00,N,Not at Intersection, ,Non-Junction,None,,,         ,Tien,Nguyen,Clear,Front to Rear,no,no,no,no,no,False
101422698,METROPOLITAN NASHVILLE POLICE DEPT,20160952177,Davidson,Nashville,10/25/2016 3:42:00 PM,2,0,0,36.124200,-86.751350,I440 W EXT RAMP,,,,0.00,Feet,East,I 440,,,,0.00,N,Not at Intersection, ,Non-Junction,None,,,         ,Jarret,Sonnenberg,Clear,Front to Rear,no,no,no,no,no,False
101422700,METROPOLITAN NASHVILLE POLICE DEPT,20160952307,Davidson,Nashville,10/25/2016 4:56:00 PM,2,0,0,36.157200,-86.680830,MCGAVOCK PKE,,,,0.00,,,,,,,0.00,,,N,Non-Junction,None,,,         ,Brian,Smith,Clear,Front to Rear,no,no,no,no,yes,False
101422705,METROPOLITAN NASHVILLE POLICE DEPT,20160952166,Davidson,Nashville,10/25/2016 4:38:00 PM,2,0,0,36.140370,-86.813780,31ST AVS,,,,43.00,Feet,South,DUDLEY AV,,,,0.00,N,Not at Intersection,N,Non-Junction,None,,,         ,Phillip,Murphy,Clear,"Sideswipe, Same Direction",no,no,no,no,no,Campus
101422707,METROPOLITAN NASHVILLE POLICE DEPT,20160952217,Davidson,Nashville,10/25/2016 4:29:00 PM,3,0,0,36.087200,-86.695900,METROPLEX DR,,,,122.00,Feet,North,S PERIMETER PARK DR,,,,0.00,N,Not at Intersection,N,Non-Junction,None,,,         ,Brandon,Vance,Clear,Front to Rear,no,no,no,no,yes,False
101422711,GOODLETTSVILLE POLICE DEPT,16-36811,Davidson,Goodlettsville,10/25/2016 3:34:00 PM,3,0,0,36.294830,-86.717160,I 65,,,,0.00,,,,,,,94.70,N,Not at Intersection, ,Non-Junction,None,,,         ,Brian,Hajdu,Clear,Front to Rear,no,no,no,no,no,False
101422715,METROPOLITAN NASHVILLE POLICE DEPT,20160952208,Davidson,Nashville,10/25/2016 4:54:00 PM,2,0,0,36.156250,-86.789060,I40 W ENT RAMP,,,,108.00,Feet,North,BROADWAY,,,,0.00,N,Not at Intersection, ,Non-Junction,None,,,         ,Darrien,Spann,Clear,"Sideswipe, Same Direction",no,no,no,no,no,False
101422717,METROPOLITAN NASHVILLE POLICE DEPT,20160952311,Davidson,Nashville,10/25/2016 4:59:00 PM,2,0,0,36.164860,-86.767910,S 2ND ST,,,,0.00,,,SHELBY AV,,,,0.00,Y,Four-Way, ,Intersection,None,,,         ,Brian,Woodard,Clear,Angle,no,no,no,no,no,False
101422723,METROPOLITAN NASHVILLE POLICE DEPT,20160952283,Davidson,Nashville,10/25/2016 4:49:00 PM,2,0,0,36.167530,-86.798300,IRELAND ST,,,,211.00,Feet,East,14TH AVN,,,,0.00,N,Not at Intersection,N,Non-Junction,None,,,         ,Michael,Brooks,Clear,"Sideswipe, Opposite Direction",no,no,no,no,yes,False
101422724,METROPOLITAN NASHVILLE POLICE DEPT,20160951820,Davidson,Nashville,10/25/2016 2:50:00 PM,2,0,0,36.064600,-86.628270,MURFREESBORO PKE,,,,92.00,Feet,South,HAMILTON CHURCH RD,,,,0.00,N,Not at Intersection,N,Non-Junction,None,,,         ,Jessie,Meadows,Clear,Angle,no,no,no,no,no,False
101422726,METROPOLITAN NASHVILLE POLICE DEPT,20160952171,Davidson,Nashville,10/25/2016 4:30:00 PM,3,0,0,36.154240,-86.784520,11TH AVS,,,,60.00,Feet,North,LAUREL ST,,,,0.00,N,Not at Intersection,N,Non-Junction,None,,,         ,Jason,King,Clear,Angle,no,no,no,no,no,False
101422727,METROPOLITAN NASHVILLE POLICE DEPT,20160952325,Davidson,Nashville,10/25/2016 5:20:00 PM,2,0,0,36.064090,-86.629210,HAMILTON CHURCH RD,,,,333.00,Feet,South,MURFREESBORO PKE,,,,0.00,N,Not at Intersection,N,Non-Junction,None,,,         ,Larry,Preuett,Clear,Angle,no,no,no,no,no,False
101422728,METROPOLITAN NASHVILLE POLICE DEPT,2016-0952068,Davidson,Nashville,10/25/2016 3:05:00 PM,2,0,0,36.049660,-86.871300,OLD HICKORY BLVD,,,,500.00,Feet,West,CHICKERING MEADOW,,,,0.00,N,Not at Intersection,N,Non-Junction,None,,,         ,Michael,Rogers,Clear,Front to Rear,no,no,no,no,no,False
101422732,METROPOLITAN NASHVILLE POLICE DEPT,20160952188,Davidson,Nashville,10/25/2016 4:31:00 PM,1,0,0,36.058640,-86.689150,CIMARRON WAY,,,,356.00,Feet,East,KAREN RAY CT,,,,0.00,N,Not at Intersection,N,Non-Junction,None,,,         ,Jared,Jenkins,Clear,Not Collision with Motor Vehicle in Transport,no,no,no,no,no,False
101422735,METROPOLITAN NASHVILLE POLICE DEPT,20160952441,Davidson,Nashville,10/25/2016 6:13:00 PM,2,0,0,36.055090,-86.731890,MCMURRAY DR,,,,0.00,,,ASHLEY DR,,,,0.00,Y,Four-Way, ,Intersection-Related,None,,,         ,Tien,Nguyen,Clear,"Sideswipe, Opposite Direction",no,no,no,no,no,False
101422738,GOODLETTSVILLE POLICE DEPT,16-36823,Davidson,Goodlettsville,10/25/2016 5:18:00 PM,2,1,0,36.305660,-86.703030,RIVERGATE PKWY,,,,0.00,,,MEADOW LARK LN,,,,0.00,Y,Four-Way,N,Intersection,None,,,         ,Brian,Hajdu,Clear,Angle,no,no,no,no,no,False
101422739,GOODLETTSVILLE POLICE DEPT,16-35747,Davidson,Goodlettsville,10/17/2016 12:10:00 AM,1,0,0,36.321390,-86.703550,I65 N EXT RAMP,,,,0.00,,,I 65,,,,0.00,Y,OTHER,N,Non-Junction,None,,,         ,Hannah,Poole,Clear,Not Collision with Motor Vehicle in Transport,no,no,no,no,no,False
101422743,METROPOLITAN NASHVILLE POLICE DEPT,20160952418,Davidson,Nashville,10/25/2016 6:08:00 PM,2,0,0,36.134450,-86.781830,WEDGEWOOD AV,,,,167.00,Feet,East,ELLIOTT AV,,,,0.00,N,Not at Intersection,N,"Driveway, Alley Access, etc",None,,,         ,Charles,Griffin,Clear,Angle,no,no,no,no,no,False
101422747,METROPOLITAN NASHVILLE POLICE DEPT,20160952421,Davidson,Nashville,10/25/2016 6:07:00 PM,2,0,0,36.151280,-86.796180,BROADWAY,,,,135.00,Feet,North,19TH AVS,,,,0.00,N,Not at Intersection, ,Non-Junction,None,,,         ,Nicholas,Smith,Clear,Front to Rear,no,no,no,no,no,False
101422751,METROPOLITAN NASHVILLE POLICE DEPT,20160951922,Davidson,Nashville,10/25/2016 3:03:00 PM,2,1,0,36.236790,-86.781060,BRICK CHURCH PKE,,,,166.00,Feet,South,BRILEY PKWY E ENT RAMP,,,,0.00,N,Not at Intersection,N,Non-Junction,None,,,         ,Samuel,Miller,Clear,Front to Rear,no,no,no,no,no,False
101422752,METROPOLITAN NASHVILLE POLICE DEPT,20160952207,Davidson,Not in City Limit,10/25/2016 4:43:00 PM,2,0,0,36.271480,-86.736150,I 65,,,,0.00,,,,,,,92.75,N,Not at Intersection,N,Non-Junction,None,,,         ,Samuel,Miller,Clear,Angle,no,no,no,no,no,False
101422754,METROPOLITAN NASHVILLE POLICE DEPT,20160952511,Davidson,Nashville,10/25/2016 6:32:00 PM,3,0,0,36.155900,-86.789460,I 40,,,,0.00,,,,,,,209.15,N,Not at Intersection, ,Non-Junction,None,,,         ,Charles,Griffin,Clear,Front to Rear,no,no,no,no,no,False
101422757,METROPOLITAN NASHVILLE POLICE DEPT,20160952446,Davidson,Nashville,10/25/2016 5:15:00 PM,2,0,0,36.111330,-86.742930,FOSTER AV,,,,200.00,Feet,North,THOMPSON LN,,,,0.00,N,Not at Intersection,N,Non-Junction,None,,,         ,Brandon,Vance,Clear,Angle,no,no,no,no,yes,False
101422764,METROPOLITAN NASHVILLE POLICE DEPT,20160952245,Davidson,Goodlettsville,10/25/2016 4:53:00 PM,2,0,0,36.294610,-86.717440,I 65,,,,0.00,,,,,,,94.65,N,Not at Intersection, ,Non-Junction,None,,,         ,Samuel,Miller,Clear,Front to Rear,no,no,no,no,no,False
101422767,METROPOLITAN NASHVILLE POLICE DEPT,20160952626,Davidson,Nashville,10/25/2016 5:41:00 PM,2,0,0,36.152020,-86.847210,CHARLOTTE AV,,,,0.00,,,50TH AVN,,,,0.00,Y,Four-Way, ,,None,,,         ,Shaun,Heath,,,no,no,no,no,no,False
101422770,METROPOLITAN NASHVILLE POLICE DEPT,20160952390,Davidson,Nashville,10/25/2016 5:33:00 PM,2,0,0,36.149590,-86.827920,NEVADA AV,,,,51.00,Feet,East,37TH AVN,,,,0.00,N,Not at Intersection, ,Non-Junction,None,,,         ,Torian,Cox,Clear,Unknown,no,no,no,no,yes,False
101422772,METROPOLITAN NASHVILLE POLICE DEPT,20160952112,Davidson,Nashville,10/25/2016 4:20:00 PM,2,0,0,36.235510,-86.711130,BRILEY PKWYW,,,,186.00,Feet,West,BRILEY PKWYE,,,,0.00,N,Not at Intersection, ,Non-Junction,None,,,         ,Samuel,Miller,Clear,Front to Rear,no,no,no,no,no,False
101422775,METROPOLITAN NASHVILLE POLICE DEPT,20160952566,Davidson,Not in City Limit,10/25/2016 7:04:00 PM,1,0,0,36.311660,-86.883460,RAWLINGS RD,,,,211.00,Feet,West,CLARKSVILLE PKE,,,,0.00,N,Not at Intersection,N,Non-Junction,None,,,         ,Michael,Brooks,Clear,Not Collision with Motor Vehicle in Transport,no,no,no,no,no,False
101422779,METROPOLITAN NASHVILLE POLICE DEPT,20160952610,Davidson,Nashville,10/25/2016 7:23:00 PM,2,0,0,36.040900,-86.779380,STONE BROOK DR,,,,0.00,Feet,,OLD HICKORY BLVD,,,,0.00,Y,Four-Way, ,Intersection-Related,None,,,         ,Tien,Nguyen,Clear,Front to Rear,no,no,no,no,no,False
101422782,METROPOLITAN NASHVILLE POLICE DEPT,20160952380,Davidson,Not in City Limit,10/25/2016 5:47:00 PM,2,0,0,36.274530,-86.735520,I 65,,,,0.00,,,,,,,93.00,N,Not at Intersection,N,Non-Junction,None,,,         ,Samuel,Miller,Clear,Front to Rear,no,no,no,no,no,False
101422784,METROPOLITAN NASHVILLE POLICE DEPT,20160951855,Davidson,Nashville,10/25/2016 2:32:00 PM,3,0,0,36.144560,-86.739340,I 40,,,,0.00,,,,,,,212.35,N,Not at Intersection, ,,None,,,         ,Bryan,Byrnes,,,no,no,no,no,no,False
101422787,METROPOLITAN NASHVILLE POLICE DEPT,20160952319,Davidson,Nashville,10/25/2016 5:09:00 PM,3,0,0,36.169150,-86.775110,JAMES ROBERTSON PKWY,,,,770.00,Feet,West,MAIN ST,,,,0.00,N,Not at Intersection, ,Non-Junction,None,,,         ,Michael,Moss,Clear,Front to Rear,no,no,no,no,no,False
101422788,METROPOLITAN NASHVILLE POLICE DEPT,20160952293,Davidson,Nashville,10/25/2016 5:15:00 PM,2,2,0,36.174520,-86.613110,CENTRAL PKE,,,,144.00,Feet,West,WISTERIA LN,,,,0.00,N,Not at Intersection,N,Non-Junction,None,,,         ,Christopher,Mackey,Clear,Other,no,no,no,no,no,False