master_record_number,agency,agency_tracking_number,county,city,collision_date,vehicles_involved,number_injured,number_dead,latitude,longitude,roadway_name,roadway_suffix,roadway_number,roadway_local_id,distance_from_reference,miles-feet_indicator,direction_from_reference,intersection_road_name,intersection_road_name_suffix,intersection_road_number,intersection_local_id,mile_marker,intersection_indicator,intersect_type,interchange_related_indicator,relation_to_junction,work_zone_type,construction_maintenance_zone,construction_maintenance_zone_location,fatal_case_number,officer_first_name,officer_last_name,weather_condition(s),manner_of_crash,pedestrian,bicycle,scooter,parking,hitrun,mou
101424371,METROPOLITAN NASHVILLE POLICE DEPT,20160958713,Davidson,Nashville,10/27/2016 2:30:00 PM,2,0,0,36.107490,-86.813630,GREEN HILLS VILLAGE DR,,,,305.00,Feet,West,HILLSBORO PKE,,,,0.00,N,Not at Intersection,N,Non-Junction,None,,,         ,Franklin,Taylor,Clear,"Sideswipe, Opposite Direction",no,no,no,yes,yes,False
101424374,METROPOLITAN NASHVILLE POLICE DEPT,20160958988,Davidson,Nashville,10/27/2016 5:18:00 PM,3,0,0,36.110290,-86.782080,WOODMONT BLVD,,,,6.00,Feet,East,MCNAIRY LN,,,,0.00,N,Not at Intersection, ,,None,,,         ,Edin,Plancic,,,no,no,no,no,no,False
101424375,METROPOLITAN NASHVILLE POLICE DEPT,20160958799,Davidson,Nashville,10/27/2016 4:25:00 PM,2,1,0,36.042960,-86.841940,OLD HICKORY BLVD,,,,109.00,Feet,East,KINGSBURY DR,,,,0.00,N,Not at Intersection,N,Non-Junction,None,,,         ,Charles,Griffin,Clear,Front to Rear,no,no,no,no,no,False
101424376,METROPOLITAN NASHVILLE POLICE DEPT,20160958983,Davidson,Not in City Limit,10/27/2016 5:45:00 PM,2,0,0,36.274290,-86.689410,MYATT DR,,,,791.00,Feet,North,ANDERSON LN,,,,0.00,N,Not at Intersection, ,,None,,,         ,Ryan,Sabel,,,no,no,no,no,no,False
101424379,METROPOLITAN NASHVILLE POLICE DEPT,20160958957,Davidson,Nashville,10/27/2016 5:32:00 PM,2,0,0,36.163050,-86.796060,14TH AVN,,,,0.00,,,JO JOHNSTON AV,,,,0.00,Y,Four-Way,N,Intersection,None,,,         ,Michael,Brooks,Cloudy,"Sideswipe, Opposite Direction",no,no,no,no,no,False
101424383,METROPOLITAN NASHVILLE POLICE DEPT,20160958990,Davidson,Nashville,10/27/2016 5:15:00 PM,2,1,0,36.133720,-86.819200,I 440,,,,0.00,,,,,,,1.70,N,Not at Intersection,N,Non-Junction,None,,,         ,Eric,Burford,Clear,Front to Rear,no,no,no,no,no,False
101424384,METROPOLITAN NASHVILLE POLICE DEPT,20160958984,Davidson,Nashville,10/27/2016 4:37:00 PM,2,2,0,36.197890,-86.620170,OLD HICKORY BLVD,,,,0.00,,,,,,,0.00,,,N,Non-Junction,None,,,         ,Brian,Smith,Clear,Front to Rear,no,no,no,no,no,False
101424385,METROPOLITAN NASHVILLE POLICE DEPT,20160958882,Davidson,Not in City Limit,10/27/2016 4:51:00 PM,2,0,0,36.263280,-86.714060,OLD HICKORY BLVDW,,,,160.00,Feet,East,DOUGLAS ST,,,,0.00,N,Not at Intersection,N,Non-Junction,None,,,         ,Samuel,Miller,Clear,Angle,no,no,no,no,no,False
101424396,METROPOLITAN NASHVILLE POLICE DEPT,20160959041,Davidson,Nashville,10/27/2016 4:34:00 PM,2,0,0,36.186150,-86.633750,LEBANON PKE,,,,150.00,Feet,East,STONES RIVER GRNWY,,,,0.00,N,Not at Intersection, ,OtherLocation,None,,,         ,Christopher,Mackey,Clear,Front to Rear,no,no,no,no,no,False
101424406,METROPOLITAN NASHVILLE POLICE DEPT,20160959044,Davidson,Nashville,10/27/2016 5:52:00 PM,2,0,0,36.166230,-86.765790,SHELBY AV,,,,0.00,,,INTERSTATE DR,,,,0.00,Y,Four-Way,N,Intersection,None,,,         ,James,Smith,Clear,Front to Rear,no,no,no,no,yes,False
101424407,METROPOLITAN NASHVILLE POLICE DEPT,20160959095,Davidson,Nashville,10/27/2016 6:12:00 PM,2,0,0,36.183820,-86.748370,GALLATIN AV,,,,0.00,,,EASTLAND AV,,,,0.00,Y,Four-Way,N,Intersection,None,,,         ,James,Smith,Clear,Front to Rear,no,no,no,no,yes,False
101424409,METROPOLITAN NASHVILLE POLICE DEPT,20160959067,Davidson,Nashville,10/27/2016 5:36:00 PM,2,0,0,36.217420,-86.774940,I 65,,,,0.00,,,,,,,88.10,N,Not at Intersection, ,Non-Junction,None,,,         ,Hunter,Fikes,Clear,Angle,no,no,no,no,no,False
101424410,METROPOLITAN NASHVILLE POLICE DEPT,20160958995,Davidson,Nashville,10/27/2016 5:49:00 PM,2,0,0,36.115810,-86.782840,I 440,,,,0.00,,,,,,,4.40,N,Not at Intersection,N,Non-Junction,None,,,         ,Jacob,Masteller,Clear,Front to Rear,no,no,no,no,no,False
101424411,METROPOLITAN NASHVILLE POLICE DEPT,20160958909,Davidson,Nashville,10/27/2016 5:01:00 PM,2,0,0,36.084810,-86.763310,I 65,,,,0.00,,,,,,,78.00,N,Not at Intersection, ,,None,,,         ,Charles,Griffin,,,no,no,no,no,no,False
101424412,METROPOLITAN NASHVILLE POLICE DEPT,20160959120,Davidson,Nashville,10/27/2016 5:59:00 PM,2,0,0,36.211000,-86.838930,FAIRVIEW DR,,,,0.00,,,CLARKSVILLE PKE,,,,0.00,Y,Four-Way, ,,None,,,         ,Michael,Brooks,,,no,no,no,no,no,False
101424427,METROPOLITAN NASHVILLE POLICE DEPT,20160959106,Davidson,Nashville,10/27/2016 12:00:00 AM,2,2,0,36.200550,-86.740160,GALLATIN PKE,,,,158.00,Feet,South,BURCHWOOD AV,,,,0.00,N,Not at Intersection,N,Non-Junction,None,,,         ,Colin,Bleem,Clear,Angle,no,no,no,no,yes,False
101424431,METROPOLITAN NASHVILLE POLICE DEPT,20160958981,Davidson,Nashville,10/27/2016 5:03:00 PM,2,0,0,36.129140,-86.772860,I 65,,,,0.00,,,,,,,81.00,N,Not at Intersection, ,Non-Junction,None,,,         ,Charles,Griffin,Clear,"Sideswipe, Same Direction",no,no,no,no,no,False
101424437,METROPOLITAN NASHVILLE POLICE DEPT,20160958994,Davidson,Nashville,10/27/2016 5:33:00 PM,2,0,0,36.124320,-86.811910,I 440,,,,0.00,,,,,,,2.50,N,Not at Intersection, ,Non-Junction,None,,,         ,David,Collins,Clear,Front to Rear,no,no,no,no,yes,False
101424440,METROPOLITAN NASHVILLE POLICE DEPT,20160959009,Davidson,Nashville,10/27/2016 5:18:00 PM,2,0,0,36.111780,-86.792580,GRANNY WHITE PKE,,,,57.00,Feet,North,WOODMONT BLVD,,,,0.00,N,Not at Intersection, ,Non-Junction,None,,,         ,Akira,McSwain,Clear,Front to Rear,no,no,no,no,no,False
101424448,METROPOLITAN NASHVILLE POLICE DEPT,20160959116,Davidson,Nashville,10/27/2016 6:49:00 PM,3,0,0,36.133790,-86.726760,I 24,,,,0.00,,,,,,,52.10,N,Not at Intersection,N,Non-Junction,None,,,         ,Alyson,Cook,Clear,Front to Rear,no,no,no,no,yes,False
101424449,METROPOLITAN NASHVILLE POLICE DEPT,20160959162,Davidson,Nashville,10/27/2016 5:58:00 PM,2,0,0,36.073680,-86.692590,I 24,,,,0.00,,,,,,,56.65,N,Not at Intersection, ,Non-Junction,None,,,         ,William,McDaniel,Clear,Front to Rear,no,no,no,no,yes,False
101424450,METROPOLITAN NASHVILLE POLICE DEPT,20160959229,Davidson,Nashville,10/27/2016 7:40:00 PM,2,0,0,36.047300,-86.862740,OLD HICKORY BLVD,,,,0.00,,,HILLSBORO PKE,,,,0.00,Y,Four-Way, ,,None,,,         ,Ethan,Usherwood,,,no,no,no,no,no,False
101424460,METROPOLITAN NASHVILLE POLICE DEPT,20160959061,Davidson,Nashville,10/27/2016 6:14:00 PM,2,0,0,36.131430,-86.817710,I 440,,,,0.00,,,,,,,1.90,N,Not at Intersection, ,Non-Junction,None,,,         ,David,Collins,Clear,Front to Rear,no,no,no,no,no,False
101424469,METROPOLITAN NASHVILLE POLICE DEPT,20160958737,Davidson,Nashville,10/27/2016 2:44:00 PM,2,0,0,36.237410,-86.758380,I 65,,,,0.00,,,,,,,89.90,N,Not at Intersection,N,Non-Junction,None,,,         ,Samuel,Miller,Clear,"Sideswipe, Same Direction",no,no,no,no,yes,False
101424475,METROPOLITAN NASHVILLE POLICE DEPT,20160959174,Davidson,Nashville,10/27/2016 6:12:00 PM,2,0,0,36.233560,-86.724500,GALLATIN PKE SB EXT RAMP,,,,0.00,Feet,East,GALLATIN PKE,,,,0.00,N,Not at Intersection, ,Non-Junction,None,,,         ,Cressie,Prill,Clear,Front to Rear,no,no,no,no,yes,False
101424479,METROPOLITAN NASHVILLE POLICE DEPT,2016-0959146,Davidson,Nashville,10/27/2016 7:00:00 PM,2,1,0,36.049540,-86.775240,I 65,,,,0.00,,,,,,,75.45,N,Not at Intersection,N,Non-Junction,None,,,         ,William,King,Clear,"Sideswipe, Same Direction",no,no,no,no,no,False
101424489,METROPOLITAN NASHVILLE POLICE DEPT,20160958935,Davidson,Goodlettsville,10/27/2016 5:17:00 PM,2,0,0,36.301070,-86.694310,GALLATIN PKEN,,,,186.00,Feet,East,SHEPHERD HILLS DR,,,,0.00,N,Not at Intersection, ,Non-Junction,None,,,         ,Bradley,Campbell,Clear,Front to Rear,no,no,no,no,no,False
101424500,METROPOLITAN NASHVILLE POLICE DEPT,20160959336,Davidson,Nashville,10/27/2016 7:18:00 PM,2,0,0,36.139170,-86.791370,15TH AVS,,,,372.00,Feet,North,WADE AV,,,,0.00,N,Not at Intersection,N,Non-Junction,None,,,         ,Eric,Burford,Clear,Front to Rear,no,no,no,no,yes,False
101424502,METROPOLITAN NASHVILLE POLICE DEPT,20160959016,Davidson,Nashville,10/27/2016 6:00:00 PM,2,1,0,36.040640,-86.782370,I 65,,,,0.00,,,,,,,74.70,N,Not at Intersection,N,Non-Junction,None,,,         ,Nicholas,Berens,Clear,Front to Rear,no,no,no,no,no,False
101424506,METROPOLITAN NASHVILLE POLICE DEPT,20160959130,Davidson,Nashville,10/27/2016 6:51:00 PM,2,1,0,36.129140,-86.772860,I 65,,,,0.00,,,,,,,81.00,N,Not at Intersection,N,Non-Junction,None,,,         ,Charles,Griffin,Clear,Angle,no,no,no,no,no,False
101424510,METROPOLITAN NASHVILLE POLICE DEPT,20160959006,Davidson,Nashville,10/27/2016 5:50:00 PM,2,0,0,36.160450,-86.794340,CHARLOTTE AV,,,,223.00,Feet,West,CAPITOL PT,,,,0.00,N,Not at Intersection,N,Non-Junction,None,,,         ,Andy,Esqueda,Clear,Angle,no,no,no,no,no,False
101424511,METROPOLITAN NASHVILLE POLICE DEPT,20160959446,Davidson,Goodlettsville,10/27/2016 8:50:00 PM,2,0,0,36.299340,-86.697090,GALLATIN PKEN,,,,217.00,Feet,South,CUDE LN,,,,0.00,N,Not at Intersection,N,Non-Junction,None,,,         ,Cecilia,Gomez,Clear,"Sideswipe, Opposite Direction",no,no,no,no,yes,False
101424512,METROPOLITAN NASHVILLE POLICE DEPT,20160958879,Davidson,Nashville,10/27/2016 4:57:00 PM,3,0,0,36.155100,-86.830500,I440 W EXT RAMP,,,,0.00,Feet,East,I 40,,,,0.00,N,Not at Intersection,N,Non-Junction,None,,,         ,Shaun,Heath,Clear,Front to Rear,no,no,no,no,no,False
101424513,BERRY HILL POLICE DEPT,16-3785,Davidson,Berry Hill,10/27/2016 8:00:00 PM,2,0,0,36.112110,-86.764830,THOMPSON LN,,,,565.00,Feet,West,E IRIS DR,,,,0.00,N,Not at Intersection, ,OtherLocation,None,,,         ,Monty,Sands,Clear,"Sideswipe, Same Direction",no,no,no,no,no,False
101424514,METROPOLITAN NASHVILLE POLICE DEPT,20160958947,Davidson,Nashville,10/27/2016 5:25:00 PM,2,0,0,36.039880,-86.741610,OLD HICKORY BLVD,,,,550.00,Feet,East,EDMONDSON PKE,,,,0.00,N,Not at Intersection, ,Non-Junction,None,,,         ,Nicholas,Berens,Clear,Front to Rear,no,no,no,no,no,False
101424515,METROPOLITAN NASHVILLE POLICE DEPT,20160927702,Davidson,Nashville,10/17/2016 6:50:00 PM,1,1,0,36.169190,-86.679910,MCGAVOCK PKE,,,,63.00,Feet,South,LEBANON PKE,,,,0.00,N,Not at Intersection,N,Non-Junction,None,,,         ,Christopher,Augustin,Clear,Not Collision with Motor Vehicle in Transport,yes,no,no,no,yes,False
101424518,METROPOLITAN NASHVILLE POLICE DEPT,20160959301,Davidson,Not in City Limit,10/27/2016 8:00:00 PM,2,0,0,36.273440,-86.710040,GALLATIN PKEN,,,,0.00,,,ANDERSON LN,,,,0.00,Y,T-Intersection,N,Intersection,None,,,         ,Peter,Knisley,Clear,Front to Rear,no,no,no,no,yes,False
101424519,METROPOLITAN NASHVILLE POLICE DEPT,20160959340,Davidson,Nashville,10/27/2016 8:21:00 PM,2,0,0,36.040280,-86.768370,OLD HICKORY BLVD,,,,0.00,,,CLOVERLAND DR,,,,0.00,Y,Four-Way, ,Intersection,None,,,         ,Charles,Griffin,Clear,Angle,no,no,no,no,no,False
101424524,METROPOLITAN NASHVILLE POLICE DEPT,20160958563,Davidson,Not in City Limit,10/27/2016 2:54:00 PM,1,1,0,36.279300,-86.705590,PIERCE RD,,,,250.00,Feet,East,FLORENCE AV,,,,0.00,N,Not at Intersection,N,Non-Junction,None,,,         ,Samuel,Miller,Clear,Not Collision with Motor Vehicle in Transport,no,no,no,no,yes,False
101424534,METROPOLITAN NASHVILLE POLICE DEPT,20160959379,Davidson,Nashville,10/27/2016 7:45:00 PM,2,0,0,36.101790,-86.740550,NOLENSVILLE PKE,,,,0.00,,,ANTIOCH PKE,,,,0.00,Y,T-Intersection, ,Intersection,None,,,         ,Benjamin,Froehlich,Clear,Angle,no,no,no,no,no,False
101424535,METROPOLITAN NASHVILLE POLICE DEPT,20160959436,Davidson,Nashville,10/27/2016 8:59:00 PM,1,1,0,36.080790,-86.726720,NOLENSVILLE PKE,,,,449.00,Feet,North,HARDING PL,,,,0.00,N,Not at Intersection,N,Non-Junction,None,,,         ,Charles,Griffin,Clear,Not Collision with Motor Vehicle in Transport,yes,no,no,no,no,False
101424545,METROPOLITAN NASHVILLE POLICE DEPT,20160958612,Davidson,Nashville,10/27/2016 3:12:00 PM,2,2,0,36.246480,-86.735480,S GRAYCROFT AV,,,,0.00,,,FREDA VILLA,,,,0.00,Y,T-Intersection,N,Non-Junction,None,,,         ,Samuel,Miller,Clear,Angle,no,no,no,no,no,False
101424547,GOODLETTSVILLE POLICE DEPT,16-37193,Davidson,Goodlettsville,10/27/2016 9:03:00 PM,1,0,0,36.309470,-86.695650,VIETNAM VETERANS BLVD. WB EXIT,RAMP,SR386,,0.00,,,CONFERENCE,DR,,,0.00,Y,T-Intersection,Y,Entrance/Exit Ramp Related,None,,,         ,Jeffrey,Petty,Clear,Not Collision with Motor Vehicle in Transport,no,no,no,no,no,False
101424551,METROPOLITAN NASHVILLE POLICE DEPT,20160958558,Davidson,Nashville,10/27/2016 2:35:00 PM,2,0,0,36.135560,-86.885830,CHARLOTTE PKE,,,,219.00,Feet,West,BROOK HOLLOW RD,,,,0.00,N,Not at Intersection, ,Non-Junction,None,,,         ,Michael,Thompson,Clear,Front to Rear,no,no,no,no,no,False
101424555,METROPOLITAN NASHVILLE POLICE DEPT,20160958638,Davidson,Not in City Limit,10/25/2016 10:45:00 PM,1,0,0,36.122000,-86.982260,OLD CHARLOTTE PKE,,,,341.00,Feet,East,OLD POND CREEK RD,,,,0.00,N,Not at Intersection,N,Non-Junction,None,,,         ,John,Thomas,Clear,Not Collision with Motor Vehicle in Transport,no,no,no,no,yes,False
101424560,METROPOLITAN NASHVILLE POLICE DEPT,20160959216,Davidson,Nashville,10/27/2016 5:30:00 PM,3,0,0,36.044850,-86.662970,BELL RD,,,,426.00,Feet,West,CANE RIDGE RD,,,,0.00,N,Not at Intersection, ,Non-Junction,None,,,         ,Sharissa,Perez,Clear,Front to Rear,no,no,no,no,no,False
101424562,METROPOLITAN NASHVILLE POLICE DEPT,20160959641,Davidson,Nashville,10/27/2016 10:30:00 PM,2,0,0,36.171470,-86.767980,I 24,,,,0.00,,,,,,,48.40,N,Not at Intersection, ,Entrance/Exit Ramp Related,None,,,         ,Ky,Luu,Clear,Front to Rear,no,no,no,no,no,False
101424572,METROPOLITAN NASHVILLE POLICE DEPT,20160959715,Davidson,Nashville,10/27/2016 11:23:00 PM,3,2,0,36.144930,-86.766660,4TH AVS,,,,0.00,,,CHESTNUT ST,,,,0.00,Y,Four-Way,N,Intersection,None,,,         ,Steven,Wiser,Clear,Angle,no,no,no,no,no,False
101424573,METROPOLITAN NASHVILLE POLICE DEPT,20160959676,Davidson,Nashville,10/27/2016 11:04:00 AM,2,0,0,36.162230,-86.774360,1ST AVS,,,,0.00,,,1ST AVN,,,,0.00,Y,Four-Way, ,,None,,,         ,Brian,Zullo,,,no,no,no,no,no,False
101424574,METROPOLITAN NASHVILLE POLICE DEPT,20160959827,Davidson,Goodlettsville,10/27/2016 10:56:00 PM,1,0,0,36.364780,-86.732950,SPRINGFIELD HWY,,,,373.00,Feet,East,GAYLEMORE DR,,,,0.00,N,Not at Intersection, ,,None,,,         ,Matthew,Harris,,,no,no,no,no,no,False
101424582,METROPOLITAN NASHVILLE POLICE DEPT,2016-0959660,Davidson,Nashville,10/27/2016 10:45:00 PM,2,1,0,36.168240,-86.782130,JAMES ROBERTSON PKWY,,,,0.00,,,GAY ST,,,,0.00,Y,Four-Way,N,Intersection,None,,,         ,Travis,Baxter,Clear,Angle,no,no,no,no,no,False
101424583,BELLE MEADE POLICE DEPT,16-0290,Davidson,Belle Meade,10/27/2016 4:00:00 PM,2,0,0,36.095830,-86.857930,HARDING PL,,,,285.00,Feet,East,ENQUIRER AV,,,,0.00,N,Not at Intersection, ,Non-Junction,None,,,         ,Charles,Williams,Clear,Angle,no,no,no,no,yes,False
101424593,METROPOLITAN NASHVILLE POLICE DEPT,20160959833,Davidson,Nashville,10/28/2016 12:00:00 AM,1,0,0,36.154450,-86.760440,I 40,,,,0.00,,,,,,,211.00,N,Not at Intersection,N,Non-Junction,None,,,         ,Cheri,Cox,Clear,Not Collision with Motor Vehicle in Transport,no,no,no,no,no,False
101424601,METROPOLITAN NASHVILLE POLICE DEPT,20160960169,Davidson,Nashville,10/28/2016 12:17:00 AM,2,0,0,36.191460,-86.827590,CLARKSVILLE PKE,,,,0.00,Feet,East,TSU CONNECTOR,,,,0.00,N,Not at Intersection,N,Non-Junction,None,,,         ,Cody,Jaworski,Clear,"Sideswipe, Same Direction",no,no,no,no,yes,False
101424617,METROPOLITAN NASHVILLE POLICE DEPT,20160960277,Davidson,Nashville,10/28/2016 12:00:00 AM,1,0,0,36.059860,-86.707600,PACKARD DR,,,,144.00,Feet,South,STRASSER DR,,,,0.00,N,Not at Intersection,N,Non-Junction,None,,,         ,Justin,McCormick,Clear,Not Collision with Motor Vehicle in Transport,no,no,no,no,yes,False
101424641,METROPOLITAN NASHVILLE POLICE DEPT,20160960464,Davidson,Nashville,10/28/2016 12:00:00 AM,2,0,0,36.172570,-86.762850,WOODLAND ST,,,,15.00,Feet,West,S 6TH ST,,,,0.00,N,Not at Intersection,N,Non-Junction,None,,,         ,Ky,Luu,Clear,"Sideswipe, Same Direction",no,no,no,no,yes,False
101424642,METROPOLITAN NASHVILLE POLICE DEPT,20160960220,Davidson,Nashville,10/28/2016 2:42:00 AM,1,1,0,36.146270,-86.666550,DONELSON PKE,,,,117.00,Feet,North,ROYAL PKWY,,,,0.00,N,Not at Intersection,N,Non-Junction,None,,,         ,Leonard,Spadavecchia,Clear,Unknown,no,no,no,no,no,False
101424658,METROPOLITAN NASHVILLE POLICE DEPT,20160960590,Davidson,Old Hickory,10/28/2016 5:19:00 AM,1,0,0,36.263010,-86.661840,ROBINSON RD,,,,133.00,Feet,South,INDUSTRIAL DR,,,,0.00,N,Not at Intersection, ,Non-Junction,None,,,         ,Sean,Wuethrich,Clear,Not Collision with Motor Vehicle in Transport,no,no,no,no,no,False
101424661,METROPOLITAN NASHVILLE POLICE DEPT,20160960509,Davidson,Nashville,10/28/2016 4:47:00 AM,3,0,0,36.179100,-86.812920,22ND AVN,,,,389.00,Feet,South,BUCHANAN ST,,,,0.00,N,Not at Intersection, ,Non-Junction,None,,,         ,Johnathon,Birdwell,Clear,HeadOn,no,no,no,no,no,False
101424663,METROPOLITAN NASHVILLE POLICE DEPT,20160960588,Davidson,Nashville,10/28/2016 5:25:00 AM,3,0,0,36.064790,-86.628480,HAMILTON CHURCH RD,,,,0.00,,,MURFREESBORO PKE,,,,0.00,Y,Four-Way, ,Intersection-Related,None,,,         ,Justin,McCormick,Clear,Front to Rear,no,no,no,no,no,False
101424667,METROPOLITAN NASHVILLE POLICE DEPT,20160960256,Davidson,Nashville,10/28/2016 4:52:00 AM,1,0,0,36.053690,-86.667460,HICKORY HOLLOW PKWY,,,,1475.00,Feet,East,MT VIEW RD,,,,0.00,N,Not at Intersection,N,Non-Junction,None,,,         ,Ryan,Cagle,Clear,Not Collision with Motor Vehicle in Transport,no,no,no,no,yes,False
101424672,METROPOLITAN NASHVILLE POLICE DEPT,20160960658,Davidson,Nashville,10/28/2016 5:54:00 AM,2,0,0,36.107030,-86.719410,I 24,,,,0.00,,,,,,,53.95,N,Not at Intersection, ,Non-Junction,None,,,         ,Erik,Dabbs,Clear,"Sideswipe, Same Direction",no,no,no,no,no,False
101424695,METROPOLITAN NASHVILLE POLICE DEPT,20160960705,Davidson,Nashville,10/28/2016 6:30:00 AM,2,1,0,36.136170,-86.788960,WEDGEWOOD AV,,,,60.00,Feet,West,12TH AVS,,,,0.00,N,Not at Intersection,N,Non-Junction,None,,,         ,Nathan,Kemp,Clear,Front to Rear,no,no,no,no,no,False
101424712,METROPOLITAN NASHVILLE POLICE DEPT,20160960728,Davidson,Nashville,10/28/2016 6:57:00 AM,2,0,0,36.152290,-86.753930,I 40,,,,0.00,,,,,,,211.35,N,Not at Intersection, ,Non-Junction,None,,,         ,James,Curtis,Clear,Front to Rear,no,no,no,no,no,False
101424718,METROPOLITAN NASHVILLE POLICE DEPT,20160960751,Davidson,Not in City Limit,10/28/2016 7:05:00 AM,2,0,0,36.286570,-86.809130,I 24,,,,0.00,,,,,,,39.75,N,Not at Intersection, ,Non-Junction,None,,,         ,Michael,McCord,Clear,Front to Rear,no,no,no,no,no,False
101424731,METROPOLITAN NASHVILLE POLICE DEPT,20160960826,Davidson,Nashville,10/28/2016 7:39:00 AM,2,1,0,36.145460,-86.625800,LINCOYA BAY DR,,,,116.00,Feet,East,BELL RD,,,,0.00,N,Not at Intersection,N,Non-Junction,None,,,         ,MIchael,Mihajlov,Clear,Front to Rear,no,no,no,no,no,False
101424743,METROPOLITAN NASHVILLE POLICE DEPT,20160958245,Davidson,Nashville,10/27/2016 12:42:00 PM,2,0,0,36.201700,-86.776840,I 65,,,,0.00,,,,,,,87.00,N,Not at Intersection,N,Non-Junction,None,,,         ,Cary,Briley,Cloudy,Front to Rear,no,no,no,no,no,False
101424745,VANDERBILT UNIVERSITY POLICE,16-0958306,Davidson,Nashville,10/27/2016 1:15:00 PM,2,0,0,36.138980,-86.803980,CHILDRENS WAY,,,,318.00,Feet,West,23RD AVS,,,,0.00,N,Not at Intersection,N,Non-Junction,None,,,         ,John,Whittaker,Clear,Other,no,no,no,yes,no,Campus
101424754,METROPOLITAN NASHVILLE POLICE DEPT,20160960862,Davidson,Nashville,10/28/2016 8:03:00 AM,1,1,0,36.245800,-86.716220,BERKLEY DR,,,,0.00,,,ARGLE AV,,,,0.00,Y,Four-Way,N,Non-Junction,None,,,         ,Eric,Richardson,Clear,Not Collision with Motor Vehicle in Transport,no,no,no,no,no,False
101424757,METROPOLITAN NASHVILLE POLICE DEPT,20160960781,Davidson,Not in City Limit,10/28/2016 12:00:00 AM,1,0,0,36.266470,-86.691210,MCARTHUR DR,,,,66.00,Feet,South,N DUPONT AV,,,,0.00,N,Not at Intersection,N,Non-Junction,None,,,         ,Coleman,McKellar,Clear,Not Collision with Motor Vehicle in Transport,no,no,no,no,no,False
101424761,VANDERBILT UNIVERSITY POLICE,16- 0960825,Davidson,Nashville,10/28/2016 7:40:00 AM,2,0,0,36.143050,-86.810120,JESS NEELY DR,,,,0.00,,,,,,,0.00,,, ,OtherLocation,None,,,         ,Charles,Payton,Clear,Front to Rear,no,no,no,yes,no,Campus
101424776,METROPOLITAN NASHVILLE POLICE DEPT,20160960842,Davidson,Nashville,10/28/2016 7:55:00 AM,2,0,0,36.188050,-86.797910,DOMINICAN DR,,,,173.00,Feet,East,ROSA L PARKS BLVD,,,,0.00,N,Not at Intersection,N,Non-Junction,None,,,         ,James,Jarvis,Clear,Angle,no,no,no,no,no,False
101424778,METROPOLITAN NASHVILLE POLICE DEPT,20160960936,Davidson,Nashville,10/28/2016 8:46:00 AM,2,0,0,36.086850,-86.693860,HARDING PL,,,,539.00,Feet,West,ANTIOCH PKE,,,,0.00,N,Not at Intersection, ,Non-Junction,None,,,         ,Stephen,Soule,Clear,Front to Rear,no,no,no,no,no,False
101424787,METROPOLITAN NASHVILLE POLICE DEPT,20160960900,Davidson,Nashville,10/28/2016 8:20:00 AM,2,0,0,36.064790,-86.628480,HAMILTON CHURCH RD,,,,0.00,,,MURFREESBORO PKE,,,,0.00,Y,Four-Way,N,Intersection-Related,None,,,         ,Robert,Erickson,Clear,"Sideswipe, Same Direction",no,no,no,no,no,False
101424807,METROPOLITAN NASHVILLE POLICE DEPT,20160960811,Davidson,Nashville,10/28/2016 7:37:00 AM,2,0,0,36.323900,-86.867620,I 24,,,,0.00,,,,,,,35.00,N,Not at Intersection,N,Non-Junction,None,,,         ,James,Wray,Clear,Front to Rear,no,no,no,no,no,False
101424821,METROPOLITAN NASHVILLE POLICE DEPT,110887892,Davidson,Nashville,10/28/2016 7:27:00 AM,2,1,0,36.182540,-86.776080,COWAN ST,,,,907.00,Feet,South,COWAN CT,,,,0.00,N,Not at Intersection,N,Non-Junction,None,,,         ,Robert,Magner,Clear,Angle,no,no,no,no,no,False
101424841,METROPOLITAN NASHVILLE POLICE DEPT,20160960859,Davidson,Nashville,10/28/2016 7:55:00 AM,2,0,0,36.139200,-86.725620,I40 E ENT RAMP,,,,0.00,,,I 24,,,,0.00,Y,OTHER, ,Entrance/Exit Ramp Related,None,,,         ,David,Smith,Clear,"Sideswipe, Same Direction",no,no,no,no,no,False
101424842,METROPOLITAN NASHVILLE POLICE DEPT,20160960789,Davidson,Nashville,10/28/2016 7:05:00 AM,2,1,0,36.110820,-86.743380,THOMPSON LN,,,,126.00,Feet,West,FOSTER AV,,,,0.00,N,Not at Intersection,N,Non-Junction,None,,,         ,Blake,Lutz,Clear,Angle,no,no,no,no,no,False
101424848,METROPOLITAN NASHVILLE POLICE DEPT,20160960650,Davidson,Nashville,10/28/2016 8:00:00 AM,2,0,0,36.156350,-86.787330,12TH AVS,,,,25.00,Feet,South,BROADWAY,,,,0.00,N,Not at Intersection, ,Non-Junction,None,,,         ,Catherine,Poole,Clear,Front to Rear,no,no,no,no,no,False
101424849,METROPOLITAN NASHVILLE POLICE DEPT,20160961031,Davidson,Nashville,10/28/2016 9:14:00 AM,2,0,0,36.059100,-86.714290,RAYWOOD LN,,,,0.00,,,TUSCULUM RD,,,,0.00,Y,Four-Way, ,Non-Junction,None,,,         ,Steven,Williams,Clear,Front to Rear,no,no,no,no,yes,False