master_record_number,agency,agency_tracking_number,county,city,collision_date,vehicles_involved,number_injured,number_dead,latitude,longitude,roadway_name,roadway_suffix,roadway_number,roadway_local_id,distance_from_reference,miles-feet_indicator,direction_from_reference,intersection_road_name,intersection_road_name_suffix,intersection_road_number,intersection_local_id,mile_marker,intersection_indicator,intersect_type,interchange_related_indicator,relation_to_junction,work_zone_type,construction_maintenance_zone,construction_maintenance_zone_location,fatal_case_number,officer_first_name,officer_last_name,weather_condition(s),manner_of_crash,pedestrian,bicycle,scooter,parking,hitrun,mou
101424854,METROPOLITAN NASHVILLE POLICE DEPT,20160960958,Davidson,Nashville,10/28/2016 8:45:00 AM,3,1,0,36.178040,-86.755380,SILVERDENE PL,,,,0.00,,,MCFERRIN AV,,,,0.00,Y,Four-Way,Y,Intersection,None,,,         ,Randal,Owsley,Clear,Angle,no,no,no,no,no,False
101424908,METROPOLITAN NASHVILLE POLICE DEPT,20160961144,Davidson,Nashville,10/28/2016 9:54:00 AM,2,0,0,36.082060,-86.761730,I65 N EXT RAMP,,,,0.00,,,HARDING PL,,,,0.00,Y,Four-Way, ,Intersection,None,,,         ,Nathan,Kemp,Clear,Front to Rear,no,no,no,no,no,False
101424909,METROPOLITAN NASHVILLE POLICE DEPT,20160961175,Davidson,Nashville,10/28/2016 9:57:00 AM,2,0,0,36.060070,-86.741050,ELLINGTON CIR,,,,1.00,Feet,East,EDMONDSON PKE,,,,0.00,N,Not at Intersection,N,Non-Junction,None,,,         ,Nathan,Kemp,Clear,Front to Rear,no,no,no,no,no,False
101424910,METROPOLITAN NASHVILLE POLICE DEPT,20160961054,Davidson,Nashville,10/28/2016 9:15:00 AM,2,2,0,36.169810,-86.806770,DR D B TODD JR BLVD,,,,132.00,Feet,North,JEFFERSON ST,,,,0.00,N,Not at Intersection,N,Non-Junction,None,,,         ,Nicholas,MacDougall,Clear,Front to Rear,no,no,no,no,no,False
101424913,METROPOLITAN NASHVILLE POLICE DEPT,20160960986,Davidson,Nashville,10/28/2016 8:33:00 AM,2,0,0,36.167310,-86.779710,3RD AVN,,,,100.00,Feet,North,JAMES ROBERTSON PKWY,,,,0.00,N,Not at Intersection,N,Non-Junction,None,,,         ,Catherine,Poole,Clear,Front to Rear,no,no,no,no,yes,False
101424921,METROPOLITAN NASHVILLE POLICE DEPT,20160960897,Davidson,Nashville,10/28/2016 8:13:00 AM,2,0,0,36.143830,-86.689900,I 40,,,,0.00,,,,,,,215.30,N,Not at Intersection, ,Non-Junction,None,,,         ,James,Curtis,Clear,Front to Rear,no,no,no,no,no,False
101424922,METROPOLITAN NASHVILLE POLICE DEPT,20160960939,Davidson,Nashville,10/28/2016 8:27:00 AM,2,0,0,36.145250,-86.740490,I 40,,,,0.00,,,,,,,212.25,N,Not at Intersection, ,Non-Junction,None,,,         ,James,Curtis,Clear,Front to Rear,no,no,no,no,no,False
101424950,METROPOLITAN NASHVILLE POLICE DEPT,20160961313,Davidson,Not in City Limit,10/28/2016 7:58:00 AM,2,0,0,36.310720,-86.748200,DRY CREEK RD,,,,0.63,Miles,North,HILLS HOLLOW RD,,,,0.00,N,Not at Intersection, ,"Driveway, Alley Access, etc",None,,,         ,Brandon,Wood,Clear,Front to Rear,no,no,no,no,no,False
101424991,METROPOLITAN NASHVILLE POLICE DEPT,2016-0961510,Davidson,Nashville,10/28/2016 11:56:00 AM,2,0,0,36.136620,-86.800870,21ST AVS,,,,0.00,,,BELCOURT AV,,,,0.00,Y,OTHER, ,,None,,,         ,Jonathan,Seidl,,,no,no,no,no,no,Campus
101424998,METROPOLITAN NASHVILLE POLICE DEPT,2016-0960872,Davidson,Nashville,10/28/2016 8:05:00 AM,2,1,0,36.125830,-86.751520,WHITNEY AV,,,,0.00,,,GLENROSE AV,,,,0.00,Y,T-Intersection,N,Intersection,None,,,         ,William,Whitworth,Clear,Angle,no,no,no,no,no,False
101424999,METROPOLITAN NASHVILLE POLICE DEPT,2016-0961418,Davidson,Nashville,10/28/2016 11:28:00 AM,3,0,0,36.089590,-86.688520,HARDING PL,,,,0.00,,,EZELL PKE,,,,0.00,Y,Four-Way, ,Intersection,None,,,         ,William,Whitworth,Clear,Front to Rear,no,no,no,no,no,False
101425005,METROPOLITAN NASHVILLE POLICE DEPT,20160961389,Davidson,Not in City Limit,10/28/2016 11:12:00 AM,2,0,0,36.264060,-86.711570,GALLATIN PKEN,,,,80.00,Feet,South,OLD TIME VILLAGE PVTDR,,,,0.00,N,Not at Intersection,N,Non-Junction,None,,,         ,Spencer,Pittman,Clear,Angle,no,no,no,no,no,False
101425035,METROPOLITAN NASHVILLE POLICE DEPT,20160960715,Davidson,Nashville,10/28/2016 6:49:00 AM,1,1,0,36.165860,-86.781910,5TH AVN,,,,0.00,,,CHARLOTTE AV,,,,0.00,Y,Four-Way,N,Intersection,None,,,         ,William,Waters,Clear,Not Collision with Motor Vehicle in Transport,yes,no,no,no,no,False
101425050,METROPOLITAN NASHVILLE POLICE DEPT,20160961544,Davidson,Nashville,10/28/2016 12:10:00 PM,2,1,0,36.092850,-86.771430,FRANKLIN PKE,,,,0.00,,,SOUTHMEADE PKWY,,,,0.00,Y,T-Intersection,N,Intersection-Related,None,,,         ,Justin,Pinkelton,Clear,Front to Rear,no,no,no,no,no,False
101425065,METROPOLITAN NASHVILLE POLICE DEPT,20160961268,Davidson,Nashville,10/28/2016 10:47:00 AM,2,0,0,36.046830,-86.679300,BELL RD,,,,34.00,Feet,East,BRITTANY PARK DR,,,,0.00,N,Not at Intersection, ,Non-Junction,None,,,         ,Jessie,Meadows,Clear,Angle,no,no,no,no,no,False
101425066,METROPOLITAN NASHVILLE POLICE DEPT,20160961636,Davidson,Nashville,10/28/2016 12:51:00 PM,2,0,0,36.135990,-86.698810,ARBOR CREEK BLVD,,,,0.00,,,BRILEY PKWY,,,,0.00,Y,Four-Way, ,Intersection,None,,,         ,MIchael,Mihajlov,Clear,Front to Rear,no,no,no,no,no,False
101425087,METROPOLITAN NASHVILLE POLICE DEPT,2016-0961629,Davidson,Nashville,10/28/2016 12:52:00 PM,2,0,0,36.098640,-86.871340,HEADY DR,,,,183.00,Feet,East,HIGHWAY 100,,,,0.00,N,Not at Intersection, ,"Driveway, Alley Access, etc",None,,,         ,Walter,Gray II,Clear,Angle,no,no,no,no,no,False
101425088,METROPOLITAN NASHVILLE POLICE DEPT,20160961269,Davidson,Nashville,10/28/2016 10:24:00 AM,2,0,0,36.137450,-86.799460,WEDGEWOOD AV,,,,235.00,Feet,North,21ST AVS,,,,0.00,N,Not at Intersection, ,Non-Junction,None,,,         ,Phillip,Murphy,Clear,"Sideswipe, Same Direction",no,no,no,no,no,Campus
101425123,METROPOLITAN NASHVILLE POLICE DEPT,20160961563,Davidson,Nashville,10/28/2016 12:26:00 PM,2,0,0,36.041250,-86.777240,OLD HICKORY BLVD,,,,306.00,Feet,West,BRENTWOOD COMMONS WAY,,,,0.00,N,Not at Intersection, ,Non-Junction,None,,,         ,Kevin,Crawford,Clear,"Sideswipe, Same Direction",no,no,no,no,no,False
101425201,METROPOLITAN NASHVILLE POLICE DEPT,2016-0961692,Davidson,Nashville,10/28/2016 1:20:00 PM,3,1,0,0.000000,0.000000,BROADWAY,,,,20.00,Feet,West,10TH AVE. S.,,,,0.00,N,Not at Intersection,N,Non-Junction,None,,,         ,William,Vincion,Clear,Front to Rear,no,no,no,no,no,False
101425233,METROPOLITAN NASHVILLE POLICE DEPT,20160961924,Davidson,Nashville,10/28/2016 3:00:00 PM,2,2,0,36.127470,-86.629550,BELL RD,,,,0.00,,,PRIEST WOODS DR,,,,0.00,Y,T-Intersection,N,Intersection-Related,None,,,         ,Thomas,Barnes,Clear,Front to Rear,no,no,no,no,no,False
101425240,METROPOLITAN NASHVILLE POLICE DEPT,20160961909,Davidson,Nashville,10/28/2016 2:42:00 PM,2,0,0,36.153570,-86.763500,I 40,,,,0.00,,,,,,,210.80,N,Not at Intersection, ,Non-Junction,None,,,         ,Craig,Gentry,Clear,Front to Rear,no,no,no,no,no,False
101425257,METROPOLITAN NASHVILLE POLICE DEPT,20160961939,Davidson,Not in City Limit,10/28/2016 3:12:00 PM,2,0,0,36.322620,-86.868630,I24 E ENT RAMP,,,,0.00,,,I 24,,,,0.00,Y,OTHER,Y,Entrance/Exit Ramp Related,None,,,         ,Michael,Brooks,Clear,Front to Rear,no,no,no,no,yes,False
101425261,METROPOLITAN NASHVILLE POLICE DEPT,20160961906,Davidson,Nashville,10/28/2016 2:50:00 PM,2,0,0,36.168600,-86.766200,I 24,,,,0.00,,,,,,,48.80,N,Not at Intersection,N,Non-Junction,None,,,         ,Darrien,Spann,Clear,Front to Rear,no,no,no,no,no,False
101425265,METROPOLITAN NASHVILLE POLICE DEPT,20160961929,Davidson,Nashville,10/28/2016 3:11:00 PM,2,1,0,36.084760,-86.733880,ELYSIAN FIELDS RD,,,,0.00,,,LYNN DR,,,,0.00,Y,Four-Way,N,Intersection,None,,,         ,Charles,Griffin,Clear,Angle,no,no,no,no,no,False
101425266,METROPOLITAN NASHVILLE POLICE DEPT,20160961961,Davidson,Nashville,10/28/2016 3:28:00 PM,2,0,0,36.154630,-86.779160,LAFAYETTE ST,,,,0.00,,,8TH AVS,,,,0.00,Y,Roundabout, ,Intersection-Related,None,,,         ,Jason,Thomas,Cloudy,Other,no,no,no,no,no,False
101425286,BELLE MEADE POLICE DEPT,16-0291,Davidson,Belle Meade,10/28/2016 1:20:00 PM,2,0,0,36.120970,-86.853120,HARDING PKE,,,,48.00,Feet,North,GARDNER DR,,,,0.00,N,Not at Intersection, ,Non-Junction,None,,,         ,Keith,Samol,Clear,Front to Rear,no,no,no,no,no,False
101425297,METROPOLITAN NASHVILLE POLICE DEPT,20160961778,Davidson,Nashville,10/28/2016 1:47:00 PM,2,0,0,36.220510,-86.753650,HART LN,,,,0.00,,,WHITNEY PARK DR,,,,0.00,Y,OTHER,N,"Driveway, Alley Access, etc",None,,,         ,Alex,Moore,Clear,Angle,no,no,no,yes,yes,False
101425305,METROPOLITAN NASHVILLE POLICE DEPT,20160961918,Davidson,Nashville,10/28/2016 3:06:00 PM,1,1,0,36.154050,-86.834960,I 40,,,,0.00,,,,,,,205.20,N,Not at Intersection,N,Non-Junction,Maintenance Zone,Lane Shift-Crossover,Activity Area,         ,Walter,Gray II,Clear,Not Collision with Motor Vehicle in Transport,no,no,no,no,no,False
101425314,METROPOLITAN NASHVILLE POLICE DEPT,20160961992,Davidson,Nashville,10/28/2016 4:42:00 PM,2,0,0,36.093740,-86.736430,NOLENSVILLE PKE,,,,122.00,Feet,North,NATCHEZ CT,,,,0.00,N,Not at Intersection,N,Non-Junction,None,,,         ,Jessie,Meadows,Clear,Front to Rear,no,no,no,no,no,False
101425316,METROPOLITAN NASHVILLE POLICE DEPT,20160962020,Davidson,Nashville,10/28/2016 12:00:00 AM,2,0,0,36.190260,-86.798650,ROSA L PARKS BLVD,,,,288.00,Feet,South,VANTAGE WAY CT,,,,0.00,N,Not at Intersection, ,Non-Junction,None,,,         ,Adam,Gartner,Clear,Front to Rear,no,no,no,no,no,False
101425327,METROPOLITAN NASHVILLE POLICE DEPT,20160962013,Davidson,Nashville,10/28/2016 3:35:00 PM,2,0,0,36.041040,-86.746290,OLD HICKORY BLVD,,,,559.00,Feet,East,BRENTWOOD MEADOWS CIR,,,,0.00,N,Not at Intersection, ,Non-Junction,None,,,         ,Edin,Plancic,Clear,Front to Rear,no,no,no,no,no,False
101425328,METROPOLITAN NASHVILLE POLICE DEPT,20160961951,Davidson,Nashville,10/28/2016 3:22:00 PM,3,0,0,36.150250,-86.770910,I40 E EXT RAMP,,,,0.00,Feet,East,I 40,,,,0.00,N,Not at Intersection,N,Entrance/Exit Ramp Related,None,,,         ,Jonathan,Cavezza,Clear,Front to Rear,no,no,no,no,no,False
101425349,METROPOLITAN NASHVILLE POLICE DEPT,20160962160,Davidson,Nashville,10/28/2016 5:01:00 PM,2,1,0,36.215170,-86.872290,BRILEY PKWYS,,,,691.00,Feet,North,BRILEY PKWYN,,,,0.00,N,Not at Intersection,N,Non-Junction,None,,,         ,Michael,Brooks,Clear,"Sideswipe, Same Direction",no,no,no,no,yes,False
101425350,METROPOLITAN NASHVILLE POLICE DEPT,20160962023,Davidson,Nashville,10/28/2016 4:31:00 PM,2,1,0,36.146030,-86.879140,I 40,,,,0.00,,,,,,,202.65,N,Not at Intersection,N,Non-Junction,None,,,         ,Ethan,Usherwood,Clear,Front to Rear,no,no,no,no,no,False
101425360,METROPOLITAN NASHVILLE POLICE DEPT,20160962087,Davidson,Nashville,10/28/2016 4:23:00 PM,2,0,0,36.226450,-86.725410,GALLATIN PKE,,,,0.00,,,WINDING WAY,,,,0.00,Y,T-Intersection,N,Intersection,None,,,         ,James,Smith,Clear,Other,no,no,no,no,no,False
101425365,METROPOLITAN NASHVILLE POLICE DEPT,20160961871,Davidson,Nashville,10/28/2016 2:21:00 PM,2,0,0,36.173480,-86.763640,MAIN ST,,,,86.00,Feet,West,S 6TH ST,,,,0.00,N,Not at Intersection,N,Non-Junction,None,,,         ,Jonathan,Hadley,Clear,Angle,no,no,no,no,no,False
101425370,METROPOLITAN NASHVILLE POLICE DEPT,20160962054,Davidson,Nashville,10/28/2016 3:53:00 PM,2,0,0,36.099370,-86.763830,I 65,,,,0.00,,,,,,,79.00,N,Not at Intersection, ,,None,,,         ,Charles,Griffin,,,no,no,no,no,no,False
101425371,METROPOLITAN NASHVILLE POLICE DEPT,20160958978,Davidson,Nashville,10/27/2016 5:38:00 PM,1,1,0,36.153070,-86.848610,ALABAMA AV,,,,0.00,,,51ST AVN,,,,0.00,Y,Four-Way,N,Intersection,None,,,         ,Shaun,Heath,Clear,Not Collision with Motor Vehicle in Transport,no,no,no,no,no,False
101425382,METROPOLITAN NASHVILLE POLICE DEPT,20160961782,Davidson,Nashville,10/28/2016 1:43:00 PM,2,0,0,36.117820,-86.787180,CLAYTON AV,,,,0.00,,,LEALAND LN,,,,0.00,Y,Four-Way,N,Intersection,None,,,         ,Phillip,Murphy,Clear,Angle,no,no,no,no,no,False
101425383,METROPOLITAN NASHVILLE POLICE DEPT,20160962058,Davidson,Nashville,10/28/2016 3:51:00 PM,2,0,0,36.117870,-86.796950,BELMONT BLVD,,,,171.00,Feet,North,GALE LN,,,,0.00,N,Not at Intersection, ,Non-Junction,None,,,         ,Phillip,Murphy,Clear,Front to Rear,no,no,no,no,no,False
101425384,METROPOLITAN NASHVILLE POLICE DEPT,20160961956,Davidson,Nashville,10/28/2016 3:21:00 PM,2,0,0,36.120740,-86.795100,CEDAR LN,,,,0.00,,,BELMONT BLVD,,,,0.00,Y,Four-Way, ,Intersection-Related,None,,,         ,Phillip,Murphy,Clear,Front to Rear,no,no,no,no,no,False
101425386,METROPOLITAN NASHVILLE POLICE DEPT,20160962026,Davidson,Nashville,10/28/2016 3:55:00 PM,2,0,0,36.089070,-86.649990,MURFREESBORO PKE,,,,0.00,,,RANSOM PL,,,,0.00,Y,Four-Way, ,Intersection-Related,None,,,         ,Nakia,Reid,Clear,"Sideswipe, Same Direction",no,no,no,no,no,False
101425387,METROPOLITAN NASHVILLE POLICE DEPT,20160962136,Davidson,Nashville,10/28/2016 3:48:00 PM,2,0,0,36.145070,-86.880680,I 40,,,,0.00,,,,,,,202.55,N,Not at Intersection, ,,None,,,         ,Benjamin,Spees,,,no,no,no,no,no,False
101425388,METROPOLITAN NASHVILLE POLICE DEPT,20160962118,Davidson,Nashville,10/28/2016 4:20:00 PM,2,0,0,36.040740,-86.779670,OLD HICKORY BLVD,,,,100.00,Feet,West,STONE BROOK DR,,,,0.00,N,Not at Intersection, ,,None,,,         ,Charles,Griffin,,,no,no,no,no,no,False
101425390,METROPOLITAN NASHVILLE POLICE DEPT,20160962082,Davidson,Nashville,10/28/2016 4:22:00 PM,2,0,0,36.153860,-86.844300,I 40,,,,0.00,,,,,,,204.70,N,Not at Intersection, ,,None,,,         ,Shaun,Heath,,,no,no,no,no,no,False
101425396,METROPOLITAN NASHVILLE POLICE DEPT,20160962071,Davidson,Nashville,10/28/2016 4:00:00 PM,2,0,0,36.045370,-86.672720,BELL RD,,,,498.00,Feet,East,BLUE HOLE RD,,,,0.00,N,Not at Intersection,N,Non-Junction,None,,,         ,William,McDaniel,Clear,"Sideswipe, Same Direction",no,no,no,no,no,False
101425398,METROPOLITAN NASHVILLE POLICE DEPT,20160962168,Davidson,Nashville,10/28/2016 4:35:00 PM,2,0,0,36.129330,-86.802560,21ST AVS,,,,0.00,,,ASHWOOD AV,,,,0.00,Y,OTHER, ,Non-Junction,None,,,         ,Ralph,Smith IV,Clear,Front to Rear,no,no,no,no,no,False
101425401,METROPOLITAN NASHVILLE POLICE DEPT,2016-0962099,Davidson,Nashville,10/28/2016 4:31:00 PM,1,1,0,36.159440,-86.865630,BRILEY PKWYN,,,,721.00,Feet,West,BRILEY PKWYS,,,,0.00,N,Not at Intersection,N,Non-Junction,None,,,         ,Michael,Rogers,Clear,Not Collision with Motor Vehicle in Transport,no,no,no,no,no,False
101425403,METROPOLITAN NASHVILLE POLICE DEPT,20160962171,Davidson,Nashville,10/28/2016 5:19:00 PM,2,0,0,36.060610,-86.673820,ANTIOCH PKE,,,,53.00,Feet,West,GOODWIN RD,,,,0.00,N,Not at Intersection, ,,None,,,         ,Jessie,Meadows,,,no,no,no,no,no,False
101425404,METROPOLITAN NASHVILLE POLICE DEPT,20160962182,Davidson,Nashville,10/28/2016 4:35:00 PM,2,0,0,36.132580,-86.722500,PAVILION BLVD,,,,208.00,Feet,East,PLUS PARK BLVD,,,,0.00,N,Not at Intersection, ,Non-Junction,None,,,         ,Andrew,Mullen,Clear,Rear to Rear,no,no,no,yes,no,False
101425405,METROPOLITAN NASHVILLE POLICE DEPT,20160962101,Davidson,Nashville,10/28/2016 4:25:00 PM,2,0,0,36.163720,-86.782940,UNION ST,,,,0.00,,,CAPITOL BLVD,,,,0.00,Y,T-Intersection,N,Non-Junction,None,,,         ,Kendra,Cowper,Clear,"Sideswipe, Same Direction",no,no,no,no,no,False
101425408,METROPOLITAN NASHVILLE POLICE DEPT,20160962198,Davidson,Nashville,10/28/2016 5:15:00 AM,2,0,0,36.087800,-86.691340,HARDING PL,,,,288.00,Feet,East,ANTIOCH PKE,,,,0.00,N,Not at Intersection,N,Non-Junction,None,,,         ,Kevin,Keating,Clear,"Sideswipe, Same Direction",no,no,no,no,no,False
101425413,METROPOLITAN NASHVILLE POLICE DEPT,20160962138,Davidson,Nashville,10/28/2016 4:50:00 PM,2,0,0,36.082100,-86.761700,HARDING PL,,,,0.00,,,I65 N EXT RAMP,,,,0.00,Y,T-Intersection, ,Intersection,None,,,         ,Charles,Griffin,Clear,Angle,no,no,no,no,no,False
101425416,METROPOLITAN NASHVILLE POLICE DEPT,20160962205,Davidson,Nashville,10/28/2016 5:17:00 PM,2,0,0,36.162870,-86.761660,I 24,,,,0.00,,,,,,,49.25,N,Not at Intersection, ,Non-Junction,None,,,         ,Darrien,Spann,Clear,Front to Rear,no,no,no,no,yes,False
101425417,METROPOLITAN NASHVILLE POLICE DEPT,20160962011,Davidson,Nashville,10/28/2016 3:50:00 PM,2,0,0,36.125820,-86.846490,KENNER AV,,,,0.00,,,HARDING PKE,,,,0.00,Y,Four-Way,Y,Intersection,None,,,         ,Barrett,Teague,Clear,"Sideswipe, Same Direction",no,no,no,no,no,False
101425428,METROPOLITAN NASHVILLE POLICE DEPT,20160962232,Davidson,Nashville,10/28/2016 5:39:00 PM,3,1,0,36.134350,-86.760740,WALSH RD,,,,400.00,Feet,West,NOLENSVILLE PKE,,,,0.00,N,Not at Intersection,N,Non-Junction,None,,,         ,Eric,Burford,Clear,Front to Rear,no,no,no,no,no,False
101425435,METROPOLITAN NASHVILLE POLICE DEPT,20160962211,Davidson,Nashville,10/28/2016 3:30:00 PM,2,0,0,36.152080,-86.852540,RICHLAND CREEK SHOPPING CENTER,,,,163.00,Feet,South,MORROW RD,,,,0.00,N,Not at Intersection, ,Non-Junction,None,,,         ,Franklin,Taylor,Clear,"Sideswipe, Same Direction",no,no,no,yes,yes,False
101425441,METROPOLITAN NASHVILLE POLICE DEPT,20160962039,Davidson,Nashville,10/28/2016 5:02:00 PM,4,0,0,36.145060,-86.880690,I 40,,,,0.00,,,,,,,202.55,N,Not at Intersection,N,Non-Junction,None,,,         ,Benjamin,Spees,Clear,Front to Rear,no,no,no,no,no,False
101425445,METROPOLITAN NASHVILLE POLICE DEPT,20160962097,Davidson,Nashville,10/28/2016 4:03:00 PM,4,1,0,36.133660,-86.827870,WEST END AV,,,,50.00,Feet,West,CRAIGHEAD AV,,,,0.00,N,Not at Intersection,N,Non-Junction,None,,,         ,Walter,Gray II,Clear,"Sideswipe, Same Direction",no,no,no,no,no,False
101425446,METROPOLITAN NASHVILLE POLICE DEPT,20160962224,Davidson,Nashville,10/28/2016 5:25:00 PM,3,0,0,36.142380,-86.709470,I 40,,,,0.00,,,,,,,214.25,N,Not at Intersection,N,Non-Junction,None,,,         ,Thomas,Barnes,Clear,Front to Rear,no,no,no,no,no,False
101425447,METROPOLITAN NASHVILLE POLICE DEPT,20160961993,Davidson,Nashville,10/28/2016 3:30:00 PM,3,1,0,36.082000,-86.761420,HARDING PL,,,,91.00,Feet,East,SIDCO DR,,,,0.00,N,Not at Intersection,N,Non-Junction,None,,,         ,Akira,McSwain,Clear,Front to Rear,no,no,no,no,no,False
101425457,METROPOLITAN NASHVILLE POLICE DEPT,20160961765,Davidson,Nashville,10/28/2016 1:30:00 PM,2,0,0,36.185300,-86.636500,JACKSON DOWNS BLVD,,,,0.00,,,LEBANON PKE,,,,0.00,Y,T-Intersection, ,Intersection,None,,,         ,Gerry,Hutcheson,Clear,Front to Rear,no,no,no,no,no,False
101425459,METROPOLITAN NASHVILLE POLICE DEPT,2016-0962220,Davidson,Nashville,10/28/2016 5:31:00 PM,2,1,0,36.079600,-86.726320,NOLENSVILLE PKE,,,,0.00,,,HARDING PL,,,,0.00,Y,Four-Way,Y,Intersection,None,,,         ,Austin,Kendrick,Clear,Angle,no,no,no,no,no,False
101425467,METROPOLITAN NASHVILLE POLICE DEPT,20160962299,Davidson,Nashville,10/28/2016 6:12:00 PM,1,1,0,36.210310,-86.905920,ASHLAND CITY HWY,,,,656.00,Feet,East,OLD HYDES FERRY PKE,,,,0.00,N,Not at Intersection,N,Non-Junction,None,,,         ,Michael,Brooks,Clear,Not Collision with Motor Vehicle in Transport,no,no,no,no,no,False
101425496,METROPOLITAN NASHVILLE POLICE DEPT,20160962286,Davidson,Nashville,10/28/2016 6:05:00 PM,2,0,0,36.040900,-86.779380,STONE BROOK DR,,,,0.00,,,OLD HICKORY BLVD,,,,0.00,Y,Four-Way, ,,None,,,         ,Charles,Griffin,,,no,no,no,no,no,False
101425498,METROPOLITAN NASHVILLE POLICE DEPT,20160962380,Davidson,Nashville,10/28/2016 6:35:00 PM,3,0,0,36.045450,-86.704020,OLD HICKORY BLVD,,,,122.00,Feet,West,EULALA DR,,,,0.00,N,Not at Intersection,N,Non-Junction,None,,,         ,William,McDaniel,Clear,Front to Rear,no,no,no,no,yes,False
101425501,METROPOLITAN NASHVILLE POLICE DEPT,20160962444,Davidson,Nashville,10/28/2016 6:24:00 PM,2,0,0,36.176440,-86.768210,SPRING ST,,,,184.00,Feet,East,SPRING ST ENT RAMP,,,,0.00,N,Not at Intersection, ,Non-Junction,None,,,         ,Christopher,Valdez,Clear,Front to Rear,no,no,no,no,no,False
101425503,METROPOLITAN NASHVILLE POLICE DEPT,20160962207,Davidson,Nashville,10/28/2016 5:25:00 PM,2,1,0,36.068160,-86.719070,NOLENSVILLE PKE,,,,17.00,Feet,South,HAYWOOD LN,,,,0.00,N,Not at Intersection,N,Non-Junction,None,,,         ,Edin,Plancic,Clear,Front to Rear,no,no,no,no,yes,False
101425507,METROPOLITAN NASHVILLE POLICE DEPT,20160962366,Davidson,Nashville,10/28/2016 6:15:00 PM,2,0,0,36.119950,-86.918470,CHARLOTTE PKE,,,,0.00,,,OLD CHARLOTTE PKE,,,,0.00,Y,T-Intersection, ,Intersection-Related,None,,,         ,Alex,Lampley,Clear,Angle,no,no,no,no,yes,False
101425513,METROPOLITAN NASHVILLE POLICE DEPT,20160962332,Davidson,Nashville,10/28/2016 5:20:00 PM,2,0,0,36.190550,-86.615220,OLD HICKORY BLVD,,,,206.00,Feet,South,OLD LEBANON DIRT RD,,,,0.00,N,Not at Intersection,N,OtherLocation,None,,,         ,Christopher,Mackey,Clear,Unknown,no,no,no,no,yes,False
101425515,METROPOLITAN NASHVILLE POLICE DEPT,2016-0962463,Davidson,Not in City Limit,10/28/2016 4:26:00 PM,2,0,0,36.076890,-86.945220,SAWYER BROWN RD,,,,0.00,,,HIGHWAY 70S,,,,0.00,Y,Four-Way, ,,None,,,         ,Michael,Rogers,,,no,no,no,no,no,False
101425517,METROPOLITAN NASHVILLE POLICE DEPT,20160962363,Davidson,Nashville,10/28/2016 6:30:00 PM,2,0,0,36.122150,-86.807170,I440 E ENT RAMP,,,,0.00,,,I 440,,,,0.00,Y,T-Intersection, ,Intersection,None,,,         ,Charles,Griffin,Clear,Angle,no,no,no,no,no,False
101425526,METROPOLITAN NASHVILLE POLICE DEPT,20160962310,Davidson,Nashville,10/28/2016 6:00:00 PM,2,0,0,36.243940,-86.756810,DOVERSIDE DR,,,,113.00,Feet,West,DICKERSON PKE,,,,0.00,N,Not at Intersection,N,Non-Junction,None,,,         ,Jerry,Pirtle,Cloudy,Front to Rear,no,no,no,no,no,False
101425530,METROPOLITAN NASHVILLE POLICE DEPT,20160962433,Davidson,Not in City Limit,10/28/2016 7:07:00 PM,2,0,0,36.261740,-86.712360,GALLATIN PKES,,,,174.00,Feet,South,E OLD HICKORY BLVD,,,,0.00,N,Not at Intersection,N,Non-Junction,None,,,         ,Christopher,Kelly,Clear,Front to Rear,no,no,no,no,yes,False
101425531,BERRY HILL POLICE DEPT,16-3798,Davidson,Berry Hill,10/28/2016 3:35:00 PM,2,1,0,36.116670,-86.766320,BRANSFORD AV,,,,0.00,,,W IRIS DR,,,,0.00,Y,Four-Way,N,Intersection,None,,,         ,Larry,Carter,Clear,"Sideswipe, Same Direction",no,no,no,no,no,False
101425532,METROPOLITAN NASHVILLE POLICE DEPT,20160962440,Davidson,Nashville,10/28/2016 7:14:00 PM,2,2,0,36.082680,-86.765110,HARDING PL,,,,0.00,,,I65 S ENT RAMP,,,,0.00,Y,T-Intersection,N,Intersection,None,,,         ,Charles,Griffin,Clear,Angle,no,no,no,no,no,False
101425533,METROPOLITAN NASHVILLE POLICE DEPT,20160962599,Davidson,Nashville,10/28/2016 12:00:00 AM,2,0,0,36.202470,-86.606630,RACHELS PL,,,,134.00,Feet,East,ANDREW JACKSON PKWY,,,,0.00,N,Not at Intersection, ,Non-Junction,None,,,         ,Noah,Melton,Clear,Unknown,no,no,no,no,yes,False
101425539,METROPOLITAN NASHVILLE POLICE DEPT,20160962516,Davidson,Nashville,10/28/2016 12:00:00 AM,3,0,0,36.122910,-86.630480,BELL RD,,,,64.00,Feet,North,WOODLAND POINTE DR,,,,0.00,N,Not at Intersection,Y,Non-Junction,None,,,         ,Craig,Gentry,Clear,Front to Rear,no,no,no,no,no,False
101425550,METROPOLITAN NASHVILLE POLICE DEPT,20160962084,Davidson,Nashville,10/28/2016 4:18:00 PM,2,0,0,36.153790,-86.794410,WEST END AV,,,,0.00,,,17TH AVN,,,,0.00,Y,Four-Way, ,Non-Junction,None,,,         ,David,Collins,Clear,Front to Rear,no,no,no,no,no,False