master_record_number,agency,agency_tracking_number,county,city,collision_date,vehicles_involved,number_injured,number_dead,latitude,longitude,roadway_name,roadway_suffix,roadway_number,roadway_local_id,distance_from_reference,miles-feet_indicator,direction_from_reference,intersection_road_name,intersection_road_name_suffix,intersection_road_number,intersection_local_id,mile_marker,intersection_indicator,intersect_type,interchange_related_indicator,relation_to_junction,work_zone_type,construction_maintenance_zone,construction_maintenance_zone_location,fatal_case_number,officer_first_name,officer_last_name,weather_condition(s),manner_of_crash,pedestrian,bicycle,scooter,parking,hitrun,mou
101426047,METROPOLITAN NASHVILLE POLICE DEPT,HIDDEN CREEK DR,Davidson,Nashville,10/29/2016 11:52:00 AM,2,0,0,0.000000,0.000000,HIDDEN CREEK,,US1,,0.00,,,OLD HICKORY,,US1,,0.00,Y,Four-Way, ,Non-Junction,None,,,         ,Steven,Williams,Clear,"Sideswipe, Same Direction",no,no,no,no,yes,False
101426048,METROPOLITAN NASHVILLE POLICE DEPT,20160964476,Davidson,Nashville,10/29/2016 1:33:00 PM,2,1,0,36.045300,-86.701680,BELL RD,,,,0.00,,,OLD HICKORY BLVD,,,,0.00,Y,Four-Way,N,Non-Junction,None,,,         ,Steven,Williams,Clear,Front to Rear,no,no,no,no,yes,False
101426077,METROPOLITAN NASHVILLE POLICE DEPT,20160964427,Davidson,Nashville,10/29/2016 12:54:00 PM,1,0,0,36.211440,-86.838820,CLARKSVILLE PKE,,,,165.00,Feet,North,NORTHSIDE STATION PVTDR,,,,0.00,N,Not at Intersection, ,Non-Junction,None,,,         ,Derrick,Toney,Clear,Not Collision with Motor Vehicle in Transport,no,no,no,yes,no,False
101426078,METROPOLITAN NASHVILLE POLICE DEPT,20160964437,Davidson,Nashville,10/29/2016 12:30:00 PM,2,0,0,36.149750,-86.866240,OBRIEN AV,,,,276.00,Feet,West,LELLYETT ST,,,,0.00,N,Not at Intersection, ,Non-Junction,None,,,         ,Michael,Pyle,Clear,Front to Rear,no,no,no,no,no,False
101426080,METROPOLITAN NASHVILLE POLICE DEPT,20160964364,Davidson,Nashville,10/29/2016 11:55:00 AM,3,1,0,36.068590,-86.714830,HAYWOOD LN,,,,433.00,Feet,East,HOPEDALE DR,,,,0.00,N,Not at Intersection,N,Non-Junction,None,,,         ,Blake,Lutz,Clear,Front to Rear,no,no,no,no,no,False
101426087,METROPOLITAN NASHVILLE POLICE DEPT,2016-0964458,Davidson,Nashville,10/29/2016 12:20:00 PM,2,0,0,36.186770,-86.631640,CENTRAL PKE,,,,0.00,,,LEBANON PKE,,,,0.00,Y,Four-Way, ,Intersection,None,,,         ,John,Nicholson,Clear,Front to Rear,no,no,no,no,no,False
101426089,METROPOLITAN NASHVILLE POLICE DEPT,20160964469,Davidson,Not in City Limit,10/29/2016 1:28:00 PM,2,2,0,36.267930,-86.710770,CUMBERLAND AV,,,,0.00,,,GALLATIN PKEN,,,,0.00,Y,T-Intersection,Y,Intersection,None,,,         ,Eric,Richardson,Clear,Angle,no,no,no,no,no,False
101426090,METROPOLITAN NASHVILLE POLICE DEPT,20160964436,Davidson,Not in City Limit,10/29/2016 12:55:00 PM,2,1,0,36.319080,-86.844550,I 24,,,,0.00,,,,,,,36.30,N,Not at Intersection,N,Non-Junction,None,,,         ,Steven,Frazier Jr.,Clear,Front to Rear,no,no,no,no,no,False
101426098,METROPOLITAN NASHVILLE POLICE DEPT,20160964463,Davidson,Nashville,10/29/2016 12:44:00 PM,2,0,0,36.167650,-86.663280,LEBANON PKE,,,,12.00,Feet,South,DONELSON PKE,,,,0.00,N,Not at Intersection, ,Non-Junction,None,,,         ,Johnathan,Carlisle,Clear,Front to Rear,no,no,no,no,no,False
101426106,METROPOLITAN NASHVILLE POLICE DEPT,2016-0964495,Davidson,Nashville,10/29/2016 1:47:00 PM,2,0,0,36.183510,-86.797950,ROSA L PARKS BLVD,,,,0.00,,,I65 N EXT RAMP,,,,0.00,Y,OTHER, ,Non-Junction,None,,,         ,Nicholas,MacDougall,Clear,Front to Rear,no,no,no,no,no,False
101426110,METROPOLITAN NASHVILLE POLICE DEPT,20160964454,Davidson,Nashville,10/29/2016 12:26:00 PM,2,0,0,36.151780,-86.842190,46TH AVN,,,,155.00,Feet,South,CHARLOTTE AV,,,,0.00,N,Not at Intersection,Y,Non-Junction,None,,,         ,Michael,Hunnicutt,Clear,Front to Rear,no,no,no,no,no,False
101426112,METROPOLITAN NASHVILLE POLICE DEPT,20160964499,Davidson,Nashville,10/29/2016 12:00:00 PM,2,2,0,36.178620,-86.750910,FORREST AV,,,,0.00,,,GALLATIN AV,,,,0.00,Y,T-Intersection,N,Intersection,None,,,         ,Randal,Owsley,Clear,Angle,no,no,no,no,no,False
101426113,METROPOLITAN NASHVILLE POLICE DEPT,20160964527,Davidson,Nashville,10/29/2016 2:07:00 PM,2,1,0,36.137530,-86.857810,WHITE BRIDGE PKE,,,,120.00,Feet,South,KNOB RD,,,,0.00,N,Not at Intersection,N,Non-Junction,None,,,         ,Brandon,Helms,Clear,Front to Rear,no,no,no,no,no,False
101426148,METROPOLITAN NASHVILLE POLICE DEPT,20160964542,Davidson,Nashville,10/29/2016 2:22:00 PM,2,0,0,36.109360,-86.811750,HILLSBORO PKE,,,,89.00,Feet,North,CRESTMOOR RD,,,,0.00,N,Not at Intersection, ,Non-Junction,None,,,         ,Charles,Griffin,Clear,Angle,no,no,no,no,yes,False
101426171,METROPOLITAN NASHVILLE POLICE DEPT,20160964673,Davidson,Nashville,10/29/2016 3:06:00 PM,2,0,0,36.127080,-86.789180,12TH AVS,,,,200.00,Feet,South,LINDEN AV,,,,0.00,N,Not at Intersection, ,,None,,,         ,Charles,Griffin,,,no,no,no,no,no,False
101426183,METROPOLITAN NASHVILLE POLICE DEPT,2016-0964490,Davidson,Nashville,10/29/2016 1:42:00 PM,2,0,0,36.234690,-86.781270,BRICK CHURCH PKE,,,,339.00,Feet,West,MOOREWOOD DR,,,,0.00,N,Not at Intersection, ,"Driveway, Alley Access, etc",None,,,         ,Arthur,Hipp,Clear,Angle,no,no,no,no,no,False
101426189,METROPOLITAN NASHVILLE POLICE DEPT,20160964649,Davidson,Nashville,10/29/2016 3:20:00 PM,2,0,0,36.096160,-86.655620,RICE AV,,,,0.00,Feet,,SMITH SPRINGS RD,,,,0.00,Y,Four-Way, ,Intersection,None,,,         ,Marcus,Mitchell,Clear,Angle,no,no,no,no,no,False
101426203,METROPOLITAN NASHVILLE POLICE DEPT,20160964683,Davidson,Nashville,10/29/2016 3:19:00 PM,2,0,0,36.195470,-86.742900,GALLATIN AV,,,,206.00,Feet,South,CAHAL AV,,,,0.00,N,Not at Intersection,N,Non-Junction,None,,,         ,Kimberly,Brown,Clear,Unknown,no,no,no,yes,yes,False
101426208,METROPOLITAN NASHVILLE POLICE DEPT,20160964594,Davidson,Nashville,10/29/2016 3:03:00 PM,2,1,0,36.079600,-86.726320,NOLENSVILLE PKE,,,,0.00,,,HARDING PL,,,,0.00,Y,Four-Way,N,Non-Junction,None,,,         ,David,Collins,Clear,Angle,no,no,no,no,no,False
101426210,METROPOLITAN NASHVILLE POLICE DEPT,20160964777,Davidson,Nashville,10/29/2016 4:35:00 PM,2,0,0,36.151150,-86.857800,WHITE BRIDGE PKE,,,,0.00,,,WHITE BRIDGE PL,,,,0.00,Y,OTHER, ,,None,,,         ,Benjamin,Spees,,,no,no,no,no,no,False
101426233,METROPOLITAN NASHVILLE POLICE DEPT,20160964802,Davidson,Nashville,10/29/2016 4:45:00 PM,2,0,0,36.096040,-86.737600,NOLENSVILLE PKE,,,,87.00,Feet,North,WHEELER AV,,,,0.00,N,Not at Intersection, ,Non-Junction,None,,,         ,Alyson,Cook,Clear,Front to Rear,no,no,no,no,yes,False
101426243,METROPOLITAN NASHVILLE POLICE DEPT,20160964700,Davidson,Nashville,10/29/2016 3:55:00 PM,2,0,0,36.124490,-86.848340,HARDING PKE,,,,248.00,Feet,East,ROYAL OAKS CONDOS PVTDR,,,,0.00,N,Not at Intersection,N,Non-Junction,None,,,         ,Ethan,Usherwood,Clear,Front to Rear,no,no,no,no,no,False
101426244,METROPOLITAN NASHVILLE POLICE DEPT,20160964807,Davidson,Not in City Limit,10/29/2016 4:05:00 PM,2,0,0,36.260140,-86.732860,S GRAYCROFT AV,,,,789.00,Feet,North,VANTREASE RD,,,,0.00,N,Not at Intersection, ,Non-Junction,None,,,         ,Christopher,Littles,Clear,Front to Rear,no,no,no,no,no,False
101426247,METROPOLITAN NASHVILLE POLICE DEPT,20160964857,Davidson,Nashville,10/29/2016 4:20:00 PM,2,0,0,36.168180,-86.755170,S 8TH ST,,,,256.00,Feet,South,SYLVAN ST,,,,0.00,N,Not at Intersection,N,Non-Junction,None,,,         ,Kimberly,Brown,Clear,Angle,no,no,no,no,no,False
101426248,METROPOLITAN NASHVILLE POLICE DEPT,20160964804,Davidson,Nashville,10/29/2016 4:33:00 PM,2,0,0,36.140730,-86.732280,I 40,,,,0.00,,,,,,,213.00,N,Not at Intersection, ,Entrance/Exit Ramp Related,None,,,         ,Jonathan,Cavezza,Clear,Angle,no,no,no,no,no,False
101426255,METROPOLITAN NASHVILLE POLICE DEPT,20160964839,Davidson,Nashville,10/29/2016 5:03:00 PM,2,1,0,36.089270,-86.708080,DONNA KAY DR,,,,7.00,Feet,North,SCOTWOOD DR,,,,0.00,N,Not at Intersection,Y,Unknown,None,,,         ,Jarret,Sonnenberg,Clear,Angle,no,no,no,no,no,False
101426259,THP District 3 - Nashville,316059610,Davidson,Nashville,10/29/2016 5:04:00 PM,2,0,0,36.039710,-86.781410,OLD HICKORY BLVD,,,,135.00,Feet,East,I65 N EXT RAMP,,,,0.00,N,Not at Intersection,N,Non-Junction,None,,,         ,Christopher,Vance,Clear,Front to Rear,no,no,no,no,no,False
101426264,METROPOLITAN NASHVILLE POLICE DEPT,20160964888,Davidson,Nashville,10/29/2016 3:00:00 PM,2,0,0,36.154170,-86.772760,4TH AVS,,,,224.00,Feet,South,LEA AV,,,,0.00,N,Not at Intersection, ,,None,,,         ,Gregory,Scott,,,no,no,no,no,no,False
101426279,METROPOLITAN NASHVILLE POLICE DEPT,2016-0964721,Davidson,Nashville,10/29/2016 4:03:00 PM,2,3,0,36.194270,-86.618240,OLD HICKORY BLVD,,,,0.00,Feet,,HERMITAGE MARKETPLACE PVTDR,,,,0.00,Y,Four-Way,N,Intersection-Related,None,,,         ,Sandra,Talavera,Clear,Front to Rear,no,no,no,no,yes,False
101426280,METROPOLITAN NASHVILLE POLICE DEPT,20160964771,Davidson,Nashville,10/29/2016 4:28:00 PM,2,4,0,36.093050,-86.762450,I 65,,,,0.00,,,,,,,78.55,N,Not at Intersection,N,Non-Junction,None,,,         ,Charles,Griffin,Clear,Angle,no,no,no,no,no,False
101426281,METROPOLITAN NASHVILLE POLICE DEPT,20160964896,Davidson,Nashville,10/29/2016 5:12:00 PM,2,0,0,36.187280,-86.773380,DICKERSON PKE,,,,56.00,Feet,South,CLEVELAND ST,,,,0.00,N,Not at Intersection,N,Non-Junction,None,,,         ,Terence,Maahs,Clear,Front to Rear,no,no,no,no,no,False
101426284,METROPOLITAN NASHVILLE POLICE DEPT,20160964958,Davidson,Nashville,10/29/2016 6:00:00 PM,2,0,0,36.159090,-86.818620,28TH AVN,,,,132.00,Feet,North,CLIFTON AV,,,,0.00,N,Not at Intersection,N,Non-Junction,None,,,         ,Landon,Bagwell,Clear,Unknown,no,no,no,yes,yes,False
101426288,METROPOLITAN NASHVILLE POLICE DEPT,20160964755,Davidson,Nashville,10/29/2016 3:46:00 PM,2,0,0,36.107860,-86.765480,POWELL AV,,,,500.00,Feet,North,POWELL PL,,,,0.00,N,Not at Intersection, ,"Driveway, Alley Access, etc",None,,,         ,Charles,Griffin,Clear,Front to Rear,no,no,no,no,yes,False
101426289,METROPOLITAN NASHVILLE POLICE DEPT,20160964969,Davidson,Nashville,10/29/2016 6:06:00 PM,2,0,0,36.210920,-86.733110,GREENFIELD AV,,,,0.00,,,GALLATIN PKE,,,,0.00,Y,T-Intersection, ,Intersection,None,,,         ,James,Smith,Clear,Front to Rear,no,no,no,no,no,False
101426291,METROPOLITAN NASHVILLE POLICE DEPT,20160965021,Davidson,Nashville,10/29/2016 6:30:00 PM,2,0,0,36.193980,-86.743690,GALLATIN AV,,,,0.00,,,STROUSE AV,,,,0.00,Y,T-Intersection, ,Intersection,None,,,         ,Christopher,Valdez,Clear,Front to Rear,no,no,no,no,yes,False
101426332,METROPOLITAN NASHVILLE POLICE DEPT,20160964641,Davidson,Nashville,10/29/2016 3:18:00 PM,3,1,0,36.080230,-86.908640,ERIN LN,,,,319.00,Feet,East,HIGHWAY 70S,,,,0.00,N,Not at Intersection,N,Non-Junction,None,,,         ,Michael,Thompson,Clear,Rear to Side,no,no,no,yes,no,False
101426337,METROPOLITAN NASHVILLE POLICE DEPT,20160965101,Davidson,Nashville,10/29/2016 6:35:00 PM,2,0,0,36.046290,-86.660940,I 24,,,,0.00,,,,,,,59.30,N,Not at Intersection, ,,None,,,         ,Richard,Olive,,,no,no,no,no,no,False
101426338,METROPOLITAN NASHVILLE POLICE DEPT,20160964912,Davidson,Nashville,10/29/2016 5:00:00 PM,3,0,0,36.110860,-86.745920,ELIZABETH ST,,,,37.00,Feet,South,THOMPSON LN,,,,0.00,N,Not at Intersection,N,Non-Junction,None,,,         ,Akira,McSwain,Clear,Angle,no,no,no,no,yes,False
101426339,METROPOLITAN NASHVILLE POLICE DEPT,20160965024,Davidson,Nashville,10/29/2016 6:45:00 PM,2,0,0,36.134240,-86.776560,WEDGEWOOD AV,,,,58.00,Feet,West,I65 S EXT RAMP,,,,0.00,N,Not at Intersection,N,Non-Junction,None,,,         ,William,Taylor,Clear,Front to Rear,no,no,no,no,no,False
101426340,METROPOLITAN NASHVILLE POLICE DEPT,20160964828,Davidson,Nashville,10/29/2016 4:57:00 PM,2,1,0,36.081470,-86.697090,I 24,,,,0.00,,,,,,,56.10,N,Not at Intersection,N,Non-Junction,None,,,         ,John,Joyce,Clear,Not Collision with Motor Vehicle in Transport,no,no,no,no,no,False
101426341,METROPOLITAN NASHVILLE POLICE DEPT,20160965121,Davidson,Nashville,10/29/2016 5:45:00 PM,2,0,0,36.101300,-86.802110,SHACKLEFORD RD,,,,0.00,,,BELMONT BLVD,,,,0.00,Y,T-Intersection, ,Intersection,None,,,         ,Charles,Griffin,Clear,Front to Rear,no,no,no,no,yes,False
101426354,METROPOLITAN NASHVILLE POLICE DEPT,20160964809,Davidson,Not in City Limit,10/29/2016 4:45:00 PM,3,0,0,36.263910,-86.712070,OLD TIME VILLAGE PVTDR,,,,126.00,Feet,West,GALLATIN PKEN,,,,0.00,N,Not at Intersection, ,Non-Junction,None,,,         ,Cecilia,Gomez,Clear,Angle,no,no,no,no,no,False
101426357,METROPOLITAN NASHVILLE POLICE DEPT,20160965173,Davidson,Nashville,10/29/2016 7:48:00 PM,2,1,0,36.137330,-86.798140,WEDGEWOOD AV,,,,0.00,,,19TH AVS,,,,0.00,Y,Four-Way,N,Intersection,None,,,         ,Charles,Griffin,Clear,Angle,no,no,no,no,no,Campus
101426360,METROPOLITAN NASHVILLE POLICE DEPT,20160965223,Davidson,Nashville,10/29/2016 8:00:00 PM,3,0,0,36.046460,-86.661240,I 24,,,,0.00,,,,,,,59.25,N,Not at Intersection,N,Non-Junction,None,,,         ,Candice,Soper,Clear,Front to Rear,no,no,no,no,no,False
101426390,METROPOLITAN NASHVILLE POLICE DEPT,20160965408,Davidson,Antioch,10/29/2016 9:20:00 PM,1,1,0,36.026100,-86.587980,MURFREESBORO PKE,,,,164.00,Feet,South,HICKORY WOODS DR,,,,0.00,N,Not at Intersection,N,Non-Junction,None,,,         ,Candice,Soper,Clear,Not Collision with Motor Vehicle in Transport,no,no,no,no,no,False
101426412,METROPOLITAN NASHVILLE POLICE DEPT,20160965302,Davidson,Nashville,10/29/2016 8:21:00 PM,2,0,0,36.180450,-86.796710,GARFIELD ST,,,,119.00,Feet,West,ROSA L PARKS BLVD,,,,0.00,N,Not at Intersection,N,Non-Junction,None,,,         ,Ashton,Hill,Clear,Front to Rear,no,no,no,no,yes,False
101426413,METROPOLITAN NASHVILLE POLICE DEPT,20160965359,Davidson,Nashville,10/29/2016 9:10:00 PM,2,1,0,36.167790,-86.820750,JEFFERSON ST,,,,0.00,Feet,East,28TH AVN,,,,0.00,N,Not at Intersection,Y,Non-Junction,None,,,         ,Jessica,Johnson,Clear,HeadOn,no,no,no,no,no,False
101426418,METROPOLITAN NASHVILLE POLICE DEPT,20160965362,Davidson,Nashville,10/29/2016 9:00:00 PM,2,0,0,36.195490,-86.775080,WHITES CREEK PKE,,,,0.00,,,FERN AV,,,,0.00,Y,T-Intersection, ,,None,,,         ,Jonathan,Hadley,,,no,no,no,no,no,False
101426446,METROPOLITAN NASHVILLE POLICE DEPT,20160965584,Davidson,Nashville,10/29/2016 10:56:00 PM,2,1,0,36.133200,-86.704710,REXDALE DR,,,,385.00,Feet,South,PATRICIA DR,,,,0.00,N,Not at Intersection,N,Non-Junction,None,,,         ,Bo,Branum,Clear,HeadOn,no,no,no,no,no,False
101426447,METROPOLITAN NASHVILLE POLICE DEPT,20160965451,Davidson,Nashville,10/29/2016 9:50:00 PM,2,3,0,36.206910,-86.781910,W TRINITY LN,,,,271.00,Feet,West,SCRUGGS LN,,,,0.00,N,Not at Intersection,N,Non-Junction,None,,,         ,Christopher,Templin,Clear,Angle,no,no,no,no,no,False
101426481,METROPOLITAN NASHVILLE POLICE DEPT,20160965538,Davidson,Nashville,10/29/2016 10:30:00 PM,2,0,0,36.151920,-86.857710,I40 E EXT RAMP,,,,0.00,,,I 40,,,,0.00,Y,Four-Way,Y,Intersection,None,,,         ,Kenneth,Bray,Clear,Angle,no,no,no,no,no,False
101426485,METROPOLITAN NASHVILLE POLICE DEPT,20160965673,Davidson,Not in City Limit,10/29/2016 11:40:00 PM,2,0,0,36.264100,-86.724180,OLD HICKORY BLVDW,,,,0.00,,,HERITAGE DR,,,,0.00,Y,T-Intersection, ,Non-Junction,None,,,         ,Michael,Richardson,Clear,Angle,no,no,no,no,no,False
101426495,METROPOLITAN NASHVILLE POLICE DEPT,20160965675,Davidson,Nashville,10/29/2016 11:30:00 PM,2,0,0,36.153810,-86.757900,I 40,,,,0.00,,,,,,,211.10,N,Not at Intersection,N,Non-Junction,None,,,         ,Anthony,Russo,Clear,Front to Rear,no,no,no,no,no,False
101426497,METROPOLITAN NASHVILLE POLICE DEPT,20160965848,Davidson,Nashville,10/30/2016 1:25:00 AM,1,0,0,36.091640,-86.630280,SMITH SPRINGS RD,,,,826.00,Feet,North,FAIRWAY POINTE PVTDR,,,,0.00,N,Not at Intersection,N,Non-Junction,None,,,         ,Bo,Branum,Clear,Not Collision with Motor Vehicle in Transport,no,no,no,no,no,False
101426501,METROPOLITAN NASHVILLE POLICE DEPT,20160965769,Davidson,Nashville,10/30/2016 12:35:00 AM,2,0,0,36.160650,-86.778040,BROADWAY,,,,130.00,Feet,East,5TH AVS,,,,0.00,N,Not at Intersection,N,Non-Junction,Utility Zone,Laneclosure,Transition Area,         ,Ruben,Mariano,Clear,Front to Rear,no,no,no,no,yes,False
101426509,GOODLETTSVILLE POLICE DEPT,16-37490,Davidson,Goodlettsville,10/30/2016 2:18:00 AM,1,0,0,36.310890,-86.702060,I 65,,,,0.00,,,,,,,96.10,N,Not at Intersection, ,Non-Junction,None,,,         ,Hannah,Poole,Clear,Not Collision with Motor Vehicle in Transport,no,no,no,no,no,False
101426511,METROPOLITAN NASHVILLE POLICE DEPT,20160965733,Davidson,Nashville,10/30/2016 12:03:00 AM,2,0,0,36.160230,-86.760140,I 24,,,,0.00,,,,,,,49.45,N,Not at Intersection, ,Non-Junction,None,,,         ,Wallis,Massey,Clear,"Sideswipe, Same Direction",no,no,no,no,yes,False
101426520,METROPOLITAN NASHVILLE POLICE DEPT,20160965916,Davidson,Nashville,10/30/2016 2:06:00 AM,2,0,0,36.169510,-86.806610,DR D B TODD JR BLVD,,,,0.00,,,,,,,0.00,,, ,,None,,,         ,Myriah,Iles,,,no,no,no,yes,no,False
101426526,METROPOLITAN NASHVILLE POLICE DEPT,20160965859,Davidson,Nashville,10/30/2016 1:28:00 AM,2,0,0,36.152770,-86.779320,8TH AVS,,,,0.00,,,DREXEL ST,,,,0.00,Y,Four-Way,N,Intersection,None,,,         ,Damon,Hutcheson,Clear,Angle,no,no,no,no,no,False
101426552,METROPOLITAN NASHVILLE POLICE DEPT,20160965914,Davidson,Nashville,10/30/2016 12:00:00 AM,1,0,0,36.254010,-86.744180,DUE WEST AVN,,,,56.00,Feet,North,PORT DR,,,,0.00,N,Not at Intersection,N,Non-Junction,None,,,         ,Michael,Richardson,Clear,Not Collision with Motor Vehicle in Transport,no,no,no,no,yes,False
101426556,METROPOLITAN NASHVILLE POLICE DEPT,20160965964,Davidson,Nashville,10/30/2016 2:35:00 AM,2,1,0,36.154600,-86.786200,12TH AVS,,,,0.00,,,DEMONBREUN ST,,,,0.00,Y,Four-Way,N,Intersection,None,,,         ,Damon,Hutcheson,Clear,Front to Rear,no,no,no,no,no,False
101426559,METROPOLITAN NASHVILLE POLICE DEPT,20160965743,Davidson,Nashville,10/30/2016 12:18:00 AM,3,0,0,36.106210,-86.673060,MURFREESBORO PKE,,,,0.00,,,DONELSON PKE,,,,0.00,Y,Four-Way,N,Intersection,None,,,         ,Leonard,Spadavecchia,Clear,Angle,no,no,no,no,yes,False
101426560,METROPOLITAN NASHVILLE POLICE DEPT,20160965979,Davidson,Nashville,10/30/2016 2:51:00 AM,2,1,0,36.150480,-86.770350,4TH AVS,,,,0.00,,,I40 E EXT RAMP,,,,0.00,Y,OTHER,Y,Intersection,None,,,         ,Erik,Dabbs,Clear,Angle,no,no,no,no,no,False
101426561,METROPOLITAN NASHVILLE POLICE DEPT,20160965770,Davidson,Nashville,10/30/2016 12:41:00 AM,2,1,0,36.135800,-86.725040,I24 W EXT RAMP,,,,0.00,,,SPENCE LN,,,,0.00,Y,Four-Way,N,Intersection-Related,None,,,         ,Robert,Fondren,Cloudy,Front to Rear,no,no,no,no,no,False
101426562,METROPOLITAN NASHVILLE POLICE DEPT,20160965881,Davidson,Nashville,10/30/2016 12:00:00 AM,2,1,0,36.106090,-86.767980,I 65,,,,0.00,,,,,,,79.50,N,Not at Intersection,N,Non-Junction,None,,,         ,Jose,Salazar,Clear,Front to Rear,no,no,no,no,yes,False
101426578,METROPOLITAN NASHVILLE POLICE DEPT,20160965740,Davidson,Nashville,10/30/2016 12:15:00 AM,1,0,0,36.173290,-86.600680,BURNING TREE DR,,,,148.00,Feet,North,CENTRAL PKE,,,,0.00,N,Not at Intersection, ,Non-Junction,None,,,         ,Brett,Johns,Clear,Not Collision with Motor Vehicle in Transport,no,no,no,no,no,False
101426581,METROPOLITAN NASHVILLE POLICE DEPT,2016-0965885,Davidson,Nashville,10/30/2016 1:45:00 AM,2,0,0,36.048000,-86.716740,HICKORY TRACE DR PVTDR,,,,144.00,Feet,North,HICKORY PLZ,,,,0.00,N,Not at Intersection,N,Non-Junction,None,,,         ,David,Barras,Clear,Angle,no,no,no,yes,yes,False
101426585,METROPOLITAN NASHVILLE POLICE DEPT,20160966098,Davidson,Nashville,10/30/2016 1:57:00 AM,2,0,0,36.161890,-86.775170,2ND AVS,,,,0.00,,,2ND AVN,,,,0.00,Y,Four-Way, ,,None,,,         ,Brian,Zullo,,,no,no,no,no,no,False
101426608,METROPOLITAN NASHVILLE POLICE DEPT,20160965960,Davidson,Nashville,10/30/2016 2:36:00 AM,2,2,0,36.153570,-86.788410,14TH AVS,,,,0.00,Feet,,DEMONBREUN ST,,,,0.00,Y,OTHER,N,Intersection,None,,,         ,Eugene,Martino,Clear,HeadOn,no,no,no,no,no,False
101426630,METROPOLITAN NASHVILLE POLICE DEPT,20160966210,Davidson,Nashville,10/30/2016 2:30:00 AM,2,0,0,36.045440,-86.712530,OLD HICKORY BLVD,,,,217.00,Feet,East,NOLENSVILLE PKE,,,,0.00,N,Not at Intersection, ,Non-Junction,None,,,         ,Blake,Lutz,Clear,Front to Rear,no,no,no,no,yes,False
101426644,METROPOLITAN NASHVILLE POLICE DEPT,20160966302,Davidson,Nashville,10/30/2016 8:11:00 AM,3,0,0,36.148950,-86.666280,DONELSON PKE,,,,51.00,Feet,North,ELM HILL PKE,,,,0.00,N,Not at Intersection, ,,None,,,         ,Ralph,Harvey,,,no,no,no,no,no,False
101426658,METROPOLITAN NASHVILLE POLICE DEPT,20160966203,Davidson,Not in City Limit,10/30/2016 6:30:00 AM,1,0,0,36.031120,-86.994460,HIGHWAY 100,,,,878.00,Feet,West,OLD HARDING PKE,,,,0.00,N,Not at Intersection,N,Non-Junction,None,,,         ,Gregory,McDaniel,Clear,Not Collision with Motor Vehicle in Transport,no,no,no,no,no,False
101426662,THP District 3 - Nashville,316059707,Davidson,Nashville,10/30/2016 8:30:00 AM,1,0,0,36.022710,-86.883880,HILLSBORO RD,,,,1428.00,Feet,North,SNEED RDW,,,,0.00,N,Not at Intersection, ,Non-Junction,None,,,         ,Charles,Achinger,Clear,Not Collision with Motor Vehicle in Transport,no,no,no,no,no,False
101426677,METROPOLITAN NASHVILLE POLICE DEPT,20160966265,Davidson,Nashville,10/30/2016 7:49:00 AM,2,4,0,36.161580,-86.783890,ROSA L PARKS BLVD,,,,0.00,,,CHURCH ST,,,,0.00,Y,Four-Way,N,Intersection,None,,,         ,Frank,Campbell,Clear,Angle,no,no,no,no,no,False
101426681,METROPOLITAN NASHVILLE POLICE DEPT,2016-0964473,Davidson,Nashville,10/29/2016 1:30:00 PM,2,0,0,36.156870,-86.780840,DEMONBREUN ST,,,,0.00,,,8TH AVS,,,,0.00,Y,Four-Way,N,Intersection,Construction Zone,Work On Shoulder Or Median,Unknown,         ,Daniel,Massey,Clear,Angle,no,no,no,no,no,False
101426682,METROPOLITAN NASHVILLE POLICE DEPT,20160966422,Davidson,Nashville,10/30/2016 12:00:00 AM,2,0,0,36.130900,-86.836930,LAUDERDALE RD,,,,104.00,Feet,North,WEST END AV,,,,0.00,N,Not at Intersection,N,Non-Junction,None,,,         ,Brian,Myatt,Clear,Unknown,no,no,no,no,yes,False
101426695,METROPOLITAN NASHVILLE POLICE DEPT,20160966442,Davidson,Nashville,10/30/2016 9:35:00 AM,2,1,0,0.000000,0.000000,MERRITT,ST,US1617,,0.00,,,RYBURN,DR,US,,0.00,Y,T-Intersection,N,Intersection,None,,,         ,Gregory,Lindstrom,Clear,Angle,no,no,no,no,no,False
101426714,METROPOLITAN NASHVILLE POLICE DEPT,20160966401,Davidson,Nashville,10/30/2016 9:09:00 AM,2,0,0,36.060730,-86.916150,HIGHWAY 100,,,,0.00,,,OLD HICKORY BLVD,,,,0.00,Y,T-Intersection, ,Intersection,None,,,         ,Michael,Pyle,Clear,Front to Rear,no,no,no,no,no,False
101426738,METROPOLITAN NASHVILLE POLICE DEPT,20160966551,Davidson,Nashville,10/30/2016 10:00:00 AM,1,0,0,36.187820,-86.606620,OLD LEBANON DIRT RD,,,,343.00,Feet,East,ANDREW JACKSON PKWY,,,,0.00,N,Not at Intersection, ,Non-Junction,None,,,         ,Michael,Dance,Clear,Not Collision with Motor Vehicle in Transport,no,no,no,no,no,False
101426756,METROPOLITAN NASHVILLE POLICE DEPT,20160966534,Davidson,Not in City Limit,10/30/2016 10:44:00 AM,2,0,0,36.087260,-86.948190,HALLOWS DR,,,,56.00,Feet,South,HARPETH VALLEY RD,,,,0.00,N,Not at Intersection, ,Non-Junction,None,,,         ,Andrew,Maholland,Clear,HeadOn,no,no,no,yes,no,False