master_record_number,agency,agency_tracking_number,county,city,collision_date,vehicles_involved,number_injured,number_dead,latitude,longitude,roadway_name,roadway_suffix,roadway_number,roadway_local_id,distance_from_reference,miles-feet_indicator,direction_from_reference,intersection_road_name,intersection_road_name_suffix,intersection_road_number,intersection_local_id,mile_marker,intersection_indicator,intersect_type,interchange_related_indicator,relation_to_junction,work_zone_type,construction_maintenance_zone,construction_maintenance_zone_location,fatal_case_number,officer_first_name,officer_last_name,weather_condition(s),manner_of_crash,pedestrian,bicycle,scooter,parking,hitrun,mou
101426758,METROPOLITAN NASHVILLE POLICE DEPT,20160966541,Davidson,Nashville,10/30/2016 12:00:00 AM,2,0,0,36.176910,-86.774580,SPRING ST,,,,0.00,,,N 1ST ST,,,,0.00,Y,Four-Way, ,,None,,,         ,Daniel,Russett,,,no,no,no,no,no,False
101426777,METROPOLITAN NASHVILLE POLICE DEPT,20160966554,Davidson,Nashville,10/30/2016 11:13:00 AM,2,0,0,36.067410,-86.631250,MURFREESBORO PKE,,,,0.00,,,FOREST VIEW DR,,,,0.00,Y,Four-Way, ,Intersection,None,,,         ,Robert,Erickson,Clear,"Sideswipe, Same Direction",no,no,no,no,no,False
101426834,METROPOLITAN NASHVILLE POLICE DEPT,20160966637,Davidson,Nashville,10/30/2016 10:24:00 AM,1,0,0,36.211030,-86.887010,ASHLAND CITY HWY,,,,2520.00,Feet,East,WWCR AV,,,,0.00,N,Not at Intersection, ,Non-Junction,None,,,         ,Carlos,angulo,Clear,Not Collision with Motor Vehicle in Transport,no,no,no,no,no,False
101426852,METROPOLITAN NASHVILLE POLICE DEPT,20160966566,Davidson,Nashville,10/30/2016 10:55:00 AM,2,0,0,36.141750,-86.841630,46TH AVN,,,,201.00,Feet,South,COLORADO AV,,,,0.00,N,Not at Intersection, ,,None,,,         ,Brian,Myatt,,,no,no,no,no,no,False
101426854,METROPOLITAN NASHVILLE POLICE DEPT,20160966731,Davidson,Nashville,10/30/2016 12:48:00 PM,2,0,0,36.176230,-86.750060,HOLLY ST,,,,0.00,,,S 11TH ST,,,,0.00,Y,T-Intersection, ,Intersection,None,,,         ,Casey,Tomes,Clear,Rear to Side,no,no,no,no,no,False
101426859,METROPOLITAN NASHVILLE POLICE DEPT,20160966669,Davidson,Nashville,10/30/2016 12:11:00 PM,2,0,0,36.120820,-86.790540,KIRKWOOD AV,,,,0.00,,,12TH AVS,,,,0.00,Y,Four-Way,Y,Intersection,None,,,         ,Ronald,Raynore,Clear,Angle,no,no,no,no,no,False
101426861,METROPOLITAN NASHVILLE POLICE DEPT,20160966717,Davidson,Nashville,10/30/2016 12:42:00 PM,2,0,0,36.046880,-86.679580,BELL RD,,,,51.00,Feet,West,BRITTANY PARK DR,,,,0.00,N,Not at Intersection,N,Non-Junction,None,,,         ,Robert,Erickson,Clear,"Sideswipe, Same Direction",no,no,no,no,no,False
101426870,METROPOLITAN NASHVILLE POLICE DEPT,2016-0966759,Davidson,Nashville,10/30/2016 1:03:00 PM,2,0,0,36.048420,-86.657520,HICKORY HOLLOW PKWY,,,,36.00,Feet,West,HICKORY HOLLOW MALL PVTDR PL,,,,0.00,N,Not at Intersection, ,Non-Junction,None,,,         ,Roderic,Williams,Clear,"Sideswipe, Same Direction",no,no,no,no,yes,False
101426909,METROPOLITAN NASHVILLE POLICE DEPT,20160966844,Davidson,Not in City Limit,10/30/2016 2:05:00 PM,2,2,0,36.078520,-86.955110,HARPETH YOUTH SOCCER PVTDR,,,,0.00,,,COLEY DAVIS RD,,,,0.00,Y,T-Intersection,Y,Intersection,None,,,         ,Michael,Phelps,Clear,Angle,no,no,no,no,no,False
101426924,METROPOLITAN NASHVILLE POLICE DEPT,20160966922,Davidson,Nashville,10/30/2016 3:04:00 PM,2,0,0,36.079590,-86.644720,MURFREESBORO PKE,,,,49.00,Feet,North,EDGE O LAKE DR,,,,0.00,N,Not at Intersection, ,Non-Junction,None,,,         ,Larry,Preuett,Clear,Front to Rear,no,no,no,no,no,False
101426934,METROPOLITAN NASHVILLE POLICE DEPT,20160966894,Davidson,Nashville,10/30/2016 2:25:00 PM,2,0,0,36.202090,-86.776620,I 65,,,,0.00,,,,,,,87.00,N,Not at Intersection, ,Non-Junction,None,,,         ,Christopher,Valdez,Clear,Front to Rear,no,no,no,no,no,False
101426938,METROPOLITAN NASHVILLE POLICE DEPT,20160966898,Davidson,Nashville,10/30/2016 2:54:00 PM,2,2,0,36.156560,-86.665000,EMERY DR,,,,0.00,,,DONELSON PKE,,,,0.00,Y,Four-Way,N,Intersection,None,,,         ,Patrick,Taylor,Clear,Angle,no,no,no,no,no,False
101426949,METROPOLITAN NASHVILLE POLICE DEPT,20160966964,Davidson,Nashville,10/30/2016 12:00:00 AM,2,0,0,36.162820,-86.775780,2ND AVN,,,,176.00,Feet,South,COMMERCE ST,,,,0.00,N,Not at Intersection, ,Non-Junction,None,,,         ,Darrien,Spann,Clear,Angle,no,no,no,no,yes,False
101426977,METROPOLITAN NASHVILLE POLICE DEPT,20160966957,Davidson,Nashville,10/30/2016 3:10:00 PM,2,0,0,36.047300,-86.673610,BLUE HOLE RD,,,,610.00,Feet,North,BELL RD,,,,0.00,N,Not at Intersection, ,Non-Junction,None,,,         ,Marcus,Darden,Clear,Front to Rear,no,no,no,no,no,False
101426980,METROPOLITAN NASHVILLE POLICE DEPT,20160967006,Davidson,Nashville,10/30/2016 3:52:00 PM,2,0,0,36.043930,-86.693300,BELL RD,,,,0.00,,,BROOK VIEW ESTATES DR,,,,0.00,Y,T-Intersection, ,Intersection,None,,,         ,Kevin,Keating,Clear,Front to Rear,no,no,no,no,no,False
101426993,METROPOLITAN NASHVILLE POLICE DEPT,20160967047,Davidson,Nashville,10/30/2016 3:56:00 PM,2,0,0,36.140730,-86.732280,I 40,,,,0.00,,,,,,,213.00,N,Not at Intersection, ,Entrance/Exit Ramp Related,None,,,         ,Jonathan,Cavezza,Clear,"Sideswipe, Same Direction",no,no,no,no,no,False
101426995,METROPOLITAN NASHVILLE POLICE DEPT,20160966900,Davidson,Nashville,10/30/2016 2:55:00 PM,2,2,0,36.086390,-86.698340,I24 W EXT RAMP,,,,0.00,Feet,East,I 24,,,,0.00,N,Not at Intersection,Y,Entrance/Exit Ramp Related,None,,,         ,Andrew,Mullen,Clear,Front to Rear,no,no,no,no,no,False
101426997,METROPOLITAN NASHVILLE POLICE DEPT,20160966967,Davidson,Nashville,10/30/2016 2:54:00 PM,2,0,0,36.132650,-86.727160,I 24,,,,0.00,,,,,,,52.00,N,Not at Intersection, ,,None,,,         ,Brandon,Vance,,,no,no,no,no,no,False
101427007,GOODLETTSVILLE POLICE DEPT,16-37511,Davidson,Goodlettsville,10/30/2016 12:00:00 AM,1,0,0,36.297430,-86.723820,DICKERSON PKES,,,,352.00,Feet,South,DRY CREEK LN,,,,0.00,N,Not at Intersection,N,Non-Junction,None,,,         ,Wesley,Kinnaird,Clear,Not Collision with Motor Vehicle in Transport,no,no,no,no,yes,False
101427008,METROPOLITAN NASHVILLE POLICE DEPT,20160967025,Davidson,Nashville,10/30/2016 3:48:00 PM,2,0,0,36.084280,-86.705930,LINBAR DR,,,,0.00,,,HARDING PL,,,,0.00,Y,Four-Way, ,Intersection,None,,,         ,Andrew,Mullen,Clear,Front to Rear,no,no,no,no,no,False
101427012,VANDERBILT UNIVERSITY POLICE,16-0967083,Davidson,Nashville,10/30/2016 4:10:00 PM,2,0,0,36.141120,-86.806760,25TH AVS,,,,807.00,Feet,North,CHILDRENS WAY,,,,0.00,N,Not at Intersection, ,,None,,,         ,Jonathan,McAllister,,,no,no,no,yes,no,Campus
101427014,METROPOLITAN NASHVILLE POLICE DEPT,20160967096,Davidson,Nashville,10/30/2016 4:44:00 PM,1,0,0,36.196130,-86.736800,CAHAL AV,,,,102.00,Feet,West,CHESTER AV,,,,0.00,N,Not at Intersection, ,Non-Junction,None,,,         ,James,Smith,Clear,Not Collision with Motor Vehicle in Transport,no,no,no,no,no,False
101427018,METROPOLITAN NASHVILLE POLICE DEPT,20160967141,Davidson,Nashville,10/30/2016 5:14:00 PM,1,1,0,36.136890,-86.800840,21ST AVS,,,,0.00,,,BELCOURT AV,,,,0.00,Y,T-Intersection,N,Intersection,None,,,         ,Ralph,Smith IV,Clear,Not Collision with Motor Vehicle in Transport,yes,no,no,no,no,Campus
101427019,METROPOLITAN NASHVILLE POLICE DEPT,20160967160,Davidson,Nashville,10/30/2016 5:20:00 PM,1,0,0,36.102480,-86.765570,I 65,,,,0.00,,,,,,,79.25,N,Not at Intersection,N,Non-Junction,None,,,         ,Conner,Harris,Clear,Not Collision with Motor Vehicle in Transport,no,no,no,no,no,False
101427025,METROPOLITAN NASHVILLE POLICE DEPT,20160967129,Davidson,Nashville,10/30/2016 4:33:00 PM,2,0,0,36.072840,-86.637110,MURFREESBORO PKE,,,,447.00,Feet,North,BELL RD,,,,0.00,N,Not at Intersection, ,Non-Junction,None,,,         ,Sharissa,Perez,Clear,"Sideswipe, Same Direction",no,no,no,no,no,False
101427026,METROPOLITAN NASHVILLE POLICE DEPT,20160967145,Davidson,Nashville,10/30/2016 5:17:00 PM,2,3,0,36.178100,-86.794680,ROSA L PARKS BLVD,,,,0.00,,,CHEATHAM PL,,,,0.00,Y,T-Intersection,N,Intersection,None,,,         ,Zachary,Ronan,Clear,Angle,no,no,no,no,no,False
101427062,METROPOLITAN NASHVILLE POLICE DEPT,20160967185,Davidson,Nashville,10/30/2016 4:43:00 PM,2,0,0,36.119410,-86.730050,WHITSETT RD,,,,0.00,,,GLENROSE AV,,,,0.00,Y,T-Intersection, ,Intersection,None,,,         ,Alyson,Cook,Clear,Angle,no,no,no,no,no,False
101427072,METROPOLITAN NASHVILLE POLICE DEPT,20160967214,Davidson,Nashville,10/30/2016 5:55:00 PM,1,0,0,36.216680,-86.593890,PRIVATE PROPERTY,,,,10.00,Miles,North,,,,,221.00,N,Not at Intersection,N,Non-Junction,None,,,         ,David,Stanley,Clear,Not Collision with Motor Vehicle in Transport,no,no,no,yes,no,False
101427073,METROPOLITAN NASHVILLE POLICE DEPT,20160966951,Davidson,Nashville,10/30/2016 3:23:00 PM,2,0,0,36.166580,-86.826820,33RD AVN,,,,126.00,Feet,North,CLOVER ST,,,,0.00,N,Not at Intersection, ,Non-Junction,None,,,         ,Ashton,Hill,Clear,Angle,no,no,no,no,no,False
101427083,METROPOLITAN NASHVILLE POLICE DEPT,20160967282,Davidson,Nashville,10/30/2016 6:28:00 PM,2,0,0,36.157030,-86.653480,IRONWOOD DR,,,,0.00,,,LEATHERWOOD DR,,,,0.00,Y,T-Intersection,N,Non-Junction,None,,,         ,Mikala,Moore,Clear,"Sideswipe, Opposite Direction",no,no,no,no,no,False
101427087,METROPOLITAN NASHVILLE POLICE DEPT,20160967352,Davidson,Nashville,10/30/2016 7:40:00 PM,2,0,0,36.139070,-86.880560,HILLWOOD BLVD,,,,0.00,,,CHARLOTTE PKE,,,,0.00,Y,Four-Way,Y,Intersection,None,,,         ,Benjamin,Spees,Clear,Rear to Side,no,no,no,no,no,False
101427088,METROPOLITAN NASHVILLE POLICE DEPT,20160967359,Davidson,Nashville,10/30/2016 7:34:00 PM,2,0,0,36.156200,-86.630550,STEWARTS FERRY PKE,,,,241.00,Feet,East,I40 W EXT RAMP,,,,0.00,N,Not at Intersection, ,Entrance/Exit Ramp Related,None,,,         ,Jonathan,Cavezza,Clear,Angle,no,no,no,no,no,False
101427093,METROPOLITAN NASHVILLE POLICE DEPT,20160967323,Davidson,Nashville,10/30/2016 6:20:00 PM,2,0,0,36.183950,-86.797600,I65 N ENT RAMP,,,,0.00,Feet,East,I 65,,,,0.00,N,Not at Intersection, ,Entrance/Exit Ramp Related,None,,,         ,Landon,Bagwell,Clear,Front to Rear,no,no,no,no,no,False
101427100,METROPOLITAN NASHVILLE POLICE DEPT,20160967296,Davidson,Nashville,10/30/2016 6:50:00 PM,2,4,0,36.181720,-86.677820,WINDEMERE CIR,,,,0.00,,,WINDEMERE DR,,,,0.00,Y,Four-Way,Y,Intersection,None,,,         ,John,Kelley,Clear,Angle,no,no,no,no,no,False
101427101,METROPOLITAN NASHVILLE POLICE DEPT,20160697073,Davidson,Nashville,10/30/2016 4:20:00 PM,2,0,0,36.153000,-86.857610,BRILEY PKWY,,,,0.00,,,I40 W EXT RAMP,,,,0.00,Y,T-Intersection,Y,Intersection,None,,,         ,Franklin,Taylor,Clear,Angle,no,no,no,no,no,False
101427102,METROPOLITAN NASHVILLE POLICE DEPT,20160967302,Davidson,Not in City Limit,10/30/2016 6:04:00 PM,2,1,0,36.282360,-86.675810,SWINGING BRIDGE RD,,,,43.00,Feet,East,CINDER RD,,,,0.00,N,Not at Intersection,N,Non-Junction,None,,,         ,Jaby,Djabbarov,Clear,"Sideswipe, Opposite Direction",no,no,no,no,no,False
101427105,METROPOLITAN NASHVILLE POLICE DEPT,20160967241,Davidson,Nashville,10/30/2016 6:03:00 PM,2,0,0,36.045260,-86.717040,OLD HICKORY BLVD,,,,0.00,,,HICKORY PLZ,,,,0.00,Y,Four-Way, ,Intersection,None,,,         ,David,Collins,Clear,Front to Rear,no,no,no,no,no,False
101427110,METROPOLITAN NASHVILLE POLICE DEPT,20160967421,Davidson,Nashville,10/30/2016 7:58:00 PM,2,0,0,36.039750,-86.754570,OLD HICKORY BLVD,,,,155.00,Feet,West,BARRINGTON PLACE DR,,,,0.00,N,Not at Intersection,N,Non-Junction,None,,,         ,Jacob,Masteller,Clear,Front to Rear,no,no,no,no,no,False
101427121,METROPOLITAN NASHVILLE POLICE DEPT,20160967445,Davidson,Not in City Limit,10/30/2016 7:20:00 PM,2,0,0,36.000240,-86.635890,OLD HICKORY BLVD,,,,0.00,,,CANE RIDGE RD,,,,0.00,Y,T-Intersection, ,Intersection,None,,,         ,Candice,Soper,Cloudy,Angle,no,no,no,no,no,False
101427135,METROPOLITAN NASHVILLE POLICE DEPT,20160967457,Davidson,Nashville,10/30/2016 8:26:00 PM,2,0,0,36.136030,-86.698680,BRILEY PKWYN,,,,0.00,,,CORPORATE DR,,,,0.00,Y,Four-Way,N,Non-Junction,None,,,         ,Patrick,Taylor,Clear,Front to Rear,no,no,no,no,no,False
101427147,METROPOLITAN NASHVILLE POLICE DEPT,20160967559,Davidson,Nashville,10/30/2016 9:45:00 PM,1,0,0,36.133770,-86.895620,I 40,,,,0.00,,,,,,,201.35,N,Not at Intersection,N,Non-Junction,None,,,         ,Ethan,Usherwood,Clear,Not Collision with Motor Vehicle in Transport,no,no,no,no,no,False
101427153,METROPOLITAN NASHVILLE POLICE DEPT,20160967431,Davidson,Nashville,10/30/2016 8:24:00 PM,2,1,0,36.068660,-86.718020,HAYWOOD LN,,,,362.00,Feet,East,NOLENSVILLE PKE,,,,0.00,N,Not at Intersection,N,Non-Junction,None,,,         ,Nakia,Reid,Clear,Front to Rear,no,no,no,no,no,False
101427158,METROPOLITAN NASHVILLE POLICE DEPT,20160967395,Davidson,Nashville,10/30/2016 8:00:00 PM,2,2,0,36.193660,-86.831220,CLARKSVILLE PKE,,,,0.00,,,BUENA VISTA PKE,,,,0.00,Y,Four-Way,N,Intersection,None,,,         ,Jessie,Freeland,Clear,Angle,no,no,no,no,no,False
101427166,METROPOLITAN NASHVILLE POLICE DEPT,20160967246,Davidson,Nashville,10/30/2016 5:35:00 PM,2,0,0,36.154270,-86.792890,WEST END AV,,,,0.00,,,BROADWAY,,,,0.00,Y,Y-Intersection, ,Non-Junction,None,,,         ,Eric,Thomas,Clear,"Sideswipe, Same Direction",no,no,no,no,no,False
101427178,METROPOLITAN NASHVILLE POLICE DEPT,20160965817,Davidson,Nashville,10/30/2016 1:09:00 AM,2,0,0,36.168860,-86.783840,5TH AVN,,,,0.00,,,JAMES ROBERTSON PKWY,,,,0.00,Y,Four-Way, ,,None,,,         ,Brian,Zullo,,,no,no,no,no,no,False
101427191,METROPOLITAN NASHVILLE POLICE DEPT,20160967758,Davidson,Nashville,10/30/2016 8:00:00 PM,2,0,0,36.063060,-86.630350,HAMILTON CHURCH RD,,,,196.00,Feet,North,HAMILTON CROSSINGS,,,,0.00,N,Not at Intersection, ,Non-Junction,None,,,         ,Autumn,Manning,Clear,Angle,no,no,no,yes,yes,False
101427195,METROPOLITAN NASHVILLE POLICE DEPT,20160967847,Davidson,Nashville,10/30/2016 9:45:00 PM,2,0,0,36.135800,-86.725040,I24 W EXT RAMP,,,,0.00,,,SPENCE LN,,,,0.00,Y,Four-Way,N,Intersection,None,,,         ,Robert,Fondren,Cloudy,"Sideswipe, Same Direction",no,no,no,no,yes,False
101427197,METROPOLITAN NASHVILLE POLICE DEPT,20160967653,Davidson,Nashville,10/30/2016 12:00:00 AM,2,0,0,36.172840,-86.736450,FATHERLAND ST,,,,167.00,Feet,East,S 19TH ST,,,,0.00,N,Not at Intersection,N,Non-Junction,None,,,         ,Michael,Wolterbeek,Clear,Front to Rear,no,no,no,no,no,False
101427199,METROPOLITAN NASHVILLE POLICE DEPT,2016-0967765,Davidson,Nashville,10/30/2016 11:28:00 PM,2,0,0,36.136400,-86.778900,8TH AVS,,,,0.00,,,WEST ARGYLE AV,,,,0.00,Y,T-Intersection, ,Intersection,None,,,         ,Matthew,Moses,Clear,Angle,no,no,no,no,no,False
101427239,METROPOLITAN NASHVILLE POLICE DEPT,20160968015,Davidson,Nashville,10/31/2016 2:06:00 AM,1,0,0,36.232870,-86.768520,I 65,,,,0.00,,,,,,,89.25,N,Not at Intersection, ,,None,,,         ,Patrick,McGinnis,,,no,no,no,no,no,False
101427245,METROPOLITAN NASHVILLE POLICE DEPT,20160968139,Davidson,Not in City Limit,10/31/2016 3:25:00 AM,1,0,0,36.304970,-86.859700,WHITES CREEK PKE,,,,1908.00,Feet,North,BEAR HOLLOW RD PVTDR,,,,0.00,N,Not at Intersection, ,Non-Junction,None,,,         ,Gregory,Cenicola,Clear,Not Collision with Motor Vehicle in Transport,no,no,no,no,no,False
101427247,METROPOLITAN NASHVILLE POLICE DEPT,20160967798,Davidson,Nashville,10/31/2016 12:00:00 AM,3,0,0,36.046370,-86.660510,I24 W ENT RAMP,,,,0.00,,,I 24,,,,0.00,Y,OTHER,Y,Entrance/Exit Ramp Related,None,,,         ,William,Williams,Clear,"Sideswipe, Same Direction",no,no,no,no,yes,False
101427254,METROPOLITAN NASHVILLE POLICE DEPT,20160968038,Davidson,Not in City Limit,10/31/2016 2:22:00 AM,1,1,0,36.370190,-86.889750,WHITES CREEK PKE,,,,480.00,Feet,North,LAIN HOLLOW RD,,,,0.00,N,Not at Intersection,N,Non-Junction,None,,,         ,James,Murphy,Clear,Not Collision with Motor Vehicle in Transport,no,no,no,no,no,False
101427277,METROPOLITAN NASHVILLE POLICE DEPT,20160968370,Davidson,Nashville,10/31/2016 6:19:00 AM,2,0,0,36.211480,-86.915050,STATE HWY 12,,,,1764.00,Feet,East,OLD HYDES FERRY PIKE,,,,0.00,N,Not at Intersection, ,Non-Junction,None,,,         ,James,Murphy,Cloudy,"Sideswipe, Same Direction",no,no,no,no,yes,False
101427290,METROPOLITAN NASHVILLE POLICE DEPT,20160968402,Davidson,Nashville,10/31/2016 6:15:00 AM,1,0,0,36.108500,-86.926640,I 40,,,,0.00,,,,,,,199.00,N,Not at Intersection, ,OtherLocation,None,,,         ,Michael,Phelps,Cloudy,Not Collision with Motor Vehicle in Transport,no,no,no,no,no,False
101427295,METROPOLITAN NASHVILLE POLICE DEPT,20160968487,Davidson,Nashville,10/31/2016 7:20:00 AM,2,0,0,36.040280,-86.768370,CLOVERLAND DR,,,,0.00,,,OLD HICKORY BLVD,,,,0.00,Y,Four-Way, ,Intersection-Related,None,,,         ,Brent,Bauer,Cloudy,Front to Rear,no,no,no,no,no,False
101427304,METROPOLITAN NASHVILLE POLICE DEPT,2016-0968429,Davidson,Nashville,10/31/2016 7:01:00 AM,1,0,0,36.045920,-86.660580,I24 E EXT RAMP,,,,0.00,Feet,East,I 24,,,,0.00,N,Not at Intersection,Y,Entrance/Exit Ramp Related,None,,,         ,William,Whitworth,Cloudy,Not Collision with Motor Vehicle in Transport,no,no,no,no,no,False
101427311,METROPOLITAN NASHVILLE POLICE DEPT,20160968617,Davidson,Nashville,10/31/2016 8:20:00 AM,2,0,0,36.040180,-86.705120,CEDARMONT DR,,,,0.00,,,CEDARMONT CIR,,,,0.00,Y,Four-Way, ,Intersection-Related,None,,,         ,Blake,Lutz,Clear,Front to Rear,no,no,no,no,yes,False
101427317,METROPOLITAN NASHVILLE POLICE DEPT,20160968560,Davidson,Nashville,10/31/2016 7:39:00 AM,2,0,0,36.139030,-86.700170,BRILEY PKWYN,,,,170.00,Feet,South,I40 E ENT RAMP,,,,0.00,N,Not at Intersection,N,Non-Junction,None,,,         ,Gerry,Hutcheson,Clear,Front to Rear,no,no,no,no,no,False
101427337,METROPOLITAN NASHVILLE POLICE DEPT,2016-0968389,Davidson,Nashville,10/31/2016 6:45:00 AM,2,1,0,36.225650,-86.597600,LEXINGTON WAY,,,,60.00,Feet,East,SAUNDERSVILLE RD,,,,0.00,N,Not at Intersection,N,Non-Junction,None,,,         ,Calvin,Graham,Cloudy,Unknown,no,no,no,no,yes,False
101427409,METROPOLITAN NASHVILLE POLICE DEPT,20160968630,Davidson,Nashville,10/31/2016 8:13:00 AM,2,0,0,36.083630,-86.757190,TIMBERHILL DR,,,,0.00,,,TROUSDALE DR,,,,0.00,Y,T-Intersection, ,Intersection,None,,,         ,Kevin,Crawford,Clear,"Sideswipe, Opposite Direction",no,no,no,no,no,False
101427412,METROPOLITAN NASHVILLE POLICE DEPT,20160968673,Davidson,Not in City Limit,10/31/2016 8:24:00 AM,2,0,0,36.262460,-86.679940,STATE RT 45,,,,228.00,Feet,West,E OLD HICKORY BLVD,,,,0.00,N,Not at Intersection,N,Non-Junction,None,,,         ,Michael,Agee,Clear,Front to Rear,no,no,no,no,no,False
101427413,METROPOLITAN NASHVILLE POLICE DEPT,20160968749,Davidson,Nashville,10/31/2016 8:22:00 AM,2,0,0,36.106210,-86.673060,MURFREESBORO PKE,,,,0.00,,,DONELSON PKE,,,,0.00,Y,Four-Way, ,Intersection,None,,,         ,Michael,Dance,Clear,Front to Rear,no,no,no,no,no,False
101427421,METROPOLITAN NASHVILLE POLICE DEPT,20160968542,Davidson,Nashville,10/31/2016 6:37:00 AM,3,0,0,36.074510,-86.638680,MURFREESBORO PKE,,,,14.00,Feet,North,RURAL HILL RD,,,,0.00,N,Not at Intersection, ,Non-Junction,None,,,         ,Roderic,Williams,Clear,Front to Rear,no,no,no,no,no,False
101427427,METROPOLITAN NASHVILLE POLICE DEPT,2016-0968705,Davidson,Nashville,10/31/2016 8:40:00 AM,2,0,0,36.154600,-86.786200,12TH AVS,,,,0.00,,,DEMONBREUN ST,,,,0.00,Y,Four-Way, ,Intersection,None,,,         ,William,Vincion,Clear,Front to Rear,no,no,no,no,no,False
101427441,METROPOLITAN NASHVILLE POLICE DEPT,20160968742,Davidson,Nashville,10/31/2016 8:46:00 AM,1,0,0,36.244130,-86.822490,WHITES CREEK PKE,,,,530.00,Feet,North,PARMLEY LN,,,,0.00,N,Not at Intersection, ,Non-Junction,None,,,         ,William,Caillouette,Cloudy,Not Collision with Motor Vehicle in Transport,no,no,no,no,no,False
101427447,METROPOLITAN NASHVILLE POLICE DEPT,20160968725,Davidson,Nashville,10/31/2016 8:10:00 AM,2,0,0,36.207770,-86.792400,WHITES CREEK PKE,,,,358.00,Feet,North,W TRINITY LN,,,,0.00,N,Not at Intersection,N,Non-Junction,None,,,         ,Randall,Smith,Clear,Angle,no,no,no,no,no,False
101427457,METROPOLITAN NASHVILLE POLICE DEPT,20160968837,Davidson,Nashville,10/31/2016 9:53:00 AM,2,0,0,36.201870,-86.776850,I 65,,,,0.00,,,,,,,87.00,N,Not at Intersection, ,,None,,,         ,Michael,McCord,,,no,no,no,no,no,False
101427471,METROPOLITAN NASHVILLE POLICE DEPT,20160968911,Davidson,Not in City Limit,10/31/2016 10:22:00 AM,2,1,0,36.026690,-87.020460,HIGHWAY 100,,,,872.00,Feet,East,S HARPETH RD,,,,0.00,N,Not at Intersection,N,Non-Junction,None,,,         ,Curtis,Rich,Cloudy,Front to Rear,no,no,no,no,no,False
101427482,METROPOLITAN NASHVILLE POLICE DEPT,20160968778,Davidson,Nashville,10/31/2016 7:38:00 AM,2,0,0,36.227170,-86.788240,BRICK CHURCH PARK DR,,,,0.00,Feet,East,ALDRICH LN,,,,0.00,N,Not at Intersection, ,Non-Junction,None,,,         ,Carlos,angulo,Clear,"Sideswipe, Same Direction",no,no,no,no,no,False
101427484,METROPOLITAN NASHVILLE POLICE DEPT,2016-0968852,Davidson,Nashville,10/30/2016 9:45:00 PM,1,0,0,36.047460,-86.648130,MT VIEW RD,,,,147.00,Feet,North,BELL FORGE LNE,,,,0.00,N,Not at Intersection,N,Non-Junction,None,,,         ,William,Whitworth,Clear,Not Collision with Motor Vehicle in Transport,no,no,no,no,yes,False
101427486,METROPOLITAN NASHVILLE POLICE DEPT,20160968654,Davidson,Nashville,10/31/2016 8:26:00 AM,3,1,0,36.176500,-86.769720,SPRING ST,,,,0.00,,,I24 W EXT RAMP,,,,0.00,Y,T-Intersection,N,Intersection-Related,None,,,         ,Alex,Moore,Clear,Front to Rear,no,no,no,no,yes,False
101427500,METROPOLITAN NASHVILLE POLICE DEPT,20160968658,Davidson,Nashville,10/31/2016 12:00:00 AM,2,0,0,36.173570,-86.790090,7TH AVN,,,,0.00,,,JEFFERSON ST,,,,0.00,Y,Four-Way,N,Intersection,None,,,         ,Daniel,Russett,Clear,Angle,no,no,no,no,no,False
101427508,METROPOLITAN NASHVILLE POLICE DEPT,20160968593,Davidson,Nashville,10/31/2016 8:10:00 AM,2,0,0,36.160390,-86.817710,BOOKER ST,,,,57.00,Feet,East,LENA ST,,,,0.00,N,Not at Intersection, ,Non-Junction,Work Zone,,,         ,Darryl,Morton,Clear,Other,no,no,no,no,no,False
101427520,METROPOLITAN NASHVILLE POLICE DEPT,2016-0969017,Davidson,Nashville,10/31/2016 10:35:00 AM,2,1,0,36.177880,-86.617010,CENTRAL PKE,,,,149.00,Feet,North,JAMES KAY LN,,,,0.00,N,Not at Intersection,N,Non-Junction,None,,,         ,Calvin,Graham,Cloudy,Front to Rear,no,no,no,no,no,False
101427528,METROPOLITAN NASHVILLE POLICE DEPT,20160968908,Davidson,Nashville,10/31/2016 10:15:00 AM,2,0,0,36.162810,-86.784670,ROSA L PARKS AV,,,,40.00,Feet,South,UNION ST,,,,0.00,N,Not at Intersection, ,Non-Junction,None,,,         ,Frank,Campbell,Cloudy,"Sideswipe, Same Direction",no,no,no,no,no,False
101427530,METROPOLITAN NASHVILLE POLICE DEPT,20160968626,Davidson,Nashville,10/31/2016 8:15:00 AM,2,0,0,36.109940,-86.779150,WOODMONT BLVD,,,,0.00,,,SPRINGBROOK DR,,,,0.00,Y,T-Intersection,N,Non-Junction,None,,,         ,Aimee,Ortiz,Cloudy,Front to Rear,no,no,no,no,no,False
101427531,METROPOLITAN NASHVILLE POLICE DEPT,20160968820,Davidson,Nashville,10/31/2016 9:40:00 AM,2,0,0,36.064830,-86.684920,I 24,,,,0.00,,,,,,,57.40,N,Not at Intersection,N,Non-Junction,None,,,         ,David,Smith,Clear,"Sideswipe, Same Direction",no,no,no,no,yes,False
101427532,METROPOLITAN NASHVILLE POLICE DEPT,20160968844,Davidson,Nashville,10/31/2016 8:34:00 AM,3,1,0,36.192710,-86.744370,DOUGLAS AV,,,,0.00,,,GALLATIN AV,,,,0.00,Y,Four-Way,N,Intersection-Related,None,,,         ,Alex,Moore,Clear,Front to Rear,no,no,no,no,yes,False