master_record_number,agency,agency_tracking_number,county,city,collision_date,vehicles_involved,number_injured,number_dead,latitude,longitude,roadway_name,roadway_suffix,roadway_number,roadway_local_id,distance_from_reference,miles-feet_indicator,direction_from_reference,intersection_road_name,intersection_road_name_suffix,intersection_road_number,intersection_local_id,mile_marker,intersection_indicator,intersect_type,interchange_related_indicator,relation_to_junction,work_zone_type,construction_maintenance_zone,construction_maintenance_zone_location,fatal_case_number,officer_first_name,officer_last_name,weather_condition(s),manner_of_crash,pedestrian,bicycle,scooter,parking,hitrun,mou
101427550,METROPOLITAN NASHVILLE POLICE DEPT,20160969163,Davidson,Nashville,10/31/2016 12:20:00 PM,2,1,0,36.155210,-86.852830,MORROW RD,,,,0.00,,,GEORGIA AV,,,,0.00,Y,Four-Way,N,Intersection,None,,,         ,Curtis,Rich,Cloudy,Angle,no,no,no,no,no,False
101427553,METROPOLITAN NASHVILLE POLICE DEPT,20160968879,Davidson,Nashville,10/31/2016 10:12:00 AM,1,2,0,36.076040,-86.767780,I 65,,,,0.00,,,,,,,77.35,N,Not at Intersection,N,Non-Junction,None,,,         ,Nathan,Kemp,Clear,Not Collision with Motor Vehicle in Transport,no,no,no,no,no,False
101427554,METROPOLITAN NASHVILLE POLICE DEPT,20160969139,Davidson,Nashville,10/31/2016 12:08:00 PM,2,0,0,36.086580,-86.771970,FRANKLIN PKE,,,,0.00,,,HARDING PL,,,,0.00,Y,Four-Way,N,Intersection,None,,,         ,Nathan,Kemp,Clear,Angle,no,no,no,no,no,False
101427556,METROPOLITAN NASHVILLE POLICE DEPT,20160968882,Davidson,Nashville,10/31/2016 10:14:00 AM,2,0,0,36.109770,-86.811580,HILLSBORO PKE,,,,246.00,Feet,North,CRESTMOOR RD,,,,0.00,N,Not at Intersection, ,Non-Junction,None,,,         ,Walter,Gray II,Cloudy,Front to Rear,no,no,no,no,no,False
101427559,METROPOLITAN NASHVILLE POLICE DEPT,2016-0969208,Davidson,Nashville,10/31/2016 12:20:00 PM,2,0,0,36.171320,-86.601680,OLD HICKORY BLVD,,,,186.00,Feet,North,I40 W EXT RAMP,,,,0.00,N,Not at Intersection, ,Non-Junction,None,,,         ,Calvin,Graham,Cloudy,Front to Rear,no,no,no,no,no,False
101427560,METROPOLITAN NASHVILLE POLICE DEPT,20160968990,Davidson,Nashville,10/31/2016 10:55:00 AM,2,1,0,36.083650,-86.647220,MURFREESBORO PKE,,,,0.00,Feet,,BROOKSBORO PL,,,,0.00,Y,Four-Way,N,Intersection,None,,,         ,Roderic,Williams,Clear,Angle,no,no,no,no,no,False
101427565,GOODLETTSVILLE POLICE DEPT,16-37640,Davidson,Goodlettsville,10/31/2016 11:37:00 AM,2,1,0,36.300730,-86.700950,RIVERGATE PKWY,,,,0.00,,,BLUEBIRD DR,,,,0.00,Y,Four-Way,N,Intersection,None,,,         ,Jeremy,Baker,Clear,Angle,no,no,no,no,no,False
101427589,METROPOLITAN NASHVILLE POLICE DEPT,20160968509,Davidson,Nashville,10/31/2016 7:45:00 AM,2,1,0,36.129270,-86.754410,NOLENSVILLE PKE,,,,136.00,Feet,South,CARSON ST,,,,0.00,N,Not at Intersection,N,Non-Junction,None,,,         ,Brandon,O'Guin,Clear,Front to Rear,no,no,no,no,no,False
101427603,METROPOLITAN NASHVILLE POLICE DEPT,20160968961,Davidson,Nashville,10/31/2016 12:00:00 AM,1,0,0,36.136110,-86.768900,SOUTHGATE AV,,,,0.00,,,ALLISON PL,,,,0.00,Y,OTHER, ,Non-Junction,None,,,         ,Aimee,Ortiz,Clear,Unknown,no,no,no,no,no,False
101427631,METROPOLITAN NASHVILLE POLICE DEPT,20160969269,Davidson,Nashville,10/31/2016 12:45:00 PM,2,0,0,36.134580,-86.723380,MURFREESBORO PKE,,,,316.00,Feet,West,PLUS PARK BLVD,,,,0.00,N,Not at Intersection, ,Non-Junction,None,,,         ,Benjamin,Leeper,Clear,Front to Rear,no,no,no,no,no,False
101427649,METROPOLITAN NASHVILLE POLICE DEPT,20160969146,Davidson,Nashville,10/31/2016 12:14:00 PM,2,0,0,36.157510,-86.790040,I40 W EXT RAMP,,,,0.00,,,I 40,,,,0.00,Y,OTHER, ,Entrance/Exit Ramp Related,None,,,         ,Frank,Campbell,Clear,Front to Rear,no,no,no,no,no,False
101427651,METROPOLITAN NASHVILLE POLICE DEPT,20160969382,Davidson,Nashville,10/31/2016 1:50:00 PM,2,0,0,36.157930,-86.791610,14TH AVN,,,,0.00,,,CHURCH ST,,,,0.00,Y,Four-Way,N,Intersection,None,,,         ,Nathan,Kemp,Clear,Angle,no,no,no,no,no,False
101427682,METROPOLITAN NASHVILLE POLICE DEPT,2016-0969317,Davidson,Nashville,10/31/2016 1:23:00 PM,2,2,0,36.071000,-86.723210,NOLENSVILLE PKE,,,,184.00,Feet,South,BASS AV,,,,0.00,N,Not at Intersection,N,Non-Junction,None,,,         ,Sean,Williams,Cloudy,Front to Rear,no,no,no,no,no,False
101427685,THP District 9 - Administrative,316059928,Davidson,Nashville,10/31/2016 2:04:00 PM,2,0,0,36.214430,-86.605030,LEBANON PKE,,,,126.00,Feet,West,SHUTE LN,,,,0.00,N,Not at Intersection, ,,None,,,         ,James,Gatlin,,,no,no,no,no,no,False
101427696,METROPOLITAN NASHVILLE POLICE DEPT,20160969489,Davidson,Nashville,10/31/2016 2:42:00 PM,2,0,0,36.113690,-86.807690,WOODMONT BLVD,,,,0.00,,,BENHAM AV,,,,0.00,Y,T-Intersection, ,Intersection-Related,None,,,         ,Tien,Nguyen,Clear,Front to Rear,no,no,no,no,no,False
101427697,METROPOLITAN NASHVILLE POLICE DEPT,20160969377,Davidson,Nashville,10/31/2016 1:46:00 PM,2,1,0,36.176380,-86.767220,SPRING ST,,,,0.00,,,SPRING ST ENT RAMP,,,,0.00,Y,Y-Intersection,N,Non-Junction,None,,,         ,Alex,Moore,Clear,Front to Rear,no,no,no,no,no,False
101427717,METROPOLITAN NASHVILLE POLICE DEPT,20160969450,Davidson,Nashville,10/31/2016 1:56:00 PM,2,0,0,36.234070,-86.722890,BRILEY PKWY E ENT RAMP,,,,0.00,,,BRILEY PKWYE,,,,0.00,Y,Y-Intersection, ,Non-Junction,None,,,         ,Christopher,Littles,Clear,Front to Rear,no,no,no,no,no,False
101427726,METROPOLITAN NASHVILLE POLICE DEPT,20160969289,Davidson,Nashville,10/31/2016 12:38:00 PM,2,0,0,36.123840,-86.826560,WOODLAWN DR,,,,0.00,,,BOWLING AV,,,,0.00,Y,Four-Way, ,Intersection,None,,,         ,Walter,Gray II,Cloudy,"Sideswipe, Opposite Direction",no,no,no,no,no,False
101427740,METROPOLITAN NASHVILLE POLICE DEPT,20160969678,Davidson,Nashville,10/31/2016 3:54:00 PM,2,0,0,36.154270,-86.794760,17TH AVN,,,,203.00,Feet,North,WEST END AV,,,,0.00,N,Not at Intersection, ,"Driveway, Alley Access, etc",None,,,         ,Tien,Nguyen,Clear,Angle,no,no,no,yes,no,False
101427744,METROPOLITAN NASHVILLE POLICE DEPT,20160969682,Davidson,Nashville,10/31/2016 3:50:00 PM,2,0,0,36.173530,-86.679190,MCGAVOCK PKE,,,,252.00,Feet,North,STINSON RD,,,,0.00,N,Not at Intersection, ,Non-Junction,None,,,         ,Mikala,Moore,Clear,Front to Rear,no,no,no,no,no,False
101427754,METROPOLITAN NASHVILLE POLICE DEPT,20160969609,Davidson,Nashville,10/31/2016 3:25:00 PM,2,0,0,36.154070,-86.817710,CHARLOTTE AV,,,,156.00,Feet,East,28TH AVN,,,,0.00,N,Not at Intersection, ,Non-Junction,None,,,         ,Adam,Crutcher,Clear,"Sideswipe, Same Direction",no,no,no,no,no,False
101427755,METROPOLITAN NASHVILLE POLICE DEPT,20160969466,Davidson,Nashville,10/31/2016 2:21:00 PM,2,0,0,36.105970,-86.814220,ABBOTT MARTIN RD,,,,109.00,Feet,West,HILLSBORO PKE,,,,0.00,N,Not at Intersection, ,Non-Junction,None,,,         ,Walter,Gray II,Cloudy,Angle,no,no,no,no,no,False
101427766,METROPOLITAN NASHVILLE POLICE DEPT,2016-0969651,Davidson,Not in City Limit,10/31/2016 3:18:00 PM,2,0,0,36.081700,-86.957110,HIGHWAY 70S,,,,0.00,,,I40 W EXT RAMP,,,,0.00,Y,Four-Way, ,,None,,,         ,Michael,Rogers,,,no,no,no,no,no,False
101427776,METROPOLITAN NASHVILLE POLICE DEPT,20160969806,Davidson,Nashville,10/31/2016 4:02:00 PM,2,0,0,36.143320,-86.638620,ELM HILL PKE,,,,781.00,Feet,East,TIMBER VALLEY DR,,,,0.00,N,Not at Intersection,N,Non-Junction,None,,,         ,Patrick,Taylor,Clear,Rear to Rear,no,no,no,yes,yes,False
101427779,METROPOLITAN NASHVILLE POLICE DEPT,20160969872,Davidson,Nashville,10/31/2016 4:42:00 PM,2,0,0,36.086910,-86.648680,NASHBORO BLVD,,,,0.00,,,MURFREESBORO PKE,,,,0.00,Y,Four-Way, ,Intersection,None,,,         ,Michael,Apsey,Clear,"Sideswipe, Same Direction",no,no,no,no,no,False
101427789,METROPOLITAN NASHVILLE POLICE DEPT,20160969479,Davidson,Not in City Limit,10/31/2016 2:43:00 PM,2,2,0,36.021710,-86.664850,PETTUS RD,,,,1266.00,Feet,South,PRESTON RD,,,,0.00,N,Not at Intersection,N,Non-Junction,None,,,         ,Jessie,Meadows,Clear,"Sideswipe, Same Direction",no,no,no,no,no,False
101427790,METROPOLITAN NASHVILLE POLICE DEPT,20160969324,Davidson,Antioch,10/31/2016 2:10:00 PM,4,3,0,36.029490,-86.591760,MURFREESBORO PKE,,,,229.00,Feet,South,HURRICANE CREEK BLVD,,,,0.00,N,Not at Intersection,N,Non-Junction,None,,,         ,Jessie,Meadows,Clear,Front to Rear,no,no,no,no,no,False
101427791,METROPOLITAN NASHVILLE POLICE DEPT,20160969867,Davidson,Nashville,10/31/2016 4:56:00 PM,2,0,0,36.153040,-86.787700,I 40,,,,0.00,,,,,,,209.35,N,Not at Intersection, ,Non-Junction,None,,,         ,Tien,Nguyen,Clear,"Sideswipe, Same Direction",no,no,no,no,no,False
101427792,METROPOLITAN NASHVILLE POLICE DEPT,20160969603,Davidson,Nashville,10/31/2016 3:21:00 PM,2,0,0,36.127400,-86.844130,HARDING PKE,,,,95.00,Feet,West,WOODLAWN DR,,,,0.00,N,Not at Intersection, ,Non-Junction,None,,,         ,Torian,Cox,Clear,Front to Rear,no,no,no,no,no,False
101427793,GOODLETTSVILLE POLICE DEPT,16-37550,Davidson,Goodlettsville,10/30/2016 4:13:00 PM,2,2,0,36.296570,-86.705130,WREN RD,,,,35.00,Feet,South,GLANCY ST,,,,0.00,N,Not at Intersection,N,Non-Junction,None,,,         ,Timothy,Williams,Clear,Angle,no,no,no,no,no,False
101427794,METROPOLITAN NASHVILLE POLICE DEPT,20160969823,Davidson,Nashville,10/31/2016 4:25:00 PM,2,0,0,36.144860,-86.740170,I 40,,,,0.00,,,,,,,212.30,N,Not at Intersection, ,,None,,,         ,Bryan,Byrnes,,,no,no,no,no,no,False
101427795,METROPOLITAN NASHVILLE POLICE DEPT,20160969774,Davidson,Nashville,10/31/2016 4:15:00 PM,2,0,0,36.052730,-86.671530,I 24,,,,0.00,,,,,,,58.55,N,Not at Intersection, ,Non-Junction,None,,,         ,William,Durham,Clear,Not Collision with Motor Vehicle in Transport,no,no,no,no,no,False
101427796,METROPOLITAN NASHVILLE POLICE DEPT,20160969751,Davidson,Nashville,10/31/2016 4:07:00 PM,2,0,0,36.228730,-86.720690,HEDGEWOOD DR,,,,325.00,Feet,South,RICHMOND DR,,,,0.00,N,Not at Intersection,N,Non-Junction,None,,,         ,Michael,Moss,Clear,"Sideswipe, Same Direction",no,no,no,no,no,False
101427798,VANDERBILT UNIVERSITY POLICE,16-0969612,Davidson,Nashville,10/31/2016 12:00:00 AM,2,0,0,36.108540,-86.762460,POWELL AV,,,,0.00,,,,,,,0.00,,,N,Non-Junction,None,,,         ,Nancy,Douglas,Clear,"Sideswipe, Same Direction",no,no,no,yes,no,OHO
101427799,METROPOLITAN NASHVILLE POLICE DEPT,20160969631,Davidson,Nashville,10/31/2016 3:39:00 PM,2,0,0,36.086400,-86.698860,HARDING PL,,,,100.00,Feet,West,I24 W EXT RAMP,,,,0.00,N,Not at Intersection, ,,None,,,         ,Brandon,Vance,,,no,no,no,no,no,False
101427800,METROPOLITAN NASHVILLE POLICE DEPT,20160969759,Davidson,Nashville,10/31/2016 12:00:00 AM,3,0,0,36.173910,-86.736650,RUSSELL ST,,,,64.00,Feet,East,S 19TH ST,,,,0.00,N,Not at Intersection,N,Non-Junction,None,,,         ,Colin,Bleem,Clear,Angle,no,no,no,no,no,False
101427804,METROPOLITAN NASHVILLE POLICE DEPT,20160969900,Davidson,Goodlettsville,10/31/2016 4:58:00 PM,2,0,0,36.292220,-86.720460,I 65,,,,0.00,,,,,,,94.40,N,Not at Intersection, ,,None,,,         ,Christopher,Littles,,,no,no,no,no,no,False
101427807,METROPOLITAN NASHVILLE POLICE DEPT,20160969804,Davidson,Nashville,10/31/2016 4:04:00 PM,2,0,0,36.137000,-86.724330,SPENCE LN,,,,472.00,Feet,North,MURFREESBORO PKE,,,,0.00,N,Not at Intersection, ,Non-Junction,None,,,         ,Reuben,Hewit,Clear,Front to Rear,no,no,no,no,no,False
101427809,METROPOLITAN NASHVILLE POLICE DEPT,20160969764,Davidson,Nashville,10/31/2016 4:17:00 PM,2,0,0,36.092960,-86.762730,I 65,,,,0.00,,,,,,,78.55,N,Not at Intersection,N,Non-Junction,None,,,         ,Edin,Plancic,Clear,Front to Rear,no,no,no,no,no,False
101427810,METROPOLITAN NASHVILLE POLICE DEPT,20160970018,Davidson,Nashville,10/31/2016 5:54:00 PM,2,0,0,36.141240,-86.814470,31ST AVS,,,,0.00,,,VANDERBILT PL,,,,0.00,Y,Four-Way,N,Intersection-Related,None,,,         ,Tien,Nguyen,Clear,Angle,no,no,no,no,no,Campus
101427811,METROPOLITAN NASHVILLE POLICE DEPT,20160969993,Davidson,Nashville,10/31/2016 6:09:00 PM,2,0,0,36.110880,-86.713970,BRILEY PKWYS,,,,168.00,Feet,East,I24 W ENT RAMP,,,,0.00,N,Not at Intersection, ,Non-Junction,None,,,         ,Jessie,Meadows,Clear,Front to Rear,no,no,no,no,no,False
101427812,METROPOLITAN NASHVILLE POLICE DEPT,20160969848,Davidson,Nashville,10/31/2016 4:10:00 PM,1,0,0,36.160370,-86.776780,4TH AVS,,,,177.00,Feet,North,SYMPHONY PL,,,,0.00,N,Not at Intersection, ,Non-Junction,None,,,         ,Christian,Martin,Clear,Not Collision with Motor Vehicle in Transport,no,yes,no,no,yes,False
101427814,METROPOLITAN NASHVILLE POLICE DEPT,20160969923,Davidson,Nashville,10/31/2016 4:59:00 PM,1,0,0,36.131120,-86.808220,BLAIR BLVD,,,,256.00,Feet,West,25TH AVS,,,,0.00,N,Not at Intersection, ,Non-Junction,None,,,         ,Ralph,Smith IV,Clear,Not Collision with Motor Vehicle in Transport,no,no,no,no,no,False
101427815,METROPOLITAN NASHVILLE POLICE DEPT,20160969846,Davidson,Nashville,10/31/2016 4:40:00 PM,2,0,0,36.132470,-86.719310,MURFREESBORO PKE,,,,0.00,Feet,,WILHAGAN RD,,,,0.00,Y,T-Intersection, ,Non-Junction,None,,,         ,Jeffrey,Livingston,Clear,Front to Rear,no,no,no,no,no,False
101427816,METROPOLITAN NASHVILLE POLICE DEPT,20160969944,Davidson,Not in City Limit,10/31/2016 5:22:00 PM,2,0,0,36.044770,-86.954500,HIGHWAY 100,,,,522.00,Feet,East,OLD HARDING PKE,,,,0.00,N,Not at Intersection, ,Non-Junction,None,,,         ,Albert,Wilson,Clear,Front to Rear,no,no,no,no,no,False
101427818,METROPOLITAN NASHVILLE POLICE DEPT,20160969979,Davidson,Nashville,10/31/2016 5:35:00 PM,2,1,0,36.169210,-86.808630,JEFFERSON ST,,,,290.00,Feet,East,21ST AVN,,,,0.00,N,Not at Intersection,N,Non-Junction,None,,,         ,Adam,Crutcher,Clear,Front to Rear,no,no,no,no,no,False
101427820,METROPOLITAN NASHVILLE POLICE DEPT,20160970006,Davidson,Nashville,10/31/2016 5:20:00 PM,2,0,0,36.139390,-86.880160,CHARLOTTE PKE,,,,167.00,Feet,East,HILLWOOD BLVD,,,,0.00,N,Not at Intersection, ,Non-Junction,None,,,         ,Patrick,Lancaster,Clear,Angle,no,no,no,no,no,False
101427826,METROPOLITAN NASHVILLE POLICE DEPT,20160970029,Davidson,Nashville,10/31/2016 5:30:00 PM,2,0,0,36.086520,-86.698490,HARDING PL,,,,65.00,Feet,East,I24 W ENT RAMP,,,,0.00,N,Not at Intersection, ,,None,,,         ,Brandon,Vance,,,no,no,no,no,no,False
101427827,METROPOLITAN NASHVILLE POLICE DEPT,20160970008,Davidson,Nashville,10/31/2016 5:11:00 PM,2,0,0,36.158540,-86.771340,KOREAN VETERANS BLVD,,,,187.00,Feet,East,HERMITAGE AV,,,,0.00,N,Not at Intersection, ,,None,,,         ,Pedro,Rivera Chaparro,,,no,no,no,no,no,False
101427828,METROPOLITAN NASHVILLE POLICE DEPT,20160969478,Davidson,Nashville,10/31/2016 2:45:00 PM,2,1,0,36.178840,-86.795210,HUME ST,,,,0.00,,,ROSA L PARKS BLVD,,,,0.00,Y,Four-Way,N,Intersection-Related,None,,,         ,Samuel,Kersten,Clear,Angle,no,no,no,no,no,False
101427830,METROPOLITAN NASHVILLE POLICE DEPT,20160970131,Davidson,Nashville,10/31/2016 6:00:00 PM,2,0,0,36.124520,-86.736390,I 440,,,,0.00,,,,,,,7.00,N,Not at Intersection, ,Non-Junction,None,,,         ,Jeffrey,Livingston,Clear,Front to Rear,no,no,no,no,no,False
101427834,METROPOLITAN NASHVILLE POLICE DEPT,20160970032,Davidson,Nashville,10/30/2016 11:10:00 PM,2,0,0,36.153760,-86.632980,I40 W ENT RAMP,,,,0.00,,,I 40,,,,0.00,Y,OTHER,N,Non-Junction,None,,,         ,Patrick,Taylor,Clear,Angle,no,no,no,no,yes,False
101427835,METROPOLITAN NASHVILLE POLICE DEPT,20160970010,Davidson,Nashville,10/31/2016 5:45:00 PM,2,0,0,36.197950,-86.620170,OLD HICKORY BLVD,,,,178.00,Feet,South,LEBANON PKE EB EXT RAMP,,,,0.00,N,Not at Intersection,N,OtherLocation,None,,,         ,Christopher,Mackey,Clear,Front to Rear,no,no,no,no,no,False
101427839,METROPOLITAN NASHVILLE POLICE DEPT,20160969904,Davidson,Nashville,10/31/2016 5:07:00 PM,2,0,0,36.176220,-86.779460,JEFFERSON ST,,,,335.00,Feet,West,OLDHAM ST PVTDR,,,,0.00,N,Not at Intersection, ,Non-Junction,None,,,         ,Robert,Magner,Clear,Front to Rear,no,no,no,no,no,False
101427840,METROPOLITAN NASHVILLE POLICE DEPT,20160970054,Davidson,Nashville,10/31/2016 6:08:00 PM,3,0,0,36.126000,-86.846230,HARDING PKE,,,,101.00,Feet,East,KENNER AV,,,,0.00,N,Not at Intersection, ,,None,,,         ,Barrett,Teague,,,no,no,no,no,no,False
101427848,METROPOLITAN NASHVILLE POLICE DEPT,20160970099,Davidson,Nashville,10/31/2016 6:10:00 PM,2,0,0,36.166620,-86.610980,I40 E EXT RAMP,,,,0.00,Feet,East,I 40,,,,0.00,N,Not at Intersection, ,Entrance/Exit Ramp Related,None,,,         ,John,Kelley,Clear,"Sideswipe, Same Direction",no,no,no,no,no,False
101427849,METROPOLITAN NASHVILLE POLICE DEPT,20160969740,Davidson,Nashville,10/31/2016 4:10:00 PM,2,0,0,36.052840,-86.674600,TUSCULUM RD,,,,0.00,,,SHACKLETT LANE CT,,,,0.00,Y,Four-Way,N,Non-Junction,None,,,         ,Marcus,Darden,Clear,Front to Rear,no,no,no,no,yes,False
101427850,METROPOLITAN NASHVILLE POLICE DEPT,20160970155,Davidson,Nashville,10/31/2016 6:29:00 PM,2,1,0,36.205170,-86.758200,E TRINITY LN,,,,170.00,Feet,West,JONES AV,,,,0.00,N,Not at Intersection,N,Non-Junction,None,,,         ,Cressie,Prill,Clear,Front to Rear,no,no,no,no,no,False
101427851,METROPOLITAN NASHVILLE POLICE DEPT,20160970098,Davidson,Nashville,10/31/2016 6:20:00 PM,2,0,0,36.041000,-86.743720,EDMONDSON PKE,,,,368.00,Feet,North,OLD HICKORY BLVD,,,,0.00,N,Not at Intersection, ,Non-Junction,None,,,         ,Miguel,Garcia,Clear,Angle,no,no,no,no,no,False
101427852,METROPOLITAN NASHVILLE POLICE DEPT,20160970114,Davidson,Nashville,10/31/2016 6:33:00 PM,2,0,0,36.075710,-86.734460,OVERCREST DR,,,,203.00,Feet,North,OVERCREST CT,,,,0.00,N,Not at Intersection, ,Non-Junction,None,,,         ,Miguel,Garcia,Clear,Front to Rear,no,no,no,no,no,False
101427856,METROPOLITAN NASHVILLE POLICE DEPT,20160969667,Davidson,Nashville,10/31/2016 3:50:00 PM,2,0,0,36.133640,-86.702390,GLASTONBURY RD,,,,0.00,,,MASSMAN DR,,,,0.00,Y,Four-Way,N,Intersection,None,,,         ,Dontaveous,Eubanks,Clear,Angle,no,no,no,no,yes,False
101427861,METROPOLITAN NASHVILLE POLICE DEPT,20160970061,Davidson,Nashville,10/31/2016 5:41:00 PM,1,0,0,36.238850,-86.766360,OAKVIEW DR,,,,287.00,Feet,North,STARLIGHT DR,,,,0.00,N,Not at Intersection,N,Non-Junction,None,,,         ,Christopher,Littles,Clear,Not Collision with Motor Vehicle in Transport,no,no,no,no,no,False
101427865,METROPOLITAN NASHVILLE POLICE DEPT,20160970236,Davidson,Nashville,10/31/2016 7:30:00 PM,2,0,0,36.073870,-86.920740,OLD HICKORY BLVD,,,,37.00,Feet,North,BELLEVUE VALLEY PLAZA PVTDR,,,,0.00,N,Not at Intersection, ,,None,,,         ,Patrick,Lancaster,,,no,no,no,no,no,False
101427870,METROPOLITAN NASHVILLE POLICE DEPT,20160970163,Davidson,Nashville,10/31/2016 6:52:00 PM,2,1,0,36.081100,-86.758360,HARDING PL,,,,0.00,,,TROUSDALE DR,,,,0.00,Y,Four-Way,N,Intersection-Related,None,,,         ,Tien,Nguyen,Clear,Angle,no,no,no,no,no,False
101427887,METROPOLITAN NASHVILLE POLICE DEPT,20160969928,Davidson,Nashville,10/31/2016 4:42:00 PM,3,2,0,36.143460,-86.702710,I 40,,,,0.00,,,,,,,214.60,N,Not at Intersection,N,Non-Junction,None,,,         ,Reuben,Hewit,Clear,Front to Rear,no,no,no,no,no,False
101427892,METROPOLITAN NASHVILLE POLICE DEPT,2016-0970112,Davidson,Nashville,10/31/2016 5:45:00 PM,2,0,0,36.192320,-86.616300,OLD HICKORY BLVD,,,,0.00,,,JUAREZ DR,,,,0.00,Y,Four-Way,N,Intersection-Related,None,,,         ,Sandra,Talavera,Clear,"Sideswipe, Same Direction",no,no,no,no,yes,False
101427895,METROPOLITAN NASHVILLE POLICE DEPT,20160969594,Davidson,Goodlettsville,10/31/2016 3:24:00 PM,2,0,0,36.291320,-86.738290,DICKERSON PKES,,,,0.00,,,,,,,0.00,,Not at Intersection,N,Non-Junction,None,,,         ,Samuel,Miller,Clear,Rear to Side,no,no,no,yes,no,False
101427896,METROPOLITAN NASHVILLE POLICE DEPT,20160969841,Davidson,Not in City Limit,10/31/2016 4:36:00 PM,2,0,0,36.264460,-86.757120,DICKERSON PKE,,,,450.00,Feet,North,WESTCHESTER DR,,,,0.00,N,Not at Intersection, ,Non-Junction,None,,,         ,Samuel,Miller,Clear,Front to Rear,no,no,no,no,no,False
101427898,METROPOLITAN NASHVILLE POLICE DEPT,20160969987,Davidson,Nashville,10/31/2016 5:10:00 PM,2,0,0,36.250840,-86.740730,I 65,,,,0.00,,,,,,,91.30,N,Not at Intersection, ,Non-Junction,None,,,         ,Samuel,Miller,Clear,Front to Rear,no,no,no,no,no,False
101427899,METROPOLITAN NASHVILLE POLICE DEPT,20160970425,Davidson,Nashville,10/31/2016 8:40:00 PM,2,2,0,36.134280,-86.779640,WEDGEWOOD AV,,,,161.00,Feet,West,8TH AVS,,,,0.00,N,Not at Intersection,N,Non-Junction,None,,,         ,Tien,Nguyen,Clear,Angle,no,no,no,no,no,False
101427905,METROPOLITAN NASHVILLE POLICE DEPT,20160970412,Davidson,Nashville,10/31/2016 8:15:00 PM,2,0,0,36.160400,-86.664390,DONELSON PKE,,,,0.00,,,WOODBERRY DR,,,,0.00,Y,T-Intersection,Y,Non-Junction,None,,,         ,John,Kelley,Clear,Angle,no,no,no,no,no,False
101427927,METROPOLITAN NASHVILLE POLICE DEPT,20160970486,Davidson,Nashville,10/31/2016 8:55:00 PM,2,1,0,36.040390,-86.780940,I65 N ENT RAMP,,,,0.00,Feet,East,I 65,,,,0.00,N,Not at Intersection,N,Non-Junction,None,,,         ,Miguel,Garcia,Clear,Front to Rear,no,no,no,no,no,False
101427936,METROPOLITAN NASHVILLE POLICE DEPT,20160970055,Davidson,Nashville,10/31/2016 6:10:00 PM,4,1,0,36.255820,-86.709980,NEELYS BEND RD,,,,112.00,Feet,West,WALNUT ST,,,,0.00,N,Not at Intersection,N,Non-Junction,None,,,         ,Samuel,Miller,Clear,Front to Rear,no,no,no,no,no,False
101427937,METROPOLITAN NASHVILLE POLICE DEPT,20160970149,Davidson,Not in City Limit,10/31/2016 6:14:00 PM,2,0,0,36.264070,-86.690290,STATE RT 45,,,,0.00,,,MYATT DR,,,,0.00,Y,Four-Way, ,Intersection,None,,,         ,Samuel,Miller,Clear,Angle,no,no,no,no,no,False
101427944,METROPOLITAN NASHVILLE POLICE DEPT,20160970558,Davidson,Not in City Limit,10/31/2016 9:20:00 PM,1,0,0,36.062550,-86.933360,BELLEVUE RD,,,,354.00,Feet,South,WILLOW CREEK DR,,,,0.00,N,Not at Intersection,N,Non-Junction,None,,,         ,Patrick,Lancaster,Clear,Not Collision with Motor Vehicle in Transport,no,no,no,no,no,False
101427945,METROPOLITAN NASHVILLE POLICE DEPT,20160970589,Davidson,Nashville,10/31/2016 9:30:00 PM,1,0,0,36.230720,-86.812990,WHITES CREEK PKE,,,,1026.00,Feet,South,BRILEY PKWY E ENT RAMP,,,,0.00,N,Not at Intersection, ,Non-Junction,None,,,         ,Landon,Bagwell,Clear,Not Collision with Motor Vehicle in Transport,no,no,no,no,no,False
101427946,METROPOLITAN NASHVILLE POLICE DEPT,20160969780,Davidson,Nashville,10/31/2016 4:25:00 PM,2,2,0,36.083260,-86.725540,WELCH RD,,,,0.00,,,TRAVIS DR,,,,0.00,Y,T-Intersection,Y,Intersection,None,,,         ,Andrew,Mullen,Clear,Angle,no,no,no,no,no,False
101427947,METROPOLITAN NASHVILLE POLICE DEPT,20160970530,Davidson,Old Hickory,10/31/2016 8:57:00 PM,1,1,0,36.260400,-86.646890,OLD HICKORY,BLVD,,,0.01,Feet,North,32ND,ST,,,0.00,N,Not at Intersection,N,Non-Junction,None,,,         ,Codey,Mullins,Clear,Not Collision with Motor Vehicle in Transport,no,no,no,no,no,False
101427953,METROPOLITAN NASHVILLE POLICE DEPT,20160970682,Davidson,Not in City Limit,10/31/2016 10:15:00 PM,1,0,0,36.262450,-86.775940,BRICK CHURCH PKE,,,,60.00,Feet,South,BELLSHIRE DR,,,,0.00,N,Not at Intersection, ,Non-Junction,None,,,         ,Samuel,Miller,Clear,Not Collision with Motor Vehicle in Transport,no,no,no,no,no,False
101427955,METROPOLITAN NASHVILLE POLICE DEPT,20160970367,Davidson,Nashville,10/31/2016 8:17:00 PM,3,0,0,36.232230,-86.769280,I 65,,,,0.00,,,,,,,89.20,N,Not at Intersection,N,Non-Junction,None,,,         ,Christopher,Valdez,Clear,Angle,no,no,no,no,yes,False