master_record_number,agency,agency_tracking_number,county,city,collision_date,vehicles_involved,number_injured,number_dead,latitude,longitude,roadway_name,roadway_suffix,roadway_number,roadway_local_id,distance_from_reference,miles-feet_indicator,direction_from_reference,intersection_road_name,intersection_road_name_suffix,intersection_road_number,intersection_local_id,mile_marker,intersection_indicator,intersect_type,interchange_related_indicator,relation_to_junction,work_zone_type,construction_maintenance_zone,construction_maintenance_zone_location,fatal_case_number,officer_first_name,officer_last_name,weather_condition(s),manner_of_crash,pedestrian,bicycle,scooter,parking,hitrun,mou
101428531,METROPOLITAN NASHVILLE POLICE DEPT,20160972997,Davidson,Nashville,11/1/2016 3:16:00 PM,2,1,0,36.193000,-86.830150,CLARKSVILLE PKE,,,,396.00,Feet,East,BUENA VISTA PKE,,,,0.00,N,Not at Intersection,N,Non-Junction,None,,,         ,Michael,Brooks,Clear,HeadOn,no,no,no,no,no,False
101428532,METROPOLITAN NASHVILLE POLICE DEPT,20160972987,Davidson,Nashville,11/1/2016 2:30:00 PM,2,0,0,36.160910,-86.793320,CHARLOTTE AV,,,,0.00,Feet,,I40 E EXT RAMP,,,,0.00,Y,Four-Way, ,Intersection-Related,None,,,         ,Landon,Bagwell,Clear,Angle,no,no,no,no,no,False
101428534,METROPOLITAN NASHVILLE POLICE DEPT,20160973017,Davidson,Nashville,11/1/2016 3:25:00 PM,2,2,0,36.079370,-86.747300,HARDING PL,,,,673.00,Feet,West,BINKLEY DR,,,,0.00,N,Not at Intersection,N,Non-Junction,None,,,         ,Tien,Nguyen,Clear,Front to Rear,no,no,no,no,no,False
101428540,METROPOLITAN NASHVILLE POLICE DEPT,20160973049,Davidson,Nashville,11/1/2016 3:10:00 PM,2,1,0,36.168790,-86.679950,MCGAVOCK PKE,,,,209.00,Feet,South,LEBANON PKE,,,,0.00,N,Not at Intersection,N,Non-Junction,None,,,         ,John,Kelley,Clear,Angle,no,no,no,yes,yes,False
101428554,METROPOLITAN NASHVILLE POLICE DEPT,20160972955,Davidson,Nashville,11/1/2016 4:02:00 PM,2,0,0,36.078090,-86.718510,HOPEDALE DR,,,,383.00,Feet,South,WALLACE RD,,,,0.00,N,Not at Intersection,N,Non-Junction,None,,,         ,Jessie,Meadows,Clear,Angle,no,no,no,no,no,False
101428561,METROPOLITAN NASHVILLE POLICE DEPT,20160972897,Davidson,Nashville,11/1/2016 2:34:00 PM,1,1,0,36.040700,-86.781610,I65 N EXT RAMP,,,,0.00,Feet,East,I65 N EXT RAMP,,,,0.00,N,Not at Intersection,N,Entrance/Exit Ramp Related,None,,,         ,Phillip,Murphy,Clear,Not Collision with Motor Vehicle in Transport,no,no,no,no,no,False
101428562,METROPOLITAN NASHVILLE POLICE DEPT,20160973201,Davidson,Not in City Limit,11/1/2016 4:01:00 PM,2,0,0,36.007940,-86.665880,OLD HICKORY BLVD,,,,0.00,,,PETTUS RD,,,,0.00,Y,T-Intersection,N,Intersection,None,,,         ,Kevin,Keating,Clear,Angle,no,no,no,no,yes,False
101428570,METROPOLITAN NASHVILLE POLICE DEPT,20160972986,Davidson,Nashville,11/1/2016 2:10:00 PM,2,0,0,36.153750,-86.721200,LEBANON PKE,,,,106.00,Feet,East,SPENCE LN,,,,0.00,N,Not at Intersection, ,Non-Junction,None,,,         ,John,Daugherty,Clear,Angle,no,no,no,no,no,False
101428581,METROPOLITAN NASHVILLE POLICE DEPT,20160973222,Davidson,Nashville,11/1/2016 4:48:00 PM,2,0,0,36.177220,-86.870510,BRILEY PKWYN,,,,1347.00,Feet,North,BRILEY PKWYS,,,,0.00,N,Not at Intersection, ,Non-Junction,None,,,         ,Walter,Gray II,Clear,Front to Rear,no,no,no,no,no,False
101428585,METROPOLITAN NASHVILLE POLICE DEPT,20160973158,Davidson,Nashville,11/1/2016 4:20:00 PM,1,1,0,36.093650,-86.624850,BELL RD,,,,86.00,Feet,South,HARBOR LIGHTS DR,,,,0.00,N,Not at Intersection,N,Non-Junction,None,,,         ,Marcus,Mitchell,Clear,Not Collision with Motor Vehicle in Transport,no,no,no,no,no,False
101428587,METROPOLITAN NASHVILLE POLICE DEPT,20160973098,Davidson,Nashville,11/1/2016 3:56:00 PM,2,0,0,36.153510,-86.764340,I 40,,,,0.00,,,,,,,210.75,N,Not at Intersection,Y,Non-Junction,None,,,         ,Bryan,Byrnes,Clear,Front to Rear,no,no,no,no,no,False
101428588,METROPOLITAN NASHVILLE POLICE DEPT,20160973138,Davidson,Nashville,11/1/2016 4:15:00 PM,2,0,0,36.157380,-86.792700,15TH AVN,,,,0.00,,,CHURCH ST,,,,0.00,Y,Four-Way, ,Intersection-Related,None,,,         ,Tien,Nguyen,Clear,Front to Rear,no,no,no,no,no,False
101428590,METROPOLITAN NASHVILLE POLICE DEPT,20160972996,Davidson,Nashville,11/1/2016 3:10:00 PM,2,0,0,36.103560,-86.772610,GLEN LEVEN DR,,,,0.00,Feet,,FRANKLIN PKE,,,,0.00,Y,T-Intersection,N,Intersection,None,,,         ,William,Taylor,Clear,Front to Rear,no,no,no,no,no,False
101428593,BELLE MEADE POLICE DEPT,16-0295,Davidson,Belle Meade,11/1/2016 3:25:00 PM,2,1,0,36.114990,-86.861250,HARDING PKE,,,,0.00,,,DAVIDSON RD,,,,0.00,Y,T-Intersection,N,Intersection,None,,,         ,Dennis,Goins,Clear,Angle,no,no,no,no,no,False
101428594,METROPOLITAN NASHVILLE POLICE DEPT,20160973243,Davidson,Nashville,11/1/2016 4:50:00 PM,2,1,0,36.142920,-86.666640,DONELSON PKE,,,,229.00,Feet,North,I40 W ENT RAMP,,,,0.00,N,Not at Intersection,N,Non-Junction,None,,,         ,John,Kelley,Clear,Angle,no,no,no,no,no,False
101428601,METROPOLITAN NASHVILLE POLICE DEPT,20160973274,Davidson,Nashville,11/1/2016 5:11:00 PM,2,0,0,36.123480,-86.727910,I 24,,,,0.00,,,,,,,52.65,N,Not at Intersection, ,Non-Junction,None,,,         ,Jessie,Meadows,Clear,Front to Rear,no,no,no,no,no,False
101428603,METROPOLITAN NASHVILLE POLICE DEPT,20160973348,Davidson,Nashville,11/1/2016 5:07:00 PM,2,0,0,36.150310,-86.797250,BROADWAY,,,,0.00,,,LYLE AV,,,,0.00,Y,T-Intersection,N,Intersection-Related,None,,,         ,Tien,Nguyen,Clear,Angle,no,no,no,no,yes,False
101428606,METROPOLITAN NASHVILLE POLICE DEPT,20160973247,Davidson,Nashville,11/1/2016 5:00:00 PM,2,0,0,36.119770,-86.766080,I 440,,,,0.00,,,,,,,5.40,N,Not at Intersection, ,Non-Junction,None,,,         ,Miguel,Garcia,Clear,Front to Rear,no,no,no,no,no,False
101428623,METROPOLITAN NASHVILLE POLICE DEPT,20160973256,Davidson,Nashville,11/1/2016 4:41:00 PM,2,0,0,36.106540,-86.767930,I 65,,,,0.00,,,,,,,79.45,N,Not at Intersection,N,Non-Junction,None,,,         ,Ralph,Smith IV,Clear,Front to Rear,no,no,no,no,no,False
101428624,METROPOLITAN NASHVILLE POLICE DEPT,20160973453,Davidson,Nashville,11/1/2016 5:39:00 PM,2,0,0,36.147510,-86.818160,AVOCA ST,,,,0.00,,,PARTHENON AV,,,,0.00,Y,T-Intersection,N,Intersection-Related,None,,,         ,Tien,Nguyen,Clear,"Sideswipe, Same Direction",no,no,no,no,yes,False
101428625,METROPOLITAN NASHVILLE POLICE DEPT,20160973400,Davidson,Nashville,11/1/2016 4:33:00 PM,2,0,0,36.069270,-86.690870,I24 E EXT RAMP,,,,0.00,,,I 24,,,,0.00,Y,OTHER, ,,None,,,         ,Brandon,Vance,,,no,no,no,no,no,False
101428626,METROPOLITAN NASHVILLE POLICE DEPT,20160973351,Davidson,Nashville,11/1/2016 5:16:00 PM,2,0,0,36.148530,-86.665110,ELM HILL PKE,,,,359.00,Feet,East,DONELSON PKE,,,,0.00,N,Not at Intersection, ,Non-Junction,None,,,         ,Mikala,Moore,Clear,Angle,no,no,no,no,no,False
101428630,METROPOLITAN NASHVILLE POLICE DEPT,20160973404,Davidson,Nashville,11/1/2016 5:55:00 PM,2,0,0,36.206190,-86.757120,WESLEY AV,,,,149.00,Feet,East,JONES AV,,,,0.00,N,Not at Intersection, ,Non-Junction,None,,,         ,Hunter,Fikes,Clear,Angle,no,no,no,no,no,False
101428632,METROPOLITAN NASHVILLE POLICE DEPT,20160973271,Davidson,Nashville,11/1/2016 12:00:00 AM,2,1,0,36.120530,-86.750020,NOLENSVILLE PKE,,,,0.00,,,I440 E ENT RAMP,,,,0.00,Y,Four-Way,N,Intersection,None,,,         ,Benjamin,Froehlich,Clear,Angle,no,no,no,no,no,False
101428634,METROPOLITAN NASHVILLE POLICE DEPT,20160973401,Davidson,Nashville,11/1/2016 5:17:00 PM,3,1,0,36.152720,-86.822510,I 440,,,,0.00,,,,,,,1.65,N,Not at Intersection,N,Non-Junction,None,,,         ,Eric,Burford,Clear,Front to Rear,no,no,no,no,no,False
101428635,METROPOLITAN NASHVILLE POLICE DEPT,20160973473,Davidson,Nashville,11/1/2016 6:45:00 PM,2,0,0,36.067310,-86.770550,I 65,,,,0.00,,,,,,,76.75,N,Not at Intersection, ,Non-Junction,None,,,         ,Miguel,Garcia,Clear,Front to Rear,no,no,no,no,no,False
101428637,VANDERBILT UNIVERSITY POLICE,16-0973327,Davidson,Nashville,11/1/2016 5:26:00 PM,2,0,0,36.139720,-86.806930,25TH AVS,,,,201.00,Feet,North,CHILDRENS WAY,,,,0.00,N,Not at Intersection, ,Non-Junction,None,,,         ,Jonathan,McAllister,Clear,"Sideswipe, Same Direction",no,no,no,no,no,Campus
101428642,METROPOLITAN NASHVILLE POLICE DEPT,20160973203,Davidson,Nashville,11/1/2016 4:35:00 PM,2,0,0,36.139110,-86.822530,I 440,,,,0.00,,,,,,,1.30,N,Not at Intersection,N,Non-Junction,None,,,         ,Maria,Cortez,Clear,Front to Rear,no,no,no,no,yes,False
101428652,METROPOLITAN NASHVILLE POLICE DEPT,20160973498,Davidson,Nashville,11/1/2016 6:30:00 PM,2,0,0,36.167330,-86.820630,28TH AVN,,,,171.00,Feet,South,JEFFERSON ST,,,,0.00,N,Not at Intersection,N,Non-Junction,None,,,         ,Michael,Brooks,Clear,Angle,no,no,no,no,yes,False
101428655,GOODLETTSVILLE POLICE DEPT,16-37792,Davidson,Goodlettsville,11/1/2016 5:38:00 PM,2,0,0,36.321116,-86.713174,DICKERSON,PIKE,US31W/41,SOUTH MAIN ST.,0.00,,,EAST,AVE,,,0.00,Y,Four-Way, ,Intersection-Related,None,,,         ,Charles,Hauskin,Clear,"Sideswipe, Opposite Direction",no,no,no,no,no,False
101428665,METROPOLITAN NASHVILLE POLICE DEPT,20160973514,Davidson,Nashville,11/1/2016 6:48:00 PM,1,1,0,36.109390,-86.727790,BRILEY PKWYN,,,,78.00,Feet,East,BRILEY PKWYS,,,,0.00,N,Not at Intersection,N,Non-Junction,None,,,         ,Larry,Preuett,Clear,Not Collision with Motor Vehicle in Transport,yes,no,no,no,no,False
101428667,METROPOLITAN NASHVILLE POLICE DEPT,20160973426,Davidson,Nashville,11/1/2016 5:23:00 PM,2,0,0,36.148510,-86.766520,2ND AVS,,,,0.00,,,CAMERON ST,,,,0.00,Y,T-Intersection,N,Intersection,None,,,         ,Bryan,Byrnes,Clear,Angle,no,no,no,no,yes,False
101428668,METROPOLITAN NASHVILLE POLICE DEPT,20160973556,Davidson,Nashville,11/1/2016 5:29:00 PM,2,0,0,36.113560,-86.806160,WOODMONT BLVD,,,,0.00,,,HOPKINS ST,,,,0.00,Y,Four-Way, ,Intersection-Related,None,,,         ,Tien,Nguyen,Clear,Angle,no,no,no,no,no,False
101428669,METROPOLITAN NASHVILLE POLICE DEPT,20160973540,Davidson,Nashville,11/1/2016 7:00:00 PM,2,0,0,36.129850,-86.901650,CHARLOTTE PKE,,,,271.00,Feet,West,CABOT DR,,,,0.00,N,Not at Intersection, ,"Driveway, Alley Access, etc",None,,,         ,John,Thomas,Clear,Front to Rear,no,no,no,no,no,False
101428671,METROPOLITAN NASHVILLE POLICE DEPT,20160973525,Davidson,Nashville,11/1/2016 6:20:00 PM,3,0,0,36.178650,-86.644650,LEBANON PKE,,,,514.00,Feet,South,DANYACREST DR,,,,0.00,N,Not at Intersection,N,Non-Junction,None,,,         ,John,Kelley,Clear,Front to Rear,no,no,no,no,no,False
101428685,METROPOLITAN NASHVILLE POLICE DEPT,20160973531,Davidson,Nashville,11/1/2016 6:20:00 PM,2,1,0,36.122920,-86.750750,I 440,,,,0.00,,,,,,,6.30,N,Not at Intersection,N,Non-Junction,None,,,         ,Kevin,Keating,Clear,Front to Rear,no,no,no,no,no,False
101428686,METROPOLITAN NASHVILLE POLICE DEPT,20160973501,Davidson,Nashville,11/1/2016 6:43:00 PM,3,4,0,36.123050,-86.750310,I 440,,,,0.00,,,,,,,6.35,N,Not at Intersection,N,Non-Junction,None,,,         ,Kevin,Keating,Clear,Front to Rear,no,no,no,no,no,False
101428687,METROPOLITAN NASHVILLE POLICE DEPT,20160973519,Davidson,Nashville,11/1/2016 6:50:00 PM,2,0,0,36.142710,-86.776800,I 65,,,,0.00,,,,,,,82.00,N,Not at Intersection, ,Non-Junction,None,,,         ,John,Deiterick,Clear,"Sideswipe, Same Direction",no,no,no,no,no,False
101428695,METROPOLITAN NASHVILLE POLICE DEPT,20160973497,Davidson,Nashville,11/1/2016 6:08:00 PM,2,0,0,36.093980,-86.762830,I 65,,,,0.00,,,,,,,78.60,N,Not at Intersection,N,Non-Junction,None,,,         ,William,Taylor,Clear,Front to Rear,no,no,no,no,no,False
101428697,METROPOLITAN NASHVILLE POLICE DEPT,20160973591,Davidson,Not in City Limit,11/1/2016 6:24:00 PM,2,0,0,36.020260,-86.626840,I 24,,,,0.00,,,,,,,62.00,N,Not at Intersection, ,Non-Junction,None,,,         ,Brandon,Vance,Clear,"Sideswipe, Same Direction",no,no,no,no,no,False
101428698,METROPOLITAN NASHVILLE POLICE DEPT,20160973422,Davidson,Nashville,11/1/2016 6:00:00 PM,2,1,0,36.146870,-86.758070,FAIRFIELD AV,,,,0.00,,,,,,,0.00,,,N,Non-Junction,None,,,         ,Benjamin,Froehlich,Clear,Front to Rear,no,no,no,no,no,False
101428699,METROPOLITAN NASHVILLE POLICE DEPT,20160973607,Davidson,Nashville,11/1/2016 7:21:00 PM,2,0,0,36.158280,-86.799430,CHARLOTTE AV,,,,125.00,Feet,West,FISK ST,,,,0.00,N,Not at Intersection, ,Non-Junction,None,,,         ,Michael,Brooks,Clear,Front to Rear,no,no,no,no,no,False
101428703,METROPOLITAN NASHVILLE POLICE DEPT,20160973602,Davidson,Nashville,11/1/2016 7:25:00 PM,3,1,0,36.093280,-86.652510,MURFREESBORO PKE,,,,242.00,Feet,South,OLD MURFREESBORO PKE,,,,0.00,N,Not at Intersection,N,Non-Junction,None,,,         ,Marcus,Mitchell,Clear,Front to Rear,no,no,no,no,yes,False
101428707,METROPOLITAN NASHVILLE POLICE DEPT,2016-0973194,Davidson,Nashville,11/1/2016 4:27:00 PM,2,3,0,36.154710,-86.773120,LEA AV,,,,0.00,,,4TH AVS,,,,0.00,Y,Four-Way,N,Intersection,None,,,         ,Michael,Schlegel,Clear,Angle,no,no,no,no,no,False
101428709,METROPOLITAN NASHVILLE POLICE DEPT,20160973593,Davidson,Nashville,11/1/2016 7:18:00 PM,2,0,0,36.167170,-86.765300,I 24,,,,0.00,,,,,,,48.90,N,Not at Intersection,Y,Non-Junction,None,,,         ,Darrien,Spann,Clear,Front to Rear,no,no,no,no,no,False
101428710,METROPOLITAN NASHVILLE POLICE DEPT,20160973398,Davidson,Nashville,11/1/2016 4:40:00 PM,2,0,0,36.116130,-86.796730,I 440,,,,0.00,,,,,,,3.60,N,Not at Intersection, ,Non-Junction,None,,,         ,Conner,Harris,Clear,"Sideswipe, Same Direction",no,no,no,no,no,False
101428713,METROPOLITAN NASHVILLE POLICE DEPT,20160973596,Davidson,Nashville,11/1/2016 7:28:00 PM,2,2,0,0.000000,0.000000,CHARLOTTE PK,,,,0.00,,,I 40 E ENTRANCE RAMP,,,,0.00,Y,Four-Way,N,Entrance/Exit Ramp Related,None,,,         ,Jeremy,Huffine,Clear,Angle,no,no,no,no,no,False
101428716,METROPOLITAN NASHVILLE POLICE DEPT,20160973415,Davidson,Nashville,11/1/2016 6:00:00 PM,2,0,0,36.253070,-86.716490,EMMITT AV,,,,100.00,Feet,East,GALLATIN PKES,,,,0.00,N,Not at Intersection,N,Non-Junction,None,,,         ,Peter,Knisley,Clear,Front to Rear,no,no,no,no,no,False
101428731,METROPOLITAN NASHVILLE POLICE DEPT,20160973480,Davidson,Nashville,11/1/2016 6:00:00 PM,2,0,0,36.259890,-86.713050,GALLATIN PKES,,,,0.00,,,WOODRUFF ST,,,,0.00,Y,T-Intersection,Y,Intersection,None,,,         ,Harold,Willmore IV,Clear,Angle,no,no,no,no,no,False
101428732,METROPOLITAN NASHVILLE POLICE DEPT,20160973235,Davidson,Nashville,11/1/2016 4:35:00 PM,2,0,0,36.141900,-86.733790,I 40,,,,0.00,,,,,,,212.90,N,Not at Intersection, ,Non-Junction,None,,,         ,John,Daugherty,Clear,Front to Rear,no,no,no,no,no,False
101428733,METROPOLITAN NASHVILLE POLICE DEPT,20160973336,Davidson,Nashville,11/1/2016 4:40:00 PM,2,0,0,36.152920,-86.683660,ELM HILL PKE,,,,83.00,Feet,West,MCGAVOCK PKE,,,,0.00,N,Not at Intersection,N,Non-Junction,None,,,         ,John,Daugherty,Clear,"Sideswipe, Same Direction",no,no,no,no,yes,False
101428734,METROPOLITAN NASHVILLE POLICE DEPT,20160973504,Davidson,Nashville,11/1/2016 6:12:00 PM,2,0,0,36.141240,-86.717100,I 40,,,,0.00,,,,,,,213.80,N,Not at Intersection,N,Non-Junction,None,,,         ,John,Daugherty,Clear,Front to Rear,no,no,no,no,yes,False
101428735,METROPOLITAN NASHVILLE POLICE DEPT,20160973477,Davidson,Nashville,11/1/2016 5:10:00 PM,2,0,0,36.143100,-86.684980,I 40,,,,0.00,,,,,,,215.60,N,Not at Intersection, ,Non-Junction,None,,,         ,John,Daugherty,Clear,Front to Rear,no,no,no,no,no,False
101428736,METROPOLITAN NASHVILLE POLICE DEPT,20160973641,Davidson,Nashville,11/1/2016 7:22:00 PM,2,1,0,36.164550,-86.838680,DR WALTER S DAVIS BLVD,,,,60.00,Feet,West,40TH AVN,,,,0.00,N,Not at Intersection,N,Non-Junction,None,,,         ,Justin,Miller,Clear,Front to Rear,no,no,no,no,no,False
101428738,METROPOLITAN NASHVILLE POLICE DEPT,20160973599,Davidson,Not in City Limit,11/1/2016 7:25:00 PM,2,0,0,36.034520,-86.973990,HIGHWAY 100,,,,0.00,,,MCCRORY LN,,,,0.00,Y,T-Intersection,Y,Intersection-Related,None,,,         ,Michael,Thompson,Clear,Front to Rear,no,no,no,no,no,False
101428745,METROPOLITAN NASHVILLE POLICE DEPT,20160973460,Davidson,Nashville,11/1/2016 6:19:00 PM,1,1,0,36.080150,-86.696560,I 24,,,,0.00,,,,,,,56.20,N,Not at Intersection,N,Non-Junction,None,,,         ,Victoria,Cunningham,Clear,Not Collision with Motor Vehicle in Transport,no,no,no,no,no,False
101428758,METROPOLITAN NASHVILLE POLICE DEPT,20160973729,Davidson,Nashville,11/1/2016 7:23:00 PM,2,1,0,36.151630,-86.857730,WHITE BRIDGE PKE,,,,64.00,Feet,North,I40 E ENT RAMP,,,,0.00,N,Not at Intersection,Y,Entrance/Exit Ramp Related,None,,,         ,Patrick,Lancaster,Clear,Angle,no,no,no,no,no,False
101428765,METROPOLITAN NASHVILLE POLICE DEPT,20160973819,Davidson,Nashville,11/1/2016 9:11:00 PM,2,1,0,36.043990,-86.693390,BELL RD,,,,0.00,,,BROOK VIEW ESTATES DR,,,,0.00,Y,T-Intersection,N,Intersection-Related,None,,,         ,Kevin,Keating,Clear,Front to Rear,no,no,no,no,yes,False
101428785,METROPOLITAN NASHVILLE POLICE DEPT,20160973746,Davidson,Nashville,11/1/2016 8:37:00 PM,2,2,0,36.229630,-86.760630,EWING DR,,,,411.00,Feet,West,BROADMOOR DR,,,,0.00,N,Not at Intersection,N,Non-Junction,None,,,         ,Christopher,Valdez,Clear,HeadOn,no,no,no,no,no,False
101428798,METROPOLITAN NASHVILLE POLICE DEPT,20160973794,Davidson,Nashville,11/1/2016 8:55:00 PM,2,0,0,36.199920,-86.776310,I 65,,,,0.00,,,,,,,86.85,N,Not at Intersection, ,Non-Junction,Construction Zone,,,         ,Charles,Wakefield,Clear,Front to Rear,no,no,no,no,no,False
101428799,METROPOLITAN NASHVILLE POLICE DEPT,20160973444,Davidson,Not in City Limit,11/1/2016 6:11:00 PM,2,0,0,36.357470,-86.724790,WILLIAMSON RD,,,,0.00,,,SPRINGFIELD HWY,,,,0.00,Y,T-Intersection,N,Intersection,None,,,         ,Christopher,Littles,Clear,Angle,no,no,no,no,yes,False
101428815,METROPOLITAN NASHVILLE POLICE DEPT,2016-0973823,Davidson,Nashville,11/1/2016 7:03:00 PM,2,0,0,36.149580,-86.857920,WHITE BRIDGE PKE,,,,200.00,Feet,South,CHARLOTTE PKE,,,,0.00,N,Not at Intersection,N,Non-Junction,None,,,         ,Michael,Rogers,Clear,Angle,no,no,no,no,yes,False
101428821,METROPOLITAN NASHVILLE POLICE DEPT,20160973261,Davidson,Nashville,11/1/2016 5:00:00 PM,2,0,0,36.153070,-86.857060,I40 W EXT RAMP,,,,0.00,Feet,East,I 40,,,,0.00,N,Not at Intersection,N,Entrance/Exit Ramp Related,None,,,         ,Torian,Cox,Clear,"Sideswipe, Same Direction",no,no,no,no,no,False
101428859,METROPOLITAN NASHVILLE POLICE DEPT,20160973899,Davidson,Nashville,11/1/2016 5:30:00 PM,2,0,0,36.139740,-86.760850,2ND AVS,,,,0.00,,,OLD RADNOR CAR LINE,,,,0.00,Y,OTHER, ,Non-Junction,None,,,         ,Benjamin,Froehlich,Clear,"Sideswipe, Same Direction",no,no,no,no,no,False
101428873,METROPOLITAN NASHVILLE POLICE DEPT,20160974111,Davidson,Not in City Limit,11/1/2016 12:00:00 AM,1,0,0,36.277810,-86.734520,I 65,,,,0.00,,,,,,,93.20,N,Not at Intersection,N,Non-Junction,None,,,         ,Eric,Mumaw,Clear,Not Collision with Motor Vehicle in Transport,no,no,no,no,yes,False
101428874,METROPOLITAN NASHVILLE POLICE DEPT,20160974073,Davidson,Nashville,11/1/2016 6:00:00 PM,2,0,0,36.174920,-86.783380,JACKSON ST RAMP,,,,0.00,,,2ND AVN,,,,0.00,Y,OTHER, ,Non-Junction,None,,,         ,Eric,Keller,Clear,"Sideswipe, Opposite Direction",no,no,no,yes,yes,False
101428879,METROPOLITAN NASHVILLE POLICE DEPT,20160974038,Davidson,Nashville,11/1/2016 10:22:00 PM,1,0,0,36.158560,-86.787590,11TH AVN,,,,0.00,,,GRUNDY ST,,,,0.00,Y,T-Intersection, ,Intersection,None,,,         ,Melvin,Foster,Clear,Not Collision with Motor Vehicle in Transport,no,no,no,no,no,False
101428880,METROPOLITAN NASHVILLE POLICE DEPT,20160973000,Davidson,Nashville,11/1/2016 3:15:00 PM,2,1,0,36.067640,-86.718630,NOLENSVILLE PKE,,,,247.00,Feet,South,HAYWOOD LN,,,,0.00,N,Not at Intersection,N,Non-Junction,None,,,         ,William,Durham,Clear,Front to Rear,no,no,no,no,no,False
101428885,METROPOLITAN NASHVILLE POLICE DEPT,20160973211,Davidson,Nashville,11/1/2016 4:13:00 PM,2,1,0,36.119550,-86.697100,BRILEY PKWY N ENT RAMP,,,,0.00,Feet,East,BRILEY PKWYN,,,,0.00,N,Not at Intersection,Y,Entrance/Exit Ramp Related,None,,,         ,John,Joyce,Clear,Front to Rear,no,no,no,no,no,False
101428890,METROPOLITAN NASHVILLE POLICE DEPT,20160974092,Davidson,Nashville,11/1/2016 11:13:00 PM,2,0,0,36.182050,-86.607670,OLD HICKORY BLVD,,,,121.00,Feet,East,ANDREW JACKSON WAY,,,,0.00,N,Not at Intersection,N,Non-Junction,None,,,         ,Justin,Franklin,Clear,Front to Rear,no,no,no,no,no,False
101428894,METROPOLITAN NASHVILLE POLICE DEPT,2016-0974233,Davidson,Nashville,11/2/2016 12:12:00 AM,2,0,0,36.107350,-86.800750,BELMONT BLVD,,,,0.00,,,GLEN ECHO RD,,,,0.00,Y,T-Intersection,N,Intersection,None,,,         ,Matthew,Moses,Clear,Angle,no,no,no,no,no,False
101428895,METROPOLITAN NASHVILLE POLICE DEPT,20160974081,Davidson,Nashville,11/1/2016 10:47:00 PM,1,0,0,36.118390,-86.709170,GREYMONT DR,,,,130.00,Feet,East,SOUTHWOOD DR,,,,0.00,N,Not at Intersection,N,Non-Junction,None,,,         ,Erik,Dabbs,Clear,Not Collision with Motor Vehicle in Transport,no,no,no,yes,yes,False
101428908,METROPOLITAN NASHVILLE POLICE DEPT,20160974225,Davidson,Nashville,11/1/2016 8:30:00 PM,2,0,0,36.083090,-86.698310,I 24,,,,0.00,,,,,,,56.00,N,Not at Intersection,N,Non-Junction,None,,,         ,Ryan,Cagle,Clear,"Sideswipe, Same Direction",no,no,no,no,yes,False
101428914,METROPOLITAN NASHVILLE POLICE DEPT,20160974479,Davidson,Nashville,11/1/2016 9:03:00 PM,2,0,0,36.045370,-86.713260,NOLENSVILLE PKE,,,,0.00,,,OLD HICKORY BLVD,,,,0.00,Y,Four-Way,Y,Intersection,None,,,         ,Kevin,Breeding,Clear,Rear to Side,no,no,no,no,yes,False
101428929,METROPOLITAN NASHVILLE POLICE DEPT,20160974621,Davidson,Nashville,11/2/2016 2:42:00 AM,1,0,0,36.024430,-86.680300,OLD HICKORY BLVD,,,,658.00,Feet,North,BARNES RD,,,,0.00,N,Not at Intersection,N,Non-Junction,None,,,         ,Ryan,Cagle,Clear,Not Collision with Motor Vehicle in Transport,no,no,no,no,no,False
101428948,METROPOLITAN NASHVILLE POLICE DEPT,20160974841,Davidson,Nashville,11/2/2016 4:43:00 AM,1,1,0,36.235310,-86.712640,BRILEY PKWYW,,,,645.00,Feet,West,PENNINGTON BEND RD,,,,0.00,N,Not at Intersection,N,Non-Junction,None,,,         ,Eric,Mumaw,Clear,Not Collision with Motor Vehicle in Transport,no,no,no,no,no,False
101428962,METROPOLITAN NASHVILLE POLICE DEPT,20160974117,Davidson,Nashville,11/1/2016 11:25:00 PM,3,0,0,36.095280,-86.718000,CATHY JO CIR,,,,263.00,Feet,South,SEVENMILE CT,,,,0.00,N,Not at Intersection,N,Non-Junction,None,,,         ,William,Williams,Clear,HeadOn,no,no,no,no,no,False
101428975,METROPOLITAN NASHVILLE POLICE DEPT,20160974903,Davidson,Nashville,11/1/2016 7:14:00 PM,2,3,0,36.060910,-86.639610,BELL RD,,,,166.00,Feet,East,HICKORY HIGHLANDS DR,,,,0.00,N,Not at Intersection,N,Non-Junction,None,,,         ,Blaze,Williams,Clear,"Sideswipe, Same Direction",no,no,no,no,yes,False
101428983,METROPOLITAN NASHVILLE POLICE DEPT,20160975003,Davidson,Nashville,11/2/2016 6:15:00 AM,2,0,0,36.198440,-86.620270,LEBANON PKE,,,,0.00,Feet,,OLD HICKORY BLVD,,,,0.00,Y,Four-Way,N,Intersection,None,,,         ,Justin,Franklin,Clear,Front to Rear,no,no,no,no,no,False
101428987,METROPOLITAN NASHVILLE POLICE DEPT,20160975043,Davidson,Nashville,11/2/2016 6:50:00 AM,2,0,0,36.152920,-86.754990,I 40,,,,0.00,,,,,,,211.30,N,Not at Intersection,N,Non-Junction,None,,,         ,Michael,Dance,Clear,Front to Rear,no,no,no,no,yes,False
101428992,METROPOLITAN NASHVILLE POLICE DEPT,20160975092,Davidson,Nashville,11/2/2016 7:00:00 AM,2,0,0,36.075060,-86.921400,OLD HICKORY BLVD,,,,195.00,Feet,South,BELLE FOREST SHOPPING CENTER P,,,,0.00,N,Not at Intersection, ,Non-Junction,None,,,         ,Curtis,Rich,Clear,Front to Rear,no,no,no,yes,yes,False