master_record_number,agency,agency_tracking_number,county,city,collision_date,vehicles_involved,number_injured,number_dead,latitude,longitude,roadway_name,roadway_suffix,roadway_number,roadway_local_id,distance_from_reference,miles-feet_indicator,direction_from_reference,intersection_road_name,intersection_road_name_suffix,intersection_road_number,intersection_local_id,mile_marker,intersection_indicator,intersect_type,interchange_related_indicator,relation_to_junction,work_zone_type,construction_maintenance_zone,construction_maintenance_zone_location,fatal_case_number,officer_first_name,officer_last_name,weather_condition(s),manner_of_crash,pedestrian,bicycle,scooter,parking,hitrun,mou
101429533,METROPOLITAN NASHVILLE POLICE DEPT,20160976720,Davidson,Nashville,11/2/2016 4:44:00 PM,2,0,0,36.155650,-86.789720,14TH AVN,,,,0.00,,,BROADWAY,,,,0.00,Y,Four-Way, ,Intersection-Related,None,,,         ,David,Collins,Clear,Front to Rear,no,no,no,no,no,False
101429534,GOODLETTSVILLE POLICE DEPT,16-37934,Davidson,Goodlettsville,11/2/2016 5:14:00 PM,2,0,0,36.314650,-86.698710,WINDSOR GREEN BLVD,,,,92.00,Feet,East,CONFERENCE DR,,,,0.00,N,Not at Intersection, ,Non-Junction,None,,,         ,Rico,Jones,Clear,"Sideswipe, Same Direction",no,no,no,no,no,False
101429535,METROPOLITAN NASHVILLE POLICE DEPT,20160976218,Davidson,Antioch,11/2/2016 2:16:00 PM,2,1,0,36.037770,-86.601110,MURFREESBORO PKE,,,,720.00,Feet,South,OLD HICKORY BLVD,,,,0.00,N,Not at Intersection,N,Non-Junction,None,,,         ,Jessie,Meadows,Clear,"Sideswipe, Same Direction",no,no,no,no,yes,False
101429536,METROPOLITAN NASHVILLE POLICE DEPT,20160976512,Davidson,Nashville,11/2/2016 4:07:00 PM,1,0,0,36.253340,-86.698140,NEELYS BEND RD,,,,0.00,,,HOWSE AV,,,,0.00,Y,T-Intersection,Y,Intersection,None,,,         ,Samuel,Miller,Clear,Not Collision with Motor Vehicle in Transport,no,no,no,no,no,False
101429543,METROPOLITAN NASHVILLE POLICE DEPT,20160976332,Davidson,Nashville,11/2/2016 2:46:00 PM,2,0,0,36.254850,-86.733590,S GRAYCROFT AV,,,,0.00,,,CHADWELL DR,,,,0.00,Y,Four-Way,Y,Intersection,None,,,         ,Samuel,Miller,Clear,Angle,no,no,no,no,no,False
101429576,METROPOLITAN NASHVILLE POLICE DEPT,20160977036,Davidson,Not in City Limit,11/2/2016 6:48:00 PM,2,0,0,36.009500,-86.701660,NOLENSVILLE PKE,,,,0.00,,,BLUFF RD,,,,0.00,Y,T-Intersection, ,Intersection-Related,None,,,         ,Tien,Nguyen,Clear,Front to Rear,no,no,no,no,no,False
101429577,METROPOLITAN NASHVILLE POLICE DEPT,20160976735,Davidson,Nashville,11/2/2016 5:12:00 PM,2,2,0,36.193660,-86.831220,CLARKSVILLE PKE,,,,0.00,,,BUENA VISTA PKE,,,,0.00,Y,Four-Way,N,Intersection,None,,,         ,Victor,Alexander,Clear,Angle,no,no,no,no,no,False
101429579,GOODLETTSVILLE POLICE DEPT,16-37937,Davidson,Goodlettsville,11/2/2016 6:11:00 PM,3,0,0,36.311543,-86.682771,VIETNAM VETERANS,BLVD,SR386,VIETNAM VETERANS BOULEVARD,5.00,Feet,East,VIETNAM VETERANS,BLVD,SR386,VIETNAM VETERANS BOULEVARD,1.80,N,Not at Intersection,N,Non-Junction,None,,,         ,Wesley,Kinnaird,Clear,Front to Rear,no,no,no,no,no,False
101429580,METROPOLITAN NASHVILLE POLICE DEPT,20160976846,Davidson,Nashville,11/2/2016 5:39:00 PM,3,0,0,36.130890,-86.773830,I 65,,,,0.00,,,,,,,81.10,N,Not at Intersection, ,Non-Junction,None,,,         ,Miguel,Garcia,Clear,Front to Rear,no,no,no,no,yes,False
101429589,METROPOLITAN NASHVILLE POLICE DEPT,20160977024,Davidson,Nashville,11/2/2016 6:41:00 PM,2,1,0,36.129490,-86.714700,MURFREESBORO PKE,,,,0.00,,,MILLWOOD DR,,,,0.00,Y,T-Intersection,N,Intersection,None,,,         ,Michael,Apsey,Clear,Angle,no,no,no,no,no,False
101429605,METROPOLITAN NASHVILLE POLICE DEPT,20160976940,Davidson,Nashville,11/2/2016 6:04:00 PM,2,0,0,36.075130,-86.918940,HIGHWAY 70S,,,,35.00,Feet,East,BELLE FOREST SHOPPING CENTER P,,,,0.00,N,Not at Intersection,N,Non-Junction,None,,,         ,Brandon,Pedigo,Clear,Angle,no,no,no,no,no,False
101429608,METROPOLITAN NASHVILLE POLICE DEPT,20160976918,Davidson,Nashville,11/2/2016 6:07:00 PM,4,0,0,36.151800,-86.860500,I 40,,,,0.00,,,,,,,203.80,N,Not at Intersection,N,Non-Junction,None,,,         ,Shaun,Heath,Clear,Front to Rear,no,no,no,no,no,False
101429618,METROPOLITAN NASHVILLE POLICE DEPT,20160977040,Davidson,Nashville,11/2/2016 6:57:00 PM,2,1,0,36.241430,-86.757220,DICKERSON PKE,,,,0.00,,,BRILEY PKWY W ENT RAMP,,,,0.00,Y,Four-Way,Y,Intersection,None,,,         ,Samuel,Miller,Clear,Angle,no,no,no,no,no,False
101429624,METROPOLITAN NASHVILLE POLICE DEPT,20160977048,Davidson,Nashville,11/2/2016 7:03:00 PM,2,0,0,36.240740,-86.757370,DICKERSON PKE,,,,0.00,,,BRILEY PKWY E EXT RAMP,,,,0.00,Y,T-Intersection,Y,Intersection-Related,None,,,         ,Samuel,Miller,Clear,Front to Rear,no,no,no,no,no,False
101429627,METROPOLITAN NASHVILLE POLICE DEPT,20160976932,Davidson,Nashville,11/2/2016 6:13:00 PM,2,0,0,36.176640,-86.771010,SPRING ST,,,,0.00,,,DICKERSON PKE,,,,0.00,Y,T-Intersection,N,Intersection,None,,,         ,Charles,Wakefield,Clear,Angle,no,no,no,no,no,False
101429628,METROPOLITAN NASHVILLE POLICE DEPT,20160976444,Davidson,Nashville,11/2/2016 3:46:00 PM,1,1,0,36.252420,-86.832430,LLOYD RD,,,,746.00,Feet,West,BUENA VISTA PKE,,,,0.00,N,Not at Intersection,N,Non-Junction,None,,,         ,Michael,Brooks,Clear,Not Collision with Motor Vehicle in Transport,no,no,no,no,yes,False
101429629,METROPOLITAN NASHVILLE POLICE DEPT,20160977017,Davidson,Nashville,11/2/2016 6:48:00 PM,1,1,0,36.185810,-86.817740,CLARKSVILLE PKE,,,,197.00,Feet,West,25TH AVN,,,,0.00,N,Not at Intersection,N,Non-Junction,None,,,         ,Michael,Brooks,Clear,Not Collision with Motor Vehicle in Transport,yes,no,no,no,no,False
101429632,METROPOLITAN NASHVILLE POLICE DEPT,20160976919,Davidson,Nashville,11/2/2016 6:11:00 PM,2,0,0,36.173350,-86.791060,JEFFERSON ST,,,,107.00,Feet,East,ROSA L PARKS BLVD,,,,0.00,N,Not at Intersection, ,Non-Junction,None,,,         ,Ashton,Hill,Clear,Front to Rear,no,no,no,no,no,False
101429634,METROPOLITAN NASHVILLE POLICE DEPT,20160977130,Davidson,Nashville,11/2/2016 7:40:00 PM,2,1,0,36.189450,-86.791790,I 65,,,,0.00,,,,,,,85.65,N,Not at Intersection,N,Non-Junction,None,,,         ,Michael,Baron,Clear,Front to Rear,no,no,no,no,no,False
101429635,METROPOLITAN NASHVILLE POLICE DEPT,20160976851,Davidson,Not in City Limit,11/2/2016 5:44:00 PM,2,1,0,36.266310,-86.737190,I 65,,,,0.00,,,,,,,92.40,N,Not at Intersection,N,Non-Junction,None,,,         ,Samuel,Miller,Cloudy,Front to Rear,no,no,no,no,no,False
101429640,METROPOLITAN NASHVILLE POLICE DEPT,20160977207,Davidson,Nashville,11/2/2016 8:16:00 PM,1,0,0,36.140050,-86.789130,HORTON AV,,,,0.00,,,EDGEHILL HOMES PVTDR,,,,0.00,Y,T-Intersection,N,Intersection-Related,None,,,         ,Tien,Nguyen,Clear,Not Collision with Motor Vehicle in Transport,no,no,no,no,no,False
101429643,METROPOLITAN NASHVILLE POLICE DEPT,20160977188,Davidson,Nashville,11/2/2016 6:55:00 PM,2,0,0,36.194640,-86.775570,I 65,,,,0.00,,,,,,,86.50,N,Not at Intersection, ,Non-Junction,Construction Zone,,,         ,Terence,Maahs,Clear,"Sideswipe, Same Direction",no,no,no,no,no,False
101429659,Nashville Airport Police,2016-03202,Davidson,Nashville,11/2/2016 8:11:00 PM,3,0,0,0.000000,0.000000,ECONOMY PARKING LOT,,,,0.25,Miles,West,DONELSON PIKE,PIKE,SR255,,0.00,N,Not at Intersection, ,Non-Junction,None,,,         ,Gary,Polk,Clear,Front to Rear,no,no,no,yes,no,False
101429675,METROPOLITAN NASHVILLE POLICE DEPT,20160977290,Davidson,Nashville,11/2/2016 8:00:00 PM,3,0,0,36.168560,-86.686760,LEBANON PKE,,,,357.00,Feet,East,BRILEY PKWY N ENT RAMP,,,,0.00,N,Not at Intersection,N,Non-Junction,None,,,         ,Ethan,Luffman,Clear,Front to Rear,no,no,no,no,yes,False
101429689,METROPOLITAN NASHVILLE POLICE DEPT,20160977379,Davidson,Nashville,11/2/2016 8:52:00 PM,2,0,0,36.139280,-86.665840,I40 E ENT RAMP,,,,0.00,,,DONELSON PKE,,,,0.00,Y,Y-Intersection, ,Intersection-Related,None,,,         ,Brian,Smith,Clear,Front to Rear,no,no,no,no,no,False
101429691,METROPOLITAN NASHVILLE POLICE DEPT,20160977426,Davidson,Nashville,11/2/2016 5:17:00 PM,2,0,0,36.183650,-86.610660,OLD HICKORY BLVD,,,,0.00,,,ANDREW JACKSON PKWY,,,,0.00,Y,Four-Way, ,Intersection,None,,,         ,Michael,Apsey,Clear,Front to Rear,no,no,no,no,no,False
101429715,METROPOLITAN NASHVILLE POLICE DEPT,20160976917,Davidson,Nashville,11/2/2016 6:11:00 PM,2,2,0,36.118230,-86.700240,MURFREESBORO PKE,,,,2.00,Feet,West,BRILEY PKWYN,,,,0.00,N,Not at Intersection,N,Non-Junction,None,,,         ,Victoria,Cunningham,Clear,Front to Rear,no,no,no,no,no,False
101429716,METROPOLITAN NASHVILLE POLICE DEPT,20160977044,Davidson,Nashville,11/2/2016 6:33:00 PM,1,0,0,36.088150,-86.695900,METROPLEX DR,,,,467.00,Feet,North,S PERIMETER PARK DR,,,,0.00,N,Not at Intersection,N,Non-Junction,None,,,         ,Victoria,Cunningham,Clear,Not Collision with Motor Vehicle in Transport,no,no,no,no,no,False
101429718,METROPOLITAN NASHVILLE POLICE DEPT,20160976909,Davidson,Nashville,11/2/2016 6:09:00 PM,2,0,0,36.126520,-86.711440,EAST THOMPSON LN,,,,123.00,Feet,West,THOMPSON PL,,,,0.00,N,Not at Intersection,N,Non-Junction,None,,,         ,Alyson,Cook,Clear,Rear to Side,no,no,no,yes,no,False
101429723,METROPOLITAN NASHVILLE POLICE DEPT,20160977463,Davidson,Nashville,11/2/2016 9:56:00 PM,1,0,0,36.196520,-86.765650,PENNOCK AV,,,,139.00,Feet,South,MARIE ST,,,,0.00,N,Not at Intersection,N,Non-Junction,None,,,         ,Terence,Maahs,Clear,Not Collision with Motor Vehicle in Transport,no,no,no,yes,yes,False
101429730,METROPOLITAN NASHVILLE POLICE DEPT,20160977496,Davidson,Nashville,11/2/2016 10:10:00 PM,2,0,0,36.082100,-86.761700,HARDING PL,,,,0.00,Feet,,SIDCO DR,,,,0.00,Y,Four-Way, ,Intersection,None,,,         ,Nicholas,Berens,Clear,Angle,no,no,no,no,no,False
101429731,METROPOLITAN NASHVILLE POLICE DEPT,20160977458,Davidson,Nashville,11/2/2016 12:00:00 AM,2,0,0,36.161870,-86.779340,OPRY PL,,,,0.00,Feet,East,5TH AVN,,,,0.00,N,Not at Intersection, ,,None,,,         ,Joshua,Hausman,,,no,no,no,no,no,False
101429738,METROPOLITAN NASHVILLE POLICE DEPT,20160977394,Davidson,Nashville,11/2/2016 9:26:00 PM,3,5,0,36.169990,-86.592100,I 40,,,,0.00,,,,,,,221.35,N,Not at Intersection,N,Non-Junction,None,,,         ,Codey,Mullins,Clear,Front to Rear,no,no,no,no,no,False
101429741,METROPOLITAN NASHVILLE POLICE DEPT,20160977233,Davidson,Nashville,11/2/2016 8:25:00 PM,1,1,0,36.137250,-86.727650,MURFREESBORO PKE,,,,3.00,Feet,West,I24 E EXT RAMP,,,,0.00,N,Not at Intersection,N,Non-Junction,None,,,         ,Victoria,Cunningham,Clear,Not Collision with Motor Vehicle in Transport,no,no,no,no,no,False
101429742,METROPOLITAN NASHVILLE POLICE DEPT,20160977046,Davidson,Antioch,11/2/2016 7:03:00 PM,2,0,0,36.018280,-86.619590,OLD HICKORY BLVD,,,,3.00,Feet,North,OWEN DR,,,,0.00,N,Not at Intersection,N,Non-Junction,None,,,         ,Victoria,Cunningham,Clear,Angle,no,no,no,no,no,False
101429745,METROPOLITAN NASHVILLE POLICE DEPT,2016-0977589,Davidson,Nashville,11/2/2016 11:02:00 PM,2,0,0,36.153480,-86.779590,PALMER PL,,,,64.00,Feet,West,8TH AVS,,,,0.00,N,Not at Intersection, ,,None,,,         ,Anthony,Rizo,,,no,no,no,no,no,False
101429746,METROPOLITAN NASHVILLE POLICE DEPT,20160977601,Davidson,Nashville,11/2/2016 10:00:00 PM,2,0,0,36.070570,-86.636660,BELL RD,,,,493.00,Feet,South,MURFREESBORO PKE,,,,0.00,N,Not at Intersection, ,Non-Junction,None,,,         ,Blaze,Williams,Clear,Angle,no,no,no,no,no,False
101429747,METROPOLITAN NASHVILLE POLICE DEPT,20160977644,Davidson,Nashville,11/2/2016 9:55:00 PM,2,0,0,36.157110,-86.774670,4TH AVS,,,,0.00,,,KOREAN VETERANS BLVD,,,,0.00,Y,Four-Way,Y,Non-Junction,None,,,         ,Damon,Hutcheson,Clear,HeadOn,no,no,no,no,yes,False
101429749,METROPOLITAN NASHVILLE POLICE DEPT,2016-0977570,Davidson,Nashville,11/2/2016 10:56:00 PM,2,0,0,36.156980,-86.774960,KOREAN VETERANS BLVD,,,,95.00,Feet,West,4TH AVS,,,,0.00,N,Not at Intersection, ,Non-Junction,None,,,         ,Michael,Willis Jr.,Clear,Front to Rear,no,no,no,no,no,False
101429753,METROPOLITAN NASHVILLE POLICE DEPT,20160977421,Davidson,Nashville,11/2/2016 9:29:00 PM,2,0,0,36.128220,-86.707280,PATRICIA DR,,,,405.00,Feet,North,THOMPSON PL,,,,0.00,N,Not at Intersection,N,"Driveway, Alley Access, etc",None,,,         ,Reuben,Hewit,Clear,"Sideswipe, Opposite Direction",no,no,no,no,yes,False
101429761,METROPOLITAN NASHVILLE POLICE DEPT,20160977755,Davidson,Antioch,11/2/2016 7:40:00 PM,2,0,0,36.045520,-86.615140,GROVEDALE,TRCE,,,100.00,Feet,South,BROOKSHINE,PRT,,,0.00,N,Not at Intersection, ,Non-Junction,None,,,         ,Blaze,Williams,Clear,Rear to Side,no,no,no,no,no,False
101429764,METROPOLITAN NASHVILLE POLICE DEPT,20160977715,Davidson,Not in City Limit,11/2/2016 11:15:00 PM,1,0,0,36.285540,-86.839540,TRANHAM RD,,,,200.00,Feet,East,WHITES CREEK PKE,,,,0.00,N,Not at Intersection,N,Non-Junction,None,,,         ,Matthew,Lachance,Clear,Not Collision with Motor Vehicle in Transport,no,no,no,no,no,False
101429766,METROPOLITAN NASHVILLE POLICE DEPT,20160977617,Davidson,Nashville,11/2/2016 11:12:00 PM,1,1,0,36.151010,-86.796490,19TH AVS,,,,0.00,,,BROADWAY,,,,0.00,Y,Four-Way,N,Intersection,None,,,         ,Eugene,Martino,Clear,Not Collision with Motor Vehicle in Transport,yes,no,no,no,no,False
101429767,METROPOLITAN NASHVILLE POLICE DEPT,20160977709,Davidson,Nashville,11/3/2016 12:00:00 AM,1,0,0,36.081890,-86.697350,I 24,,,,0.00,,,,,,,56.05,N,Not at Intersection, ,Non-Junction,None,,,         ,William,Williams,Clear,Not Collision with Motor Vehicle in Transport,no,no,no,no,no,False
101429781,METROPOLITAN NASHVILLE POLICE DEPT,20160977624,Davidson,Antioch,11/2/2016 12:00:00 AM,1,0,0,36.048790,-86.596050,PIN HOOK RD,,,,1098.00,Feet,South,HOBSON PKE,,,,0.00,N,Not at Intersection,N,Non-Junction,None,,,         ,Sandra,Fly,Clear,Not Collision with Motor Vehicle in Transport,no,no,no,no,no,False
101429782,METROPOLITAN NASHVILLE POLICE DEPT,20160977848,Davidson,Nashville,11/2/2016 8:43:00 PM,2,0,0,36.164440,-86.614980,I 40,,,,0.00,,,,,,,220.00,N,Not at Intersection, ,SharedUsePathOrTrail,None,,,         ,Emily,Mulready,Clear,Front to Rear,no,no,no,no,no,False
101429790,METROPOLITAN NASHVILLE POLICE DEPT,20160977331,Davidson,Nashville,11/2/2016 8:59:00 PM,1,1,0,36.215090,-86.595280,LEBANON PKE,,,,705.00,Feet,East,ANDREW JACKSON PKWY,,,,0.00,N,Not at Intersection,N,Non-Junction,None,,,         ,Justin,Franklin,Clear,Not Collision with Motor Vehicle in Transport,yes,no,no,no,no,False
101429793,METROPOLITAN NASHVILLE POLICE DEPT,20160978016,Davidson,Nashville,11/2/2016 9:50:00 PM,2,0,0,36.098000,-86.655900,OLD MURFREESBORO PKE,,,,0.00,,,,,,,0.00,,, ,OtherLocation,None,,,         ,Bridget,Griepentrog,Clear,"Sideswipe, Opposite Direction",no,no,no,yes,yes,False
101429803,METROPOLITAN NASHVILLE POLICE DEPT,2016-0978050,Davidson,Nashville,11/3/2016 2:43:00 AM,2,0,0,36.160260,-86.778950,BROADWAY,,,,170.00,Feet,West,5TH AVS,,,,0.00,N,Not at Intersection, ,Non-Junction,None,,,         ,Michael,Willis Jr.,Clear,Angle,no,no,no,no,no,False
101429818,METROPOLITAN NASHVILLE POLICE DEPT,20160978126,Davidson,Nashville,11/3/2016 12:00:00 AM,2,0,0,36.136160,-86.727120,I 24,,,,0.00,,,,,,,52.25,N,Not at Intersection,N,Non-Junction,None,,,         ,Brian,Mclarty,Clear,"Sideswipe, Same Direction",no,no,no,no,no,False
101429819,METROPOLITAN NASHVILLE POLICE DEPT,20160978198,Davidson,Nashville,11/3/2016 3:40:00 AM,1,0,0,35.996500,-86.624120,BURKITT RD,,,,564.00,Feet,North,BATTLE RD,,,,0.00,N,Not at Intersection,N,Non-Junction,None,,,         ,Ryan,Cagle,Clear,Not Collision with Motor Vehicle in Transport,no,no,no,no,no,False
101429822,RUTHERFORD CO SHERIFFS DEPT,RUTH16-59415,Davidson,Not in City Limit,11/3/2016 12:50:00 AM,1,0,0,36.092830,-86.522900,COUCHVILLE PKE,,,,2200.00,Feet,East,S MOUNT JULIET RD,,,,0.00,N,Not at Intersection, ,Non-Junction,None,,,         ,Robert,Horne,Clear,Not Collision with Motor Vehicle in Transport,no,no,no,no,no,False
101429827,METROPOLITAN NASHVILLE POLICE DEPT,2016-0978109,Davidson,Nashville,11/3/2016 3:21:00 AM,1,0,0,36.110720,-86.922150,I40 E ENT RAMP,,,,0.00,,,I 40,,,,0.00,Y,Y-Intersection,Y,Entrance/Exit Ramp Related,None,,,         ,Alan,Digruttolo,Clear,Not Collision with Motor Vehicle in Transport,no,no,no,no,no,False
101429837,METROPOLITAN NASHVILLE POLICE DEPT,20160978372,Davidson,Nashville,11/3/2016 5:46:00 AM,2,0,0,36.176840,-86.794490,DELTA AV,,,,115.00,Feet,West,TAYLOR ST,,,,0.00,N,Not at Intersection,N,Non-Junction,None,,,         ,Raymond,Heymann,Clear,Front to Rear,no,no,no,no,yes,False
101429868,METROPOLITAN NASHVILLE POLICE DEPT,20160978493,Davidson,Not in City Limit,11/3/2016 6:45:00 AM,1,0,0,36.046400,-86.945520,HIGHWAY 100,,,,968.00,Feet,North,TEMPLEGATE DR,,,,0.00,N,Not at Intersection, ,Non-Junction,None,,,         ,Curtis,Rich,Clear,Not Collision with Motor Vehicle in Transport,no,no,no,no,no,False
101429875,METROPOLITAN NASHVILLE POLICE DEPT,20160978454,Davidson,Nashville,11/3/2016 6:25:00 AM,2,0,0,36.215790,-86.775320,I 65,,,,0.00,,,,,,,88.00,N,Not at Intersection, ,Non-Junction,None,,,         ,Michael,McCord,Cloudy,Front to Rear,no,no,no,no,no,False
101429892,METROPOLITAN NASHVILLE POLICE DEPT,20160978468,Davidson,Nashville,11/3/2016 6:47:00 AM,2,0,0,36.044770,-86.661010,BELL RD,,,,153.00,Feet,East,CANE RIDGE RD,,,,0.00,N,Not at Intersection, ,Entrance/Exit Ramp Related,None,,,         ,Roy,McElwee,Clear,Front to Rear,no,no,no,no,no,False
101429896,METROPOLITAN NASHVILLE POLICE DEPT,20160978653,Davidson,Nashville,11/3/2016 8:02:00 AM,2,0,0,36.143320,-86.816030,31ST AVN,,,,114.00,Feet,South,HEDRICK ST,,,,0.00,N,Not at Intersection, ,Non-Junction,None,,,         ,Nathan,Kemp,Clear,Front to Rear,no,no,no,no,no,Campus
101429913,METROPOLITAN NASHVILLE POLICE DEPT,20160978563,Davidson,Nashville,11/3/2016 7:37:00 AM,2,3,0,36.079490,-86.644600,EDGE O LAKE DR,,,,0.00,,,MURFREESBORO PKE,,,,0.00,Y,T-Intersection,N,Intersection,None,,,         ,Robert,Erickson,Clear,Angle,no,no,no,no,no,False
101429915,METROPOLITAN NASHVILLE POLICE DEPT,20160978546,Davidson,Nashville,11/3/2016 7:30:00 AM,2,0,0,36.124870,-86.906180,I 40,,,,0.00,,,,,,,200.50,N,Not at Intersection, ,Non-Junction,None,,,         ,Paul,Junkmann,Cloudy,Front to Rear,no,no,no,no,no,False
101429919,METROPOLITAN NASHVILLE POLICE DEPT,20160978717,Davidson,Madison,11/3/2016 8:20:00 AM,1,0,0,36.248630,-86.728990,DUE WEST AVW,,,,108.00,Feet,West,SAUNDERS AV,,,,0.00,N,Not at Intersection, ,Non-Junction,None,,,         ,Brian,Otto,Clear,Not Collision with Motor Vehicle in Transport,no,no,no,no,no,False
101429927,METROPOLITAN NASHVILLE POLICE DEPT,20160978601,Davidson,Nashville,11/3/2016 7:49:00 AM,2,0,0,36.141210,-86.731620,I 40,,,,0.00,,,,,,,213.00,N,Not at Intersection, ,Non-Junction,None,,,         ,Johnathan,Carlisle,Cloudy,"Sideswipe, Same Direction",no,no,no,no,no,False
101429928,METROPOLITAN NASHVILLE POLICE DEPT,20160978691,Davidson,Nashville,11/3/2016 8:14:00 AM,2,1,0,36.244380,-86.747700,I65 S EXT RAMP,,,,0.00,Feet,East,I 65,,,,0.00,N,Not at Intersection,N,Non-Junction,None,,,         ,Tony,Folad,Clear,Front to Rear,no,no,no,no,no,False
101429929,METROPOLITAN NASHVILLE POLICE DEPT,20160978471,Davidson,Not in City Limit,11/3/2016 7:00:00 AM,4,1,0,36.306840,-86.818770,I 24,,,,0.00,,,,,,,38.20,N,Not at Intersection,N,Non-Junction,None,,,         ,Steven,Frazier Jr.,Clear,Front to Rear,no,no,no,no,no,False
101429937,METROPOLITAN NASHVILLE POLICE DEPT,20160978798,Davidson,Nashville,11/3/2016 9:11:00 AM,2,1,0,36.093600,-86.705940,I 24,,,,0.00,,,,,,,55.10,N,Not at Intersection,N,Non-Junction,None,,,         ,Steven,Williams,Clear,Front to Rear,no,no,no,no,no,False
101429946,METROPOLITAN NASHVILLE POLICE DEPT,20160978637,Davidson,Not in City Limit,11/3/2016 7:55:00 AM,2,0,0,36.319960,-86.849750,I 24,,,,0.00,,,,,,,36.00,N,Not at Intersection, ,Non-Junction,None,,,         ,Steven,Frazier Jr.,Clear,Front to Rear,no,no,no,no,no,False
101429948,METROPOLITAN NASHVILLE POLICE DEPT,20160978793,Davidson,Not in City Limit,11/3/2016 9:03:00 AM,2,0,0,36.321220,-86.854730,I 24,,,,0.00,,,,,,,35.70,N,Not at Intersection, ,Non-Junction,None,,,         ,Michael,McCord,Clear,Front to Rear,no,no,no,no,no,False
101429966,METROPOLITAN NASHVILLE POLICE DEPT,20160978569,Davidson,Antioch,11/3/2016 6:40:00 AM,2,0,0,0.000000,0.000000,MURFREESBORO,PIKE,,,150.00,Feet,West,PIN HOOK,RD,,,0.00,N,Not at Intersection,N,Non-Junction,None,,,         ,Steven,Snitzer,Clear,"Sideswipe, Same Direction",no,no,no,no,no,False
101429972,METROPOLITAN NASHVILLE POLICE DEPT,20160978740,Davidson,Nashville,11/3/2016 8:43:00 AM,2,1,0,36.171310,-86.769380,JAMES ROBERTSON PKWY,,,,0.00,,,MAIN ST,,,,0.00,Y,Y-Intersection,N,Intersection-Related,None,,,         ,Timothy,Powell,Clear,"Sideswipe, Same Direction",no,no,no,no,no,False
101429979,METROPOLITAN NASHVILLE POLICE DEPT,20160978921,Davidson,Nashville,11/3/2016 9:57:00 AM,2,0,0,36.125150,-86.842020,WOODLAWN DR,,,,0.00,,,RIDGEFIELD DR,,,,0.00,Y,T-Intersection, ,Intersection,None,,,         ,Walter,Gray II,Cloudy,Angle,no,no,no,no,no,False
101429993,METROPOLITAN NASHVILLE POLICE DEPT,20160978951,Davidson,Antioch,11/3/2016 11:17:00 AM,2,0,0,36.016060,-86.616080,GOULD BLVD,,,,91.00,Feet,South,FIRESTONE PKWY,,,,0.00,N,Not at Intersection, ,Non-Junction,None,,,         ,Jessie,Meadows,Clear,Front to Rear,no,no,no,no,no,False
101429998,METROPOLITAN NASHVILLE POLICE DEPT,20160978566,Davidson,Nashville,11/3/2016 7:35:00 AM,2,0,0,0.000000,0.000000,MURFREESBORO,RD,,,75.00,Feet,East,MT VIEW RD,,,,0.00,N,Not at Intersection, ,Non-Junction,None,,,         ,Steven,Snitzer,Clear,"Sideswipe, Same Direction",no,no,no,no,no,False
101430000,METROPOLITAN NASHVILLE POLICE DEPT,20160978882,Davidson,Nashville,11/3/2016 8:43:00 AM,2,1,0,36.143910,-86.684920,MCGAVOCK PKE,,,,0.00,,,MARRIOTT DR,,,,0.00,Y,T-Intersection,N,Intersection,None,,,         ,Johnathan,Carlisle,Cloudy,Angle,no,no,no,no,no,False
101430016,METROPOLITAN NASHVILLE POLICE DEPT,20160978441,Davidson,Nashville,11/3/2016 6:33:00 AM,3,1,0,36.154590,-86.759170,I 40,,,,0.00,,,,,,,211.00,N,Not at Intersection,N,Non-Junction,None,,,         ,Ralph,Harvey,Clear,Front to Rear,no,no,no,no,no,False
101430021,METROPOLITAN NASHVILLE POLICE DEPT,2016-0979055,Davidson,Nashville,11/3/2016 10:48:00 AM,2,1,0,36.025190,-86.664750,PETTUS RD,,,,0.00,,,PRESTON RD,,,,0.00,Y,T-Intersection,N,Intersection,None,,,         ,Stanley,Collins,Clear,HeadOn,no,no,no,no,no,False
101430022,METROPOLITAN NASHVILLE POLICE DEPT,20160979210,Davidson,Nashville,11/3/2016 12:06:00 PM,2,0,0,36.118920,-86.726170,I 24,,,,0.00,,,,,,,53.00,N,Not at Intersection, ,Non-Junction,None,,,         ,Jessie,Meadows,Clear,Front to Rear,no,no,no,no,no,False
101430027,METROPOLITAN NASHVILLE POLICE DEPT,20160978544,Davidson,Nashville,11/3/2016 7:23:00 AM,2,0,0,36.264400,-86.737580,I 65,,,,0.00,,,,,,,92.25,N,Not at Intersection,N,Entrance/Exit Ramp Related,None,,,         ,Spencer,Pittman,Clear,Front to Rear,no,no,no,no,no,False
101430064,METROPOLITAN NASHVILLE POLICE DEPT,20160979238,Davidson,Nashville,11/3/2016 12:05:00 PM,2,0,0,36.158480,-86.777120,5TH AVS,,,,0.00,,,DEMONBREUN ST,,,,0.00,Y,T-Intersection, ,,None,,,         ,Daniel,Massey,,,no,no,no,no,no,False
101430099,METROPOLITAN NASHVILLE POLICE DEPT,20160979301,Davidson,Nashville,11/3/2016 12:27:00 PM,2,0,0,36.192990,-86.777420,I 65,,,,0.00,,,,,,,86.50,N,Not at Intersection, ,Non-Junction,None,,,         ,Michael,McCord,Cloudy,"Sideswipe, Same Direction",no,no,no,no,no,False