master_record_number,agency,agency_tracking_number,county,city,collision_date,vehicles_involved,number_injured,number_dead,latitude,longitude,roadway_name,roadway_suffix,roadway_number,roadway_local_id,distance_from_reference,miles-feet_indicator,direction_from_reference,intersection_road_name,intersection_road_name_suffix,intersection_road_number,intersection_local_id,mile_marker,intersection_indicator,intersect_type,interchange_related_indicator,relation_to_junction,work_zone_type,construction_maintenance_zone,construction_maintenance_zone_location,fatal_case_number,officer_first_name,officer_last_name,weather_condition(s),manner_of_crash,pedestrian,bicycle,scooter,parking,hitrun,mou
101430105,METROPOLITAN NASHVILLE POLICE DEPT,2016-0979354,Davidson,Nashville,11/3/2016 12:41:00 PM,2,0,0,36.165750,-86.805130,DR D B TODD JR BLVD,,,,0.00,,,JACKSON ST,,,,0.00,Y,T-Intersection,N,Intersection,None,,,         ,William,Caillouette,Clear,Angle,no,no,no,no,yes,False
101430110,THP District 9 - Administrative,316060051,Davidson,Nashville,11/1/2016 7:38:00 AM,4,4,0,36.169930,-86.590920,I 40,,,,0.00,,,,,,,221.40,N,Not at Intersection,N,Non-Junction,None,,,         ,Steven,Lowery,Clear,Front to Rear,no,no,no,no,no,False
101430111,METROPOLITAN NASHVILLE POLICE DEPT,2016-0979051,Davidson,Nashville,11/3/2016 10:46:00 AM,2,0,0,36.115050,-86.773240,I 65,,,,0.00,,,,,,,80.10,N,Not at Intersection, ,Non-Junction,None,,,         ,Jonathan,Seidl,Clear,"Sideswipe, Same Direction",no,no,no,no,no,False
101430116,METROPOLITAN NASHVILLE POLICE DEPT,20160979168,Davidson,Nashville,11/3/2016 11:39:00 AM,2,1,0,36.229380,-86.759280,DICKERSON PKE,,,,0.00,,,BROADMOOR DR,,,,0.00,Y,Four-Way,N,Intersection,None,,,         ,Alex,Moore,Clear,Angle,no,no,no,no,yes,False
101430122,METROPOLITAN NASHVILLE POLICE DEPT,20160978953,Davidson,Nashville,11/3/2016 10:03:00 AM,2,0,0,36.157010,-86.786470,BROADWAY,,,,340.00,Feet,East,12TH AVS,,,,0.00,N,Not at Intersection, ,Non-Junction,None,,,         ,Wesley,Henderson,Clear,"Sideswipe, Same Direction",no,no,no,no,no,False
101430155,METROPOLITAN NASHVILLE POLICE DEPT,20160979340,Davidson,Nashville,11/3/2016 12:37:00 PM,2,0,0,36.145690,-86.814380,POSTON AV,,,,78.00,Feet,West,29TH AVN,,,,0.00,N,Not at Intersection, ,,Construction Zone,,,         ,Erik,Wagner,,,no,no,no,no,no,Campus
101430157,METROPOLITAN NASHVILLE POLICE DEPT,20160979221,Davidson,Goodlettsville,11/3/2016 12:35:00 PM,3,0,0,36.304110,-86.692750,CONFERENCE DR,,,,93.00,Feet,North,THE SHOPPES AT RIVERGATE PVTDR,,,,0.00,N,Not at Intersection, ,Non-Junction,None,,,         ,Joshua,Borum,Clear,Front to Rear,no,no,no,no,no,False
101430167,METROPOLITAN NASHVILLE POLICE DEPT,20160979258,Davidson,Nashville,11/3/2016 12:12:00 PM,2,1,0,36.150430,-86.696760,ELM HILL PKE,,,,0.00,,,WANDA DR,,,,0.00,Y,Four-Way,N,Intersection-Related,None,,,         ,Ralph,Harvey,Cloudy,Angle,no,no,no,no,no,False
101430169,METROPOLITAN NASHVILLE POLICE DEPT,20160979558,Davidson,Nashville,11/3/2016 1:55:00 PM,2,0,0,36.146020,-86.870830,CHARLOTTE PKE,,,,43.00,Feet,West,WESTBORO DR,,,,0.00,N,Not at Intersection, ,Non-Junction,None,,,         ,Curtis,Rich,Clear,Angle,no,no,no,no,no,False
101430172,METROPOLITAN NASHVILLE POLICE DEPT,20160979368,Davidson,Nashville,11/3/2016 12:46:00 PM,2,0,0,36.141450,-86.781180,HILLSIDE AV,,,,181.00,Feet,South,EDGEHILL AV,,,,0.00,N,Not at Intersection,N,Non-Junction,None,,,         ,Paul,Joyner,Clear,Angle,no,no,no,yes,yes,False
101430186,BERRY HILL POLICE DEPT,16-3865,Davidson,Berry Hill,11/3/2016 9:30:00 AM,2,0,0,36.116670,-86.766320,BRANSFORD AV,,,,0.00,,,W IRIS DR,,,,0.00,Y,Four-Way, ,Intersection,None,,,         ,Ronnie,Hill,Clear,Front to Rear,no,no,no,no,no,False
101430206,METROPOLITAN NASHVILLE POLICE DEPT,20160979584,Davidson,Nashville,11/3/2016 1:59:00 PM,2,0,0,36.038680,-86.806820,OLD HICKORY BLVD,,,,1067.00,Feet,West,BRIGHT HOUR FARM PVTDR,,,,0.00,N,Not at Intersection, ,Non-Junction,None,,,         ,Kevin,Crawford,Clear,"Sideswipe, Same Direction",no,no,no,no,no,False
101430238,METROPOLITAN NASHVILLE POLICE DEPT,20160977506,Davidson,Nashville,11/2/2016 10:16:00 PM,1,1,0,36.121140,-86.703990,MURFREESBORO PKE,,,,164.00,Feet,North,GLENGARRY DR,,,,0.00,N,Not at Intersection,N,Non-Junction,None,,,         ,Alyson,Cook,Clear,Not Collision with Motor Vehicle in Transport,yes,no,no,no,no,False
101430270,METROPOLITAN NASHVILLE POLICE DEPT,20160979721,Davidson,Nashville,11/3/2016 2:55:00 PM,2,0,0,36.173590,-86.602150,CENTRAL PKE,,,,0.00,,,OLD HICKORY BLVD,,,,0.00,Y,Four-Way,N,Intersection,None,,,         ,William,Mckay,Clear,Angle,no,no,no,no,no,False
101430271,METROPOLITAN NASHVILLE POLICE DEPT,20160979616,Davidson,Nashville,11/3/2016 2:10:00 PM,2,0,0,36.149740,-86.822410,I 440,,,,0.00,,,,,,,1.45,N,Not at Intersection, ,Non-Junction,None,,,         ,Isaac,Wood,Cloudy,Not Collision with Motor Vehicle in Transport,no,no,no,no,no,False
101430285,METROPOLITAN NASHVILLE POLICE DEPT,20160979192,Davidson,Nashville,11/3/2016 11:45:00 AM,2,0,0,36.120950,-86.750210,NOLENSVILLE PKE,,,,162.00,Feet,North,MELROSE AV,,,,0.00,N,Not at Intersection,N,Non-Junction,None,,,         ,Phillip,Murphy,Clear,"Sideswipe, Same Direction",no,no,no,no,no,False
101430286,METROPOLITAN NASHVILLE POLICE DEPT,20160979317,Davidson,Nashville,11/3/2016 12:09:00 PM,3,0,0,36.112330,-86.767020,THOMPSON LN,,,,0.00,,,BRANSFORD AV,,,,0.00,Y,Four-Way, ,Intersection-Related,None,,,         ,Phillip,Murphy,Clear,Front to Rear,no,no,no,no,yes,False
101430287,METROPOLITAN NASHVILLE POLICE DEPT,20160979395,Davidson,Nashville,11/3/2016 12:49:00 PM,2,0,0,36.116500,-86.748050,NOLENSVILLE PKE,,,,0.00,,,JOYNER AV,,,,0.00,Y,Four-Way,N,Intersection,None,,,         ,Phillip,Murphy,Clear,Angle,no,no,no,no,no,False
101430290,METROPOLITAN NASHVILLE POLICE DEPT,20160979741,Davidson,Nashville,11/3/2016 12:00:00 AM,1,1,0,36.237390,-86.733830,BRILEY PKWYE,,,,503.00,Feet,East,BRILEY PKWY W EXT RAMP,,,,0.00,N,Not at Intersection,N,Non-Junction,None,,,         ,Gordon,Stovall,Clear,Not Collision with Motor Vehicle in Transport,no,no,no,no,no,False
101430291,METROPOLITAN NASHVILLE POLICE DEPT,20160979706,Davidson,Nashville,11/3/2016 3:00:00 PM,2,0,0,36.143460,-86.780480,9TH AVS,,,,104.00,Feet,South,OLYMPIC ST,,,,0.00,N,Not at Intersection, ,Non-Junction,None,,,         ,Eric,Burford,Clear,Rear to Rear,no,no,no,yes,no,False
101430309,METROPOLITAN NASHVILLE POLICE DEPT,20160979687,Davidson,Not in City Limit,11/3/2016 2:24:00 PM,1,0,0,36.262400,-86.744400,TUCKAHOE DR,,,,166.00,Feet,East,FOXBORO DR,,,,0.00,N,Not at Intersection,N,Non-Junction,None,,,         ,Samuel,Miller,Cloudy,Not Collision with Motor Vehicle in Transport,no,no,no,no,no,False
101430313,METROPOLITAN NASHVILLE POLICE DEPT,20160979817,Davidson,Nashville,11/3/2016 3:37:00 PM,2,2,0,36.128880,-86.786000,LAWRENCE AV,,,,0.00,Feet,,10TH AVS,,,,0.00,Y,Four-Way,N,Intersection,None,,,         ,Charles,Griffin,Cloudy,Angle,no,no,no,no,no,False
101430321,METROPOLITAN NASHVILLE POLICE DEPT,20160979940,Davidson,Nashville,11/2/2016 2:23:00 PM,1,0,0,36.194960,-86.727390,REBECCA ST,,,,0.00,,,CAHAL AV,,,,0.00,Y,T-Intersection, ,Non-Junction,None,,,         ,Colin,Bleem,Clear,Not Collision with Motor Vehicle in Transport,no,no,no,no,yes,False
101430329,METROPOLITAN NASHVILLE POLICE DEPT,20160979946,Davidson,Not in City Limit,11/3/2016 3:50:00 PM,2,0,0,36.266900,-86.710910,DUPONT AV,,,,0.00,,,GALLATIN PKEN,,,,0.00,Y,T-Intersection, ,Intersection,None,,,         ,Rodney,Phipps,Clear,"Sideswipe, Same Direction",no,no,no,no,no,False
101430340,METROPOLITAN NASHVILLE POLICE DEPT,20160979846,Davidson,Nashville,11/3/2016 3:45:00 PM,2,0,0,36.087530,-86.649070,MURFREESBORO PKE,,,,254.00,Feet,North,RANSOM PL,,,,0.00,N,Not at Intersection, ,Non-Junction,None,,,         ,Alyson,Cook,Clear,Angle,no,no,no,no,no,False
101430344,BERRY HILL POLICE DEPT,16-3858,Davidson,Berry Hill,11/2/2016 6:12:00 PM,2,0,0,36.128340,-86.777790,FRANKLIN PKE,,,,96.00,Feet,South,8TH AVS,,,,0.00,N,Not at Intersection, ,Non-Junction,None,,,         ,John,Gleixner,Clear,Angle,no,no,no,no,yes,False
101430348,METROPOLITAN NASHVILLE POLICE DEPT,20160979632,Davidson,Nashville,11/3/2016 2:17:00 PM,2,0,0,36.069570,-86.693690,HAYWOOD LN,,,,66.00,Feet,East,EZELL RD,,,,0.00,N,Not at Intersection,N,Non-Junction,None,,,         ,Jessie,Meadows,Clear,Angle,no,no,no,no,no,False
101430349,METROPOLITAN NASHVILLE POLICE DEPT,20160979806,Davidson,Nashville,11/3/2016 3:10:00 PM,2,0,0,36.064600,-86.628680,HAMILTON CHURCH RD,,,,91.00,Feet,South,MURFREESBORO PKE,,,,0.00,N,Not at Intersection,N,Non-Junction,None,,,         ,Jessie,Meadows,Clear,"Sideswipe, Same Direction",no,no,no,no,yes,False
101430350,METROPOLITAN NASHVILLE POLICE DEPT,20160979871,Davidson,Nashville,11/3/2016 4:46:00 PM,1,0,0,36.082270,-86.666560,FRANKLIN LIMESTONE RD,,,,64.00,Feet,South,MULLINS RD,,,,0.00,N,Not at Intersection, ,,None,,,         ,Jessie,Meadows,,,no,no,no,no,no,False
101430353,METROPOLITAN NASHVILLE POLICE DEPT,20160980015,Davidson,Nashville,11/3/2016 4:43:00 PM,2,0,0,36.183090,-86.744940,N 14TH ST,,,,127.00,Feet,South,EASTLAND AV,,,,0.00,N,Not at Intersection, ,,None,,,         ,Kimberly,Brown,,,no,no,no,no,no,False
101430365,METROPOLITAN NASHVILLE POLICE DEPT,20160979959,Davidson,Nashville,11/3/2016 4:26:00 PM,3,1,0,36.150890,-86.690890,BRILEY PKWYS,,,,254.00,Feet,East,BRILEY PKWYN,,,,0.00,N,Not at Intersection,N,Non-Junction,None,,,         ,Mikala,Moore,Cloudy,"Sideswipe, Same Direction",no,no,no,no,yes,False
101430366,METROPOLITAN NASHVILLE POLICE DEPT,20160979919,Davidson,Nashville,11/3/2016 4:12:00 PM,2,3,0,36.045940,-86.743880,EDMONDSON PKE,,,,0.00,,,EDMONDSON PKE PVTDR,,,,0.00,Y,T-Intersection,N,Intersection-Related,None,,,         ,Tien,Nguyen,Clear,Angle,no,no,no,no,no,False
101430367,METROPOLITAN NASHVILLE POLICE DEPT,20160979942,Davidson,Not in City Limit,11/3/2016 4:22:00 PM,1,1,0,36.326330,-86.885520,I 24,,,,0.00,,,,,,,34.00,N,Not at Intersection,N,Non-Junction,None,,,         ,Michael,Brooks,Cloudy,Not Collision with Motor Vehicle in Transport,no,no,no,no,no,False
101430381,METROPOLITAN NASHVILLE POLICE DEPT,20160980114,Davidson,Nashville,11/3/2016 5:19:00 PM,2,0,0,36.169240,-86.680950,LEBANON PKE,,,,314.00,Feet,West,MCGAVOCK PKE,,,,0.00,N,Not at Intersection, ,,None,,,         ,Brian,Smith,,,no,no,no,no,no,False
101430396,METROPOLITAN NASHVILLE POLICE DEPT,20160980118,Davidson,Nashville,11/3/2016 5:32:00 PM,2,0,0,36.109180,-86.808810,BENHAM AV,,,,477.00,Feet,North,GLEN ECHO RD,,,,0.00,N,Not at Intersection, ,,None,,,         ,Charles,Griffin,,,no,no,no,no,no,False
101430397,METROPOLITAN NASHVILLE POLICE DEPT,20160980009,Davidson,Nashville,11/3/2016 4:37:00 PM,2,0,0,36.109830,-86.733520,THOMPSON LN,,,,0.00,Feet,,HARTFORD DR,,,,0.00,Y,T-Intersection, ,Intersection-Related,None,,,         ,Alyson,Cook,Clear,Angle,no,no,no,no,no,False
101430402,METROPOLITAN NASHVILLE POLICE DEPT,20160979947,Davidson,Nashville,11/3/2016 3:45:00 PM,2,0,0,36.190250,-86.759750,EVANSTON AV,,,,0.00,,,N 7TH ST,,,,0.00,Y,Four-Way,Y,Intersection,None,,,         ,Jonathan,Hadley,Clear,Angle,no,no,no,no,no,False
101430406,METROPOLITAN NASHVILLE POLICE DEPT,20160980127,Davidson,Nashville,11/3/2016 5:30:00 PM,2,0,0,36.154040,-86.787570,13TH AVS,,,,3.00,Feet,North,DEMONBREUN ST,,,,0.00,N,Not at Intersection, ,Non-Junction,None,,,         ,Gregory,Scott,Clear,Angle,no,no,no,no,no,False
101430408,METROPOLITAN NASHVILLE POLICE DEPT,20160980148,Davidson,Nashville,11/3/2016 5:42:00 PM,2,0,0,36.154470,-86.788320,I 40,,,,0.00,,,,,,,209.25,N,Not at Intersection,Y,Entrance/Exit Ramp Related,None,,,         ,Jason,King,Clear,"Sideswipe, Same Direction",no,no,no,no,yes,False
101430414,METROPOLITAN NASHVILLE POLICE DEPT,20160980212,Davidson,Nashville,11/3/2016 4:25:00 PM,2,0,0,36.186870,-86.608570,JACKSON PASS,,,,0.00,,,ANDREW JACKSON PKWY,,,,0.00,Y,T-Intersection, ,,None,,,         ,Brent,Hedgcoth,,,no,no,no,no,no,False
101430416,GOODLETTSVILLE POLICE DEPT,16-37804,Davidson,Goodlettsville,11/1/2016 7:55:00 PM,2,0,0,36.306941,-86.694051,VIETNAM VETERANS BYPASS,,SR386,,30.00,Feet,East,CONFERENCE DRIVE,,,,0.00,N,Not at Intersection, ,Entrance/Exit Ramp Related,None,,,         ,Daniel,Knalls,Clear,Front to Rear,no,no,no,no,yes,False
101430436,METROPOLITAN NASHVILLE POLICE DEPT,20160980217,Davidson,Nashville,11/3/2016 6:17:00 PM,2,0,0,36.152510,-86.832990,CHARLOTTE AV,,,,85.00,Feet,East,39TH AVN,,,,0.00,N,Not at Intersection, ,,None,,,         ,Ethan,Usherwood,,,no,no,no,no,no,False
101430440,METROPOLITAN NASHVILLE POLICE DEPT,20160980213,Davidson,Nashville,11/3/2016 6:13:00 PM,2,3,0,36.134740,-86.784080,WEDGEWOOD AV,,,,0.00,,,HILLSIDE AV,,,,0.00,Y,T-Intersection,N,Intersection-Related,None,,,         ,Tien,Nguyen,Clear,Front to Rear,no,no,no,no,no,False
101430441,METROPOLITAN NASHVILLE POLICE DEPT,20160979975,Davidson,Nashville,11/3/2016 4:28:00 PM,3,1,0,36.141740,-86.674340,I 40,,,,0.00,,,,,,,215.00,N,Not at Intersection,N,Non-Junction,None,,,         ,Tyler,Maupin,Cloudy,Front to Rear,no,no,no,no,no,False
101430455,METROPOLITAN NASHVILLE POLICE DEPT,20160980143,Davidson,Nashville,11/3/2016 4:56:00 PM,2,0,0,36.096160,-86.708300,I 24,,,,0.00,,,,,,,54.90,N,Not at Intersection, ,Non-Junction,None,,,         ,Alyson,Cook,Clear,Front to Rear,no,no,no,no,no,False
101430457,METROPOLITAN NASHVILLE POLICE DEPT,20160980229,Davidson,Nashville,11/3/2016 6:15:00 PM,2,0,0,36.110800,-86.770730,I440 ENT RAMP,,,,0.00,Feet,East,I 65,,,,0.00,N,Not at Intersection, ,Entrance/Exit Ramp Related,None,,,         ,Conner,Harris,Clear,Front to Rear,no,no,no,no,no,False
101430458,METROPOLITAN NASHVILLE POLICE DEPT,20160980215,Davidson,Nashville,11/3/2016 6:00:00 PM,1,0,0,36.088560,-86.644080,NASHBORO BLVD,,,,397.00,Feet,West,NASHBORO VILLAGE PVTDR,,,,0.00,N,Not at Intersection, ,OtherLocation,None,,,         ,Thomas,Barnes,Clear,Not Collision with Motor Vehicle in Transport,no,no,no,no,no,False
101430460,METROPOLITAN NASHVILLE POLICE DEPT,20160980056,Davidson,Nashville,11/3/2016 4:58:00 PM,2,0,0,36.154630,-86.779160,LAFAYETTE ST,,,,0.00,,,8TH AVS,,,,0.00,Y,Roundabout, ,Intersection,None,,,         ,Ruben,Mariano,Clear,Angle,no,no,no,no,no,False
101430461,METROPOLITAN NASHVILLE POLICE DEPT,20160979699,Davidson,Nashville,11/3/2016 2:39:00 PM,2,1,0,36.118870,-86.718630,EAST THOMPSON LN,,,,0.00,,,CURREY RD,,,,0.00,Y,Four-Way,N,Intersection-Related,None,,,         ,Victoria,Cunningham,Clear,Angle,no,no,no,no,no,False
101430462,METROPOLITAN NASHVILLE POLICE DEPT,20160980036,Davidson,Nashville,11/3/2016 4:45:00 PM,2,1,0,36.070830,-86.635030,MURFREESBORO PKE,,,,508.00,Feet,South,BELL RD,,,,0.00,N,Not at Intersection,N,Non-Junction,None,,,         ,Victoria,Cunningham,Cloudy,Angle,no,no,no,no,no,False
101430464,METROPOLITAN NASHVILLE POLICE DEPT,20160980272,Davidson,Nashville,11/3/2016 6:38:00 PM,2,0,0,36.121420,-86.756180,I 440,,,,0.00,,,,,,,6.00,N,Not at Intersection, ,,Construction Zone,,,         ,Charles,Griffin,,,no,no,no,no,no,False
101430467,METROPOLITAN NASHVILLE POLICE DEPT,20160980322,Davidson,Nashville,11/3/2016 7:01:00 PM,2,0,0,36.069130,-86.690160,HAYWOOD LN,,,,176.00,Feet,East,I24 E EXT RAMP,,,,0.00,N,Not at Intersection, ,Non-Junction,None,,,         ,Alyson,Cook,Clear,Front to Rear,no,no,no,no,yes,False
101430474,METROPOLITAN NASHVILLE POLICE DEPT,2016-0980300,Davidson,Nashville,11/3/2016 6:20:00 PM,1,0,0,36.077850,-86.782820,TYNE BLVD,,,,250.00,Feet,West,OVERTON LEA RD,,,,0.00,N,Not at Intersection, ,Non-Junction,None,,,         ,William,King,Clear,Not Collision with Motor Vehicle in Transport,no,no,no,no,no,False
101430476,METROPOLITAN NASHVILLE POLICE DEPT,20160980088,Davidson,Nashville,11/3/2016 5:19:00 PM,3,1,0,36.234910,-86.715660,BRILEY PKWYW,,,,171.00,Feet,West,BRUSH HILL RD,,,,0.00,N,Not at Intersection,N,Non-Junction,None,,,         ,Rodney,Phipps,Clear,Front to Rear,no,no,no,no,no,False
101430485,METROPOLITAN NASHVILLE POLICE DEPT,20160980338,Davidson,Nashville,11/3/2016 6:51:00 PM,2,0,0,36.042280,-86.743990,EDMONDSON PKE,,,,0.00,,,BRENTWOOD SQ,,,,0.00,Y,T-Intersection,N,Intersection-Related,None,,,         ,Tien,Nguyen,Clear,Angle,no,no,no,no,no,False
101430488,METROPOLITAN NASHVILLE POLICE DEPT,20160980289,Davidson,Nashville,11/3/2016 6:45:00 PM,2,0,0,36.182520,-86.797680,ROSA L PARKS BLVD,,,,0.00,,,I65 N EXT RAMP,,,,0.00,Y,Y-Intersection, ,Entrance/Exit Ramp Related,None,,,         ,Roy,Sain Jr.,Clear,Front to Rear,no,no,no,no,no,False
101430500,METROPOLITAN NASHVILLE POLICE DEPT,20160980286,Davidson,Nashville,11/3/2016 12:00:00 AM,2,1,0,36.167010,-86.763730,S 4TH ST,,,,0.00,,,SHELBY AV,,,,0.00,Y,OTHER,N,Entrance/Exit Ramp Related,None,,,         ,Colin,Bleem,Clear,Angle,no,no,no,no,no,False
101430516,METROPOLITAN NASHVILLE POLICE DEPT,20160980394,Davidson,Nashville,11/3/2016 7:35:00 PM,2,0,0,36.205890,-86.768610,E TRINITY LN,,,,0.00,,,DICKERSON PKE,,,,0.00,Y,Four-Way,N,Intersection,None,,,         ,Hunter,Fikes,Clear,Angle,no,no,no,no,yes,False
101430517,METROPOLITAN NASHVILLE POLICE DEPT,20160980427,Davidson,Nashville,11/3/2016 7:50:00 PM,2,1,0,36.110940,-86.745220,THOMPSON LN,,,,0.00,,,NOLENSVILLE PKE,,,,0.00,Y,Four-Way,N,Intersection,None,,,         ,Charles,Griffin,Clear,Angle,no,no,no,no,yes,False
101430519,METROPOLITAN NASHVILLE POLICE DEPT,20160980457,Davidson,Nashville,11/3/2016 7:51:00 PM,2,0,0,36.166100,-86.820340,28TH AVN,,,,182.00,Feet,North,ALAMEDA ST,,,,0.00,N,Not at Intersection,N,Non-Junction,None,,,         ,Michael,Brooks,Cloudy,"Sideswipe, Same Direction",no,no,no,no,yes,False
101430532,METROPOLITAN NASHVILLE POLICE DEPT,20160980492,Davidson,Nashville,11/3/2016 8:08:00 PM,2,0,0,36.120110,-86.726500,I440 W ENT RAMP,,,,0.00,Feet,East,I 24,,,,0.00,N,Not at Intersection, ,Non-Junction,None,,,         ,Alyson,Cook,Clear,"Sideswipe, Same Direction",no,no,no,no,no,False
101430542,METROPOLITAN NASHVILLE POLICE DEPT,20160979835,Davidson,Nashville,11/3/2016 3:30:00 PM,2,0,0,36.141890,-86.640610,TIMBER VALLEY DR,,,,9.00,Feet,South,ELM HILL PKE,,,,0.00,N,Not at Intersection, ,Non-Junction,None,,,         ,Marcus,Mitchell,Clear,Front to Rear,no,no,no,no,no,False
101430546,METROPOLITAN NASHVILLE POLICE DEPT,20160980302,Davidson,Not in City Limit,11/3/2016 5:19:00 PM,2,0,0,36.263860,-86.711850,OLD TIME VILLAGE PVTDR,,,,59.00,Feet,West,GALLATIN PKEN,,,,0.00,N,Not at Intersection,N,Non-Junction,None,,,         ,Rodney,Phipps,Clear,Angle,no,no,no,no,yes,False
101430550,METROPOLITAN NASHVILLE POLICE DEPT,20160980291,Davidson,Nashville,11/3/2016 6:52:00 PM,2,1,0,36.150150,-86.857950,CHARLOTTE PKE,,,,0.00,,,WHITE BRIDGE PKE,,,,0.00,Y,Four-Way,N,Intersection,None,,,         ,Shaun,Heath,Clear,Angle,no,no,no,no,no,False
101430551,METROPOLITAN NASHVILLE POLICE DEPT,20160980463,Davidson,Nashville,11/3/2016 7:42:00 PM,2,1,0,36.206290,-86.773780,W TRINITY LN,,,,67.00,Feet,West,I65 N EXT RAMP,,,,0.00,N,Not at Intersection,N,Non-Junction,None,,,         ,Hunter,Fikes,Clear,Front to Rear,no,no,no,no,no,False
101430564,METROPOLITAN NASHVILLE POLICE DEPT,20160980135,Davidson,Antioch,11/3/2016 5:23:00 PM,3,0,0,36.015240,-86.620550,I24 W ENT RAMP,,,,0.00,,,I 24,,,,0.00,Y,Y-Intersection, ,Entrance/Exit Ramp Related,None,,,         ,Victoria,Cunningham,Cloudy,Front to Rear,no,no,no,no,no,False
101430569,METROPOLITAN NASHVILLE POLICE DEPT,20160980621,Davidson,Not in City Limit,11/3/2016 5:00:00 PM,2,0,0,36.263420,-86.680890,RIO VISTA DR,,,,159.00,Feet,North,STATE RT 45,,,,0.00,N,Not at Intersection, ,Non-Junction,None,,,         ,Cecilia,Gomez,Clear,Angle,no,no,no,no,no,False
101430571,METROPOLITAN NASHVILLE POLICE DEPT,20160980583,Davidson,Nashville,11/3/2016 7:20:00 PM,2,0,0,36.174910,-86.759970,MAIN ST,,,,317.00,Feet,East,S 7TH ST,,,,0.00,N,Not at Intersection,N,OtherLocation,None,,,         ,Jefferson,Hughes,Clear,Front to Rear,no,no,no,yes,yes,False
101430572,METROPOLITAN NASHVILLE POLICE DEPT,20160980574,Davidson,Nashville,11/3/2016 8:40:00 PM,2,0,0,36.136160,-86.788670,12TH AVS,,,,0.00,,,WEDGEWOOD AV,,,,0.00,Y,Four-Way,N,Intersection,None,,,         ,Maria,Cortez,Clear,Angle,no,no,no,no,no,False
101430580,METROPOLITAN NASHVILLE POLICE DEPT,20160980618,Davidson,Nashville,11/3/2016 5:30:00 PM,2,0,0,36.132720,-86.719190,WILHAGAN RD,,,,125.00,Feet,North,MURFREESBORO PKE,,,,0.00,N,Not at Intersection,N,Non-Junction,None,,,         ,Thomas,Barnes,Clear,Front to Rear,no,no,no,no,yes,False
101430598,METROPOLITAN NASHVILLE POLICE DEPT,20160980657,Davidson,Nashville,11/3/2016 9:10:00 PM,2,1,0,36.140290,-86.718880,I 40,,,,0.00,,,,,,,213.70,N,Not at Intersection,N,Non-Junction,None,,,         ,Brian,Smith,Clear,Angle,no,no,no,no,no,False
101430599,METROPOLITAN NASHVILLE POLICE DEPT,20160980415,Davidson,Nashville,11/3/2016 7:22:00 PM,2,0,0,36.180160,-86.745310,ORDWAY PL,,,,0.00,,,N 14TH ST,,,,0.00,Y,Four-Way,N,Intersection,None,,,         ,Kimberly,Brown,Clear,Angle,no,no,no,no,no,False
101430600,METROPOLITAN NASHVILLE POLICE DEPT,20160980700,Davidson,Nashville,11/3/2016 9:27:00 PM,2,1,0,36.086870,-86.730230,ELYSIAN FIELDS RD,,,,0.00,,,ELYSIAN FIELDS CT,,,,0.00,Y,Four-Way,N,Intersection-Related,None,,,         ,Tien,Nguyen,Clear,Angle,no,no,no,no,no,False
101430630,METROPOLITAN NASHVILLE POLICE DEPT,20160980558,Davidson,Antioch,11/3/2016 8:25:00 PM,2,2,0,36.074480,-86.638650,MURFREESBORO PKE,,,,0.00,,,RURAL HILL RD,,,,0.00,Y,OTHER,N,Non-Junction,None,,,         ,Victoria,Cunningham,Clear,Front to Rear,no,no,no,no,yes,False
101430655,METROPOLITAN NASHVILLE POLICE DEPT,2016-0980767,Davidson,Nashville,11/3/2016 9:56:00 PM,2,3,0,36.250970,-86.718330,GALLATIN PKES,,,,59.00,Feet,South,BRINK HAVEN AV,,,,0.00,N,Not at Intersection,N,Non-Junction,None,,,         ,Rodney,Phipps,Clear,Front to Rear,no,no,no,no,yes,False
101430670,METROPOLITAN NASHVILLE POLICE DEPT,20160980935,Davidson,Nashville,11/3/2016 11:15:00 PM,1,0,0,36.252410,-86.843590,CLARKSVILLE PKE,,,,454.00,Feet,West,LLOYD RD,,,,0.00,N,Not at Intersection, ,Non-Junction,None,,,         ,Troy,Loewen,Clear,Not Collision with Motor Vehicle in Transport,no,no,no,no,no,False
101430671,METROPOLITAN NASHVILLE POLICE DEPT,20160981024,Davidson,Nashville,11/3/2016 11:33:00 PM,1,0,0,36.160470,-86.778440,5TH AVS,,,,0.00,,,BROADWAY,,,,0.00,Y,Four-Way, ,,None,,,         ,Caleb,Rogan,,,no,yes,no,no,no,False
101430672,METROPOLITAN NASHVILLE POLICE DEPT,20160980995,Davidson,Nashville,11/3/2016 12:00:00 AM,2,0,0,36.046710,-86.702140,ASHMONT DR,,,,72.00,Feet,West,ASHMONT CIR,,,,0.00,N,Not at Intersection, ,Non-Junction,None,,,         ,Autumn,Manning,Unknown,"Sideswipe, Same Direction",no,no,no,no,yes,False
101430676,METROPOLITAN NASHVILLE POLICE DEPT,2016-0980871,Davidson,Nashville,11/3/2016 10:51:00 PM,1,0,0,36.041140,-86.776210,BRENTWOOD COMMONS WAY,,,,0.00,,,BRENTWOOD TRC,,,,0.00,Y,Four-Way, ,Intersection,None,,,         ,Thomas,Miller,Clear,Not Collision with Motor Vehicle in Transport,no,no,no,no,no,False
101430684,METROPOLITAN NASHVILLE POLICE DEPT,20160981037,Davidson,Nashville,11/3/2016 9:00:00 PM,2,0,0,36.152330,-86.766520,I 40,,,,0.00,,,,,,,210.60,N,Not at Intersection, ,Non-Junction,None,,,         ,Austin,Childress,Clear,"Sideswipe, Same Direction",no,no,no,no,no,False