master_record_number,agency,agency_tracking_number,county,city,collision_date,vehicles_involved,number_injured,number_dead,latitude,longitude,roadway_name,roadway_suffix,roadway_number,roadway_local_id,distance_from_reference,miles-feet_indicator,direction_from_reference,intersection_road_name,intersection_road_name_suffix,intersection_road_number,intersection_local_id,mile_marker,intersection_indicator,intersect_type,interchange_related_indicator,relation_to_junction,work_zone_type,construction_maintenance_zone,construction_maintenance_zone_location,fatal_case_number,officer_first_name,officer_last_name,weather_condition(s),manner_of_crash,pedestrian,bicycle,scooter,parking,hitrun,mou
101431297,METROPOLITAN NASHVILLE POLICE DEPT,20160982767,Davidson,Nashville,11/4/2016 2:40:00 PM,1,0,0,36.089500,-86.720850,DEWAIN DR,,,,131.00,Feet,North,PARAGON MILLS RD,,,,0.00,N,Not at Intersection,N,Non-Junction,None,,,         ,Jessie,Meadows,Clear,Not Collision with Motor Vehicle in Transport,no,no,no,no,no,False
101431298,METROPOLITAN NASHVILLE POLICE DEPT,2016-0982887,Davidson,Nashville,11/4/2016 3:41:00 PM,2,0,0,36.123810,-86.746770,I 440,,,,0.00,,,,,,,6.45,N,Not at Intersection,N,Non-Junction,None,,,         ,Jessie,Meadows,Clear,Front to Rear,no,no,no,no,no,False
101431299,METROPOLITAN NASHVILLE POLICE DEPT,20160982929,Davidson,Nashville,11/4/2016 4:13:00 PM,2,0,0,36.123810,-86.746770,I 440,,,,0.00,,,,,,,6.45,N,Not at Intersection, ,Non-Junction,None,,,         ,Jessie,Meadows,Clear,Front to Rear,no,no,no,no,no,False
101431300,METROPOLITAN NASHVILLE POLICE DEPT,20160983107,Davidson,Nashville,11/4/2016 4:26:00 PM,2,0,0,36.133610,-86.726350,I24 W EXT RAMP,,,,0.00,Feet,East,I 24,,,,0.00,N,Not at Intersection,N,Entrance/Exit Ramp Related,None,,,         ,Jessie,Meadows,Clear,Front to Rear,no,no,no,no,no,False
101431301,METROPOLITAN NASHVILLE POLICE DEPT,20160983205,Davidson,Nashville,11/4/2016 3:35:00 PM,2,0,0,36.119620,-86.753560,CRUZEN ST,,,,0.00,,,MELROSE AV,,,,0.00,Y,Four-Way, ,Intersection,None,,,         ,Nicholas,Berens,Clear,Angle,no,no,no,no,no,False
101431309,METROPOLITAN NASHVILLE POLICE DEPT,20160983199,Davidson,Nashville,11/4/2016 3:45:00 PM,3,2,0,36.154020,-86.763500,I40 W ENT RAMP,,,,0.00,Feet,East,I 40,,,,0.00,N,Not at Intersection,N,Non-Junction,None,,,         ,Pedro,Rivera Chaparro,Clear,Front to Rear,no,no,no,no,no,False
101431317,METROPOLITAN NASHVILLE POLICE DEPT,20160983366,Davidson,Nashville,11/4/2016 4:50:00 PM,2,0,0,36.249090,-86.783650,I 24,,,,0.00,,,,,,,42.75,N,Not at Intersection, ,Non-Junction,None,,,         ,Jordan,Vrbas,Clear,Front to Rear,no,no,no,no,no,False
101431321,METROPOLITAN NASHVILLE POLICE DEPT,20160983349,Davidson,Nashville,11/4/2016 4:50:00 PM,2,0,0,36.102140,-86.870110,HARDING PL,,,,44.00,Feet,East,HARDING PKE,,,,0.00,N,Not at Intersection, ,Non-Junction,None,,,         ,Walter,Gray II,Clear,Front to Rear,no,no,no,no,no,False
101431327,METROPOLITAN NASHVILLE POLICE DEPT,20160983426,Davidson,Nashville,11/4/2016 4:39:00 PM,2,0,0,36.096250,-86.762900,I 65,,,,0.00,,,,,,,78.80,N,Not at Intersection, ,Non-Junction,None,,,         ,Charles,Griffin,Clear,Front to Rear,no,no,no,no,yes,False
101431328,METROPOLITAN NASHVILLE POLICE DEPT,20160983400,Davidson,Nashville,11/4/2016 4:28:00 PM,3,0,0,36.032830,-86.771610,CHURCH STE,,,,867.00,Feet,West,CLOVERLAND DR,,,,0.00,N,Not at Intersection, ,Non-Junction,None,,,         ,Tien,Nguyen,Clear,Front to Rear,no,no,no,no,no,False
101431337,METROPOLITAN NASHVILLE POLICE DEPT,20160983394,Davidson,Nashville,11/4/2016 5:09:00 PM,2,1,0,36.119400,-86.766920,I 440,,,,0.00,,,,,,,5.35,N,Not at Intersection,N,Non-Junction,None,,,         ,Maria,Cortez,Clear,Front to Rear,no,no,no,no,no,False
101431340,METROPOLITAN NASHVILLE POLICE DEPT,20160983157,Davidson,Nashville,11/4/2016 3:26:00 PM,2,2,0,36.132610,-86.774460,I65 N EXT RAMP,,,,0.00,Feet,East,I 65,,,,0.00,N,Not at Intersection,N,Entrance/Exit Ramp Related,None,,,         ,Charles,Griffin,Clear,Front to Rear,no,no,no,no,no,False
101431341,METROPOLITAN NASHVILLE POLICE DEPT,20160983268,Davidson,Nashville,11/4/2016 4:14:00 PM,2,0,0,36.158740,-86.789960,CHURCH ST,,,,227.00,Feet,East,GEORGE L DAVIS BLVD,,,,0.00,N,Not at Intersection, ,Non-Junction,None,,,         ,Jason,Thomas,Clear,Angle,no,no,no,no,no,False
101431342,METROPOLITAN NASHVILLE POLICE DEPT,20160983281,Davidson,Nashville,11/4/2016 4:15:00 PM,2,2,0,36.158890,-86.782110,8TH AVS,,,,0.00,,,BROADWAY,,,,0.00,Y,Four-Way,N,Intersection,None,,,         ,Gregory,Scott,Clear,Angle,no,no,no,no,no,False
101431351,METROPOLITAN NASHVILLE POLICE DEPT,20160983410,Davidson,Nashville,11/4/2016 5:19:00 PM,2,0,0,36.153020,-86.755780,I 40,,,,0.00,,,,,,,211.25,N,Not at Intersection,N,Non-Junction,None,,,         ,Craig,Gentry,Clear,Front to Rear,no,no,no,no,no,False
101431354,METROPOLITAN NASHVILLE POLICE DEPT,20160983221,Davidson,Nashville,11/4/2016 3:24:00 PM,2,0,0,36.149470,-86.783830,I 40,,,,0.00,,,,,,,209.60,N,Not at Intersection, ,Non-Junction,None,,,         ,Charles,Griffin,Clear,Front to Rear,no,no,no,no,no,False
101431355,METROPOLITAN NASHVILLE POLICE DEPT,20160983472,Davidson,Nashville,11/4/2016 5:38:00 PM,2,0,0,36.204650,-86.749860,E TRINITY LN,,,,55.00,Feet,West,ELLINGTON PKWY N ENT RAMP,,,,0.00,N,Not at Intersection, ,Non-Junction,None,,,         ,Christopher,Valdez,Clear,Front to Rear,no,no,no,no,yes,False
101431357,METROPOLITAN NASHVILLE POLICE DEPT,20160983345,Davidson,Nashville,11/4/2016 4:36:00 PM,2,0,0,36.081890,-86.758300,TROUSDALE DR,,,,286.00,Feet,North,HARDING PL,,,,0.00,N,Not at Intersection,N,Non-Junction,None,,,         ,Jacob,Masteller,Clear,Angle,no,no,no,no,no,False
101431364,METROPOLITAN NASHVILLE POLICE DEPT,20160983240,Davidson,Nashville,11/4/2016 4:00:00 PM,2,0,0,36.145970,-86.705510,ELM HILL PKE,,,,0.00,,,,,,,0.00,,, ,,None,,,         ,Brian,Smith,,,no,no,no,no,no,False
101431365,METROPOLITAN NASHVILLE POLICE DEPT,20160983498,Davidson,Nashville,11/4/2016 3:21:00 PM,2,0,0,36.134340,-86.780980,WEDGEWOOD AV,,,,0.00,,,ACKLEN AV,,,,0.00,Y,T-Intersection, ,Intersection-Related,None,,,         ,Tien,Nguyen,Clear,Angle,no,no,no,no,no,False
101431366,METROPOLITAN NASHVILLE POLICE DEPT,20160983433,Davidson,Nashville,11/4/2016 12:00:00 AM,2,0,0,36.176920,-86.793750,TAYLOR ST,,,,33.00,Feet,East,ROSA L PARKS BLVD,,,,0.00,N,Not at Intersection, ,Non-Junction,None,,,         ,Adam,Gartner,Clear,Angle,no,no,no,no,no,False
101431367,METROPOLITAN NASHVILLE POLICE DEPT,20160983350,Davidson,Nashville,11/4/2016 4:05:00 PM,2,0,0,36.154240,-86.759280,I 40,,,,0.00,,,,,,,211.00,N,Not at Intersection,N,Non-Junction,None,,,         ,Jonathan,Cavezza,Clear,Front to Rear,no,no,no,no,yes,False
101431380,METROPOLITAN NASHVILLE POLICE DEPT,20160983322,Davidson,Nashville,11/4/2016 4:31:00 PM,2,0,0,36.229730,-86.732500,SAUNDERS AV,,,,9.00,Feet,North,BROADMOOR DR,,,,0.00,N,Not at Intersection, ,,None,,,         ,Jonathan,Hadley,,,no,no,no,no,no,False
101431383,METROPOLITAN NASHVILLE POLICE DEPT,20160983475,Davidson,Nashville,11/4/2016 5:48:00 PM,2,0,0,36.049720,-86.650370,BELL RD,,,,272.00,Feet,West,MT VIEW RD,,,,0.00,N,Not at Intersection, ,Non-Junction,None,,,         ,Tamara,Zurawski,Clear,Front to Rear,no,no,no,no,no,False
101431384,METROPOLITAN NASHVILLE POLICE DEPT,20160983454,Davidson,Nashville,11/4/2016 5:24:00 PM,2,0,0,36.160840,-86.778670,OPRY PL,,,,150.00,Feet,North,BROADWAY,,,,0.00,N,Not at Intersection, ,,None,,,         ,Wesley,Feinstein,,,no,no,no,no,no,False
101431386,METROPOLITAN NASHVILLE POLICE DEPT,20160983484,Davidson,Nashville,11/4/2016 5:24:00 PM,2,0,0,36.153280,-86.853360,I 40,,,,0.00,,,,,,,204.20,N,Not at Intersection,N,Non-Junction,None,,,         ,Barrett,Teague,Clear,"Sideswipe, Same Direction",no,no,no,no,yes,False
101431389,METROPOLITAN NASHVILLE POLICE DEPT,20160983430,Davidson,Nashville,11/4/2016 5:17:00 PM,2,0,0,36.147460,-86.744290,I 40,,,,0.00,,,,,,,212.00,N,Not at Intersection, ,Non-Junction,None,,,         ,Jonathan,Cavezza,Clear,Front to Rear,no,no,no,no,no,False
101431392,METROPOLITAN NASHVILLE POLICE DEPT,20160983557,Davidson,Nashville,11/4/2016 6:30:00 PM,2,0,0,36.173710,-86.770090,I 24,,,,0.00,,,,,,,48.20,N,Not at Intersection, ,Non-Junction,None,,,         ,Christopher,Valdez,Clear,Front to Rear,no,no,no,no,yes,False
101431393,METROPOLITAN NASHVILLE POLICE DEPT,20160983465,Davidson,Nashville,11/4/2016 5:45:00 PM,2,0,0,36.154890,-86.779150,8TH AVS,,,,0.00,,,KOREAN VETERANS BLVD,,,,0.00,Y,Roundabout, ,,None,,,         ,Pedro,Rivera Chaparro,,,no,no,no,no,no,False
101431395,VANDERBILT UNIVERSITY POLICE,16-0983364,Davidson,Nashville,11/4/2016 4:40:00 PM,2,0,0,36.149900,-86.799650,TERRACE PL,,,,285.00,Feet,East,21ST AVS,,,,0.00,N,Not at Intersection, ,Non-Junction,None,,,         ,V,Greene,Clear,"Sideswipe, Opposite Direction",no,no,no,no,no,Campus
101431402,METROPOLITAN NASHVILLE POLICE DEPT,20160983405,Davidson,Nashville,11/4/2016 5:13:00 PM,2,2,0,36.147460,-86.744290,I 40,,,,0.00,,,,,,,212.00,N,Not at Intersection,N,Non-Junction,None,,,         ,Jonathan,Cavezza,Clear,Front to Rear,no,no,no,no,yes,False
101431403,METROPOLITAN NASHVILLE POLICE DEPT,20160983353,Davidson,Nashville,11/4/2016 10:09:00 AM,2,0,0,36.142710,-86.776800,I 65,,,,0.00,,,,,,,82.00,N,Not at Intersection,N,Non-Junction,None,,,         ,John,Deiterick,Clear,"Sideswipe, Same Direction",no,no,no,no,no,False
101431445,METROPOLITAN NASHVILLE POLICE DEPT,20160983677,Davidson,Nashville,11/4/2016 5:20:00 PM,2,0,0,36.177910,-86.644970,LEBANON PKE,,,,799.00,Feet,South,DANYACREST DR,,,,0.00,N,Not at Intersection, ,,None,,,         ,Brent,Hedgcoth,,,no,no,no,no,no,False
101431446,METROPOLITAN NASHVILLE POLICE DEPT,20160983156,Davidson,Nashville,11/4/2016 3:27:00 PM,3,1,0,36.134530,-86.726760,I 24,,,,0.00,,,,,,,52.10,N,Not at Intersection,N,Non-Junction,None,,,         ,Jaby,Djabbarov,Clear,Front to Rear,no,no,no,no,no,False
101431447,METROPOLITAN NASHVILLE POLICE DEPT,20160983332,Davidson,Nashville,11/4/2016 4:13:00 PM,2,0,0,36.139600,-86.701090,KAREN DR,,,,0.00,,,DABBS AV,,,,0.00,Y,T-Intersection, ,Non-Junction,None,,,         ,Jaby,Djabbarov,Clear,Angle,no,no,no,no,no,False
101431448,METROPOLITAN NASHVILLE POLICE DEPT,20160983397,Davidson,Nashville,11/4/2016 4:34:00 PM,2,0,0,36.139510,-86.700310,KAREN DR,,,,0.00,,,BRILEY PKWY,,,,0.00,Y,Four-Way,N,Intersection,None,,,         ,Jaby,Djabbarov,Clear,HeadOn,no,no,no,no,no,False
101431451,METROPOLITAN NASHVILLE POLICE DEPT,20160983381,Davidson,Nashville,11/4/2016 4:58:00 PM,2,0,0,36.149340,-86.747380,I 40,,,,0.00,,,,,,,211.80,N,Not at Intersection, ,,None,,,         ,Mikala,Moore,,,no,no,no,no,no,False
101431456,METROPOLITAN NASHVILLE POLICE DEPT,20160980194,Davidson,Nashville,11/3/2016 6:00:00 PM,3,0,0,36.148920,-86.666900,ELM HILL PKE,,,,188.00,Feet,West,DONELSON PKE,,,,0.00,N,Not at Intersection,N,Non-Junction,None,,,         ,Mikala,Moore,Clear,Front to Rear,no,no,no,no,yes,False
101431458,METROPOLITAN NASHVILLE POLICE DEPT,20160983688,Davidson,Nashville,11/4/2016 7:01:00 PM,2,0,0,36.046820,-86.713440,NOLENSVILLE PKE,,,,533.00,Feet,North,OLD HICKORY BLVD,,,,0.00,N,Not at Intersection, ,Non-Junction,None,,,         ,Charles,Griffin,Clear,Angle,no,no,no,no,no,False
101431462,METROPOLITAN NASHVILLE POLICE DEPT,2016-0983682,Davidson,Nashville,11/4/2016 7:24:00 PM,2,1,0,36.125450,-86.905030,I 40,,,,0.00,,,,,,,200.55,N,Not at Intersection,N,Non-Junction,None,,,         ,Michael,Rogers,Clear,"Sideswipe, Same Direction",no,no,no,no,yes,False
101431467,BERRY HILL POLICE DEPT,16-3884,Davidson,Berry Hill,11/4/2016 3:30:00 PM,1,1,0,36.124230,-86.758430,ROSEHAVEN DR,,,,0.00,,,ROSEDALE AV,,,,0.00,Y,T-Intersection,N,Intersection,None,,,         ,Larry,Carter,Clear,Not Collision with Motor Vehicle in Transport,no,no,no,no,no,False
101431471,METROPOLITAN NASHVILLE POLICE DEPT,20160983611,Davidson,Nashville,11/4/2016 6:53:00 PM,2,1,0,36.141940,-86.781060,EDGEHILL AV,,,,0.00,,,HILLSIDE AV,,,,0.00,Y,Four-Way,N,Intersection-Related,None,,,         ,Tien,Nguyen,Clear,Angle,no,no,no,no,yes,False
101431472,METROPOLITAN NASHVILLE POLICE DEPT,20160983633,Davidson,Not in City Limit,11/4/2016 7:02:00 PM,2,0,0,36.312350,-86.830020,I 24,,,,0.00,,,,,,,37.45,N,Not at Intersection, ,Non-Junction,None,,,         ,Timothy,Morgan,Clear,Front to Rear,no,no,no,no,no,False
101431473,METROPOLITAN NASHVILLE POLICE DEPT,20160983743,Davidson,Nashville,11/4/2016 7:00:00 PM,2,0,0,36.070850,-86.635060,MURFREESBORO PKE,,,,498.00,Feet,South,BELL RD,,,,0.00,N,Not at Intersection, ,Non-Junction,None,,,         ,Tamara,Zurawski,Clear,Angle,no,no,no,no,no,False
101431476,METROPOLITAN NASHVILLE POLICE DEPT,20160983566,Davidson,Not in City Limit,11/4/2016 6:37:00 PM,2,1,0,36.076890,-86.945220,HIGHWAY 70S,,,,0.00,,,SAWYER BROWN RD,,,,0.00,Y,Four-Way,N,Intersection,None,,,         ,Benjamin,Spees,Clear,Front to Rear,no,no,no,no,no,False
101431477,METROPOLITAN NASHVILLE POLICE DEPT,20160983219,Davidson,Nashville,11/4/2016 4:10:00 PM,2,0,0,36.179060,-86.773870,I 24,,,,0.00,,,,,,,47.75,N,Not at Intersection, ,Non-Junction,None,,,         ,Darrien,Spann,Clear,"Sideswipe, Same Direction",no,no,no,no,yes,False
101431489,METROPOLITAN NASHVILLE POLICE DEPT,20160983719,Davidson,Nashville,11/4/2016 4:49:00 PM,2,0,0,36.088580,-86.650930,RANSOM PL,,,,0.00,,,,,,,0.00,,, ,Non-Junction,None,,,         ,Kevin,Keating,Clear,Angle,no,no,no,yes,no,False
101431497,METROPOLITAN NASHVILLE POLICE DEPT,20160983813,Davidson,Not in City Limit,11/4/2016 5:50:00 PM,2,0,0,36.279550,-86.783570,BRICK CHURCH PKE,,,,0.00,,,OLD HICKORY BLVD,,,,0.00,Y,Four-Way,N,Non-Junction,None,,,         ,Jordan,Vrbas,Clear,"Sideswipe, Same Direction",no,no,no,no,yes,False
101431499,METROPOLITAN NASHVILLE POLICE DEPT,20160983695,Davidson,Nashville,11/4/2016 7:25:00 PM,2,1,0,36.237350,-86.781000,BRICK CHURCH PKE,,,,36.00,Feet,North,BRILEY PKWY E ENT RAMP,,,,0.00,N,Not at Intersection,Y,Entrance/Exit Ramp Related,None,,,         ,Harold,Willmore IV,Clear,Angle,no,no,no,no,no,False
101431510,METROPOLITAN NASHVILLE POLICE DEPT,20160983746,Davidson,Nashville,11/4/2016 7:54:00 PM,1,1,0,36.146750,-86.643520,I 40,,,,0.00,,,,,,,218.00,N,Not at Intersection,N,Non-Junction,None,,,         ,Patrick,Taylor,Clear,Not Collision with Motor Vehicle in Transport,no,no,no,no,no,False
101431511,BERRY HILL POLICE DEPT,16-3886,Davidson,Berry Hill,11/4/2016 4:39:00 PM,1,1,0,36.112390,-86.768020,THOMPSON LN,,,,0.00,,,W IRIS DR,,,,0.00,Y,Four-Way,N,Intersection,None,,,         ,Larry,Carter,Clear,Not Collision with Motor Vehicle in Transport,yes,no,no,no,no,False
101431516,METROPOLITAN NASHVILLE POLICE DEPT,20160983660,Davidson,Nashville,11/4/2016 7:15:00 PM,2,0,0,36.105170,-86.767320,I 65,,,,0.00,,,,,,,79.45,N,Not at Intersection, ,Non-Junction,None,,,         ,Akira,McSwain,Clear,"Sideswipe, Same Direction",no,no,no,no,no,False
101431525,METROPOLITAN NASHVILLE POLICE DEPT,20160983565,Davidson,Not in City Limit,11/4/2016 4:40:00 PM,2,0,0,36.108980,-86.548640,HOBSON PKE,,,,137.00,Feet,East,GRANNY WRIGHT LN,,,,0.00,N,Not at Intersection,N,Non-Junction,None,,,         ,Marcus,Darden,Clear,"Sideswipe, Opposite Direction",no,no,no,no,yes,False
101431542,METROPOLITAN NASHVILLE POLICE DEPT,20160983845,Davidson,Nashville,11/4/2016 8:38:00 PM,1,1,0,36.120130,-86.802310,I 440,,,,0.00,,,,,,,3.00,N,Not at Intersection,N,Entrance/Exit Ramp Related,None,,,         ,Charles,Griffin,Clear,Not Collision with Motor Vehicle in Transport,no,no,no,no,no,False
101431562,METROPOLITAN NASHVILLE POLICE DEPT,20160983930,Davidson,Not in City Limit,11/4/2016 8:47:00 PM,2,0,0,36.307620,-86.687360,GALLATIN PKEN,,,,0.00,,,,,,,0.00,,,N,Non-Junction,None,,,         ,Bradley,Campbell,Clear,"Sideswipe, Opposite Direction",no,no,no,yes,yes,False
101431563,METROPOLITAN NASHVILLE POLICE DEPT,20160983973,Davidson,Nashville,11/4/2016 8:50:00 PM,1,0,0,36.032140,-86.764560,CLOVERLAND DR,,,,214.00,Feet,East,FREDERICKSBURG WAY,,,,0.00,N,Not at Intersection,N,Non-Junction,None,,,         ,Charles,Griffin,Clear,Not Collision with Motor Vehicle in Transport,no,no,no,no,no,False
101431565,METROPOLITAN NASHVILLE POLICE DEPT,2016-0983982,Davidson,Nashville,11/4/2016 12:00:00 AM,1,0,0,36.171350,-86.766020,WOODLAND ST,,,,136.00,Feet,East,I24 W ENT RAMP,,,,0.00,N,Not at Intersection, ,,None,,,         ,Gordon,Stovall,,,no,no,no,no,no,False
101431580,METROPOLITAN NASHVILLE POLICE DEPT,20160983945,Davidson,Nashville,11/4/2016 8:20:00 PM,2,1,0,36.050630,-86.647280,BELL RD,,,,117.00,Feet,West,HICKORY HOLLOW TER,,,,0.00,N,Not at Intersection,N,Non-Junction,None,,,         ,Richard,Olive,Clear,Front to Rear,no,no,no,no,no,False
101431590,METROPOLITAN NASHVILLE POLICE DEPT,2016983659,Davidson,Not in City Limit,11/4/2016 7:10:00 PM,3,0,0,36.264500,-86.731780,OLD HICKORY BLVDW,,,,150.00,Feet,East,N GRAYCROFT AV,,,,0.00,N,Not at Intersection,N,Non-Junction,None,,,         ,Rudy,Basaldua,Clear,Front to Rear,no,no,no,no,yes,False
101431614,METROPOLITAN NASHVILLE POLICE DEPT,20160984115,Davidson,Nashville,11/4/2016 10:35:00 PM,1,0,0,36.207040,-86.796010,W TRINITY LN,,,,0.00,,,FREE SILVER RD,,,,0.00,Y,T-Intersection, ,,None,,,         ,Geoffrey,Daugherty,,,no,no,no,no,no,False
101431629,METROPOLITAN NASHVILLE POLICE DEPT,20160984135,Davidson,Nashville,11/4/2016 10:30:00 PM,2,0,0,36.076050,-86.640140,MURFREESBORO PKE,,,,555.00,Feet,South,LAKEVILLA DR,,,,0.00,N,Not at Intersection,N,SharedUsePathOrTrail,None,,,         ,Emily,Mulready,Clear,Front to Rear,no,no,no,no,yes,False
101431633,METROPOLITAN NASHVILLE POLICE DEPT,20160984249,Davidson,Nashville,11/4/2016 11:38:00 PM,1,0,0,36.195220,-86.608160,ANDREW JACKSON PKWY,,,,403.00,Feet,South,WEBER RD,,,,0.00,N,Not at Intersection,N,Non-Junction,None,,,         ,Brett,Johns,Clear,Not Collision with Motor Vehicle in Transport,no,no,no,no,no,False
101431634,METROPOLITAN NASHVILLE POLICE DEPT,20160984183,Davidson,Nashville,11/4/2016 11:00:00 PM,2,0,0,36.156010,-86.788850,BROADWAY,,,,0.00,,,I40 W ENT RAMP,,,,0.00,Y,Four-Way, ,Intersection-Related,None,,,         ,John,Anderson,Clear,Front to Rear,no,no,no,no,no,False
101431635,METROPOLITAN NASHVILLE POLICE DEPT,20160984016,Davidson,Nashville,11/4/2016 9:50:00 PM,3,2,0,36.230470,-86.769060,EWING DR,,,,100.00,Feet,West,LARKSPUR DR,,,,0.00,N,Not at Intersection,N,Non-Junction,None,,,         ,Jonathan,Hadley,Clear,Front to Rear,no,no,no,no,no,False
101431648,METROPOLITAN NASHVILLE POLICE DEPT,20160984308,Davidson,Nashville,11/4/2016 11:50:00 PM,2,1,0,36.145510,-86.741210,I 40,,,,0.00,,,,,,,212.20,N,Not at Intersection,N,Non-Junction,None,,,         ,Autumn,Manning,Clear,"Sideswipe, Same Direction",no,no,no,no,yes,False
101431649,METROPOLITAN NASHVILLE POLICE DEPT,20160984234,Davidson,Nashville,11/4/2016 11:30:00 PM,2,0,0,36.149170,-86.775150,I 40,,,,0.00,,,,,,,210.10,N,Not at Intersection, ,Non-Junction,None,,,         ,Anthony,Rizo,Clear,Front to Rear,no,no,no,no,no,False
101431650,METROPOLITAN NASHVILLE POLICE DEPT,20160983752,Davidson,Not in City Limit,11/4/2016 7:07:00 PM,2,0,0,36.264310,-86.728750,OLD HICKORY BLVDW,,,,436.00,Feet,East,N MARTHONA RD,,,,0.00,N,Not at Intersection,N,Non-Junction,None,,,         ,Rudy,Basaldua,Clear,Front to Rear,no,no,no,no,yes,False
101431651,METROPOLITAN NASHVILLE POLICE DEPT,20160983789,Davidson,Not in City Limit,11/4/2016 8:35:00 PM,2,0,0,36.263180,-86.713070,OLD HICKORY BLVDW,,,,4.00,Feet,East,OLD TIME VILLAGE PVTDR,,,,0.00,N,Not at Intersection,N,Non-Junction,None,,,         ,Rudy,Basaldua,Clear,Angle,no,no,no,no,no,False
101431668,METROPOLITAN NASHVILLE POLICE DEPT,20160984346,Davidson,Nashville,11/4/2016 10:50:00 PM,4,0,0,36.244530,-86.767710,CHESAPEAKE DR,,,,0.00,,,,,,,0.00,,,N,Non-Junction,None,,,         ,Patrick,McGinnis,Clear,"Sideswipe, Same Direction",no,no,no,no,yes,False
101431671,METROPOLITAN NASHVILLE POLICE DEPT,20160984496,Davidson,Nashville,11/5/2016 1:32:00 AM,1,0,0,36.125710,-86.731190,I 440,,,,0.00,,,,,,,7.35,N,Not at Intersection,N,Non-Junction,None,,,         ,Douglas,Sykes,Clear,Not Collision with Motor Vehicle in Transport,no,no,no,no,no,False
101431681,METROPOLITAN NASHVILLE POLICE DEPT,20160984400,Davidson,Nashville,11/5/2016 12:45:00 AM,2,0,0,36.161540,-86.775970,BROADWAY,,,,0.00,,,3RD AVS,,,,0.00,Y,Four-Way, ,,None,,,         ,Ruben,Mariano,,,no,no,no,no,no,False
101431684,METROPOLITAN NASHVILLE POLICE DEPT,20160984500,Davidson,Nashville,11/4/2016 12:15:00 AM,2,0,0,36.161020,-86.777200,BROADWAY,,,,0.00,,,4TH AVN,,,,0.00,Y,Four-Way, ,,None,,,         ,Caleb,Rogan,,,no,no,no,no,no,False
101431696,METROPOLITAN NASHVILLE POLICE DEPT,2016-0984130,Davidson,Nashville,11/4/2016 10:30:00 PM,2,2,0,36.154630,-86.779160,LAFAYETTE ST,,,,0.00,,,8TH AVS,,,,0.00,Y,Roundabout,N,Intersection,None,,,         ,Travis,Baxter,Clear,Angle,no,no,no,no,no,False
101431698,METROPOLITAN NASHVILLE POLICE DEPT,20160984375,Davidson,Nashville,11/5/2016 12:35:00 AM,1,1,0,36.166980,-86.599200,OLD HICKORY BLVD,,,,55.00,Feet,North,CROSSHILL WAY,,,,0.00,N,Not at Intersection,N,Non-Junction,None,,,         ,Justin,Franklin,Clear,Not Collision with Motor Vehicle in Transport,yes,no,no,no,no,False
101431705,METROPOLITAN NASHVILLE POLICE DEPT,20160984546,Davidson,Nashville,11/5/2016 1:17:00 AM,1,0,0,36.182400,-86.793490,GARFIELD ST,,,,0.00,,,,,,,0.00,,,N,Non-Junction,None,,,         ,Geoffrey,Daugherty,Clear,Not Collision with Motor Vehicle in Transport,no,no,no,yes,yes,False
101431709,METROPOLITAN NASHVILLE POLICE DEPT,20160984714,Davidson,Nashville,11/5/2016 3:50:00 AM,2,1,0,36.148250,-86.805790,WEST END AV,,,,233.00,Feet,East,24TH AVS,,,,0.00,N,Not at Intersection,N,Non-Junction,None,,,         ,Eric,Westbrook,Clear,Front to Rear,no,no,no,no,no,Campus
101431724,METROPOLITAN NASHVILLE POLICE DEPT,20160984808,Davidson,Nashville,11/5/2016 4:50:00 AM,2,0,0,36.127050,-86.772490,I 65,,,,0.00,,,,,,,80.85,N,Not at Intersection, ,Non-Junction,None,,,         ,Steven,Wiser,Clear,"Sideswipe, Same Direction",no,no,no,no,no,False
101431732,METROPOLITAN NASHVILLE POLICE DEPT,20160984833,Davidson,Nashville,11/5/2016 4:39:00 AM,1,0,0,36.080910,-86.693370,LUNA DR,,,,0.00,,,LUNA CT,,,,0.00,Y,T-Intersection,N,Non-Junction,None,,,         ,Dezmond,Hughes,Clear,Not Collision with Motor Vehicle in Transport,no,no,no,no,yes,False
101431758,METROPOLITAN NASHVILLE POLICE DEPT,20160984560,Davidson,Nashville,11/5/2016 2:01:00 AM,2,0,0,36.096140,-86.630530,HARBOR LIGHTS DR,,,,322.00,Feet,North,TINNEY CIR,,,,0.00,N,Not at Intersection,N,Non-Junction,None,,,         ,Robert,Fondren,Cloudy,HeadOn,no,no,no,no,no,False
101431759,Nashville Airport Police,16-03206,Davidson,Nashville,11/3/2016 12:42:00 PM,2,0,0,0.000000,0.000000,SATTELITE WAY/CAB HOLDING,WAY,,1,1.00,Miles,South,,,I40,,1.00,N,Not at Intersection, ,Non-Junction,None,,,         ,Jerry,Lovell,Clear,"Sideswipe, Same Direction",no,no,no,no,no,False
101431766,METROPOLITAN NASHVILLE POLICE DEPT,20160984923,Davidson,Nashville,11/5/2016 6:06:00 AM,2,0,0,36.045370,-86.713260,OLD HICKORY BLVD,,,,0.00,,,NOLENSVILLE PKE,,,,0.00,Y,Four-Way,N,Intersection,None,,,         ,William,Coy,Clear,Angle,no,no,no,no,no,False