master_record_number,agency,agency_tracking_number,county,city,collision_date,vehicles_involved,number_injured,number_dead,latitude,longitude,roadway_name,roadway_suffix,roadway_number,roadway_local_id,distance_from_reference,miles-feet_indicator,direction_from_reference,intersection_road_name,intersection_road_name_suffix,intersection_road_number,intersection_local_id,mile_marker,intersection_indicator,intersect_type,interchange_related_indicator,relation_to_junction,work_zone_type,construction_maintenance_zone,construction_maintenance_zone_location,fatal_case_number,officer_first_name,officer_last_name,weather_condition(s),manner_of_crash,pedestrian,bicycle,scooter,parking,hitrun,mou
101432546,METROPOLITAN NASHVILLE POLICE DEPT,20160987233,Davidson,Nashville,11/6/2016 3:42:00 AM,1,0,0,36.135870,-86.727480,I24 E EXT RAMP,,,,0.00,Feet,East,I 24,,,,0.00,N,Not at Intersection,N,Non-Junction,None,,,         ,Ryan,Cagle,Clear,Not Collision with Motor Vehicle in Transport,no,no,no,no,no,False
101432558,METROPOLITAN NASHVILLE POLICE DEPT,20160987347,Davidson,Not in City Limit,11/6/2016 5:51:00 AM,1,2,0,36.154740,-86.951390,RIVER ROAD PKE,,,,384.00,Feet,North,RIVER ROAD PKE PVTDR,,,,0.00,N,Not at Intersection,N,Non-Junction,None,,,         ,Albert,Wilson,Clear,Not Collision with Motor Vehicle in Transport,no,no,no,no,no,False
101432616,BERRY HILL POLICE DEPT,16-3896,Davidson,Berry Hill,11/5/2016 1:24:00 PM,2,0,0,36.119660,-86.770930,BERRY RD,,,,140.00,Feet,West,FESSEY PARK RD,,,,0.00,N,Not at Intersection, ,Non-Junction,None,,,         ,Ray,Ferguson,Clear,Angle,no,no,no,no,no,False
101432621,METROPOLITAN NASHVILLE POLICE DEPT,20160987577,Davidson,Nashville,11/6/2016 8:45:00 AM,1,0,0,36.238130,-86.782950,BRILEY PKWYE,,,,23.00,Feet,East,I24 W EXT RAMP,,,,0.00,N,Not at Intersection,Y,Entrance/Exit Ramp Related,None,,,         ,Brandon,Wood,Cloudy,Not Collision with Motor Vehicle in Transport,no,no,no,no,no,False
101432645,BELLE MEADE POLICE DEPT,16-0309,Davidson,Belle Meade,11/5/2016 12:25:00 PM,2,0,0,36.106930,-86.866990,HARDING PKE,,,,630.00,Feet,North,LEAKE AV,,,,0.00,N,Not at Intersection, ,Non-Junction,None,,,         ,Doris,Howell,Clear,Front to Rear,no,no,no,no,no,False
101432654,METROPOLITAN NASHVILLE POLICE DEPT,20160987455,Davidson,Nashville,11/6/2016 7:15:00 AM,2,2,0,36.094750,-86.635290,SMITH SPRINGS RD,,,,70.00,Feet,East,SMITH SPRINGS CT,,,,0.00,N,Not at Intersection,N,Non-Junction,None,,,         ,Scott,Toney,Clear,HeadOn,no,no,no,no,no,False
101432684,METROPOLITAN NASHVILLE POLICE DEPT,20160987688,Davidson,Nashville,11/6/2016 9:52:00 AM,2,1,0,36.046250,-86.857960,OLD HICKORY BLVD,,,,771.00,Feet,West,WILDWOOD VALLEY DR,,,,0.00,N,Not at Intersection,N,Non-Junction,None,,,         ,Brent,Bauer,Clear,Front to Rear,no,no,no,no,no,False
101432695,METROPOLITAN NASHVILLE POLICE DEPT,20160987753,Davidson,Nashville,11/6/2016 10:24:00 AM,2,0,0,36.068200,-86.719110,NOLENSVILLE PKE,,,,0.00,,,HAYWOOD LN,,,,0.00,Y,T-Intersection, ,Non-Junction,None,,,         ,Jedidayah,Merriweather,Clear,Angle,no,no,no,no,no,False
101432740,METROPOLITAN NASHVILLE POLICE DEPT,2016-0987778,Davidson,Nashville,11/6/2016 10:54:00 AM,2,0,0,36.039860,-86.741450,OLD HICKORY BLVD,,,,602.00,Feet,East,EDMONDSON PKE,,,,0.00,N,Not at Intersection,N,Non-Junction,None,,,         ,Sean,Williams,Clear,Angle,no,no,no,no,yes,False
101432752,BERRY HILL POLICE DEPT,16-3903,Davidson,Berry Hill,11/6/2016 12:00:00 AM,2,0,0,36.122290,-86.774650,BILOXI AV,,,,0.00,,,,,,,0.00,,, ,Non-Junction,None,,,         ,John,Gleixner,Unknown,Unknown,no,no,no,yes,yes,False
101432782,METROPOLITAN NASHVILLE POLICE DEPT,20160987960,Davidson,Not in City Limit,11/6/2016 1:00:00 PM,1,1,0,36.104500,-86.946330,CHARLOTTE PKE,,,,2147.00,Feet,West,FORREST VALLEY DR,,,,0.00,N,Not at Intersection,N,Non-Junction,None,,,         ,Benjamin,Cantrell,Clear,Not Collision with Motor Vehicle in Transport,no,no,no,no,no,False
101432795,METROPOLITAN NASHVILLE POLICE DEPT,20160987999,Davidson,Nashville,11/6/2016 12:59:00 PM,2,1,0,36.249390,-86.719380,E PALESTINE AV,,,,11.00,Feet,East,GALLATIN PKES,,,,0.00,N,Not at Intersection,N,Non-Junction,None,,,         ,DuJuan,Kendrick,Clear,HeadOn,no,no,no,no,yes,False
101432811,METROPOLITAN NASHVILLE POLICE DEPT,20160988002,Davidson,Not in City Limit,11/6/2016 1:22:00 PM,2,0,0,36.264570,-86.711380,GALLATIN PKEN,,,,112.00,Feet,North,OLD TIME VILLAGE PVTDR,,,,0.00,N,Not at Intersection, ,Non-Junction,None,,,         ,Michael,Agee,Clear,Front to Rear,no,no,no,no,no,False
101432823,METROPOLITAN NASHVILLE POLICE DEPT,20160987913,Davidson,Goodlettsville,11/6/2016 12:25:00 PM,2,0,0,36.299450,-86.696980,GALLATIN PKEN,,,,166.00,Feet,South,CUDE LN,,,,0.00,N,Not at Intersection, ,Non-Junction,None,,,         ,Peter,Vaught,Clear,Front to Rear,no,no,no,no,no,False
101432839,METROPOLITAN NASHVILLE POLICE DEPT,20160980166,Davidson,Nashville,11/3/2016 7:30:00 PM,2,0,0,36.158480,-86.640250,STEWARTS FERRY PKE,,,,0.00,,,HICKORY BEND DR,,,,0.00,Y,T-Intersection, ,Intersection,None,,,         ,John,Daugherty,Clear,Angle,no,no,no,no,no,False
101432840,METROPOLITAN NASHVILLE POLICE DEPT,20160988023,Davidson,Nashville,11/6/2016 1:55:00 PM,2,0,0,36.195990,-86.772000,DICKERSON PKE,,,,150.00,Feet,North,EASTMORELAND ST,,,,0.00,N,Not at Intersection, ,Non-Junction,None,,,         ,Doyle,Price,Clear,"Sideswipe, Same Direction",no,no,no,no,no,False
101432850,METROPOLITAN NASHVILLE POLICE DEPT,20160988068,Davidson,Nashville,11/6/2016 1:40:00 PM,2,0,0,36.246150,-86.779270,CHESAPEAKE DR,,,,0.00,,,BRICK CHURCH PKE,,,,0.00,Y,T-Intersection,N,Non-Junction,None,,,         ,Jordan,Vrbas,Clear,Front to Rear,no,no,no,no,yes,False
101432881,METROPOLITAN NASHVILLE POLICE DEPT,20160988080,Davidson,Not in City Limit,11/6/2016 1:57:00 PM,2,0,0,36.265630,-86.740290,OLD HICKORY BLVDW,,,,133.00,Feet,West,I65 S EXT RAMP,,,,0.00,N,Not at Intersection, ,Non-Junction,None,,,         ,Rodney,Phipps,Clear,"Sideswipe, Same Direction",no,no,no,no,no,False
101432885,METROPOLITAN NASHVILLE POLICE DEPT,20160988039,Davidson,Nashville,11/6/2016 2:00:00 PM,2,0,0,36.046020,-86.713340,NOLENSVILLE PKE,,,,238.00,Feet,North,OLD HICKORY BLVD,,,,0.00,N,Not at Intersection,N,Non-Junction,None,,,         ,Jedidayah,Merriweather,Clear,Angle,no,no,no,no,no,False
101432886,METROPOLITAN NASHVILLE POLICE DEPT,20160987973,Davidson,Nashville,11/6/2016 1:20:00 PM,2,0,0,36.044650,-86.659640,I24 E ENT RAMP,,,,0.00,Feet,East,I 24,,,,0.00,N,Not at Intersection, ,Entrance/Exit Ramp Related,None,,,         ,Jedidayah,Merriweather,Clear,Front to Rear,no,no,no,no,no,False
101432887,METROPOLITAN NASHVILLE POLICE DEPT,20160988101,Davidson,Nashville,11/6/2016 3:06:00 PM,2,2,0,36.045890,-86.675070,BELL RD,,,,222.00,Feet,West,BLUE HOLE RD,,,,0.00,N,Not at Intersection,N,"Driveway, Alley Access, etc",None,,,         ,Kevin,Keating,Clear,Angle,no,no,no,no,no,False
101432892,METROPOLITAN NASHVILLE POLICE DEPT,20160988003,Davidson,Nashville,11/6/2016 1:32:00 PM,3,0,0,36.088040,-86.705390,REISCHA SUE LN,,,,119.00,Feet,West,REISCHA DR,,,,0.00,N,Not at Intersection, ,Non-Junction,None,,,         ,Alyson,Cook,Clear,"Sideswipe, Same Direction",no,no,no,yes,yes,False
101432918,METROPOLITAN NASHVILLE POLICE DEPT,20160988077,Davidson,Nashville,11/6/2016 2:43:00 PM,2,0,0,36.074170,-86.921970,OLD HARDING PKE,,,,0.00,,,HIGHWAY 70S,,,,0.00,Y,OTHER,N,OtherLocation,None,,,         ,Benjamin,Spees,Clear,Rear to Rear,no,no,no,no,yes,False
101432926,METROPOLITAN NASHVILLE POLICE DEPT,20160988120,Davidson,Nashville,11/6/2016 2:50:00 PM,2,0,0,36.125810,-86.712730,EAST THOMPSON LN,,,,245.00,Feet,East,LAWNDALE DR,,,,0.00,N,Not at Intersection,N,Non-Junction,None,,,         ,Andrew,Mullen,Clear,Angle,no,no,no,no,no,False
101432941,METROPOLITAN NASHVILLE POLICE DEPT,20160988231,Davidson,Antioch,11/6/2016 4:21:00 PM,1,1,0,36.080980,-86.590000,SMITH SPRINGS RD,,,,754.00,Feet,West,WATERFORD WAY,,,,0.00,N,Not at Intersection,N,Non-Junction,None,,,         ,Larry,Preuett,Clear,Not Collision with Motor Vehicle in Transport,no,no,no,no,no,False
101432951,METROPOLITAN NASHVILLE POLICE DEPT,20160988269,Davidson,Nashville,11/6/2016 4:44:00 PM,2,0,0,36.159410,-86.780910,BROADWAY,,,,0.00,,,7TH AVN,,,,0.00,Y,Four-Way, ,Intersection,None,,,         ,Wesley,Feinstein,Clear,Front to Rear,no,no,no,no,no,False
101432956,METROPOLITAN NASHVILLE POLICE DEPT,20160988188,Davidson,Not in City Limit,11/6/2016 4:03:00 PM,1,1,0,36.000960,-86.691940,CHARBAY CIR,,,,246.00,Feet,South,CALISTOGA WAY,,,,0.00,N,Not at Intersection,N,Non-Junction,None,,,         ,Tamara,Zurawski,Clear,Not Collision with Motor Vehicle in Transport,yes,no,no,yes,no,False
101432961,METROPOLITAN NASHVILLE POLICE DEPT,20160988303,Davidson,Nashville,11/6/2016 5:08:00 PM,2,1,0,36.248940,-86.719720,GALLATIN PKES,,,,186.00,Feet,South,E PALESTINE AV,,,,0.00,N,Not at Intersection,N,Non-Junction,None,,,         ,Christopher,Littles,Clear,Angle,no,no,no,no,no,False
101432962,METROPOLITAN NASHVILLE POLICE DEPT,20160988305,Davidson,Nashville,11/6/2016 12:00:00 AM,2,0,0,36.140970,-86.718700,I 40,,,,0.00,,,,,,,213.70,N,Not at Intersection, ,Non-Junction,None,,,         ,Craig,Gentry,Clear,"Sideswipe, Same Direction",no,no,no,no,no,False
101432975,METROPOLITAN NASHVILLE POLICE DEPT,20160988371,Davidson,Nashville,11/6/2016 5:45:00 PM,2,1,0,36.043030,-86.842440,OLD HICKORY BLVD,,,,0.00,,,KINGSBURY DR,,,,0.00,Y,Four-Way,N,Non-Junction,None,,,         ,Miguel,Garcia,Clear,Front to Rear,no,no,no,no,no,False
101432987,METROPOLITAN NASHVILLE POLICE DEPT,20160988367,Davidson,Not in City Limit,11/6/2016 5:49:00 PM,1,0,0,36.321970,-86.906470,CLARKSVILLE PKE,,,,0.00,,,DOUGLAS RD,,,,0.00,Y,T-Intersection, ,Intersection-Related,None,,,         ,Brandon,Rardin,Clear,Not Collision with Motor Vehicle in Transport,no,no,no,no,no,False
101433018,METROPOLITAN NASHVILLE POLICE DEPT,20160988474,Davidson,Antioch,11/6/2016 7:15:00 PM,2,0,0,36.028490,-86.614080,OLD HICKORY BLVD,,,,770.00,Feet,South,LOGISTICS WAY,,,,0.00,N,Not at Intersection,N,Non-Junction,None,,,         ,Kevin,Keating,Clear,"Sideswipe, Same Direction",no,no,no,no,yes,False
101433027,METROPOLITAN NASHVILLE POLICE DEPT,20160988482,Davidson,Nashville,11/6/2016 7:18:00 PM,2,0,0,36.157980,-86.772640,KOREAN VETERANS BLVD,,,,0.00,,,2ND AVS,,,,0.00,Y,Four-Way, ,Intersection,None,,,         ,Brian,Woodard,Clear,Angle,no,no,no,no,no,False
101433044,METROPOLITAN NASHVILLE POLICE DEPT,20160988504,Davidson,Nashville,11/6/2016 7:10:00 PM,1,0,0,36.137180,-86.728250,I24 E EXT RAMP,,,,116.00,Feet,West,I 24,,,,0.00,N,Not at Intersection, ,Non-Junction,None,,,         ,Alyson,Cook,Clear,Not Collision with Motor Vehicle in Transport,no,no,no,no,no,False
101433046,METROPOLITAN NASHVILLE POLICE DEPT,20160988312,Davidson,Nashville,11/6/2016 12:00:00 AM,1,0,0,36.120140,-86.787910,KIRKWOOD AV,,,,238.00,Feet,West,10TH AVS,,,,0.00,N,Not at Intersection,N,Non-Junction,None,,,         ,Akira,McSwain,Clear,Not Collision with Motor Vehicle in Transport,no,no,no,no,no,False
101433050,METROPOLITAN NASHVILLE POLICE DEPT,20160988407,Davidson,Not in City Limit,11/6/2016 6:14:00 PM,2,0,0,36.264070,-86.690290,STATE RT 45,,,,0.00,,,MYATT DR,,,,0.00,Y,Four-Way, ,Intersection,None,,,         ,George,Oden,Clear,"Sideswipe, Same Direction",no,no,no,no,no,False
101433059,METROPOLITAN NASHVILLE POLICE DEPT,20160988372,Davidson,Nashville,11/6/2016 5:41:00 PM,2,0,0,36.142000,-86.712450,I 40,,,,0.00,,,,,,,214.10,N,Not at Intersection,N,Non-Junction,None,,,         ,Patrick,Taylor,Clear,Front to Rear,no,no,no,no,no,False
101433060,METROPOLITAN NASHVILLE POLICE DEPT,20160988390,Davidson,Nashville,11/6/2016 5:41:00 PM,2,0,0,36.142120,-86.711770,I 40,,,,0.00,,,,,,,214.10,N,Not at Intersection,N,Non-Junction,None,,,         ,Patrick,Taylor,Clear,Front to Rear,no,no,no,no,yes,False
101433066,METROPOLITAN NASHVILLE POLICE DEPT,20160988189,Davidson,Nashville,11/6/2016 4:04:00 PM,2,0,0,36.235300,-86.723830,BRILEY PKWY W EXT RAMP,,,,0.00,,,BRILEY PKWYW,,,,0.00,Y,OTHER,N,Entrance/Exit Ramp Related,None,,,         ,Christopher,Littles,Clear,Front to Rear,no,no,no,no,no,False
101433067,METROPOLITAN NASHVILLE POLICE DEPT,20160988203,Davidson,Not in City Limit,11/6/2016 2:20:00 PM,2,0,0,36.263560,-86.736260,I65 N EXT RAMP,,,,0.00,,,I65 N ENT RAMP,,,,0.00,Y,OTHER, ,,None,,,         ,Christopher,Littles,,,no,no,no,no,no,False
101433074,METROPOLITAN NASHVILLE POLICE DEPT,20160988600,Davidson,Nashville,11/6/2016 8:50:00 PM,2,0,0,36.219300,-86.873400,CATO RD,,,,0.00,,,JORDAN RIDGE DR,,,,0.00,Y,T-Intersection, ,Intersection-Related,None,,,         ,Kevin,Reynolds,Clear,Angle,no,no,no,no,no,False
101433095,METROPOLITAN NASHVILLE POLICE DEPT,20160988422,Davidson,Nashville,11/6/2016 6:38:00 PM,1,0,0,36.160800,-86.867880,VERNON AV,,,,699.00,Feet,North,BRILEY PKWYS,,,,0.00,N,Not at Intersection,N,Non-Junction,None,,,         ,Ethan,Usherwood,Clear,Not Collision with Motor Vehicle in Transport,no,no,no,no,no,False
101433101,METROPOLITAN NASHVILLE POLICE DEPT,20160988550,Davidson,Nashville,11/6/2016 7:38:00 PM,2,0,0,36.087120,-86.708000,PARAGON MILLS RD,,,,0.00,,,JEFFERY DR,,,,0.00,Y,Four-Way,N,Intersection,None,,,         ,Brandon,Vance,Clear,Angle,no,no,no,no,no,False
101433103,METROPOLITAN NASHVILLE POLICE DEPT,20160988559,Davidson,Goodlettsville,11/6/2016 8:15:00 PM,2,2,0,36.292390,-86.733730,CAMPBELL RD,,,,2.00,Feet,North,DICKERSON PKES,,,,0.00,N,Not at Intersection,N,Non-Junction,None,,,         ,Michael,Baron,Clear,Front to Rear,no,no,no,no,no,False
101433122,METROPOLITAN NASHVILLE POLICE DEPT,20160988694,Davidson,Goodlettsville,11/6/2016 7:28:00 PM,2,0,0,36.294920,-86.700940,GALLATIN PKEN,,,,0.00,,,RIVERGATE STATION PVTDR,,,,0.00,Y,Four-Way, ,Intersection,None,,,         ,Rodney,Phipps,Clear,Front to Rear,no,no,no,no,no,False
101433126,METROPOLITAN NASHVILLE POLICE DEPT,20160988711,Davidson,Nashville,11/6/2016 9:45:00 PM,3,0,0,36.145530,-86.752530,MURFREESBORO PKE,,,,0.00,Feet,,LESTER AV,,,,0.00,Y,T-Intersection, ,Intersection,None,,,         ,Alyson,Cook,Clear,Front to Rear,no,no,no,no,no,False
101433127,METROPOLITAN NASHVILLE POLICE DEPT,20160988610,Davidson,Nashville,11/6/2016 8:55:00 PM,2,1,0,36.066300,-86.774230,HOGAN RD,,,,0.00,,,FRANKLIN PKE,,,,0.00,Y,Four-Way,N,Intersection-Related,None,,,         ,Miguel,Garcia,Clear,Front to Rear,no,no,no,no,no,False
101433162,METROPOLITAN NASHVILLE POLICE DEPT,20160988883,Davidson,Nashville,11/6/2016 12:00:00 AM,1,2,0,36.073060,-86.693150,EZELL RD,,,,69.00,Feet,South,LINBAR DR,,,,0.00,N,Not at Intersection,N,Non-Junction,None,,,         ,Douglas,Sykes,Clear,Not Collision with Motor Vehicle in Transport,no,no,no,no,no,False
101433179,METROPOLITAN NASHVILLE POLICE DEPT,20160988815,Davidson,Nashville,11/6/2016 9:26:00 PM,1,0,0,36.176560,-86.798930,10TH AVN,,,,0.00,,,,,,,0.00,,,N,Non-Junction,None,,,         ,Raymond,Heymann,Clear,Not Collision with Motor Vehicle in Transport,no,no,no,yes,yes,False
101433244,METROPOLITAN NASHVILLE POLICE DEPT,20160989447,Davidson,Nashville,11/7/2016 5:40:00 AM,2,0,0,36.168910,-86.683760,LEBANON PKE,,,,39.00,Feet,West,THE CROSSINGS PVTDR,,,,0.00,N,Not at Intersection,N,Non-Junction,None,,,         ,Anthony,Russo,Clear,Angle,no,no,no,no,no,False
101433265,METROPOLITAN NASHVILLE POLICE DEPT,20160989205,Davidson,Not in City Limit,11/7/2016 2:54:00 AM,2,1,0,36.324430,-86.871580,I 24,,,,0.00,,,,,,,34.75,N,Not at Intersection,N,Non-Junction,None,,,         ,James,Murphy,Clear,"Sideswipe, Same Direction",no,no,no,no,no,False
101433267,METROPOLITAN NASHVILLE POLICE DEPT,20160989481,Davidson,Not in City Limit,11/7/2016 6:05:00 AM,1,1,0,36.368630,-86.888750,WHITES CREEK PKE,,,,159.00,Feet,South,LAIN HOLLOW RD,,,,0.00,N,Not at Intersection,N,Non-Junction,None,,,         ,Charles,Duke,Clear,Not Collision with Motor Vehicle in Transport,no,no,no,no,no,False
101433292,METROPOLITAN NASHVILLE POLICE DEPT,20160989659,Davidson,Nashville,11/7/2016 7:40:00 AM,2,0,0,36.148810,-86.666280,ELM HILL PKE,,,,0.00,,,DONELSON PKE,,,,0.00,Y,Four-Way,N,Intersection,None,,,         ,Michael,Dance,Clear,"Sideswipe, Same Direction",no,no,no,no,no,False
101433293,METROPOLITAN NASHVILLE POLICE DEPT,20160989616,Davidson,Nashville,11/7/2016 7:28:00 AM,2,0,0,36.039710,-86.762790,OLD HICKORY BLVD,,,,0.00,,,HEARTHSTONE LN,,,,0.00,Y,Four-Way, ,Intersection-Related,None,,,         ,Nathan,Kemp,Clear,Front to Rear,no,no,no,no,no,False
101433294,METROPOLITAN NASHVILLE POLICE DEPT,20160989666,Davidson,Nashville,11/7/2016 7:46:00 AM,2,0,0,36.113690,-86.807690,WOODMONT BLVD,,,,0.00,,,BENHAM AV,,,,0.00,Y,T-Intersection, ,,None,,,         ,Nathan,Kemp,,,no,no,no,no,no,False
101433298,METROPOLITAN NASHVILLE POLICE DEPT,20160989538,Davidson,Nashville,11/7/2016 6:54:00 AM,2,1,0,36.131880,-86.895530,CHARLOTTE PKE,,,,0.00,,,I40 E ENT RAMP,,,,0.00,Y,Four-Way,N,Entrance/Exit Ramp Related,None,,,         ,Charles,Boles,Clear,Angle,no,no,no,no,no,False
101433312,METROPOLITAN NASHVILLE POLICE DEPT,2016-0989526,Davidson,Nashville,11/7/2016 6:32:00 AM,2,1,0,36.044910,-86.667330,BELL RD,,,,63.00,Feet,West,CEDAR POINTE PKWY,,,,0.00,N,Not at Intersection,N,Non-Junction,None,,,         ,William,Whitworth,Clear,"Sideswipe, Same Direction",no,no,no,no,no,False
101433313,METROPOLITAN NASHVILLE POLICE DEPT,2016-0989732,Davidson,Nashville,11/7/2016 8:16:00 AM,2,0,0,36.046380,-86.660530,I24 W ENT RAMP,,,,0.00,,,I 24,,,,0.00,Y,Y-Intersection, ,Entrance/Exit Ramp Related,None,,,         ,William,Whitworth,Clear,Front to Rear,no,no,no,no,no,False
101433316,METROPOLITAN NASHVILLE POLICE DEPT,20160989670,Davidson,Goodlettsville,11/7/2016 7:50:00 AM,2,0,0,36.297100,-86.699010,GALLATIN PKEN,,,,82.00,Feet,North,RIVERGATE PKWY,,,,0.00,N,Not at Intersection,N,Non-Junction,None,,,         ,Joshua,Borum,Clear,Front to Rear,no,no,no,no,yes,False
101433338,METROPOLITAN NASHVILLE POLICE DEPT,20160989643,Davidson,Nashville,11/7/2016 6:30:00 AM,2,0,0,36.044530,-86.713160,NOLENSVILLE PKE,,,,105.00,Feet,North,BRENTWOOD EAST DR,,,,0.00,N,Not at Intersection,N,Non-Junction,None,,,         ,Kenneth,Alexandrow,Clear,Angle,no,no,no,no,no,False
101433343,GOODLETTSVILLE POLICE DEPT,16-38611,Davidson,Goodlettsville,11/7/2016 6:40:00 AM,2,0,0,36.295100,-86.707500,ALTA LOMA RD,,,,698.00,Feet,East,MONTICELLO AV,,,,0.00,N,Not at Intersection,N,Non-Junction,None,,,         ,John,Spencer,Clear,Front to Rear,no,no,no,no,no,False
101433351,METROPOLITAN NASHVILLE POLICE DEPT,20160989846,Davidson,Nashville,11/7/2016 9:09:00 AM,2,1,0,36.124990,-86.752200,NOLENSVILLE PKE,,,,0.00,,,ROSEDALE AV,,,,0.00,Y,T-Intersection,N,Intersection,None,,,         ,Nathan,Kemp,Clear,Angle,no,no,no,no,no,False
101433366,METROPOLITAN NASHVILLE POLICE DEPT,20160989860,Davidson,Nashville,11/7/2016 9:19:00 AM,2,0,0,36.187930,-86.794360,I 65,,,,0.00,,,,,,,85.45,N,Not at Intersection, ,Non-Junction,None,,,         ,Isaac,Wood,Clear,HeadOn,no,no,no,no,yes,False
101433368,METROPOLITAN NASHVILLE POLICE DEPT,20160989915,Davidson,Nashville,11/7/2016 9:31:00 AM,2,0,0,36.150030,-86.799390,TERRACE PL,,,,0.00,Feet,East,20TH AVS,,,,0.00,N,Not at Intersection,N,Non-Junction,None,,,         ,Nathan,Kemp,Clear,Rear to Side,no,no,no,no,no,Campus
101433371,METROPOLITAN NASHVILLE POLICE DEPT,20160989614,Davidson,Antioch,11/7/2016 7:13:00 AM,2,3,0,36.028620,-86.619620,OLD HICKORY,BLVD,SR171,,0.00,,,OLD HICKORY,BLVD,SR171,,0.00,Y,T-Intersection,N,Intersection,None,,,         ,Joseph,Smith,Clear,Angle,no,no,no,yes,no,False
101433374,METROPOLITAN NASHVILLE POLICE DEPT,20160989861,Davidson,Nashville,11/7/2016 9:07:00 AM,2,1,0,36.070740,-86.730410,WHISPERING HILLS DR,,,,0.00,,,ADAMWOOD DR,,,,0.00,Y,OTHER,Y,Intersection-Related,None,,,         ,William,Wright,Clear,"Sideswipe, Same Direction",no,no,no,no,no,False
101433375,METROPOLITAN NASHVILLE POLICE DEPT,20160989761,Davidson,Nashville,11/7/2016 8:15:00 AM,3,0,0,36.153010,-86.796000,WEST END AV,,,,0.00,,,18TH AVN,,,,0.00,Y,Four-Way, ,Intersection-Related,None,,,         ,Sean,Pulizzano,Clear,Rear to Rear,no,no,no,no,no,False
101433382,METROPOLITAN NASHVILLE POLICE DEPT,20160989885,Davidson,Nashville,11/7/2016 8:10:00 AM,3,0,0,36.169570,-86.757080,SHELBY AV,,,,261.00,Feet,East,S 7TH ST,,,,0.00,N,Not at Intersection, ,Non-Junction,None,,,         ,Richard,Conger,Clear,Front to Rear,no,no,no,no,yes,False
101433389,METROPOLITAN NASHVILLE POLICE DEPT,20160989928,Davidson,Not in City Limit,11/7/2016 9:53:00 AM,1,0,0,35.990550,-86.639770,BURKITT RD,,,,0.76,Miles,West,BATTLE RD,,,,0.00,N,Not at Intersection, ,Non-Junction,None,,,         ,Blake,Lutz,Clear,Not Collision with Motor Vehicle in Transport,no,no,no,no,no,False
101433400,METROPOLITAN NASHVILLE POLICE DEPT,20160989833,Davidson,Nashville,11/7/2016 8:37:00 AM,2,1,0,36.168250,-86.765780,I 24,,,,0.00,,,,,,,48.80,N,Not at Intersection,N,Non-Junction,None,,,         ,Seth,Quiles,Clear,Front to Rear,no,no,no,no,no,False
101433401,METROPOLITAN NASHVILLE POLICE DEPT,20160989665,Davidson,Nashville,11/7/2016 7:47:00 AM,2,1,0,36.190610,-86.745370,GALLATIN AV,,,,69.00,Feet,South,GREENWOOD AV,,,,0.00,N,Not at Intersection,N,Non-Junction,None,,,         ,Eric,Knight,Clear,Angle,no,no,no,no,no,False
101433403,METROPOLITAN NASHVILLE POLICE DEPT,20160989872,Davidson,Nashville,11/7/2016 9:12:00 AM,2,0,0,36.181030,-86.800020,I 65,,,,0.00,,,,,,,85.10,N,Not at Intersection, ,,None,,,         ,Darryl,Morton,,,no,no,no,no,no,False
101433404,METROPOLITAN NASHVILLE POLICE DEPT,20160989891,Davidson,Nashville,11/7/2016 9:33:00 AM,2,1,0,36.090960,-86.651100,MURFREESBORO PKE,,,,0.00,Feet,,BOROWOOD DR,,,,0.00,Y,T-Intersection,N,Intersection,None,,,         ,MIchael,Mihajlov,Clear,Front to Rear,no,no,no,no,no,False
101433419,METROPOLITAN NASHVILLE POLICE DEPT,20160989921,Davidson,Nashville,11/7/2016 10:26:00 AM,2,0,0,36.054120,-86.618730,MURFREESBORO PK,,US41,,0.00,,,MT. VIEW,RD,,,0.00,Y,Four-Way, ,Intersection,None,,,         ,Kevin,Caperton,Clear,Angle,no,no,no,no,no,False
101433420,METROPOLITAN NASHVILLE POLICE DEPT,2016-0989941,Davidson,Nashville,11/7/2016 10:03:00 AM,2,1,0,36.106210,-86.673060,MURFREESBORO PKE,,,,0.00,,,DONELSON PKE,,,,0.00,Y,Four-Way,N,Intersection,None,,,         ,William,Whitworth,Clear,Front to Rear,no,no,no,no,no,False
101433430,METROPOLITAN NASHVILLE POLICE DEPT,20160989917,Davidson,Nashville,11/7/2016 9:12:00 AM,1,0,0,36.151060,-86.666560,DONELSON PKE,,,,128.00,Feet,North,OLD ELM HILL PKE,,,,0.00,N,Not at Intersection, ,Non-Junction,None,,,         ,Cassandra,Del Bosco,Clear,Not Collision with Motor Vehicle in Transport,no,no,no,yes,no,False
101433452,METROPOLITAN NASHVILLE POLICE DEPT,20160989580,Davidson,Nashville,11/7/2016 7:10:00 AM,2,0,0,36.154690,-86.857660,BRILEY PKWYS,,,,282.00,Feet,North,BRILEY PKWYN,,,,0.00,N,Not at Intersection, ,Non-Junction,None,,,         ,Michael,Pyle,Clear,Front to Rear,no,no,no,no,no,False
101433457,METROPOLITAN NASHVILLE POLICE DEPT,20160990123,Davidson,Nashville,11/7/2016 11:32:00 AM,2,0,0,36.155650,-86.789720,14TH AVN,,,,0.00,,,BROADWAY,,,,0.00,Y,Four-Way, ,,None,,,         ,Nathan,Kemp,,,no,no,no,no,no,False
101433460,METROPOLITAN NASHVILLE POLICE DEPT,20160990125,Davidson,Nashville,11/7/2016 11:30:00 AM,2,1,0,36.145950,-86.666600,ROYAL PKWY,,,,0.00,,,DONELSON PKE,,,,0.00,Y,T-Intersection,N,Intersection,None,,,         ,MIchael,Mihajlov,Clear,Angle,no,no,no,no,no,False