master_record_number,agency,agency_tracking_number,county,city,collision_date,vehicles_involved,number_injured,number_dead,latitude,longitude,roadway_name,roadway_suffix,roadway_number,roadway_local_id,distance_from_reference,miles-feet_indicator,direction_from_reference,intersection_road_name,intersection_road_name_suffix,intersection_road_number,intersection_local_id,mile_marker,intersection_indicator,intersect_type,interchange_related_indicator,relation_to_junction,work_zone_type,construction_maintenance_zone,construction_maintenance_zone_location,fatal_case_number,officer_first_name,officer_last_name,weather_condition(s),manner_of_crash,pedestrian,bicycle,scooter,parking,hitrun,mou
101433461,METROPOLITAN NASHVILLE POLICE DEPT,20160990057,Davidson,Nashville,11/7/2016 10:53:00 AM,2,0,0,36.140020,-86.735890,MURFREESBORO PKE,,,,919.00,Feet,West,ARLINGTON AV,,,,0.00,N,Not at Intersection,N,Non-Junction,None,,,         ,Michael,Dance,Clear,Front to Rear,no,no,no,no,no,False
101433462,METROPOLITAN NASHVILLE POLICE DEPT,20160989896,Davidson,Nashville,11/7/2016 9:33:00 AM,5,1,0,36.141290,-86.716780,I 40,,,,0.00,,,,,,,213.80,N,Not at Intersection,N,Non-Junction,None,,,         ,Tyler,Adcock,Clear,Front to Rear,no,no,no,no,no,False
101433483,METROPOLITAN NASHVILLE POLICE DEPT,20160990317,Davidson,Nashville,11/7/2016 11:50:00 AM,2,0,0,36.165940,-86.766500,SHELBY,,,,1.00,Feet,South,,,,,0.10,N,Not at Intersection,N,"Driveway, Alley Access, etc",None,,,         ,Daniel,Russett,Clear,Angle,no,no,no,no,yes,False
101433493,METROPOLITAN NASHVILLE POLICE DEPT,20160989911,Davidson,Nashville,11/7/2016 9:35:00 AM,2,0,0,36.219720,-86.597600,WINDSOR CHASE WAY,,,,0.00,,,ANDREW JACKSON PKWY,,,,0.00,Y,T-Intersection, ,Non-Junction,None,,,         ,Scott,Toney,Clear,Front to Rear,no,no,no,no,no,False
101433494,METROPOLITAN NASHVILLE POLICE DEPT,20160990000,Davidson,Nashville,11/7/2016 9:45:00 AM,2,0,0,36.227710,-86.631160,CAPITAL ST,,,,55.00,Feet,East,CUMBERLAND AV,,,,0.00,N,Not at Intersection, ,Non-Junction,None,,,         ,Scott,Toney,Clear,Front to Rear,no,no,no,no,no,False
101433495,METROPOLITAN NASHVILLE POLICE DEPT,2016-0989610,Davidson,Nashville,11/7/2016 7:27:00 AM,3,0,0,36.247990,-86.743140,I65 S EXT RAMP,,,,0.00,Feet,East,I 65,,,,0.00,N,Not at Intersection,N,Non-Junction,None,,,         ,Arthur,Hipp,Clear,Front to Rear,no,no,no,no,no,False
101433499,METROPOLITAN NASHVILLE POLICE DEPT,20160989601,Davidson,Nashville,11/7/2016 7:21:00 AM,2,0,0,36.226960,-86.835900,CLARKSVILLE PKE,,,,66.00,Feet,South,BRILEY PKWY E EXT RAMP,,,,0.00,N,Not at Intersection,N,Non-Junction,None,,,         ,Carlos,angulo,Clear,"Sideswipe, Same Direction",no,no,no,no,yes,False
101433507,METROPOLITAN NASHVILLE POLICE DEPT,20160990240,Davidson,Nashville,11/7/2016 12:17:00 PM,2,0,0,36.148350,-86.875690,I 40,,,,0.00,,,,,,,202.90,N,Not at Intersection, ,,None,,,         ,Walter,Gray II,,,no,no,no,no,no,False
101433508,METROPOLITAN NASHVILLE POLICE DEPT,20160990283,Davidson,Nashville,11/7/2016 12:41:00 PM,3,0,0,36.114750,-86.786680,BATTLEFIELD DR,,,,0.00,,,LEALAND LN,,,,0.00,Y,Four-Way,N,Intersection,None,,,         ,Nathan,Kemp,Clear,Angle,no,no,no,no,no,False
101433542,METROPOLITAN NASHVILLE POLICE DEPT,20160990335,Davidson,Nashville,11/7/2016 1:04:00 PM,2,0,0,36.106210,-86.673060,MURFREESBORO PKE,,,,0.00,,,DONELSON PKE,,,,0.00,Y,Four-Way, ,,None,,,         ,MIchael,Mihajlov,,,no,no,no,no,no,False
101433556,METROPOLITAN NASHVILLE POLICE DEPT,20160990227,Davidson,Nashville,11/7/2016 12:20:00 PM,1,0,0,36.081270,-86.714920,HARDING PL,,,,70.00,Feet,East,HUMBER DR,,,,0.00,N,Not at Intersection,N,Non-Junction,None,,,         ,William,Waters,Clear,Not Collision with Motor Vehicle in Transport,no,no,no,no,no,False
101433559,BELLE MEADE POLICE DEPT,16-0304,Davidson,Belle Meade,11/3/2016 5:00:00 PM,2,0,0,36.120410,-86.852720,GARDNER DR,,,,227.00,Feet,South,HARDING PKE,,,,0.00,N,Not at Intersection, ,Non-Junction,None,,,         ,Dale,Corter,Clear,Angle,no,no,no,yes,no,False
101433565,METROPOLITAN NASHVILLE POLICE DEPT,20160990188,Davidson,Nashville,11/7/2016 12:05:00 PM,3,1,0,36.082590,-86.761570,SIDCO DR,,,,184.00,Feet,North,HARDING PL,,,,0.00,N,Not at Intersection,Y,Non-Junction,None,,,         ,Devin,Mabry,Clear,Front to Rear,no,no,no,no,no,False
101433587,METROPOLITAN NASHVILLE POLICE DEPT,20160990270,Davidson,Nashville,11/7/2016 12:38:00 PM,2,1,0,36.124990,-86.752200,NOLENSVILLE PKE,,,,0.00,,,ROSEDALE AV,,,,0.00,Y,T-Intersection,N,Intersection,None,,,         ,David,Simmonds,Clear,HeadOn,no,no,no,no,yes,False
101433626,METROPOLITAN NASHVILLE POLICE DEPT,20160990509,Davidson,Nashville,11/7/2016 1:43:00 PM,2,0,0,36.192020,-86.828550,CLARKSVILLE PKE,,,,184.00,Feet,East,CLIFF DR,,,,0.00,N,Not at Intersection,N,Non-Junction,None,,,         ,Nicholas,MacDougall,Clear,"Sideswipe, Same Direction",no,no,no,no,yes,False
101433640,METROPOLITAN NASHVILLE POLICE DEPT,20160990532,Davidson,Nashville,11/7/2016 2:29:00 PM,2,1,0,36.206630,-86.855770,ASHLAND CITY HWY,,,,0.00,,,HYDESDALE LN,,,,0.00,Y,T-Intersection,N,Intersection-Related,None,,,         ,Michael,Brooks,Clear,Front to Rear,no,no,no,no,no,False
101433641,METROPOLITAN NASHVILLE POLICE DEPT,20160990564,Davidson,Nashville,11/7/2016 1:50:00 PM,2,0,0,36.153570,-86.788410,14TH AVS,,,,0.00,,,DEMONBREUN ST,,,,0.00,Y,Four-Way, ,Intersection-Related,None,,,         ,Tien,Nguyen,Clear,Front to Rear,no,no,no,no,no,False
101433647,METROPOLITAN NASHVILLE POLICE DEPT,20160990430,Davidson,Nashville,11/7/2016 12:41:00 PM,2,0,0,36.164850,-86.819950,I40 W EXT RAMP,,,,0.00,,East,I 40,,,,0.00,N,Not at Intersection, ,Entrance/Exit Ramp Related,None,,,         ,Carlos,angulo,Clear,Front to Rear,no,no,no,no,no,False
101433649,METROPOLITAN NASHVILLE POLICE DEPT,2016-0990466,Davidson,Not in City Limit,11/7/2016 1:57:00 PM,2,0,0,36.264100,-86.736140,I65 N EXT RAMP,,,,0.00,,,I 65,,,,0.00,Y,T-Intersection, ,,None,,,         ,Samuel,Miller,,,no,no,no,no,no,False
101433660,METROPOLITAN NASHVILLE POLICE DEPT,20160990622,Davidson,Nashville,11/7/2016 1:21:00 PM,2,0,0,36.144600,-86.743470,ELM HILL PKE,,,,171.00,Feet,East,FESSLERS LN,,,,0.00,N,Not at Intersection, ,,None,,,         ,John,Daugherty,,,no,no,no,no,no,False
101433676,METROPOLITAN NASHVILLE POLICE DEPT,20160990541,Davidson,Nashville,11/7/2016 2:20:00 PM,3,3,0,36.181800,-86.641570,JACKSON DOWNS BLVD,,,,0.00,,,LEBANON PKE,,,,0.00,Y,Four-Way,Y,Intersection,None,,,         ,Brent,Hedgcoth,Clear,Front to Rear,no,no,no,no,no,False
101433678,METROPOLITAN NASHVILLE POLICE DEPT,2016-0990535,Davidson,Antioch,11/7/2016 2:30:00 PM,2,0,0,36.047980,-86.600260,HOBSON PKE,,,,490.00,Feet,South,PIN HOOK RD,,,,0.00,N,Not at Intersection,N,SharedUsePathOrTrail,None,,,         ,William,Whitworth,Clear,Not Collision with Motor Vehicle in Transport,no,no,no,no,no,False
101433679,VANDERBILT UNIVERSITY POLICE,16-0990651,Davidson,Nashville,11/7/2016 3:15:00 PM,2,0,0,36.139360,-86.803220,CHILDRENS WAY,,,,468.00,Feet,West,22ND AVE S,,,,0.00,,Not at Intersection, ,,None,,,         ,John,Oliver,,,no,no,no,yes,no,Campus
101433694,METROPOLITAN NASHVILLE POLICE DEPT,20160990782,Davidson,Not in City Limit,11/7/2016 4:05:00 PM,1,0,0,36.105170,-86.944130,CHARLOTTE PKE,,,,1604.00,Feet,West,FORREST VALLEY DR,,,,0.00,N,Not at Intersection,N,Non-Junction,None,,,         ,Walter,Gray II,Clear,Not Collision with Motor Vehicle in Transport,no,no,no,no,no,False
101433696,METROPOLITAN NASHVILLE POLICE DEPT,20160990721,Davidson,Nashville,11/7/2016 12:00:00 AM,3,0,0,36.193260,-86.751590,CLINE AV,,,,18.00,Feet,South,DOUGLAS AV,,,,0.00,N,Not at Intersection, ,Non-Junction,None,,,         ,Gordon,Stovall,Cloudy,Front to Rear,no,no,no,no,yes,False
101433697,METROPOLITAN NASHVILLE POLICE DEPT,20160990825,Davidson,Nashville,11/7/2016 4:18:00 PM,2,0,0,36.181220,-86.799940,I 65,,,,0.00,,,,,,,85.10,N,Not at Intersection,N,Non-Junction,None,,,         ,Michael,Brooks,Cloudy,Front to Rear,no,no,no,no,yes,False
101433718,METROPOLITAN NASHVILLE POLICE DEPT,20160990817,Davidson,Nashville,11/7/2016 4:14:00 PM,2,1,0,36.061350,-86.909960,HIGHWAY 100,,,,290.00,Feet,East,WARNER NATURE CTR PVTDR,,,,0.00,N,Not at Intersection,N,Non-Junction,None,,,         ,Brandon,Pedigo,Clear,Front to Rear,no,no,no,no,no,False
101433720,METROPOLITAN NASHVILLE POLICE DEPT,20160990873,Davidson,Nashville,11/7/2016 4:34:00 PM,2,1,0,36.114940,-86.918050,I 40,,,,0.00,,,,,,,199.60,N,Not at Intersection,N,Non-Junction,None,,,         ,Adam,Reese,Cloudy,Front to Rear,no,no,no,no,no,False
101433733,METROPOLITAN NASHVILLE POLICE DEPT,20160991003,Davidson,Nashville,11/7/2016 4:50:00 PM,2,0,0,36.108920,-86.728370,SOUTHLAKE DR,,,,0.00,,,,,,,0.00,,, ,Non-Junction,None,,,         ,Benjamin,Froehlich,Clear,Front to Rear,no,no,no,no,no,False
101433736,METROPOLITAN NASHVILLE POLICE DEPT,20160990979,Davidson,Nashville,11/7/2016 5:13:00 PM,2,0,0,36.145050,-86.777440,I 65,,,,0.00,,,,,,,82.15,N,Not at Intersection,N,Non-Junction,None,,,         ,Edin,Plancic,Clear,Front to Rear,no,no,no,no,no,False
101433738,METROPOLITAN NASHVILLE POLICE DEPT,20160991022,Davidson,Nashville,11/7/2016 5:02:00 PM,2,1,0,36.187070,-86.769450,CLEVELAND ST,,,,0.00,Feet,,STOCKELL ST,,,,0.00,Y,T-Intersection,N,Intersection,None,,,         ,Terence,Maahs,Clear,Angle,no,no,no,no,no,False
101433739,METROPOLITAN NASHVILLE POLICE DEPT,20160990990,Davidson,Nashville,11/7/2016 5:15:00 PM,1,1,0,36.227840,-86.810630,WHITES CREEK PKE,,,,1580.00,Feet,North,AUGUSTA DR,,,,0.00,N,Not at Intersection,N,Non-Junction,None,,,         ,Kenneth,Oneal,Clear,Not Collision with Motor Vehicle in Transport,no,no,no,no,no,False
101433744,METROPOLITAN NASHVILLE POLICE DEPT,20160991163,Davidson,Nashville,11/7/2016 6:11:00 PM,2,0,0,36.075920,-86.767890,I 65,,,,0.00,,,,,,,77.35,N,Not at Intersection, ,Non-Junction,None,,,         ,Miguel,Garcia,Clear,Front to Rear,no,no,no,no,no,False
101433745,METROPOLITAN NASHVILLE POLICE DEPT,20160990940,Davidson,Nashville,11/7/2016 4:57:00 PM,2,1,0,36.187160,-86.756560,ELLINGTON PKWYN,,,,321.00,Feet,East,ELLINGTON PKWYS,,,,0.00,N,Not at Intersection,N,Non-Junction,None,,,         ,Christopher,Valdez,Clear,Front to Rear,no,no,no,no,no,False
101433754,METROPOLITAN NASHVILLE POLICE DEPT,2016-0990941,Davidson,Nashville,11/7/2016 4:43:00 PM,2,0,0,36.078340,-86.805750,GRANNY WHITE PKE,,,,50.00,Feet,South,OVERTON LEA RD,,,,0.00,N,Not at Intersection, ,Non-Junction,None,,,         ,William,King,Clear,Not Collision with Motor Vehicle in Transport,no,no,no,no,no,False
101433761,METROPOLITAN NASHVILLE POLICE DEPT,20160991019,Davidson,Nashville,11/7/2016 5:13:00 PM,2,1,0,36.026900,-86.680830,OLD HICKORY BLVD,,,,0.00,,,PETTUS RD,,,,0.00,Y,T-Intersection,N,Intersection,None,,,         ,Kevin,Keating,Clear,Angle,no,no,no,no,no,False
101433762,METROPOLITAN NASHVILLE POLICE DEPT,20160991138,Davidson,Not in City Limit,11/7/2016 6:04:00 PM,2,2,0,36.114960,-86.925760,CHARLOTTE PKE,,,,48.00,Feet,East,SAWYER BROWN RD,,,,0.00,N,Not at Intersection,N,Non-Junction,None,,,         ,Brandon,Pedigo,Clear,Front to Rear,no,no,no,no,no,False
101433766,METROPOLITAN NASHVILLE POLICE DEPT,20160990902,Davidson,Nashville,11/7/2016 4:45:00 PM,2,0,0,36.080880,-86.697020,I 24,,,,0.00,,,,,,,56.10,N,Not at Intersection,N,Non-Junction,None,,,         ,Nakia,Reid,Clear,Front to Rear,no,no,no,no,yes,False
101433772,METROPOLITAN NASHVILLE POLICE DEPT,20160990864,Davidson,Nashville,11/7/2016 4:28:00 PM,2,1,0,36.160510,-86.801870,DR D B TODD JR BLVD,,,,0.00,Feet,,JO JOHNSTON AV,,,,0.00,Y,Four-Way,N,Intersection,None,,,         ,Jessica,Johnson,Clear,Angle,no,no,no,no,no,False
101433781,METROPOLITAN NASHVILLE POLICE DEPT,20160990854,Davidson,Goodlettsville,11/7/2016 4:28:00 PM,1,0,0,36.300050,-86.694420,SHEPHERD HILLS DR,,,,290.00,Feet,South,GALLATIN PKEN,,,,0.00,N,Not at Intersection,N,Non-Junction,None,,,         ,Samuel,Miller,Clear,Not Collision with Motor Vehicle in Transport,no,no,no,no,yes,False
101433782,METROPOLITAN NASHVILLE POLICE DEPT,20160991192,Davidson,Goodlettsville,11/7/2016 6:30:00 PM,3,1,0,36.294440,-86.717650,I 65,,,,0.00,,,,,,,94.65,N,Not at Intersection,N,Non-Junction,None,,,         ,Samuel,Miller,Clear,Front to Rear,no,no,no,no,yes,False
101433783,METROPOLITAN NASHVILLE POLICE DEPT,20160991034,Davidson,Nashville,11/7/2016 5:30:00 PM,3,1,0,36.072870,-86.637130,MURFREESBORO PKE,,,,458.00,Feet,North,BELL RD,,,,0.00,N,Not at Intersection,N,Non-Junction,None,,,         ,Candice,Soper,Clear,Front to Rear,no,no,no,no,no,False
101433787,METROPOLITAN NASHVILLE POLICE DEPT,20160991053,Davidson,Nashville,11/7/2016 5:25:00 PM,2,1,0,36.128900,-86.772790,I 65,,,,0.00,,,,,,,81.00,N,Not at Intersection,N,Non-Junction,None,,,         ,Conner,Harris,Clear,Front to Rear,no,no,no,no,yes,False
101433793,METROPOLITAN NASHVILLE POLICE DEPT,20160991240,Davidson,Nashville,11/7/2016 6:51:00 PM,2,0,0,36.181800,-86.641570,JACKSON DOWNS BLVD,,,,0.00,,,LEBANON PKE,,,,0.00,Y,Four-Way, ,Intersection,None,,,         ,Brent,Hedgcoth,Clear,Front to Rear,no,no,no,no,no,False
101433795,METROPOLITAN NASHVILLE POLICE DEPT,20160991245,Davidson,Nashville,11/7/2016 6:51:00 PM,2,0,0,36.206130,-86.771660,W TRINITY LN,,,,167.00,Feet,West,LUCAS LN,,,,0.00,N,Not at Intersection, ,Non-Junction,None,,,         ,Terence,Maahs,Clear,Angle,no,no,no,no,no,False
101433799,METROPOLITAN NASHVILLE POLICE DEPT,20160991227,Davidson,Nashville,11/7/2016 7:29:00 PM,3,0,0,36.148460,-86.780820,I 40,,,,0.00,,,,,,,209.80,N,Not at Intersection, ,Non-Junction,None,,,         ,Edin,Plancic,Clear,Front to Rear,no,no,no,no,yes,False
101433808,METROPOLITAN NASHVILLE POLICE DEPT,20160991271,Davidson,Nashville,11/7/2016 7:02:00 PM,2,0,0,36.154450,-86.842330,46TH AVN,,,,0.00,Feet,,DELAWARE AV,,,,0.00,Y,Four-Way,Y,Non-Junction,None,,,         ,Ethan,Usherwood,Clear,Angle,no,no,no,no,yes,False
101433814,METROPOLITAN NASHVILLE POLICE DEPT,20160991220,Davidson,Nashville,11/7/2016 5:51:00 PM,3,0,0,36.091580,-86.630190,SMITH SPRINGS RD,,,,1184.00,Feet,West,BELL RD,,,,0.00,N,Not at Intersection, ,Non-Junction,None,,,         ,Patrick,Taylor,Clear,Front to Rear,no,no,no,no,no,False
101433815,METROPOLITAN NASHVILLE POLICE DEPT,20160991253,Davidson,Nashville,11/7/2016 6:40:00 PM,2,0,0,36.152670,-86.787400,I 40,,,,0.00,,,,,,,209.40,N,Not at Intersection,N,Non-Junction,None,,,         ,Dontaveous,Eubanks,Clear,Front to Rear,no,no,no,no,yes,False
101433840,METROPOLITAN NASHVILLE POLICE DEPT,20160990869,Davidson,Nashville,11/7/2016 4:32:00 PM,1,1,0,36.156090,-86.792640,HAYES ST,,,,290.00,Feet,West,15TH AVN,,,,0.00,N,Not at Intersection,N,Non-Junction,None,,,         ,Tien,Nguyen,Clear,Not Collision with Motor Vehicle in Transport,no,no,no,no,no,False
101433842,METROPOLITAN NASHVILLE POLICE DEPT,20160991038,Davidson,Nashville,11/7/2016 4:50:00 PM,2,0,0,36.113290,-86.772400,I 65,,,,0.00,,,,,,,80.00,N,Not at Intersection, ,Entrance/Exit Ramp Related,None,,,         ,Emily,Mulready,Clear,Front to Rear,no,no,no,no,no,False
101433844,METROPOLITAN NASHVILLE POLICE DEPT,20160991143,Davidson,Nashville,11/7/2016 5:39:00 PM,2,0,0,36.152330,-86.754050,I 40,,,,0.00,,,,,,,211.35,N,Not at Intersection, ,Non-Junction,None,,,         ,Dontaveous,Eubanks,Clear,Front to Rear,no,no,no,no,no,False
101433853,METROPOLITAN NASHVILLE POLICE DEPT,20160991468,Davidson,Nashville,11/7/2016 7:10:00 PM,2,0,0,36.176600,-86.678710,MCGAVOCK PKE,,,,0.00,,,MAPLECREST DR,,,,0.00,Y,T-Intersection, ,Non-Junction,None,,,         ,Brent,Hedgcoth,Clear,Front to Rear,no,no,no,no,no,False
101433875,METROPOLITAN NASHVILLE POLICE DEPT,2016-0991254,Davidson,Nashville,11/7/2016 6:56:00 PM,2,3,0,36.039340,-86.785660,FRANKLIN PKE,,,,0.00,,,FRANKLIN PIKE CIR,,,,0.00,Y,Four-Way,N,Intersection,None,,,         ,William,King,Clear,Angle,no,no,no,no,no,False
101433911,METROPOLITAN NASHVILLE POLICE DEPT,20160991537,Davidson,Nashville,11/7/2016 8:22:00 PM,2,0,0,36.072130,-86.732890,EDMONDSON PKE,,,,0.00,,,BLACKMAN RD,,,,0.00,Y,Four-Way, ,Non-Junction,None,,,         ,Miguel,Garcia,Clear,Front to Rear,no,no,no,no,yes,False
101433915,METROPOLITAN NASHVILLE POLICE DEPT,20160991554,Davidson,Nashville,11/7/2016 8:55:00 PM,2,1,0,36.063440,-86.637580,RICE RD,,,,71.00,Feet,West,BELL RD,,,,0.00,N,Not at Intersection,N,Non-Junction,None,,,         ,Richard,Olive,Clear,HeadOn,no,no,no,no,no,False
101433922,METROPOLITAN NASHVILLE POLICE DEPT,20160991048,Davidson,Antioch,11/7/2016 5:30:00 PM,2,0,0,36.027110,-86.615250,OLD HICKORY BLVD,,,,1384.00,Feet,South,LOGISTICS WAY,,,,0.00,N,Not at Intersection, ,Non-Junction,None,,,         ,William,McDaniel,Clear,Front to Rear,no,no,no,no,no,False
101433934,METROPOLITAN NASHVILLE POLICE DEPT,20160991198,Davidson,Nashville,11/7/2016 6:25:00 PM,3,3,0,36.040470,-86.770070,OLD HICKORY BLVD,,,,298.00,Feet,East,SEVEN SPRINGS WAY PVTDR,,,,0.00,N,Not at Intersection,N,Non-Junction,None,,,         ,Eric,Thomas,Clear,Front to Rear,no,no,no,no,no,False
101433942,METROPOLITAN NASHVILLE POLICE DEPT,20160991647,Davidson,Nashville,11/7/2016 12:00:00 AM,1,0,0,36.208100,-86.789600,W TRINITY LN,,,,226.00,Feet,West,OLD MATTHEWS RD,,,,0.00,N,Not at Intersection,N,Non-Junction,None,,,         ,Melvin,Taylor,Clear,Not Collision with Motor Vehicle in Transport,no,no,no,no,no,False
101433964,METROPOLITAN NASHVILLE POLICE DEPT,20160991828,Davidson,Nashville,11/7/2016 11:06:00 PM,2,0,0,36.232140,-86.750910,WALTON LN,,,,29.00,Feet,North,MAPLEWOOD TRC,,,,0.00,N,Not at Intersection, ,Non-Junction,None,,,         ,Steven,Henry Jr.,Clear,Angle,no,no,no,no,no,False
101433972,METROPOLITAN NASHVILLE POLICE DEPT,20160991787,Davidson,Nashville,11/7/2016 10:45:00 PM,2,0,0,36.146970,-86.808360,WEST END AV,,,,0.00,,,25TH AVS,,,,0.00,Y,Four-Way, ,,None,,,         ,Jose,Salazar,,,no,no,no,no,no,Campus
101433983,METROPOLITAN NASHVILLE POLICE DEPT,20160991839,Davidson,Nashville,11/7/2016 10:11:00 PM,2,0,0,36.145950,-86.666600,ROYAL PKWY,,,,0.00,,,DONELSON PKE,,,,0.00,Y,Four-Way,N,Intersection,None,,,         ,Joseph,Zambardi,Clear,Angle,no,no,no,no,no,False
101433991,METROPOLITAN NASHVILLE POLICE DEPT,20160991956,Davidson,Not in City Limit,11/7/2016 11:45:00 PM,1,0,0,36.197580,-86.970460,RIVER ROAD PKE,,,,16.00,Feet,West,OLD RIVER RD,,,,0.00,N,Not at Intersection,N,Non-Junction,None,,,         ,Edward,Holden,Clear,Not Collision with Motor Vehicle in Transport,no,no,no,no,no,False
101434001,METROPOLITAN NASHVILLE POLICE DEPT,20160991637,Davidson,Nashville,11/7/2016 9:45:00 PM,1,1,0,36.238260,-86.780920,BRICK CHURCH PKE,,,,0.00,,,BRILEY PKWYE,,,,0.00,Y,Roundabout,N,Entrance/Exit Ramp Related,None,,,         ,Ryan,Kozlowski,Clear,Not Collision with Motor Vehicle in Transport,no,no,no,no,yes,False
101434004,METROPOLITAN NASHVILLE POLICE DEPT,20160992242,Davidson,Nashville,11/8/2016 2:14:00 AM,1,0,0,36.046260,-86.657620,BELL RD,,,,128.00,Feet,East,COLLINS PARK DR,,,,0.00,N,Not at Intersection,N,Non-Junction,None,,,         ,Daniel,Garrett,Clear,Not Collision with Motor Vehicle in Transport,no,no,no,no,no,False
101434007,METROPOLITAN NASHVILLE POLICE DEPT,20160992193,Davidson,Nashville,11/8/2016 1:30:00 AM,1,1,0,36.155040,-86.771930,3RD AVS,,,,28.00,Feet,South,LEA AV,,,,0.00,N,Not at Intersection,N,OtherLocation,None,,,         ,John,Anderson,Clear,Not Collision with Motor Vehicle in Transport,no,no,no,no,no,False
101434020,METROPOLITAN NASHVILLE POLICE DEPT,2016-0992175,Davidson,Nashville,11/8/2016 1:33:00 AM,1,0,0,36.218090,-86.806130,MOORMANS ARM RD,,,,504.00,Feet,East,SHREEVE LN,,,,0.00,N,Not at Intersection,N,Non-Junction,None,,,         ,Anthony,Cavis,Clear,Not Collision with Motor Vehicle in Transport,no,no,no,no,yes,False
101434025,METROPOLITAN NASHVILLE POLICE DEPT,20160992180,Davidson,Nashville,11/8/2016 12:00:00 AM,1,0,0,36.062230,-86.904840,HIGHWAY 100,,,,71.00,Feet,West,OLD HICKORY BLVD,,,,0.00,N,Not at Intersection,N,Non-Junction,None,,,         ,Terrance,Stuckey,Clear,Not Collision with Motor Vehicle in Transport,no,no,no,no,no,False
101434069,METROPOLITAN NASHVILLE POLICE DEPT,20160992696,Davidson,Nashville,11/8/2016 6:01:00 AM,2,0,0,36.176950,-86.771970,I24 W EXT RAMP,,,,0.00,Feet,East,I 24,,,,0.00,N,Not at Intersection,N,Non-Junction,None,,,         ,Steven,Henry Jr.,Clear,Front to Rear,no,no,no,no,no,False
101434070,BERRY HILL POLICE DEPT,16-3915,Davidson,Berry Hill,11/7/2016 12:02:00 PM,1,0,0,36.118820,-86.766280,BERRYWOOD DR,,,,85.00,Feet,West,BRANSFORD AV,,,,0.00,N,Not at Intersection, ,Non-Junction,None,,,         ,Ray,Ferguson,Clear,Not Collision with Motor Vehicle in Transport,no,no,no,no,no,False
101434105,METROPOLITAN NASHVILLE POLICE DEPT,2016-0992795,Davidson,Nashville,11/8/2016 6:52:00 AM,2,0,0,36.129810,-86.727410,I24E,,,,237.00,Feet,North,I24 W EXT RAMP,,,,0.00,N,Not at Intersection, ,Entrance/Exit Ramp Related,None,,,         ,William,Whitworth,Cloudy,Front to Rear,no,no,no,no,no,False
101434107,METROPOLITAN NASHVILLE POLICE DEPT,20160992685,Davidson,Nashville,11/8/2016 5:56:00 AM,1,1,0,36.106660,-86.638600,AIRPARK COMMERCE DR,,,,1224.00,Feet,East,AIRPARK CENTERE,,,,0.00,N,Not at Intersection,N,Non-Junction,None,,,         ,Robert,Fondren,Cloudy,Not Collision with Motor Vehicle in Transport,no,no,no,no,no,False
101434112,METROPOLITAN NASHVILLE POLICE DEPT,20160992852,Davidson,Nashville,11/8/2016 6:20:00 AM,2,0,0,36.089260,-86.617070,SMITH SPRINGS RD,,,,0.00,,,BUTLER RD,,,,0.00,Y,T-Intersection, ,Intersection-Related,None,,,         ,Kimberly,Annson,Clear,Angle,no,no,no,no,no,False
101434115,METROPOLITAN NASHVILLE POLICE DEPT,20160992870,Davidson,Nashville,11/8/2016 7:15:00 AM,2,0,0,36.183120,-86.610010,OLD HICKORY BLVD,,,,259.00,Feet,East,DODSON CHAPEL RD,,,,0.00,N,Not at Intersection, ,Non-Junction,None,,,         ,Scott,Toney,,Front to Rear,no,no,no,no,no,False
101434118,METROPOLITAN NASHVILLE POLICE DEPT,20160992770,Davidson,Nashville,11/8/2016 6:41:00 AM,1,0,0,36.077390,-86.766330,I 65,,,,0.00,,,,,,,77.50,N,Not at Intersection,N,Non-Junction,Unknown,Unknown,Unknown,         ,David,Boone,Cloudy,Not Collision with Motor Vehicle in Transport,no,no,no,no,no,False
101434123,METROPOLITAN NASHVILLE POLICE DEPT,20160992784,Davidson,Nashville,11/8/2016 6:06:00 AM,2,0,0,36.124410,-86.737170,I 440,,,,0.00,,,,,,,7.00,N,Not at Intersection, ,Non-Junction,None,,,         ,Todd,Watson,Clear,Angle,no,no,no,no,no,False
101434126,METROPOLITAN NASHVILLE POLICE DEPT,20160992788,Davidson,Nashville,11/8/2016 6:50:00 AM,2,1,0,36.045300,-86.701680,BELL RD,,,,0.00,,,OLD HICKORY BLVD,,,,0.00,Y,Four-Way,N,Intersection,None,,,         ,Randall,Combs,Cloudy,Front to Rear,no,no,no,no,no,False
101434129,METROPOLITAN NASHVILLE POLICE DEPT,20160993031,Davidson,Nashville,11/8/2016 8:16:00 AM,2,0,0,36.133540,-86.696910,BRILEY PKWYS,,,,189.00,Feet,North,BRILEY PKWYN,,,,0.00,N,Not at Intersection, ,Non-Junction,None,,,         ,MIchael,Mihajlov,Cloudy,"Sideswipe, Same Direction",no,no,no,no,no,False
101434138,METROPOLITAN NASHVILLE POLICE DEPT,20160992676,Davidson,Nashville,11/8/2016 5:53:00 AM,9,0,0,36.199830,-86.776610,I 65,,,,0.00,,,,,,,86.85,N,Not at Intersection,N,Non-Junction,None,,,         ,Anthony,Cavis,Clear,Front to Rear,no,no,no,no,no,False