master_record_number,agency,agency_tracking_number,county,city,collision_date,vehicles_involved,number_injured,number_dead,latitude,longitude,roadway_name,roadway_suffix,roadway_number,roadway_local_id,distance_from_reference,miles-feet_indicator,direction_from_reference,intersection_road_name,intersection_road_name_suffix,intersection_road_number,intersection_local_id,mile_marker,intersection_indicator,intersect_type,interchange_related_indicator,relation_to_junction,work_zone_type,construction_maintenance_zone,construction_maintenance_zone_location,fatal_case_number,officer_first_name,officer_last_name,weather_condition(s),manner_of_crash,pedestrian,bicycle,scooter,parking,hitrun,mou
101439771,VANDERBILT UNIVERSITY POLICE,16-1012495,Davidson,Nashville,11/14/2016 2:08:00 PM,2,0,0,36.146830,-86.808270,25TH AVS,,,,61.00,Feet,South,WEST END AV,,,,0.00,N,Not at Intersection, ,"Driveway, Alley Access, etc",None,,,         ,Gregory,Blocker,Clear,Angle,no,no,no,no,no,Campus
101439792,METROPOLITAN NASHVILLE POLICE DEPT,20161012521,Davidson,Nashville,11/14/2016 2:28:00 PM,2,2,0,36.163920,-86.689120,BRILEY PKWYN,,,,314.00,Feet,South,BRILEY PKWYS,,,,0.00,N,Not at Intersection,N,Non-Junction,None,,,         ,James,Curtis,Clear,Front to Rear,no,no,no,no,no,False
101439806,METROPOLITAN NASHVILLE POLICE DEPT,20161012527,Davidson,Nashville,11/14/2016 2:32:00 PM,2,1,0,36.169200,-86.861920,CENTENNIAL BLVD,,,,50.00,Feet,East,LINDER INDUSTRIAL DR,,,,0.00,N,Not at Intersection,N,Non-Junction,None,,,         ,Walter,Gray II,Clear,Front to Rear,no,no,no,no,no,False
101439809,METROPOLITAN NASHVILLE POLICE DEPT,20161012588,Davidson,Nashville,11/14/2016 2:58:00 PM,2,0,0,36.160670,-86.849010,51ST AVN,,,,102.00,Feet,South,TENNESSEE AV,,,,0.00,N,Not at Intersection, ,Non-Junction,None,,,         ,Barrett,Teague,Clear,"Sideswipe, Same Direction",no,no,no,no,no,False
101439815,GOODLETTSVILLE POLICE DEPT,16-39570,Davidson,Goodlettsville,11/14/2016 3:16:00 PM,2,0,0,36.323270,-86.707610,CARTWRIGHT ST,,,,63.00,Feet,North,LONG HOLLOW PKE,,,,0.00,N,Not at Intersection, ,Non-Junction,None,,,         ,Jeremy,Baker,Clear,Front to Rear,no,no,no,no,no,False
101439824,METROPOLITAN NASHVILLE POLICE DEPT,20161012703,Davidson,Nashville,11/14/2016 3:27:00 PM,2,0,0,36.158960,-86.791080,GEORGE L DAVIS BLVD,,,,242.00,Feet,North,I40 W ENT RAMP,,,,0.00,N,Not at Intersection, ,Non-Junction,None,,,         ,Joshua,Hausman,Clear,"Sideswipe, Same Direction",no,no,no,no,no,False
101439825,METROPOLITAN NASHVILLE POLICE DEPT,20161012777,Davidson,Nashville,11/14/2016 4:07:00 PM,2,0,0,36.193670,-86.807030,ROSA L PARKS BLVD,,,,0.00,,,GREAT CIRCLE RD,,,,0.00,Y,Four-Way, ,,None,,,         ,Michael,Brooks,,,no,no,no,no,no,False
101439839,METROPOLITAN NASHVILLE POLICE DEPT,20161012790,Davidson,Nashville,11/14/2016 3:54:00 PM,2,0,0,36.137140,-86.727410,MURFREESBORO PKE,,,,78.00,Feet,East,I24 E EXT RAMP,,,,0.00,N,Not at Intersection, ,,None,,,         ,Brandon,Vance,,,no,no,no,no,no,False
101439843,METROPOLITAN NASHVILLE POLICE DEPT,20161012793,Davidson,Nashville,11/14/2016 4:13:00 PM,2,2,0,36.081500,-86.726920,NOLENSVILLE PKE,,,,415.00,Feet,South,WELSHWOOD DR,,,,0.00,N,Not at Intersection,N,Non-Junction,None,,,         ,Miguel,Garcia,Clear,Angle,no,no,no,no,no,False
101439845,METROPOLITAN NASHVILLE POLICE DEPT,20161012773,Davidson,Nashville,11/14/2016 3:20:00 PM,2,0,0,36.137440,-86.799370,WEDGEWOOD AV,,,,411.00,Feet,East,21ST AVS,,,,0.00,N,Not at Intersection, ,Non-Junction,None,,,         ,Eric,Burford,Clear,Front to Rear,no,no,no,no,no,Campus
101439862,METROPOLITAN NASHVILLE POLICE DEPT,20161012216,Davidson,Nashville,11/14/2016 12:29:00 PM,1,0,0,36.109690,-86.712130,WILDVIEW DR,,,,34.00,Feet,West,DRUMMOND DR,,,,0.00,N,Not at Intersection,N,Non-Junction,None,,,         ,Jessie,Meadows,Clear,Not Collision with Motor Vehicle in Transport,no,no,no,no,yes,False
101439865,METROPOLITAN NASHVILLE POLICE DEPT,20161013005,Davidson,Nashville,11/14/2016 4:21:00 PM,2,0,0,36.081280,-86.759080,HARDING PL,,,,222.00,Feet,West,TROUSDALE DR,,,,0.00,N,Not at Intersection, ,Non-Junction,None,,,         ,Miguel,Garcia,Clear,Angle,no,no,no,no,no,False
101439874,METROPOLITAN NASHVILLE POLICE DEPT,20161012929,Davidson,Nashville,11/14/2016 5:00:00 PM,3,1,0,36.105570,-86.767270,I 65,,,,0.00,,,,,,,79.45,N,Not at Intersection,N,Non-Junction,None,,,         ,Tien,Nguyen,Clear,Front to Rear,no,no,no,no,no,False
101439877,METROPOLITAN NASHVILLE POLICE DEPT,20161012897,Davidson,Nashville,11/14/2016 4:52:00 PM,2,0,0,36.223230,-86.805890,LANE DR,,,,0.00,Feet,West,WHITES CREEK PKE,,,,0.00,N,Not at Intersection, ,Non-Junction,None,,,         ,Thomas,Burns,Clear,Front to Rear,no,no,no,no,no,False
101439883,METROPOLITAN NASHVILLE POLICE DEPT,20161012736,Davidson,Nashville,11/14/2016 3:45:00 PM,3,1,0,36.145560,-86.752640,MURFREESBORO PKE,,,,0.00,,,LESTER AV,,,,0.00,Y,T-Intersection,Y,Intersection,None,,,         ,Jeffrey,Livingston,Clear,Front to Rear,no,no,no,no,no,False
101439886,METROPOLITAN NASHVILLE POLICE DEPT,20161013055,Davidson,Nashville,11/14/2016 5:35:00 PM,2,0,0,36.076290,-86.915510,HIGHWAY 70S,,,,107.00,Feet,East,CHIMNEY HL,,,,0.00,N,Not at Intersection, ,Non-Junction,None,,,         ,Brandon,Pedigo,Clear,Front to Rear,no,no,no,no,no,False
101439887,METROPOLITAN NASHVILLE POLICE DEPT,2016-1012940,Davidson,Nashville,11/14/2016 4:14:00 PM,2,0,0,36.037650,-86.784960,OLD HICKORY BLVD,,,,50.00,Feet,East,I65 S ENT RAMP,,,,0.00,N,Not at Intersection, ,Non-Junction,None,,,         ,William,King,Clear,Front to Rear,no,no,no,no,no,False
101439891,METROPOLITAN NASHVILLE POLICE DEPT,20161013100,Davidson,Nashville,11/14/2016 5:55:00 PM,2,0,0,36.110210,-86.744840,NOLENSVILLE PKE,,,,8.00,Feet,North,COLLIER AV,,,,0.00,N,Not at Intersection, ,Non-Junction,None,,,         ,Miguel,Garcia,Clear,Front to Rear,no,no,no,no,no,False
101439895,METROPOLITAN NASHVILLE POLICE DEPT,20161013148,Davidson,Nashville,11/14/2016 6:04:00 PM,2,0,0,36.109340,-86.769830,I 65,,,,0.00,,,,,,,79.70,N,Not at Intersection, ,Entrance/Exit Ramp Related,None,,,         ,Tien,Nguyen,Clear,Front to Rear,no,no,no,no,no,False
101439896,METROPOLITAN NASHVILLE POLICE DEPT,20161012510,Davidson,Antioch,11/14/2016 4:50:00 PM,2,0,0,36.068620,-86.585270,SMITH SPRINGS PKWY,,,,54.00,Feet,North,HOBSON PKE,,,,0.00,N,Not at Intersection,N,Non-Junction,None,,,         ,Jessie,Meadows,Clear,Angle,no,no,no,no,no,False
101439897,METROPOLITAN NASHVILLE POLICE DEPT,20161013006,Davidson,Nashville,11/14/2016 5:00:00 PM,2,0,0,36.201100,-86.633080,JACKSONIAN DR,,,,0.00,,,PLANTATION DR,,,,0.00,Y,Four-Way,N,OtherLocation,None,,,         ,Christopher,Mackey,Clear,Other,no,no,no,no,no,False
101439898,METROPOLITAN NASHVILLE POLICE DEPT,20161012856,Davidson,Nashville,11/14/2016 3:52:00 PM,1,0,0,36.137500,-86.784350,10TH AVS,,,,0.00,,,ARGYLE AV,,,,0.00,Y,T-Intersection,N,Intersection,None,,,         ,Ralph,Smith IV,Clear,Not Collision with Motor Vehicle in Transport,no,no,no,no,no,False
101439903,METROPOLITAN NASHVILLE POLICE DEPT,20161013056,Davidson,Nashville,11/14/2016 6:05:00 PM,2,0,0,36.076100,-86.916070,HIGHWAY 70S,,,,69.00,Feet,West,CHIMNEY HL,,,,0.00,N,Not at Intersection, ,Non-Junction,None,,,         ,Jeremy,Huffine,Clear,Front to Rear,no,no,no,no,no,False
101439913,METROPOLITAN NASHVILLE POLICE DEPT,20161012724,Davidson,Goodlettsville,11/14/2016 3:41:00 PM,2,0,0,36.302750,-86.691850,CONFERENCE DR,,,,0.00,,,GALLATIN PKEN,,,,0.00,Y,Four-Way, ,Intersection-Related,None,,,         ,Samuel,Miller,Clear,Front to Rear,no,no,no,no,no,False
101439914,METROPOLITAN NASHVILLE POLICE DEPT,20161013071,Davidson,Nashville,11/14/2016 5:45:00 PM,2,0,0,36.253350,-86.716720,GALLATIN PKES,,,,50.00,Feet,North,EMMITT AV,,,,0.00,N,Not at Intersection,N,Non-Junction,None,,,         ,Samuel,Miller,Clear,"Sideswipe, Opposite Direction",no,no,no,no,yes,False
101439925,METROPOLITAN NASHVILLE POLICE DEPT,20161013258,Davidson,Nashville,11/14/2016 5:51:00 PM,1,0,0,36.079150,-86.906010,HIGHWAY 70S,,,,616.00,Feet,West,MONTVIEW PVTDR,,,,0.00,N,Not at Intersection, ,Non-Junction,None,,,         ,Brandon,Pedigo,Clear,Not Collision with Motor Vehicle in Transport,no,no,no,no,no,False
101439931,METROPOLITAN NASHVILLE POLICE DEPT,20161013267,Davidson,Nashville,11/14/2016 12:00:00 AM,2,0,0,36.141470,-86.785630,11TH AVS,,,,308.00,Feet,South,EDGEHILL AV,,,,0.00,N,Not at Intersection,N,OtherLocation,None,,,         ,Tien,Nguyen,Clear,Unknown,no,no,no,yes,yes,False
101439934,METROPOLITAN NASHVILLE POLICE DEPT,20161012932,Davidson,Nashville,11/14/2016 4:30:00 PM,2,0,0,36.112340,-86.723440,I 24,,,,0.00,,,,,,,53.50,N,Not at Intersection, ,Non-Junction,None,,,         ,William,McDaniel,Clear,"Sideswipe, Same Direction",no,no,no,no,no,False
101439935,METROPOLITAN NASHVILLE POLICE DEPT,20161012860,Davidson,Nashville,11/14/2016 3:50:00 PM,2,0,0,36.123740,-86.747350,I 440,,,,0.00,,,,,,,6.50,N,Not at Intersection, ,Non-Junction,None,,,         ,Benjamin,Froehlich,Clear,Front to Rear,no,no,no,no,no,False
101439939,METROPOLITAN NASHVILLE POLICE DEPT,20161012574,Davidson,Nashville,11/14/2016 2:58:00 PM,2,0,0,36.134280,-86.779090,WEDGEWOOD AV,,,,0.00,,,8TH AVS,,,,0.00,Y,Four-Way,N,Intersection-Related,None,,,         ,Tien,Nguyen,Clear,"Sideswipe, Same Direction",no,no,no,no,no,False
101439943,METROPOLITAN NASHVILLE POLICE DEPT,20161013325,Davidson,Goodlettsville,11/14/2016 7:17:00 PM,1,0,0,36.292350,-86.694890,MYATT DR,,,,572.00,Feet,North,EDENWOLD RD,,,,0.00,N,Not at Intersection, ,Non-Junction,None,,,         ,Samuel,Miller,Clear,Not Collision with Motor Vehicle in Transport,no,no,no,no,no,False
101439946,METROPOLITAN NASHVILLE POLICE DEPT,20161013099,Davidson,Nashville,11/14/2016 5:25:00 PM,2,0,0,36.089620,-86.622140,SMITH SPRINGS RD,,,,0.00,,,RURAL HILL RD,,,,0.00,Y,T-Intersection,Y,Intersection,None,,,         ,Michael,Apsey,Clear,Angle,no,no,no,no,no,False
101439947,METROPOLITAN NASHVILLE POLICE DEPT,20161012531,Davidson,Nashville,11/14/2016 2:35:00 PM,2,0,0,36.134150,-86.826450,WEST END AV,,,,361.00,Feet,West,BOWLING AV,,,,0.00,N,Not at Intersection, ,Non-Junction,None,,,         ,Torian,Cox,Clear,Front to Rear,no,no,no,no,no,False
101439955,METROPOLITAN NASHVILLE POLICE DEPT,20161013369,Davidson,Nashville,11/14/2016 7:10:00 PM,2,0,0,36.218290,-86.693290,BRILEY PKWY S EXT RAMP,,,,0.00,,,BRILEY PKWYS,,,,0.00,Y,OTHER, ,,None,,,         ,John,Kelley,,,no,no,no,no,no,False
101439957,METROPOLITAN NASHVILLE POLICE DEPT,20161013074,Davidson,Nashville,11/14/2016 5:33:00 PM,2,0,0,36.111160,-86.722770,I 24,,,,0.00,,,,,,,53.60,N,Not at Intersection, ,Non-Junction,None,,,         ,William,McDaniel,Clear,Front to Rear,no,no,no,no,no,False
101439961,METROPOLITAN NASHVILLE POLICE DEPT,20161013209,Davidson,Nashville,11/14/2016 6:07:00 PM,1,0,0,36.116920,-86.631350,BELL RD,,,,466.00,Feet,South,HERON POINTE DR,,,,0.00,N,Not at Intersection, ,Non-Junction,None,,,         ,Patrick,Taylor,Clear,Not Collision with Motor Vehicle in Transport,no,no,no,no,no,False
101439962,METROPOLITAN NASHVILLE POLICE DEPT,20161013127,Davidson,Nashville,11/14/2016 5:59:00 PM,2,0,0,36.117120,-86.631320,BELL RD,,,,395.00,Feet,South,HERON POINTE DR,,,,0.00,N,Not at Intersection,N,Non-Junction,None,,,         ,Patrick,Taylor,Clear,Front to Rear,no,no,no,no,no,False
101439963,METROPOLITAN NASHVILLE POLICE DEPT,20161013381,Davidson,Nashville,11/14/2016 7:37:00 PM,2,0,0,36.183850,-86.822960,28TH AVN,,,,127.00,Feet,South,28TH AV N PVTDR,,,,0.00,N,Not at Intersection, ,Non-Junction,None,,,         ,Michael,Brooks,Clear,Angle,no,no,no,no,no,False
101439964,METROPOLITAN NASHVILLE POLICE DEPT,20161012990,Davidson,Nashville,11/14/2016 5:10:00 PM,2,1,0,36.151670,-86.690860,BRILEY PKWYS,,,,128.00,Feet,South,BRILEY PKWY S ENT RAMP,,,,0.00,N,Not at Intersection,N,Non-Junction,None,,,         ,John,Daugherty,Clear,Front to Rear,no,no,no,no,no,False
101439984,VANDERBILT UNIVERSITY POLICE,16-1013167,Davidson,Nashville,11/14/2016 6:10:00 PM,2,0,0,36.143860,-86.812010,28TH AVS,,,,0.00,Feet,,,,,,0.00,,, ,Non-Junction,None,,,         ,Jonathan,McAllister,Clear,"Sideswipe, Opposite Direction",no,no,no,yes,no,Campus
101439986,METROPOLITAN NASHVILLE POLICE DEPT,20161013376,Davidson,Nashville,11/14/2016 12:00:00 AM,2,0,0,36.160510,-86.796470,CAPITOL PT,,,,102.00,Feet,East,16TH AVN,,,,0.00,N,Not at Intersection, ,Non-Junction,None,,,         ,Melvin,Taylor,Clear,Other,no,no,no,yes,yes,False
101439995,METROPOLITAN NASHVILLE POLICE DEPT,20161013273,Davidson,Nashville,11/14/2016 6:50:00 PM,2,0,0,36.151980,-86.767320,I 40,,,,0.00,,,,,,,210.55,N,Not at Intersection, ,,None,,,         ,John,Daugherty,,,no,no,no,no,no,False
101439997,METROPOLITAN NASHVILLE POLICE DEPT,20161012766,Davidson,Nashville,11/14/2016 5:56:00 PM,2,0,0,36.134160,-86.826410,WEST END AV,,,,353.00,Feet,West,BOWLING AV,,,,0.00,N,Not at Intersection, ,Non-Junction,None,,,         ,Torian,Cox,Clear,Front to Rear,no,no,no,no,no,False
101439998,METROPOLITAN NASHVILLE POLICE DEPT,20161013394,Davidson,Nashville,11/14/2016 6:02:00 PM,2,1,0,36.130770,-86.795560,BELMONT BLVD,,,,57.00,Feet,South,COMPTON AV,,,,0.00,N,Not at Intersection,N,Non-Junction,None,,,         ,Tien,Nguyen,Clear,Front to Rear,no,no,no,no,no,False
101440003,METROPOLITAN NASHVILLE POLICE DEPT,20161013048,Davidson,Nashville,11/14/2016 5:38:00 PM,2,0,0,36.134200,-86.774730,I65 N EXT RAMP,,,,0.00,,,I 65,,,,0.00,Y,Four-Way, ,Intersection,None,,,         ,Ralph,Smith IV,Clear,Angle,no,no,no,no,no,False
101440015,METROPOLITAN NASHVILLE POLICE DEPT,20161013027,Davidson,Nashville,11/13/2016 8:30:00 PM,2,0,0,36.151440,-86.762090,CHARLES E DAVIS BLVD,,,,168.00,Feet,North,CANNON ST,,,,0.00,N,Not at Intersection,N,Non-Junction,None,,,         ,Bryan,Byrnes,Clear,"Sideswipe, Same Direction",no,no,no,no,yes,False
101440016,METROPOLITAN NASHVILLE POLICE DEPT,20161013191,Davidson,Nashville,11/14/2016 6:26:00 PM,3,1,0,36.152080,-86.767080,I 40,,,,0.00,,,,,,,210.55,N,Not at Intersection,Y,Non-Junction,None,,,         ,Bryan,Byrnes,Clear,Front to Rear,no,no,no,no,no,False
101440026,METROPOLITAN NASHVILLE POLICE DEPT,20161013201,Davidson,Nashville,11/14/2016 5:45:00 PM,2,0,0,36.045610,-86.719770,OLD HICKORY BLVD,,,,0.00,,,ZERMATT AV,,,,0.00,Y,T-Intersection, ,Non-Junction,None,,,         ,Eric,Thomas,Clear,Front to Rear,no,no,no,no,no,False
101440035,METROPOLITAN NASHVILLE POLICE DEPT,20161013506,Davidson,Nashville,11/14/2016 8:20:00 PM,1,1,0,36.169630,-86.677630,LEBANON PKE,,,,675.00,Feet,East,MCGAVOCK PKE,,,,0.00,N,Not at Intersection,N,Non-Junction,None,,,         ,Brent,Hedgcoth,Clear,Not Collision with Motor Vehicle in Transport,yes,no,no,no,no,False
101440053,BERRY HILL POLICE DEPT,16-3996,Davidson,Berry Hill,11/14/2016 5:15:00 PM,2,0,0,36.119910,-86.765830,MELROSE AV,,,,0.00,,,BRANSFORD AV,,,,0.00,Y,T-Intersection, ,Intersection,None,,,         ,John,Gleixner,Clear,Front to Rear,no,no,no,no,no,False
101440064,METROPOLITAN NASHVILLE POLICE DEPT,20161013590,Davidson,Nashville,11/14/2016 9:05:00 PM,2,1,0,36.077090,-86.725560,EDMONDSON PKE,,,,0.00,,,WALLACE RD,,,,0.00,Y,Four-Way,N,Intersection,None,,,         ,William,Durham,Clear,Angle,no,no,no,no,yes,False
101440084,METROPOLITAN NASHVILLE POLICE DEPT,20161013671,Davidson,Nashville,11/14/2016 9:22:00 PM,2,0,0,36.204470,-86.747410,E TRINITY LN,,,,200.00,Feet,East,DR RICHARD G ADAMS DR,,,,0.00,N,Not at Intersection, ,Non-Junction,None,,,         ,Whitney,Arnold,Clear,Angle,no,no,no,yes,no,False
101440087,GOODLETTSVILLE POLICE DEPT,16-39587,Davidson,Goodlettsville,11/14/2016 6:50:00 PM,2,4,0,36.322240,-86.713228,SOUTH MAIN,ST,US31/41,SOUTH MAIN ST,0.00,,,LONG HOLLOW,PIKE,SRSR 174,LONG HOLLOW PIKE,0.00,Y,Four-Way,N,Intersection,None,,,         ,Donald,Brinton,Clear,Angle,no,no,no,no,no,False
101440099,METROPOLITAN NASHVILLE POLICE DEPT,2016-1010519,Davidson,Nashville,11/13/2016 8:55:00 PM,1,0,0,36.177500,-86.694960,BRILEY PKWYS,,,,818.00,Feet,East,BROOKVIEW DR,,,,0.00,N,Not at Intersection, ,Non-Junction,None,,,         ,Ryan,Henehan,Clear,Not Collision with Motor Vehicle in Transport,no,no,no,no,no,False
101440101,METROPOLITAN NASHVILLE POLICE DEPT,20161013665,Davidson,Nashville,11/14/2016 9:30:00 PM,2,0,0,36.085380,-86.702010,HARDING PL,,,,184.00,Feet,West,I24 E EXT RAMP,,,,0.00,N,Not at Intersection,N,Non-Junction,None,,,         ,Marcus,Darden,Clear,Front to Rear,no,no,no,no,no,False
101440124,METROPOLITAN NASHVILLE POLICE DEPT,20161013885,Davidson,Nashville,11/14/2016 11:00:00 PM,2,0,0,36.182650,-86.735860,EASTLAND AV,,,,54.00,Feet,West,CHAPEL AV,,,,0.00,N,Not at Intersection,N,Non-Junction,None,,,         ,Ky,Luu,Clear,HeadOn,no,no,no,no,yes,False
101440135,METROPOLITAN NASHVILLE POLICE DEPT,20161014025,Davidson,Nashville,11/15/2016 12:00:00 AM,1,0,0,36.088010,-86.942910,I 40,,,,0.00,,,,,,,197.20,N,Not at Intersection,N,Non-Junction,None,,,         ,Jeffrey,Barfield,Clear,Not Collision with Motor Vehicle in Transport,no,no,no,no,no,False
101440137,METROPOLITAN NASHVILLE POLICE DEPT,2016-1013956,Davidson,Nashville,11/14/2016 10:10:00 PM,2,0,0,36.041010,-86.746240,OLD HICKORY BLVD,,,,576.00,Feet,East,BRENTWOOD MEADOWS CIR,,,,0.00,N,Not at Intersection, ,,None,,,         ,Thomas,Miller,,,no,no,no,yes,no,False
101440149,METROPOLITAN NASHVILLE POLICE DEPT,2016-1014010,Davidson,Nashville,11/14/2016 11:57:00 PM,1,0,0,36.043770,-86.688340,BELL RD,,,,1468.00,Feet,East,BROOK VIEW ESTATES DR,,,,0.00,N,Not at Intersection,N,Non-Junction,None,,,         ,Jarred,Frazier,Clear,Not Collision with Motor Vehicle in Transport,no,no,no,no,no,False
101440154,METROPOLITAN NASHVILLE POLICE DEPT,20161013599,Davidson,Nashville,11/14/2016 8:40:00 PM,2,0,0,36.087380,-86.692310,HARDING PL,,,,0.00,,,ANTIOCH PKE,,,,0.00,Y,Four-Way, ,Intersection-Related,None,,,         ,Dale,Dameron,Clear,Angle,no,no,no,no,no,False
101440156,METROPOLITAN NASHVILLE POLICE DEPT,20161014076,Davidson,Nashville,11/15/2016 12:00:00 AM,2,0,0,0.000000,0.000000,,,I40E,,100.00,Feet,East,,,,,212.00,N,Not at Intersection, ,Non-Junction,None,,,         ,Justin,Chisholm,Clear,"Sideswipe, Same Direction",no,no,no,no,no,False
101440159,METROPOLITAN NASHVILLE POLICE DEPT,20161014268,Davidson,Nashville,11/15/2016 2:00:00 AM,1,0,0,36.088860,-86.702390,I 24,,,,0.00,,,,,,,55.50,N,Not at Intersection, ,,None,,,         ,Andrew,Swint,,,no,no,no,no,no,False
101440173,METROPOLITAN NASHVILLE POLICE DEPT,20161014349,Davidson,Nashville,11/15/2016 3:06:00 AM,1,0,0,36.054930,-86.727170,WILKERSON DR,,,,90.00,Feet,North,MCMURRAY DR,,,,0.00,N,Not at Intersection,N,Non-Junction,None,,,         ,Joshua,Dickall,Clear,Not Collision with Motor Vehicle in Transport,no,no,no,no,no,False
101440253,METROPOLITAN NASHVILLE POLICE DEPT,20161014838,Davidson,Belle Meade,11/15/2016 6:55:00 AM,2,3,0,36.123750,-86.849390,HARDING PKE,,,,162.00,Feet,West,ROYAL OAKS CONDOS PVTDR,,,,0.00,N,Not at Intersection,N,Non-Junction,None,,,         ,Curtis,Rich,Cloudy,Angle,no,no,no,no,no,False
101440256,GOODLETTSVILLE POLICE DEPT,16-39571,Davidson,Goodlettsville,11/14/2016 3:35:00 PM,2,0,0,36.325406,-86.701436,LONG HOLLOW,PIKE,SR174,,100.00,Feet,East,CONFERENCE,DR,,,0.00,N,Not at Intersection,N,Non-Junction,None,,,         ,Charles,Hauskin,Clear,Other,no,no,no,no,yes,False
101440270,METROPOLITAN NASHVILLE POLICE DEPT,20161014950,Davidson,Not in City Limit,11/15/2016 7:44:00 AM,2,0,0,36.073910,-86.926540,HIGHWAY 70S,,,,205.00,Feet,East,WATERFORD CIR,,,,0.00,N,Not at Intersection, ,,None,,,         ,Curtis,Rich,,,no,no,no,no,no,False
101440273,METROPOLITAN NASHVILLE POLICE DEPT,20161014882,Davidson,Nashville,11/15/2016 7:30:00 AM,2,0,0,36.188040,-86.797930,DOMINICAN DR,,,,200.00,Feet,East,ROSA L PARKS BLVD,,,,0.00,N,Not at Intersection, ,,None,,,         ,Garren,Hoskins,,,no,no,no,no,no,False
101440277,METROPOLITAN NASHVILLE POLICE DEPT,20161014795,Davidson,Nashville,11/15/2016 6:15:00 AM,2,0,0,36.152450,-86.808480,PATTERSON ST,,,,309.00,Feet,West,23RD AVN,,,,0.00,N,Not at Intersection, ,Non-Junction,None,,,         ,Nathan,Kemp,Clear,"Sideswipe, Same Direction",no,no,no,no,no,False
101440278,METROPOLITAN NASHVILLE POLICE DEPT,20161014889,Davidson,Nashville,11/15/2016 7:21:00 AM,2,1,0,36.142970,-86.776820,I 65,,,,0.00,,,,,,,82.00,N,Not at Intersection,N,Non-Junction,None,,,         ,Nathan,Kemp,Clear,"Sideswipe, Same Direction",no,no,no,no,no,False
101440298,METROPOLITAN NASHVILLE POLICE DEPT,20161014937,Davidson,Nashville,11/15/2016 7:15:00 AM,2,0,0,36.209290,-86.867980,ASHLAND CITY HWY,,,,52.00,Feet,East,BRILEY PKWY N ENT RAMP,,,,0.00,N,Not at Intersection, ,Non-Junction,None,,,         ,Brandon,Evans,Clear,Front to Rear,no,no,no,no,no,False
101440317,METROPOLITAN NASHVILLE POLICE DEPT,20161014917,Davidson,Nashville,11/15/2016 7:30:00 AM,1,0,0,36.135870,-86.726730,I 24,,,,0.00,,,,,,,52.20,N,Not at Intersection,N,Non-Junction,None,,,         ,Kevin,Caperton,Clear,Not Collision with Motor Vehicle in Transport,no,no,no,no,no,False
101440333,METROPOLITAN NASHVILLE POLICE DEPT,2016-1014845,Davidson,Nashville,11/15/2016 6:51:00 AM,1,0,0,36.055860,-86.677250,SHIHMEN DR,,,,15.00,Feet,North,TOMARAND CT,,,,0.00,N,Not at Intersection,N,Non-Junction,None,,,         ,Stanley,Collins,Clear,Not Collision with Motor Vehicle in Transport,no,no,no,no,yes,False
101440335,METROPOLITAN NASHVILLE POLICE DEPT,20161014772,Davidson,Nashville,11/15/2016 6:00:00 AM,2,0,0,36.184980,-86.863810,BRILEY PKWYS,,,,177.00,Feet,West,BRILEY PKWYN,,,,0.00,N,Not at Intersection,N,Non-Junction,None,,,         ,Charles,Duke,Rain,Not Collision with Motor Vehicle in Transport,no,no,no,no,no,False
101440348,METROPOLITAN NASHVILLE POLICE DEPT,20161015091,Davidson,Nashville,11/15/2016 7:00:00 AM,2,0,0,36.185170,-86.863600,BRILEY PKWYS,,,,89.00,Feet,West,BRILEY PKWY N EXT RAMP,,,,0.00,N,Not at Intersection, ,Non-Junction,None,,,         ,Curtis,Rich,Cloudy,Front to Rear,no,no,no,no,yes,False
101440354,METROPOLITAN NASHVILLE POLICE DEPT,20161014933,Davidson,Nashville,11/15/2016 7:30:00 AM,2,0,0,36.190250,-86.825520,CLARKSVILLE PKE,,,,421.00,Feet,East,TSU CONNECTOR,,,,0.00,N,Not at Intersection,N,Non-Junction,None,,,         ,Julie,Nabors,Clear,Front to Rear,no,no,no,no,no,False
101440357,METROPOLITAN NASHVILLE POLICE DEPT,20161014909,Davidson,Nashville,11/15/2016 7:25:00 AM,2,0,0,36.059060,-86.598880,HAMILTON CHURCH,PIKE,,,1000.00,Feet,East,MT. VIEW,RD,SR,,0.00,N,Not at Intersection,N,Non-Junction,None,,,         ,Daniel,Wadham,Clear,"Sideswipe, Opposite Direction",no,no,no,no,no,False
101440362,METROPOLITAN NASHVILLE POLICE DEPT,20161015074,Davidson,Nashville,11/15/2016 8:47:00 AM,2,0,0,36.143480,-86.687490,I 40,,,,0.00,,,,,,,215.45,N,Not at Intersection, ,,None,,,         ,Larry,Benz,,,no,no,no,no,no,False
101440363,METROPOLITAN NASHVILLE POLICE DEPT,2016-1014842,Davidson,Nashville,11/15/2016 6:50:00 AM,2,0,0,36.244210,-86.780340,BRICK CHURCH PKE,,,,0.00,,,BRICK CHURCH LN,,,,0.00,Y,T-Intersection,N,Intersection-Related,None,,,         ,Arthur,Hipp,Cloudy,Angle,no,no,no,no,no,False
101440388,METROPOLITAN NASHVILLE POLICE DEPT,20161014874,Davidson,Nashville,11/15/2016 7:12:00 AM,3,2,0,36.242790,-86.780460,MASONWOOD DR,,,,0.00,,,BRICK CHURCH PKE,,,,0.00,Y,T-Intersection,N,Non-Junction,None,,,         ,Jack,Crouch,Clear,Angle,no,no,no,no,no,False