master_record_number,agency,agency_tracking_number,county,city,collision_date,vehicles_involved,number_injured,number_dead,latitude,longitude,roadway_name,roadway_suffix,roadway_number,roadway_local_id,distance_from_reference,miles-feet_indicator,direction_from_reference,intersection_road_name,intersection_road_name_suffix,intersection_road_number,intersection_local_id,mile_marker,intersection_indicator,intersect_type,interchange_related_indicator,relation_to_junction,work_zone_type,construction_maintenance_zone,construction_maintenance_zone_location,fatal_case_number,officer_first_name,officer_last_name,weather_condition(s),manner_of_crash,pedestrian,bicycle,scooter,parking,hitrun,mou
101440391,METROPOLITAN NASHVILLE POLICE DEPT,20161015057,Davidson,Nashville,11/15/2016 8:41:00 AM,2,2,0,36.039930,-86.742290,OLD HICKORY BLVD,,,,350.00,Feet,East,EDMONDSON PKE,,,,0.00,N,Not at Intersection,N,"Driveway, Alley Access, etc",None,,,         ,Nathan,Kemp,Clear,Angle,no,no,no,no,no,False
101440395,METROPOLITAN NASHVILLE POLICE DEPT,20161015111,Davidson,Nashville,11/15/2016 9:00:00 AM,2,1,0,36.151860,-86.851190,53RD AVN,,,,0.00,,,CHARLOTTE AV,,,,0.00,Y,Four-Way,Y,Intersection,None,,,         ,Michael,Phelps,Cloudy,Angle,no,no,no,no,no,False
101440397,METROPOLITAN NASHVILLE POLICE DEPT,20161015052,Davidson,Nashville,11/15/2016 12:00:00 AM,3,1,0,36.088810,-86.702060,I 24,,,,0.00,,,,,,,55.50,N,Not at Intersection,N,Non-Junction,None,,,         ,Geoffery,Odom,Cloudy,Front to Rear,no,no,no,no,no,False
101440398,METROPOLITAN NASHVILLE POLICE DEPT,20161015080,Davidson,Nashville,11/15/2016 7:44:00 AM,2,0,0,36.192820,-86.745670,TREVECCA AV,,,,0.00,,,DOUGLAS AV,,,,0.00,Y,T-Intersection,N,Intersection-Related,None,,,         ,Alex,Moore,Clear,Front to Rear,no,no,no,no,yes,False
101440404,METROPOLITAN NASHVILLE POLICE DEPT,20161015035,Davidson,Nashville,11/15/2016 8:27:00 AM,2,0,0,36.134230,-86.722870,MURFREESBORO PKE,,,,118.00,Feet,West,PLUS PARK BLVD,,,,0.00,N,Not at Intersection,N,Non-Junction,None,,,         ,Scott,Toney,Cloudy,Angle,no,no,no,no,no,False
101440405,METROPOLITAN NASHVILLE POLICE DEPT,20161015114,Davidson,Nashville,11/15/2016 9:00:00 AM,2,0,0,36.209050,-86.865440,ASHLAND CITY HWY,,,,0.00,,,JORDONIA STATION RD,,,,0.00,Y,OTHER,N,Intersection,None,,,         ,Brandon,Evans,Cloudy,Angle,no,no,no,no,no,False
101440406,METROPOLITAN NASHVILLE POLICE DEPT,20161015141,Davidson,Nashville,11/15/2016 9:19:00 AM,2,1,0,36.086500,-86.691500,ANTIOCH PKE,,,,422.00,Feet,North,PERIMETER HILL DR,,,,0.00,N,Not at Intersection,N,Non-Junction,None,,,         ,Todd,Watson,Cloudy,Angle,no,no,no,no,no,False
101440422,METROPOLITAN NASHVILLE POLICE DEPT,20161014990,Davidson,Nashville,11/15/2016 8:01:00 AM,2,0,0,36.140990,-86.729590,I 40,,,,0.00,,,,,,,213.15,N,Not at Intersection, ,Non-Junction,None,,,         ,Tyler,Adcock,Cloudy,Front to Rear,no,no,no,no,no,False
101440423,METROPOLITAN NASHVILLE POLICE DEPT,20161015115,Davidson,Nashville,11/15/2016 8:53:00 AM,1,0,0,36.154320,-86.742130,LEBANON PKE,,,,0.00,,,FESSLERS LN,,,,0.00,Y,T-Intersection, ,Intersection-Related,None,,,         ,Tyler,Adcock,Cloudy,Not Collision with Motor Vehicle in Transport,no,no,no,no,no,False
101440424,METROPOLITAN NASHVILLE POLICE DEPT,2016-1015037,Davidson,Nashville,11/15/2016 8:32:00 AM,2,1,0,36.054790,-86.672510,BLUE HOLE RD,,,,61.00,Feet,South,BLUE HOLE RD PVTDR,,,,0.00,N,Not at Intersection,N,Non-Junction,None,,,         ,Roderic,Williams,Clear,Front to Rear,no,no,no,no,no,False
101440427,METROPOLITAN NASHVILLE POLICE DEPT,20161015209,Davidson,Nashville,11/15/2016 7:15:00 AM,3,0,0,36.124450,-86.742510,FOSTER AV,,,,35.00,Feet,North,GLENROSE AV,,,,0.00,N,Not at Intersection,N,Non-Junction,None,,,         ,Daniel,Wadham,Clear,Front to Rear,no,no,no,no,no,False
101440430,METROPOLITAN NASHVILLE POLICE DEPT,20161014923,Davidson,Nashville,11/15/2016 7:33:00 AM,3,1,0,36.143640,-86.822660,I 440,,,,0.00,,,,,,,1.00,N,Not at Intersection,N,Non-Junction,None,,,         ,Christopher,Taylor,Clear,Front to Rear,no,no,no,no,no,False
101440435,METROPOLITAN NASHVILLE POLICE DEPT,20161015299,Davidson,Nashville,11/15/2016 8:29:00 AM,2,1,0,36.075010,-86.662540,UNA ANTIOCH PKE,,,,0.00,,,BILLINGSGATE RD,,,,0.00,Y,T-Intersection,N,Non-Junction,None,,,         ,Paul,Ellis,Cloudy,Angle,no,no,no,no,yes,False
101440437,METROPOLITAN NASHVILLE POLICE DEPT,20161015274,Davidson,Nashville,11/15/2016 9:05:00 AM,2,0,0,36.117430,-86.699220,MURFREESBORO PKE,,,,0.00,,,BRILEY PKWY N ENT RAMP,,,,0.00,Y,Four-Way,N,Intersection,None,,,         ,Kevin,Caperton,Clear,Front to Rear,no,no,no,no,no,False
101440438,METROPOLITAN NASHVILLE POLICE DEPT,20161014972,Davidson,Nashville,11/15/2016 7:40:00 AM,2,0,0,36.071100,-86.636470,BELL RD,,,,293.00,Feet,South,MURFREESBORO PKE,,,,0.00,N,Not at Intersection, ,Non-Junction,None,,,         ,Jedidayah,Merriweather,Clear,"Sideswipe, Same Direction",no,no,no,no,yes,False
101440446,METROPOLITAN NASHVILLE POLICE DEPT,20161015361,Davidson,Nashville,11/15/2016 11:21:00 AM,1,0,0,36.058390,-86.682930,BARELLA DR,,,,46.00,Feet,North,TUSCARORA DR,,,,0.00,N,Not at Intersection, ,Non-Junction,None,,,         ,Jessie,Meadows,Clear,Not Collision with Motor Vehicle in Transport,no,no,no,no,no,False
101440447,METROPOLITAN NASHVILLE POLICE DEPT,20161015257,Davidson,Nashville,11/15/2016 10:10:00 AM,2,0,0,36.066380,-86.686240,I 24,,,,0.00,,,,,,,57.30,N,Not at Intersection,N,Non-Junction,None,,,         ,Jessie,Meadows,Clear,Front to Rear,no,no,no,no,yes,False
101440451,METROPOLITAN NASHVILLE POLICE DEPT,20161015125,Davidson,Nashville,11/15/2016 9:09:00 AM,2,0,0,36.141230,-86.717190,I 40,,,,0.00,,,,,,,213.80,N,Not at Intersection, ,Entrance/Exit Ramp Related,None,,,         ,Samuel,Kersten,Cloudy,"Sideswipe, Same Direction",no,no,no,no,yes,False
101440452,METROPOLITAN NASHVILLE POLICE DEPT,20161015369,Davidson,Nashville,11/15/2016 10:05:00 AM,1,0,0,36.172670,-86.688880,BRILEY PKWYN,,,,106.00,Feet,North,BRILEY PKWYS,,,,0.00,N,Not at Intersection,N,Non-Junction,None,,,         ,Scott,Toney,Clear,Not Collision with Motor Vehicle in Transport,no,no,no,no,no,False
101440456,METROPOLITAN NASHVILLE POLICE DEPT,20161015293,Davidson,Nashville,11/15/2016 10:35:00 AM,2,0,0,36.155970,-86.808710,CHARLOTTE AV,,,,0.00,,,23RD AVN,,,,0.00,Y,T-Intersection, ,Intersection,Work Zone,,,         ,Isaac,Wood,Cloudy,Angle,no,no,no,no,no,False
101440471,METROPOLITAN NASHVILLE POLICE DEPT,20161015372,Davidson,Not in City Limit,11/15/2016 10:54:00 AM,1,0,0,36.286190,-86.745280,DICKERSON PKES,,,,12.00,Feet,South,HILLCREST RD,,,,0.00,N,Not at Intersection, ,Non-Junction,None,,,         ,Jack,Crouch,Clear,Not Collision with Motor Vehicle in Transport,no,no,no,no,no,False
101440476,METROPOLITAN NASHVILLE POLICE DEPT,20161015479,Davidson,Nashville,11/15/2016 11:42:00 AM,2,1,0,36.233170,-86.814710,BRILEY PKWY E EXT RAMP,,,,0.00,,,BRILEY PKWY E ENT RAMP,,,,0.00,Y,Four-Way,N,Intersection,None,,,         ,Michael,McCord,Cloudy,Angle,no,no,no,no,no,False
101440487,METROPOLITAN NASHVILLE POLICE DEPT,20161015443,Davidson,Nashville,11/15/2016 11:29:00 AM,2,3,0,36.141940,-86.781060,EDGEHILL AV,,,,0.00,,,HILLSIDE AV,,,,0.00,Y,Four-Way,Y,Intersection,None,,,         ,Ronald,Raynore,Clear,Angle,no,no,no,no,no,False
101440490,VANDERBILT UNIVERSITY POLICE,16-1015237,Davidson,Nashville,11/15/2016 9:45:00 AM,2,0,0,36.140750,-86.801910,MEDICAL CENTER DR,,,,0.00,,,,,,,0.00,,, ,Non-Junction,None,,,         ,Linda,Jennings,Clear,Front to Rear,no,no,no,yes,no,Campus
101440502,METROPOLITAN NASHVILLE POLICE DEPT,20161015674,Davidson,Nashville,11/15/2016 12:54:00 PM,1,0,0,36.069630,-86.716270,HOPEDALE DR,,,,318.00,Feet,North,HAYWOOD LN,,,,0.00,N,Not at Intersection,N,Non-Junction,None,,,         ,Jessie,Meadows,Clear,Not Collision with Motor Vehicle in Transport,no,no,no,no,no,False
101440530,METROPOLITAN NASHVILLE POLICE DEPT,20161015309,Davidson,Nashville,11/15/2016 10:27:00 AM,3,1,0,36.223550,-86.773310,I 65,,,,0.00,,,,,,,88.50,N,Not at Intersection,N,Non-Junction,None,,,         ,Tony,Folad,Clear,"Sideswipe, Same Direction",no,no,no,no,no,False
101440532,METROPOLITAN NASHVILLE POLICE DEPT,20161015663,Davidson,Nashville,11/15/2016 12:26:00 PM,2,0,0,36.153790,-86.857500,BRILEY PKWYN,,,,50.00,Feet,South,URBANDALE AV,,,,0.00,N,Not at Intersection, ,Non-Junction,None,,,         ,Walter,Gray II,Cloudy,Front to Rear,no,no,no,no,no,False
101440533,METROPOLITAN NASHVILLE POLICE DEPT,20161015426,Davidson,Nashville,11/15/2016 8:15:00 AM,2,1,0,36.040900,-86.779380,OLD HICKORY BLVD,,,,0.00,,,FRANKLIN PIKE CIR,,,,0.00,Y,Four-Way,N,Intersection-Related,None,,,         ,Brent,Bauer,Clear,Front to Rear,no,no,no,no,no,False
101440538,METROPOLITAN NASHVILLE POLICE DEPT,20161014854,Davidson,Nashville,11/15/2016 6:58:00 AM,1,0,0,36.116310,-86.791390,I 440,,,,0.00,,,,,,,3.90,N,Not at Intersection,N,Non-Junction,None,,,         ,Erik,Wagner,Cloudy,Not Collision with Motor Vehicle in Transport,no,no,no,no,no,False
101440539,METROPOLITAN NASHVILLE POLICE DEPT,20161015047,Davidson,Nashville,11/15/2016 7:57:00 AM,2,0,0,36.065720,-86.770920,I 65,,,,0.00,,,,,,,76.65,N,Not at Intersection, ,Non-Junction,None,,,         ,Erik,Wagner,Cloudy,Front to Rear,no,no,no,no,no,False
101440542,METROPOLITAN NASHVILLE POLICE DEPT,20161015678,Davidson,Nashville,11/15/2016 12:39:00 PM,4,0,0,36.045370,-86.713260,OLD HICKORY BLVD,,,,0.00,,,NOLENSVILLE PKE,,,,0.00,Y,Four-Way, ,Intersection-Related,None,,,         ,Nathan,Kemp,Clear,Front to Rear,no,no,no,no,no,False
101440551,METROPOLITAN NASHVILLE POLICE DEPT,20161015775,Davidson,Nashville,11/15/2016 12:36:00 PM,2,0,0,36.210860,-86.837870,NORTHSIDE STATION PVTDR,,,,315.00,Feet,East,CLARKSVILLE PKE,,,,0.00,N,Not at Intersection,N,Non-Junction,None,,,         ,Michael,McCord,Clear,"Sideswipe, Opposite Direction",no,no,no,yes,yes,False
101440552,METROPOLITAN NASHVILLE POLICE DEPT,20161015084,Davidson,Nashville,11/15/2016 8:49:00 AM,2,1,0,36.071090,-86.635310,MURFREESBORO PKE,,,,400.00,Feet,South,BELL RD,,,,0.00,N,Not at Intersection,N,Non-Junction,None,,,         ,Randall,Combs,Cloudy,Angle,no,no,no,no,no,False
101440560,METROPOLITAN NASHVILLE POLICE DEPT,20161015796,Davidson,Nashville,11/15/2016 1:15:00 PM,2,0,0,36.250310,-86.757210,DICKERSON PKE,,,,238.00,Feet,North,OLD DUE WEST AV,,,,0.00,N,Not at Intersection, ,,None,,,         ,Brian,Otto,,,no,no,no,yes,no,False
101440571,METROPOLITAN NASHVILLE POLICE DEPT,20161015422,Davidson,Nashville,11/5/2016 1:50:00 AM,1,0,0,36.059330,-86.640180,CAMBRIDGE APTS PVTDR,,,,274.00,Feet,East,BELL RD,,,,0.00,N,Not at Intersection, ,Non-Junction,None,,,         ,Jedidayah,Merriweather,Clear,Not Collision with Motor Vehicle in Transport,no,no,no,yes,yes,False
101440578,METROPOLITAN NASHVILLE POLICE DEPT,20161015383,Davidson,Nashville,11/15/2016 10:58:00 AM,2,0,0,35.991370,-86.683660,NOLENSVILLE RD,,,,78.00,Feet,North,BURKITT RD,,,,0.00,N,Not at Intersection,N,Non-Junction,None,,,         ,Brandon,O'Guin,Clear,Front to Rear,no,no,no,no,no,False
101440580,METROPOLITAN NASHVILLE POLICE DEPT,20161015155,Davidson,Not in City Limit,11/15/2016 9:20:00 AM,1,0,0,36.305360,-86.815420,I 24,,,,0.00,,,,,,,38.40,N,Not at Intersection,N,Non-Junction,None,,,         ,William,Waters,Clear,Not Collision with Motor Vehicle in Transport,no,no,no,no,no,False
101440588,METROPOLITAN NASHVILLE POLICE DEPT,2016-1015067,Davidson,Nashville,11/15/2016 8:27:00 AM,2,0,0,36.151340,-86.768360,2ND AVS,,,,0.00,,,I40 E ENT RAMP,,,,0.00,Y,Four-Way, ,Intersection,None,,,         ,William,Vincion,Cloudy,Angle,no,no,no,no,no,False
101440607,METROPOLITAN NASHVILLE POLICE DEPT,20161015924,Davidson,Nashville,11/15/2016 2:15:00 PM,2,0,0,36.210960,-86.733080,GALLATIN PKE,,,,17.00,Feet,North,GREENFIELD AV,,,,0.00,N,Not at Intersection, ,,None,,,         ,Eric,Knight,,,no,no,no,no,no,False
101440608,METROPOLITAN NASHVILLE POLICE DEPT,20161015408,Davidson,Nashville,11/15/2016 11:10:00 AM,2,0,0,36.139910,-86.730320,I 24,,,,0.00,,,,,,,51.50,N,Not at Intersection, ,Non-Junction,None,,,         ,Tyler,Adcock,Cloudy,"Sideswipe, Same Direction",no,no,no,no,no,False
101440619,METROPOLITAN NASHVILLE POLICE DEPT,2016-1015845,Davidson,Madison,11/15/2016 1:45:00 PM,1,0,0,36.261410,-86.732690,S GRAYCROFT AV,,,,1077.00,Feet,South,OLD HICKORY BLVDW,,,,0.00,N,Not at Intersection,N,Non-Junction,None,,,         ,Arthur,Hipp,Cloudy,Not Collision with Motor Vehicle in Transport,no,no,no,no,no,False
101440620,Nashville Airport Police,2016-03314,Davidson,Nashville,11/12/2016 6:25:00 PM,2,0,0,36.136160,-86.667550,TERMINAL DR,,,,0.00,,,I40 E EXT RAMP,,,,0.00,Y,Roundabout, ,Non-Junction,None,,,         ,Andrew,Hall,Clear,"Sideswipe, Same Direction",no,no,no,no,no,False
101440653,METROPOLITAN NASHVILLE POLICE DEPT,20161016004,Davidson,Nashville,11/15/2016 2:16:00 PM,2,0,0,36.128630,-86.797620,ASHWOOD AV,,,,56.00,Feet,East,18TH AVS,,,,0.00,N,Not at Intersection, ,Non-Junction,None,,,         ,Charles,Griffin,Clear,"Sideswipe, Same Direction",no,no,no,no,no,False
101440655,METROPOLITAN NASHVILLE POLICE DEPT,20161015947,Davidson,Nashville,11/15/2016 1:28:00 PM,2,0,0,36.152980,-86.803080,21ST AVN,,,,157.00,Feet,South,STATE ST,,,,0.00,N,Not at Intersection,N,Non-Junction,None,,,         ,Tien,Nguyen,Clear,"Sideswipe, Same Direction",no,no,no,no,yes,False
101440656,Nashville Airport Police,2016-03319,Davidson,Nashville,11/12/2016 8:58:00 PM,2,1,0,36.135960,-86.663620,DONELSON PKES,,,,0.00,,,DONELSON PKE,,,,0.00,Y,T-Intersection,N,Intersection,None,,,         ,Andrew,Hall,Clear,Other,no,no,no,no,no,False
101440660,METROPOLITAN NASHVILLE POLICE DEPT,20161016019,Davidson,Nashville,11/15/2016 2:54:00 PM,2,0,0,36.186050,-86.798290,I65 S EXT RAMP,,,,0.00,,,ROSA L PARKS BLVD,,,,0.00,Y,OTHER,Y,Entrance/Exit Ramp Related,None,,,         ,Michael,Brooks,Cloudy,Front to Rear,no,no,no,no,yes,False
101440673,METROPOLITAN NASHVILLE POLICE DEPT,20161015908,Davidson,Nashville,11/15/2016 2:14:00 PM,2,2,0,36.099730,-86.871410,HARDING PKE,,,,0.00,,,HIGHWAY 100,,,,0.00,Y,Y-Intersection,N,Intersection,None,,,         ,Walter,Gray II,Cloudy,HeadOn,no,no,no,no,no,False
101440676,METROPOLITAN NASHVILLE POLICE DEPT,2016-1015894,Davidson,Nashville,11/15/2016 2:08:00 PM,2,0,0,36.099000,-86.869280,PAGE RD,,,,461.00,Feet,East,HEADY DR,,,,0.00,N,Not at Intersection,N,Non-Junction,None,,,         ,Michael,Rogers,Clear,Front to Rear,no,no,no,no,no,False
101440677,METROPOLITAN NASHVILLE POLICE DEPT,20161016124,Davidson,Nashville,11/15/2016 2:20:00 PM,2,0,0,36.113520,-86.805630,WOODMONT BLVD,,,,150.00,Feet,East,HOPKINS ST,,,,0.00,N,Not at Intersection, ,Non-Junction,None,,,         ,Charles,Griffin,Clear,Front to Rear,no,no,no,no,no,False
101440686,METROPOLITAN NASHVILLE POLICE DEPT,20161015965,Davidson,Nashville,11/15/2016 2:48:00 PM,2,0,0,36.167150,-86.779610,3RD AVN,,,,0.00,Feet,North,JAMES ROBERTSON PKWY,,,,0.00,N,Not at Intersection,N,OtherLocation,None,,,         ,Joshua,Hausman,Clear,Angle,no,no,no,no,no,False
101440691,METROPOLITAN NASHVILLE POLICE DEPT,20161016081,Davidson,Nashville,11/15/2016 2:53:00 PM,2,0,0,36.176880,-86.776180,SPRING ST,,,,0.00,,,COWAN ST,,,,0.00,Y,Four-Way, ,Intersection-Related,None,,,         ,Michael,Baron,Clear,Front to Rear,no,no,no,no,no,False
101440694,GOODLETTSVILLE POLICE DEPT,16-39696,Davidson,Goodlettsville,11/15/2016 4:05:00 PM,1,0,0,36.311743,-86.681690,VIETNAM VETERANS,BLVD,SR386,,0.00,,,,,,,1.80,N,Not at Intersection, ,Non-Junction,None,,,         ,Jeremy,Baker,Clear,Not Collision with Motor Vehicle in Transport,no,no,no,no,no,False
101440703,METROPOLITAN NASHVILLE POLICE DEPT,20161016173,Davidson,Nashville,11/15/2016 4:02:00 PM,2,0,0,36.150150,-86.857950,CHARLOTTE PKE,,,,0.00,Feet,,WHITE BRIDGE PKE,,,,0.00,Y,Four-Way,N,Intersection-Related,None,,,         ,Michael,Brooks,Cloudy,"Sideswipe, Same Direction",no,no,no,no,yes,False
101440709,METROPOLITAN NASHVILLE POLICE DEPT,20161015979,Davidson,Nashville,11/15/2016 2:04:00 PM,2,0,0,36.132990,-86.906070,CHARLOTTE PKE PVTDR,,,,993.00,Feet,North,BROOKMEADE GRNWY,,,,0.00,N,Not at Intersection,N,Non-Junction,None,,,         ,Jeremy,Huffine,Clear,Angle,no,no,no,yes,yes,False
101440710,METROPOLITAN NASHVILLE POLICE DEPT,20161015919,Davidson,Nashville,11/15/2016 3:45:00 PM,2,0,0,36.045510,-86.674460,BLUE HOLE RD,,,,89.00,Feet,South,BELL RD,,,,0.00,N,Not at Intersection,N,Non-Junction,None,,,         ,Jessie,Meadows,Clear,Front to Rear,no,no,no,no,no,False
101440711,METROPOLITAN NASHVILLE POLICE DEPT,20161015972,Davidson,Antioch,11/15/2016 3:55:00 PM,2,0,0,36.058050,-86.598080,HOBSON PKE,,,,211.00,Feet,South,HAMILTON CHURCH RD,,,,0.00,N,Not at Intersection, ,Non-Junction,None,,,         ,Jessie,Meadows,Clear,"Sideswipe, Same Direction",no,no,no,no,no,False
101440712,METROPOLITAN NASHVILLE POLICE DEPT,20161016085,Davidson,Nashville,11/15/2016 4:04:00 PM,2,0,0,36.088440,-86.690240,HARDING PL,,,,608.00,Feet,West,EZELL PKE,,,,0.00,N,Not at Intersection, ,Non-Junction,None,,,         ,Jessie,Meadows,Clear,Front to Rear,no,no,no,no,no,False
101440713,METROPOLITAN NASHVILLE POLICE DEPT,20161016225,Davidson,Nashville,11/15/2016 3:40:00 PM,2,0,0,36.152290,-86.690470,ELM HILL PKE,,,,0.00,,,BRILEY PKWY N EXT RAMP,,,,0.00,Y,T-Intersection, ,,None,,,         ,Mikala,Moore,,,no,no,no,no,no,False
101440715,METROPOLITAN NASHVILLE POLICE DEPT,20161015782,Davidson,Nashville,11/15/2016 1:00:00 PM,2,0,0,36.163250,-86.776070,2ND AVN,,,,0.00,,,COMMERCE ST,,,,0.00,Y,OTHER,N,Intersection,Construction Zone,Lane Shift-Crossover,Before First Warning Area,         ,Samuel,White,Clear,Rear to Side,no,no,no,no,yes,False
101440716,METROPOLITAN NASHVILLE POLICE DEPT,20161016145,Davidson,Nashville,11/15/2016 3:52:00 PM,2,0,0,36.077150,-86.734090,HARDING PL,,,,0.00,,,OVERCREST DR,,,,0.00,Y,T-Intersection, ,Intersection-Related,None,,,         ,Tien,Nguyen,Clear,Angle,no,no,no,no,no,False
101440717,METROPOLITAN NASHVILLE POLICE DEPT,20161016050,Davidson,Goodlettsville,11/15/2016 12:00:00 AM,2,0,0,36.296910,-86.699160,GALLATIN PKEN,,,,0.00,,,RIVERGATE PKWY,,,,0.00,Y,Four-Way,N,Intersection,None,,,         ,Joel,Callies,Cloudy,"Sideswipe, Same Direction",no,no,no,no,yes,False
101440720,METROPOLITAN NASHVILLE POLICE DEPT,20161016230,Davidson,Nashville,11/15/2016 4:23:00 PM,2,1,0,36.125870,-86.805050,21ST AVS,,,,0.00,,,SWEETBRIAR AV,,,,0.00,Y,T-Intersection,N,Intersection,None,,,         ,Charles,Griffin,Clear,Angle,no,no,no,no,no,False
101440728,METROPOLITAN NASHVILLE POLICE DEPT,20161016217,Davidson,Nashville,11/15/2016 2:55:00 PM,2,0,0,36.148740,-86.775090,I 40,,,,0.00,,,,,,,210.10,N,Not at Intersection,N,Non-Junction,None,,,         ,Codey,Mullins,Cloudy,Front to Rear,no,no,no,no,yes,False
101440746,METROPOLITAN NASHVILLE POLICE DEPT,20161016320,Davidson,Nashville,11/15/2016 4:28:00 PM,2,0,0,36.121780,-86.758600,I 440,,,,0.00,,,,,,,5.85,N,Not at Intersection, ,Non-Junction,None,,,         ,Tien,Nguyen,Clear,Front to Rear,no,no,no,no,no,False
101440748,METROPOLITAN NASHVILLE POLICE DEPT,20161016387,Davidson,Not in City Limit,11/15/2016 5:14:00 PM,2,0,0,36.035410,-86.968160,HIGHWAY 100,,,,0.00,,,PASQUO RD,,,,0.00,Y,T-Intersection, ,,None,,,         ,Adam,Reese,,,no,no,no,no,no,False
101440750,METROPOLITAN NASHVILLE POLICE DEPT,20161016282,Davidson,Nashville,11/15/2016 5:00:00 PM,2,0,0,36.172300,-86.601850,OLD HICKORY BLVD,,,,131.00,Feet,South,PRINCETON PL,,,,0.00,N,Not at Intersection, ,Non-Junction,None,,,         ,David,Stanley,Clear,Front to Rear,no,no,no,no,no,False
101440757,METROPOLITAN NASHVILLE POLICE DEPT,20161016450,Davidson,Nashville,11/15/2016 5:20:00 PM,2,0,0,36.216110,-86.597650,ANDREW JACKSON PKWY,,,,362.00,Feet,North,LEBANON PKE,,,,0.00,N,Not at Intersection,N,Non-Junction,None,,,         ,Codey,Mullins,Cloudy,Front to Rear,no,no,no,no,no,False
101440772,METROPOLITAN NASHVILLE POLICE DEPT,20161016503,Davidson,Nashville,11/15/2016 4:29:00 PM,2,0,0,36.141240,-86.814470,31ST AVS,,,,0.00,,,VANDERBILT PL,,,,0.00,Y,Four-Way,N,Intersection-Related,None,,,         ,Tien,Nguyen,Clear,Angle,no,no,no,no,no,Campus
101440773,METROPOLITAN NASHVILLE POLICE DEPT,20161016473,Davidson,Nashville,11/15/2016 5:38:00 PM,3,0,0,36.182030,-86.641300,LEBANON PKE,,,,114.00,Feet,East,DOWNEYMEADE DR,,,,0.00,N,Not at Intersection, ,Non-Junction,None,,,         ,Noah,Melton,Clear,Front to Rear,no,no,no,no,no,False
101440777,METROPOLITAN NASHVILLE POLICE DEPT,20161016400,Davidson,Nashville,11/15/2016 5:15:00 PM,2,1,0,36.077380,-86.740070,HARDING PL,,,,0.00,,,BINKLEY DR,,,,0.00,Y,Four-Way,N,Intersection,None,,,         ,Charles,Griffin,Clear,Front to Rear,no,no,no,no,yes,False
101440778,METROPOLITAN NASHVILLE POLICE DEPT,20161016426,Davidson,Not in City Limit,11/15/2016 5:23:00 PM,2,0,0,36.273180,-86.710090,GALLATIN PKEN,,,,146.00,Feet,North,NESBITT LN,,,,0.00,N,Not at Intersection, ,Non-Junction,None,,,         ,Harold,Willmore IV,Clear,Front to Rear,no,no,no,no,no,False
101440779,METROPOLITAN NASHVILLE POLICE DEPT,20161016500,Davidson,Nashville,11/15/2016 5:26:00 PM,2,0,0,36.154670,-86.786040,DEMONBREUN ST,,,,53.00,Feet,East,12TH AVS,,,,0.00,N,Not at Intersection,N,Non-Junction,None,,,         ,Pedro,Rivera Chaparro,Clear,Front to Rear,no,no,no,no,yes,False
101440780,METROPOLITAN NASHVILLE POLICE DEPT,20161016356,Davidson,Nashville,11/15/2016 4:52:00 PM,2,0,0,36.188030,-86.798000,DOMINICAN DR,,,,146.00,Feet,East,ROSA L PARKS BLVD,,,,0.00,N,Not at Intersection,N,Non-Junction,None,,,         ,Michael,Brooks,Cloudy,Angle,no,no,no,no,no,False
101440790,METROPOLITAN NASHVILLE POLICE DEPT,20161016182,Davidson,Nashville,11/15/2016 3:10:00 PM,3,0,0,36.152920,-86.842250,46TH AVN,,,,138.00,Feet,South,I40 E ENT RAMP,,,,0.00,N,Not at Intersection,N,Non-Junction,None,,,         ,Anthony,Rizo,Clear,Angle,no,no,no,no,no,False
101440806,GOODLETTSVILLE POLICE DEPT,16-39705,Davidson,Goodlettsville,11/15/2016 5:58:00 PM,2,1,0,36.325110,-86.701760,LONG HOLLOW PIKE,,SR174,,20.00,Feet,West,E. CEDAR STREET,,,,0.00,N,Not at Intersection,N,Non-Junction,None,,,         ,Daniel,Knalls,Clear,Angle,no,no,no,no,no,False
101440808,METROPOLITAN NASHVILLE POLICE DEPT,2016-1015397,Davidson,Nashville,11/15/2016 12:00:00 AM,2,0,0,36.182580,-86.845690,HOSPITAL LN,,,,0.00,,,COUNTY HOSPITAL RD,,,,0.00,Y,Four-Way, ,Intersection,None,,,         ,William,Caillouette,Clear,Front to Rear,no,no,no,no,yes,False
101440814,METROPOLITAN NASHVILLE POLICE DEPT,2016-1016442,Davidson,Nashville,11/15/2016 5:28:00 PM,2,1,0,36.154630,-86.832220,I 40,,,,0.00,,,,,,,205.40,N,Not at Intersection,N,Non-Junction,None,,,         ,Michael,Rogers,Clear,Front to Rear,no,no,no,no,no,False
101440823,METROPOLITAN NASHVILLE POLICE DEPT,20161016684,Davidson,Nashville,11/15/2016 7:03:00 PM,2,0,0,36.148360,-86.777070,I 40,,,,0.00,,,,,,,210.00,N,Not at Intersection, ,,None,,,         ,Charles,Griffin,,,no,no,no,no,no,False
101440836,METROPOLITAN NASHVILLE POLICE DEPT,20161016667,Davidson,Nashville,11/15/2016 6:45:00 PM,2,0,0,36.106290,-86.718920,I 24,,,,0.00,,,,,,,54.00,N,Not at Intersection, ,Non-Junction,None,,,         ,Jeffrey,Livingston,Clear,Front to Rear,no,no,no,no,yes,False
101440840,METROPOLITAN NASHVILLE POLICE DEPT,20161016395,Davidson,Nashville,11/15/2016 5:10:00 PM,2,0,0,36.150010,-86.870960,I 40,,,,0.00,,,,,,,203.20,N,Not at Intersection, ,Non-Junction,None,,,         ,Jeremy,Huffine,Clear,Front to Rear,no,no,no,no,no,False