master_record_number,agency,agency_tracking_number,county,city,collision_date,vehicles_involved,number_injured,number_dead,latitude,longitude,roadway_name,roadway_suffix,roadway_number,roadway_local_id,distance_from_reference,miles-feet_indicator,direction_from_reference,intersection_road_name,intersection_road_name_suffix,intersection_road_number,intersection_local_id,mile_marker,intersection_indicator,intersect_type,interchange_related_indicator,relation_to_junction,work_zone_type,construction_maintenance_zone,construction_maintenance_zone_location,fatal_case_number,officer_first_name,officer_last_name,weather_condition(s),manner_of_crash,pedestrian,bicycle,scooter,parking,hitrun,mou
101441844,METROPOLITAN NASHVILLE POLICE DEPT,2016-1020416,Davidson,Nashville,11/16/2016 7:24:00 PM,2,2,0,36.048400,-86.743630,EDMONDSON PKE,,,,0.00,,,BRENTWOOD PL,,,,0.00,Y,T-Intersection,N,"Driveway, Alley Access, etc",None,,,         ,William,King,Clear,Angle,no,no,no,no,no,False
101441848,METROPOLITAN NASHVILLE POLICE DEPT,20161020456,Davidson,Nashville,11/16/2016 5:46:00 PM,2,0,0,36.074100,-86.759260,TROUSDALE DR,,,,250.00,Feet,North,BRAMBLEWOOD DR,,,,0.00,N,Not at Intersection, ,Non-Junction,None,,,         ,Charles,Griffin,Clear,Front to Rear,no,no,no,no,yes,False
101441849,METROPOLITAN NASHVILLE POLICE DEPT,20161020523,Davidson,Nashville,11/16/2016 7:03:00 PM,2,0,0,36.187400,-86.808820,12TH AVN,,,,289.00,Feet,South,CECILIA AV,,,,0.00,N,Not at Intersection,N,Non-Junction,None,,,         ,Michael,Brooks,Clear,Angle,no,no,no,no,yes,False
101451846,METROPOLITAN NASHVILLE POLICE DEPT,20161020447,Davidson,Nashville,11/16/2016 5:20:00 PM,2,0,0,36.079090,-86.727820,HARDING PL,,,,483.00,Feet,West,NOLENSVILLE PKE,,,,0.00,N,Not at Intersection, ,Non-Junction,None,,,         ,Miguel,Garcia,Clear,Angle,no,no,no,no,no,False
101451847,METROPOLITAN NASHVILLE POLICE DEPT,20161020432,Davidson,Nashville,11/16/2016 7:30:00 PM,2,1,0,36.078910,-86.728340,HARDING PL,,,,649.00,Feet,West,COVENTRY DR,,,,0.00,N,Not at Intersection,N,Non-Junction,None,,,         ,Miguel,Garcia,Clear,Front to Rear,no,no,no,no,no,False
101451851,METROPOLITAN NASHVILLE POLICE DEPT,20161020519,Davidson,Nashville,11/16/2016 7:50:00 PM,2,0,0,36.151700,-86.786660,I 40,,,,0.00,,,,,,,209.45,N,Not at Intersection, ,Non-Junction,None,,,         ,Eric,Burford,Clear,"Sideswipe, Same Direction",no,no,no,no,no,False
101451852,METROPOLITAN NASHVILLE POLICE DEPT,20161020201,Davidson,Nashville,11/16/2016 6:03:00 PM,5,4,0,36.156100,-86.827670,I440 W EXT RAMP,,,,0.00,,East,I 40,,,,0.00,N,Not at Intersection,Y,Entrance/Exit Ramp Related,None,,,         ,John,Thomas,Clear,Front to Rear,no,no,no,no,no,False
101451855,METROPOLITAN NASHVILLE POLICE DEPT,20161020259,Davidson,Nashville,11/16/2016 6:03:00 PM,3,2,0,36.156100,-86.827670,I440 W EXT RAMP,,,,0.00,Feet,East,I 40,,,,0.00,N,Not at Intersection,N,Non-Junction,None,,,         ,Anthony,Rizo,Clear,Front to Rear,no,no,no,no,no,False
101451856,METROPOLITAN NASHVILLE POLICE DEPT,20161020339,Davidson,Nashville,11/16/2016 6:31:00 PM,2,2,0,36.229380,-86.759280,BROADMOOR DR,,,,0.00,,,DICKERSON PKE,,,,0.00,Y,Four-Way,N,Intersection,None,,,         ,Whitney,Arnold,Clear,Angle,no,no,no,no,no,False
101451858,METROPOLITAN NASHVILLE POLICE DEPT,20161020542,Davidson,Nashville,11/16/2016 6:28:00 PM,2,0,0,36.132560,-86.893630,CHARLOTTE PKE,,,,74.00,Feet,West,I40 E ENT RAMP,,,,0.00,N,Not at Intersection, ,Non-Junction,None,,,         ,Jeremy,Huffine,Clear,Front to Rear,no,no,no,no,no,False
101451869,METROPOLITAN NASHVILLE POLICE DEPT,20161020287,Davidson,Not in City Limit,11/16/2016 6:11:00 PM,2,0,0,36.262370,-86.681060,E OLD HICKORY BLVD,,,,0.00,,,RIO VISTA DR,,,,0.00,Y,T-Intersection, ,Intersection,None,,,         ,Christopher,Kelly,Clear,Front to Rear,no,no,no,no,no,False
101451895,METROPOLITAN NASHVILLE POLICE DEPT,20161020317,Davidson,Not in City Limit,11/16/2016 5:33:00 PM,2,0,0,36.274080,-86.689430,MYATT DR,,,,700.00,Feet,South,MYATT CENTER LN,,,,0.00,N,Not at Intersection, ,Non-Junction,None,,,         ,Samuel,Miller,Clear,Front to Rear,no,no,no,no,no,False
101451896,METROPOLITAN NASHVILLE POLICE DEPT,20161020386,Davidson,Goodlettsville,11/16/2016 7:13:00 PM,3,1,0,36.294010,-86.701690,GALLATIN PKEN,,,,177.00,Feet,South,MCHENRY CENTER PVTDR,,,,0.00,N,Not at Intersection,N,Non-Junction,None,,,         ,Samuel,Miller,Clear,Front to Rear,no,no,no,no,no,False
101451912,METROPOLITAN NASHVILLE POLICE DEPT,20161019985,Davidson,Nashville,11/16/2016 4:51:00 PM,2,0,0,36.100366,-86.871094,HARDING PK,,,,0.00,,,PAGE RD,,,,0.00,Y,Four-Way,N,Intersection,None,,,         ,Jeremy,Huffine,Clear,Angle,no,no,no,no,no,False
101451913,METROPOLITAN NASHVILLE POLICE DEPT,20161020494,Davidson,Nashville,11/16/2016 7:15:00 PM,2,0,0,36.190120,-86.825300,CLARKSVILLE PKE,,,,793.00,Feet,West,ROSA L PARKS BLVD,,,,0.00,N,Not at Intersection,N,Non-Junction,None,,,         ,Michael,Brooks,Clear,Front to Rear,no,no,no,no,yes,False
101451916,METROPOLITAN NASHVILLE POLICE DEPT,20161020263,Davidson,Goodlettsville,11/16/2016 5:58:00 PM,2,1,0,36.296330,-86.699690,GALLATIN PKEN,,,,158.00,Feet,North,MCHENRY CENTER PVTDR,,,,0.00,N,Not at Intersection,N,Non-Junction,None,,,         ,Samuel,Miller,Clear,Angle,no,no,no,no,no,False
101451921,METROPOLITAN NASHVILLE POLICE DEPT,20161020554,Davidson,Nashville,11/16/2016 8:20:00 PM,2,1,0,36.176280,-86.615940,CENTRAL PKE,,,,4.00,Feet,North,LAKESIDE PL,,,,0.00,N,Not at Intersection,N,Non-Junction,None,,,         ,David,Stanley,Clear,Front to Rear,no,no,no,no,no,False
101451931,METROPOLITAN NASHVILLE POLICE DEPT,20161020169,Davidson,Nashville,11/16/2016 5:10:00 PM,2,0,0,36.141380,-86.715410,I 40,,,,0.00,,,,,,,213.90,N,Not at Intersection, ,Non-Junction,None,,,         ,John,Daugherty,Clear,Front to Rear,no,no,no,no,no,False
101451934,METROPOLITAN NASHVILLE POLICE DEPT,2016-1020729,Davidson,Nashville,11/16/2016 7:20:00 PM,2,0,0,36.152090,-86.858460,I 40,,,,0.00,,,,,,,203.90,N,Not at Intersection, ,Non-Junction,None,,,         ,Anthony,Rizo,Clear,Angle,no,no,no,no,no,False
101451947,METROPOLITAN NASHVILLE POLICE DEPT,20161020717,Davidson,Nashville,11/16/2016 8:35:00 PM,1,0,0,36.137970,-86.727740,I 24,,,,0.00,,,,,,,51.35,N,Not at Intersection,N,Non-Junction,None,,,         ,Victoria,Cunningham,Clear,Not Collision with Motor Vehicle in Transport,no,no,no,no,no,False
101451959,METROPOLITAN NASHVILLE POLICE DEPT,20161020246,Davidson,Antioch,11/16/2016 6:11:00 PM,2,0,0,36.044970,-86.650010,CROSSINGS BLVD,,,,235.00,Feet,West,CROSSINGS PL,,,,0.00,N,Not at Intersection,N,Non-Junction,None,,,         ,Victoria,Cunningham,Clear,"Sideswipe, Opposite Direction",no,no,no,no,yes,False
101451981,METROPOLITAN NASHVILLE POLICE DEPT,20161021118,Davidson,Nashville,11/17/2016 12:01:00 AM,1,0,0,36.112570,-86.922030,I40 W EXT RAMP,,,,0.00,,,I 40,,,,0.00,Y,Four-Way,N,Entrance/Exit Ramp Related,None,,,         ,Jackson,Smythe,Clear,Not Collision with Motor Vehicle in Transport,no,no,no,no,no,False
101451985,METROPOLITAN NASHVILLE POLICE DEPT,20161020983,Davidson,Nashville,11/16/2016 11:00:00 PM,1,0,0,36.072410,-86.642580,RICE RD,,,,0.00,,,,,,,0.00,,,N,Non-Junction,None,,,         ,Daniel,Garrett,Clear,Not Collision with Motor Vehicle in Transport,no,no,no,yes,yes,False
101451987,METROPOLITAN NASHVILLE POLICE DEPT,2016-1020679,Davidson,Nashville,11/16/2016 9:00:00 PM,2,0,0,36.186580,-86.613280,OLD HICKORY BLVD,,,,1316.00,Feet,North,ANDREW JACKSON PKWY,,,,0.00,N,Not at Intersection,N,Non-Junction,None,,,         ,Sandra,Talavera,Clear,Front to Rear,no,no,no,no,yes,False
101451989,METROPOLITAN NASHVILLE POLICE DEPT,20161020894,Davidson,Nashville,11/16/2016 10:45:00 PM,2,1,0,36.156010,-86.788850,BROADWAY,,,,0.00,,,I40 W ENT RAMP,,,,0.00,Y,Four-Way,Y,Intersection,None,,,         ,Jeremy,King,Clear,Angle,no,no,no,no,no,False
101452004,METROPOLITAN NASHVILLE POLICE DEPT,20161020936,Davidson,Nashville,11/16/2016 10:45:00 PM,2,0,0,36.143430,-86.871320,WATTS LN,,,,0.00,,,WATTS CIR,,,,0.00,Y,T-Intersection,N,Intersection-Related,None,,,         ,Benjamin,Fisher,Clear,"Sideswipe, Same Direction",no,no,no,no,yes,False
101452019,METROPOLITAN NASHVILLE POLICE DEPT,20161021347,Davidson,Nashville,11/17/2016 1:55:00 AM,1,0,0,36.147840,-86.777220,I65 S ENT RAMP,,,,0.00,,,I 40,,,,0.00,Y,OTHER, ,Intersection-Related,None,,,         ,Steven,Wiser,Clear,Not Collision with Motor Vehicle in Transport,no,no,no,no,no,False
101452023,METROPOLITAN NASHVILLE POLICE DEPT,20161021461,Davidson,Nashville,11/17/2016 1:55:00 AM,1,0,0,36.148300,-86.776850,I65 S ENT RAMP,,,,0.00,,,I 40,,,,0.00,Y,OTHER,Y,Entrance/Exit Ramp Related,None,,,         ,Stephen,Waterman,Clear,Not Collision with Motor Vehicle in Transport,no,no,no,no,no,False
101452029,METROPOLITAN NASHVILLE POLICE DEPT,20161021425,Davidson,Nashville,11/17/2016 3:12:00 AM,1,0,0,36.149460,-86.822380,I 440,,,,0.00,,,,,,,1.40,N,Not at Intersection,N,Non-Junction,None,,,         ,Juan,Gonzalez,Clear,Not Collision with Motor Vehicle in Transport,no,no,no,no,no,False
101452037,METROPOLITAN NASHVILLE POLICE DEPT,20161021009,Davidson,Nashville,11/17/2016 12:00:00 AM,2,0,0,36.111130,-86.722750,I 24,,,,0.00,,,,,,,53.60,N,Not at Intersection, ,Non-Junction,None,,,         ,Brian,Mclarty,Clear,"Sideswipe, Same Direction",no,no,no,no,yes,False
101452043,METROPOLITAN NASHVILLE POLICE DEPT,20161021421,Davidson,Nashville,11/17/2016 2:15:00 AM,2,0,0,36.141130,-86.627970,BELL RD,,,,0.00,Feet,,ELM HILL PKE,,,,0.00,Y,T-Intersection,N,Intersection,None,,,         ,Jefferson,Hughes,Clear,Front to Rear,no,no,no,no,no,False
101452052,METROPOLITAN NASHVILLE POLICE DEPT,20161021679,Davidson,Nashville,11/17/2016 4:25:00 AM,2,0,0,0.000000,0.000000,,,I40W,,100.00,Feet,West,,,,,214.00,N,Not at Intersection, ,Non-Junction,None,,,         ,Justin,Chisholm,Clear,"Sideswipe, Same Direction",no,no,no,no,no,False
101452064,METROPOLITAN NASHVILLE POLICE DEPT,20161021867,Davidson,Nashville,11/17/2016 12:00:00 AM,1,0,0,36.075720,-86.659010,TREETOP DR,,,,95.00,Feet,West,SHAWA TRL,,,,0.00,N,Not at Intersection,N,Non-Junction,None,,,         ,Daniel,Garrett,Clear,Not Collision with Motor Vehicle in Transport,no,no,no,no,yes,False
101452102,METROPOLITAN NASHVILLE POLICE DEPT,20161021960,Davidson,Nashville,11/17/2016 6:55:00 AM,2,0,0,36.117400,-86.922180,CHARLOTTE PKE,,,,404.00,Feet,East,OLD HICKORY BLVD,,,,0.00,N,Not at Intersection, ,Non-Junction,None,,,         ,Curtis,Rich,Clear,Front to Rear,no,no,no,no,no,False
101452114,METROPOLITAN NASHVILLE POLICE DEPT,20161021977,Davidson,Nashville,11/17/2016 7:08:00 AM,3,0,0,36.066490,-86.770740,I 65,,,,0.00,,,,,,,76.70,N,Not at Intersection,N,Non-Junction,None,,,         ,Nathan,Kemp,Clear,Front to Rear,no,no,no,no,no,False
101452115,METROPOLITAN NASHVILLE POLICE DEPT,20161021925,Davidson,Nashville,11/17/2016 12:00:00 AM,2,0,0,36.163440,-86.822250,30TH AVN,,,,155.00,Feet,South,ALBION ST,,,,0.00,N,Not at Intersection, ,Non-Junction,None,,,         ,Isaac,Wood,Unknown,Unknown,no,no,no,no,yes,False
101452125,METROPOLITAN NASHVILLE POLICE DEPT,20161021916,Davidson,Nashville,11/17/2016 6:40:00 AM,2,0,0,36.234380,-86.804540,BRILEY PKWYE,,,,298.00,Feet,West,KNIGHT DR,,,,0.00,N,Not at Intersection, ,Non-Junction,None,,,         ,Jack,Crouch,Clear,Not Collision with Motor Vehicle in Transport,no,no,no,no,no,False
101452141,METROPOLITAN NASHVILLE POLICE DEPT,2016-1021968,Davidson,Not in City Limit,11/17/2016 7:10:00 AM,2,0,0,36.015140,-86.621150,I 24,,,,0.00,,,,,,,62.50,N,Not at Intersection, ,Non-Junction,None,,,         ,William,Whitworth,Clear,Front to Rear,no,no,no,no,no,False
101452142,VANDERBILT UNIVERSITY POLICE,16-1022022,Davidson,Nashville,11/17/2016 7:20:00 AM,2,0,0,36.139990,-86.804150,PIERCE AV,,,,250.00,Feet,East,24TH AVS,,,,0.00,N,Not at Intersection,N,Non-Junction,None,,,         ,William,Gladu,Clear,"Sideswipe, Same Direction",no,no,no,no,yes,Campus
101452145,METROPOLITAN NASHVILLE POLICE DEPT,20161022052,Davidson,Nashville,11/17/2016 7:45:00 AM,2,2,0,36.138060,-86.889870,I 40,,,,0.00,,,,,,,201.80,N,Not at Intersection,N,Non-Junction,None,,,         ,Benjamin,Cantrell,Clear,Front to Rear,no,no,no,no,no,False
101452147,METROPOLITAN NASHVILLE POLICE DEPT,20161021994,Davidson,Not in City Limit,11/17/2016 7:24:00 AM,2,0,0,36.312650,-86.830360,I 24,,,,0.00,,,,,,,37.40,N,Not at Intersection, ,Non-Junction,None,,,         ,Derrick,Toney,Clear,Front to Rear,no,no,no,no,no,False
101452156,METROPOLITAN NASHVILLE POLICE DEPT,20161022027,Davidson,Nashville,11/17/2016 7:35:00 AM,2,0,0,36.155570,-86.628720,STEWARTS FERRY PKE,,,,517.00,Feet,West,I40 E EXT RAMP,,,,0.00,N,Not at Intersection, ,Non-Junction,None,,,         ,Steven,Rowlett,Clear,Front to Rear,no,no,no,no,no,False
101452157,METROPOLITAN NASHVILLE POLICE DEPT,20161022005,Davidson,Nashville,11/17/2016 7:30:00 AM,2,0,0,36.165650,-86.862470,PENNSYLVANIA AV,,,,109.00,Feet,East,62ND AVN,,,,0.00,N,Not at Intersection, ,Non-Junction,None,,,         ,George,Spencer,Clear,Rear to Side,no,no,no,no,yes,False
101452164,METROPOLITAN NASHVILLE POLICE DEPT,20161022094,Davidson,Nashville,11/17/2016 8:00:00 AM,2,0,0,36.142490,-86.708790,I 40,,,,0.00,,,,,,,214.30,N,Not at Intersection, ,Non-Junction,None,,,         ,Larry,Benz,Clear,Front to Rear,no,no,no,no,no,False
101452169,METROPOLITAN NASHVILLE POLICE DEPT,20161022037,Davidson,Nashville,11/17/2016 7:35:00 AM,2,0,0,36.168850,-86.766380,I24 E ENT RAMP,,,,0.00,Feet,East,I 24,,,,0.00,N,Not at Intersection,N,Non-Junction,None,,,         ,Robert,Magner,Clear,Angle,no,no,no,no,no,False
101452172,GOODLETTSVILLE POLICE DEPT,16-39826,Davidson,Goodlettsville,11/16/2016 4:25:00 PM,4,1,0,36.309500,-86.689150,VIETNAM VETERANS BLVDS,,,,1793.00,Feet,East,VIETNAM VETERANS BLVD SB RAMP,,,,0.00,N,Not at Intersection,N,Non-Junction,None,,,         ,Brian,Hajdu,Clear,Front to Rear,no,no,no,no,no,False
101452179,METROPOLITAN NASHVILLE POLICE DEPT,20161022042,Davidson,Nashville,11/17/2016 7:35:00 AM,2,1,0,36.050490,-86.876680,OLD HICKORY BLVD,,,,0.00,,,CHICKERING RD,,,,0.00,Y,Four-Way,N,Intersection-Related,None,,,         ,Gregory,McDaniel,Clear,Front to Rear,no,no,no,no,no,False
101452219,METROPOLITAN NASHVILLE POLICE DEPT,20161022259,Davidson,Nashville,11/17/2016 9:10:00 AM,1,1,0,36.189370,-86.616900,CORTEZ CT,,,,338.00,Feet,East,PANAMA DR,,,,0.00,N,Not at Intersection,N,Non-Junction,None,,,         ,Steven,Rowlett,Clear,Not Collision with Motor Vehicle in Transport,no,no,no,yes,no,False
101452223,METROPOLITAN NASHVILLE POLICE DEPT,20161022191,Davidson,Nashville,11/17/2016 8:36:00 AM,2,0,0,36.152700,-86.769220,2ND AVS,,,,141.00,Feet,North,LINDSLEY AV,,,,0.00,N,Not at Intersection, ,Non-Junction,None,,,         ,Darren,Key,Clear,"Sideswipe, Same Direction",no,no,no,no,no,False
101452233,METROPOLITAN NASHVILLE POLICE DEPT,20161022189,Davidson,Nashville,11/17/2016 8:39:00 AM,2,1,0,36.143500,-86.794410,17TH AVS,,,,0.00,,,EDGEHILL AV,,,,0.00,Y,Four-Way,N,Intersection,None,,,         ,Nathan,Kemp,Clear,"Sideswipe, Same Direction",no,no,no,no,no,Campus
101452234,METROPOLITAN NASHVILLE POLICE DEPT,20161022097,Davidson,Nashville,11/17/2016 8:09:00 AM,2,0,0,36.137770,-86.820640,I440 W EXT RAMP,,,,0.00,,,WEST END AV,,,,0.00,Y,Four-Way,N,Entrance/Exit Ramp Related,None,,,         ,Nathan,Kemp,Clear,"Sideswipe, Same Direction",no,no,no,no,yes,False
101452242,METROPOLITAN NASHVILLE POLICE DEPT,20161022113,Davidson,Nashville,11/17/2016 8:15:00 AM,2,0,0,36.141530,-86.668510,I 40,,,,0.00,,,,,,,218.00,N,Not at Intersection,N,Non-Junction,None,,,         ,Johnathan,Carlisle,Clear,Front to Rear,no,no,no,no,no,False
101452244,GOODLETTSVILLE POLICE DEPT,16-39915,Davidson,Goodlettsville,11/17/2016 8:25:00 AM,2,0,0,0.000000,0.000000,VIETNAM VETERANS BLVD,,SR386,,1200.00,Feet,,CONFERENCE DR,,,,0.08,N,Not at Intersection, ,Non-Junction,None,,,         ,John,Spencer,Clear,"Sideswipe, Same Direction",no,no,no,no,no,False
101452251,METROPOLITAN NASHVILLE POLICE DEPT,20161021963,Davidson,Nashville,11/17/2016 7:09:00 AM,2,0,0,36.086510,-86.771120,HARDING PL,,,,251.00,Feet,East,FRANKLIN PKE,,,,0.00,N,Not at Intersection, ,Non-Junction,None,,,         ,Erik,Wagner,Clear,Front to Rear,no,no,no,no,no,False
101452252,METROPOLITAN NASHVILLE POLICE DEPT,20161022152,Davidson,Nashville,11/17/2016 8:29:00 AM,2,0,0,36.123340,-86.809210,I440 E EXT RAMP,,,,0.00,Feet,East,I 440,,,,0.00,N,Not at Intersection, ,Entrance/Exit Ramp Related,None,,,         ,Erik,Wagner,Clear,Front to Rear,no,no,no,no,no,False
101452256,METROPOLITAN NASHVILLE POLICE DEPT,20161022413,Davidson,Nashville,11/17/2016 10:00:00 AM,2,0,0,36.150150,-86.857950,CHARLOTTE PKE,,,,0.00,,,WHITE BRIDGE PKE,,,,0.00,Y,Four-Way, ,Intersection,None,,,         ,Curtis,Rich,Clear,Angle,no,no,no,no,yes,False
101452261,METROPOLITAN NASHVILLE POLICE DEPT,20161022257,Davidson,Nashville,11/17/2016 9:02:00 AM,3,0,0,36.206390,-86.776490,I 65,,,,0.00,,,,,,,87.30,N,Not at Intersection, ,Non-Junction,None,,,         ,James,Wray,Clear,Front to Rear,no,no,no,no,no,False
101452267,METROPOLITAN NASHVILLE POLICE DEPT,20161022087,Davidson,Nashville,11/17/2016 8:00:00 AM,2,0,0,36.226520,-86.773970,I 65,,,,0.00,,,,,,,88.70,N,Not at Intersection, ,Non-Junction,None,,,         ,Derrick,Toney,Clear,Front to Rear,no,no,no,no,no,False
101452272,METROPOLITAN NASHVILLE POLICE DEPT,20161022044,Davidson,Nashville,11/17/2016 7:50:00 AM,4,3,0,36.182820,-86.611190,DODSON CHAPEL RD,,,,0.00,Feet,North,CHANDLER PL,,,,0.00,N,Not at Intersection,Y,Non-Junction,None,,,         ,Daniel,Herndon,Clear,Angle,no,no,no,no,no,False
101452276,METROPOLITAN NASHVILLE POLICE DEPT,20161022073,Davidson,Nashville,11/17/2016 7:55:00 AM,2,2,0,36.031630,-86.661650,OLD FRANKLIN RD,,,,0.00,,,PRESTON RD,,,,0.00,Y,T-Intersection,N,Intersection,None,,,         ,Steven,Snitzer,Clear,Angle,no,no,no,no,no,False
101452278,METROPOLITAN NASHVILLE POLICE DEPT,20161022299,Davidson,Nashville,11/17/2016 9:12:00 AM,2,0,0,36.093880,-86.624860,HARBOR LIGHTS DR,,,,0.00,,,BELL RD,,,,0.00,Y,T-Intersection,N,Intersection,None,,,         ,Kimberly,Annson,Clear,Angle,no,no,no,no,no,False
101452285,METROPOLITAN NASHVILLE POLICE DEPT,20161022349,Davidson,Nashville,11/17/2016 9:42:00 AM,2,0,0,36.124420,-86.833310,WOODLAWN DR,,,,0.00,,,WILSON BLVDS,,,,0.00,Y,Four-Way, ,Intersection,None,,,         ,Walter,Gray II,Clear,Angle,no,no,no,no,no,False
101452288,METROPOLITAN NASHVILLE POLICE DEPT,20161022006,Davidson,Nashville,11/17/2016 6:30:00 AM,2,0,0,36.143870,-86.690160,I 40,,,,0.00,,,,,,,215.30,N,Not at Intersection, ,Non-Junction,None,,,         ,Johnathan,Carlisle,Clear,Front to Rear,no,no,no,no,yes,False
101452290,METROPOLITAN NASHVILLE POLICE DEPT,20161021936,Davidson,Nashville,11/17/2016 7:00:00 AM,2,2,0,36.191190,-86.827140,CLARKSVILLE PKE,,,,0.00,Feet,East,TSU CONNECTOR,,,,0.00,N,Not at Intersection,N,Non-Junction,None,,,         ,Royce,McLester,Clear,Front to Rear,no,no,no,no,no,False
101452292,METROPOLITAN NASHVILLE POLICE DEPT,20161022527,Davidson,Nashville,11/17/2016 10:28:00 AM,2,0,0,36.150310,-86.797250,BROADWAY,,,,0.00,,,LYLE AV,,,,0.00,Y,Four-Way, ,Intersection,None,,,         ,Nathan,Kemp,Clear,Angle,no,no,no,no,no,False
101452296,METROPOLITAN NASHVILLE POLICE DEPT,2016-1022307,Davidson,Nashville,11/17/2016 7:43:00 AM,2,0,0,36.091120,-86.651200,MURFREESBORO PKE,,,,51.00,Feet,South,BRITISH WOODS DR,,,,0.00,N,Not at Intersection,N,Non-Junction,None,,,         ,William,Whitworth,Clear,Front to Rear,no,no,no,no,no,False
101452297,METROPOLITAN NASHVILLE POLICE DEPT,20161022548,Davidson,Nashville,11/17/2016 9:27:00 AM,2,0,0,36.160160,-86.692060,BRILEY PKWYS,,,,1043.00,Feet,North,BRILEY PKWYN,,,,0.00,N,Not at Intersection,Y,Non-Junction,None,,,         ,Steven,Rowlett,Clear,"Sideswipe, Same Direction",no,no,no,no,yes,False
101452327,METROPOLITAN NASHVILLE POLICE DEPT,20161022361,Davidson,Nashville,11/17/2016 9:34:00 AM,3,1,0,36.132650,-86.727160,I 24,,,,0.00,,,,,,,52.00,N,Not at Intersection,N,Non-Junction,None,,,         ,Todd,Watson,Clear,Front to Rear,no,no,no,no,yes,False
101452330,METROPOLITAN NASHVILLE POLICE DEPT,20161022560,Davidson,Not in City Limit,11/17/2016 11:03:00 AM,2,0,0,36.264070,-86.690290,STATE RT 45,,,,0.00,Feet,,MYATT DR,,,,0.00,Y,Four-Way,N,Intersection,None,,,         ,Michelle,Steidl,Clear,"Sideswipe, Same Direction",no,no,no,no,no,False
101452340,BELLE MEADE POLICE DEPT,16-0320,Davidson,Belle Meade,11/16/2016 3:16:00 PM,3,1,0,36.123350,-86.849910,HARDING PKE,,,,561.00,Feet,East,LYNNWOOD BLVD,,,,0.00,N,Not at Intersection,N,Non-Junction,None,,,         ,Dale,Corter,Clear,"Sideswipe, Same Direction",no,no,no,no,no,False
101452346,METROPOLITAN NASHVILLE POLICE DEPT,20161022341,Davidson,Nashville,11/17/2016 9:40:00 AM,2,0,0,36.168220,-86.781830,JAMES ROBERTSON PKWY,,,,48.00,Feet,East,GAY ST,,,,0.00,N,Not at Intersection,N,Non-Junction,None,,,         ,Seth,Quiles,Clear,Front to Rear,no,no,no,no,no,False
101452354,METROPOLITAN NASHVILLE POLICE DEPT,20161019090,Davidson,Nashville,11/16/2016 11:45:00 AM,1,0,0,36.169010,-86.770800,S 2ND ST,,,,0.00,,,,,,,0.00,,, ,,None,,,         ,Carey,Steel,,,no,no,no,yes,no,False
101452358,METROPOLITAN NASHVILLE POLICE DEPT,20161022250,Davidson,Nashville,11/17/2016 9:08:00 AM,2,2,0,36.147090,-86.662160,ELM HILL PKE,,,,0.00,,,AIRPORT CENTER DR,,,,0.00,Y,T-Intersection,N,Intersection,None,,,         ,James,Curtis,Clear,HeadOn,no,no,no,no,no,False
101452361,VANDERBILT UNIVERSITY POLICE,16-1022500,Davidson,Nashville,11/17/2016 7:50:00 AM,1,0,0,36.140740,-86.800340,21ST AVS,,,,0.00,,,DIXIE PL,,,,0.00,Y,T-Intersection,Y,Intersection,None,,,         ,John,Whittaker,Clear,Not Collision with Motor Vehicle in Transport,yes,no,no,no,yes,Campus
101452369,METROPOLITAN NASHVILLE POLICE DEPT,20161022584,Davidson,Nashville,11/17/2016 11:12:00 AM,1,0,0,36.188150,-86.862560,BRILEY PKWYN,,,,194.00,Feet,North,BRILEY PKWYS,,,,0.00,N,Not at Intersection,N,Non-Junction,None,,,         ,Derrick,Toney,Clear,Not Collision with Motor Vehicle in Transport,no,no,no,no,no,False
101452370,METROPOLITAN NASHVILLE POLICE DEPT,20161021944,Davidson,Nashville,11/17/2016 7:07:00 AM,4,0,0,36.113230,-86.670680,DONELSON PKE,,,,986.00,Feet,North,HANGAR CT,,,,0.00,N,Not at Intersection,N,Non-Junction,None,,,         ,James,Curtis,Clear,Front to Rear,no,no,no,no,no,False
101452375,METROPOLITAN NASHVILLE POLICE DEPT,20161022604,Davidson,Nashville,11/17/2016 11:15:00 AM,2,1,0,36.184990,-86.612660,OLD HICKORY BLVD,,,,765.00,Feet,West,ANDREW JACKSON PKWY,,,,0.00,N,Not at Intersection,N,OtherLocation,None,,,         ,Gregory,Lindstrom,Clear,Front to Rear,no,no,no,no,no,False
101452378,METROPOLITAN NASHVILLE POLICE DEPT,20161022555,Davidson,Nashville,11/17/2016 10:45:00 AM,2,0,0,36.134340,-86.780980,WEDGEWOOD AV,,,,0.00,,,ACKLEN AV,,,,0.00,Y,OTHER, ,Non-Junction,None,,,         ,Nicholas,Carroll,Clear,"Sideswipe, Same Direction",no,no,no,no,no,False
101452379,METROPOLITAN NASHVILLE POLICE DEPT,20161018588,Davidson,Nashville,11/16/2016 8:10:00 AM,2,0,0,36.127790,-86.712520,MURFREESBORO PKE,,,,201.00,Feet,East,PHILFRE CT,,,,0.00,N,Not at Intersection,N,Non-Junction,None,,,         ,Kevin,Coleman,Clear,Angle,no,no,no,no,no,False