master_record_number,agency,agency_tracking_number,county,city,collision_date,vehicles_involved,number_injured,number_dead,latitude,longitude,roadway_name,roadway_suffix,roadway_number,roadway_local_id,distance_from_reference,miles-feet_indicator,direction_from_reference,intersection_road_name,intersection_road_name_suffix,intersection_road_number,intersection_local_id,mile_marker,intersection_indicator,intersect_type,interchange_related_indicator,relation_to_junction,work_zone_type,construction_maintenance_zone,construction_maintenance_zone_location,fatal_case_number,officer_first_name,officer_last_name,weather_condition(s),manner_of_crash,pedestrian,bicycle,scooter,parking,hitrun,mou
101452400,METROPOLITAN NASHVILLE POLICE DEPT,2016-1022761,Davidson,Nashville,11/17/2016 11:50:00 AM,2,1,0,36.142920,-86.683750,I 40,,,,0.00,,,,,,,215.65,N,Not at Intersection,N,Non-Junction,None,,,         ,William,Whitworth,Clear,Front to Rear,no,no,no,no,yes,False
101452406,METROPOLITAN NASHVILLE POLICE DEPT,201601022800,Davidson,Nashville,11/17/2016 12:13:00 PM,2,0,0,36.181700,-86.749260,GALLATIN AV,,,,0.00,,,CALVIN AV,,,,0.00,Y,T-Intersection, ,Intersection,None,,,         ,Alex,Moore,Clear,"Sideswipe, Opposite Direction",no,no,no,no,no,False
101452439,METROPOLITAN NASHVILLE POLICE DEPT,20161022957,Davidson,Nashville,11/17/2016 1:00:00 PM,2,0,0,36.151890,-86.823640,33RD AVN,,,,70.00,Feet,North,PARK AV,,,,0.00,N,Not at Intersection, ,Non-Junction,None,,,         ,Curtis,Rich,Clear,Angle,no,no,no,no,no,False
101452442,METROPOLITAN NASHVILLE POLICE DEPT,20161021932,Davidson,Nashville,11/17/2016 6:55:00 AM,2,0,0,36.185390,-86.759610,ELLINGTON PKWYS,,,,794.00,Feet,West,ELLINGTON PKWY S EXT RAMP,,,,0.00,N,Not at Intersection,N,Non-Junction,None,,,         ,Casey,Tomes,Clear,Front to Rear,no,no,no,no,no,False
101452448,METROPOLITAN NASHVILLE POLICE DEPT,20161022977,Davidson,Nashville,11/17/2016 12:44:00 PM,3,0,0,36.157950,-86.759880,I 24,,,,0.00,,,,,,,49.60,N,Not at Intersection,N,Non-Junction,None,,,         ,James,Curtis,Clear,Front to Rear,no,no,no,no,yes,False
101452459,METROPOLITAN NASHVILLE POLICE DEPT,20161022727,Davidson,Nashville,11/17/2016 11:10:00 AM,2,0,0,36.183110,-86.790390,GARFIELD ST,,,,121.00,Feet,West,3RD AVN,,,,0.00,N,Not at Intersection, ,Non-Junction,None,,,         ,Chase,Burnett,Clear,Rear to Rear,no,no,no,no,no,False
101452461,METROPOLITAN NASHVILLE POLICE DEPT,20161022992,Davidson,Nashville,11/17/2016 1:23:00 PM,2,0,0,36.116070,-86.791930,I 440,,,,0.00,,,,,,,3.85,N,Not at Intersection,N,Non-Junction,None,,,         ,Justin,Pinkelton,Clear,Front to Rear,no,no,no,no,no,False
101452477,METROPOLITAN NASHVILLE POLICE DEPT,20161022878,Davidson,Nashville,11/17/2016 12:40:00 PM,2,0,0,36.150160,-86.771610,I 40,,,,0.00,,,,,,,210.30,N,Not at Intersection, ,,None,,,         ,Citlaly,Juarez,,,no,no,no,no,no,False
101452485,METROPOLITAN NASHVILLE POLICE DEPT,20161022949,Davidson,Nashville,11/17/2016 1:06:00 PM,2,0,0,36.183760,-86.747820,EASTLAND AV,,,,165.00,Feet,East,GALLATIN AV,,,,0.00,N,Not at Intersection,N,Non-Junction,None,,,         ,Gregory,Cenicola,Clear,Angle,no,no,no,no,no,False
101452503,METROPOLITAN NASHVILLE POLICE DEPT,2016-1021996,Davidson,Nashville,11/17/2016 7:27:00 AM,2,1,0,36.037570,-86.782750,I 65,,,,0.00,,,,,,,74.50,N,Not at Intersection,N,Non-Junction,None,,,         ,Jonathan,Seidl,Clear,Front to Rear,no,no,no,no,no,False
101452523,METROPOLITAN NASHVILLE POLICE DEPT,20161023022,Davidson,Nashville,11/17/2016 1:55:00 PM,2,0,0,36.198440,-86.620270,LEBANON PKE,,,,0.00,,,OLD HICKORY BLVD,,,,0.00,Y,Four-Way,N,Intersection-Related,None,,,         ,William,Mckay,Clear,Front to Rear,no,no,no,no,no,False
101452527,METROPOLITAN NASHVILLE POLICE DEPT,20161022996,Davidson,Nashville,11/17/2016 12:00:00 AM,2,0,0,36.149030,-86.779150,8TH AVS,,,,111.00,Feet,North,I40 W ENT RAMP,,,,0.00,N,Not at Intersection,N,Non-Junction,None,,,         ,Daniel,Russett,Clear,"Sideswipe, Same Direction",no,no,no,no,no,False
101452528,METROPOLITAN NASHVILLE POLICE DEPT,20161022909,Davidson,Nashville,11/17/2016 1:05:00 PM,3,2,0,36.192100,-86.828690,CLARKSVILLE PKE,,,,133.00,Feet,East,CLIFF DR,,,,0.00,N,Not at Intersection,N,"Driveway, Alley Access, etc",None,,,         ,Royce,McLester,Clear,Front to Rear,no,no,no,no,no,False
101452574,METROPOLITAN NASHVILLE POLICE DEPT,20161023142,Davidson,Nashville,11/17/2016 1:40:00 PM,2,0,0,36.192970,-86.747530,DOUGLAS AV,,,,339.00,Feet,East,EMMETT AV,,,,0.00,N,Not at Intersection, ,,None,,,         ,Jonathan,Hadley,,,no,no,no,no,no,False
101452579,METROPOLITAN NASHVILLE POLICE DEPT,20161023157,Davidson,Nashville,11/17/2016 12:00:00 AM,2,0,0,36.187270,-86.775320,I 24,,,,0.00,,,,,,,47.10,N,Not at Intersection, ,,None,,,         ,Gordon,Stovall,,,no,no,no,no,no,False
101452581,METROPOLITAN NASHVILLE POLICE DEPT,20161023188,Davidson,Nashville,11/17/2016 3:06:00 PM,2,1,0,36.126920,-86.850100,WHITE BRIDGE PKE,,,,1000.00,Feet,North,HARDING PKE,,,,0.00,N,Not at Intersection,N,Non-Junction,None,,,         ,Benny,Pittman,Clear,Front to Rear,no,no,no,no,no,False
101452590,METROPOLITAN NASHVILLE POLICE DEPT,20161023171,Davidson,Not in City Limit,11/17/2016 2:30:00 PM,2,0,0,36.100140,-86.934950,I 40,,,,0.00,,,,,,,198.20,N,Not at Intersection, ,Non-Junction,None,,,         ,John,Thomas,Clear,"Sideswipe, Same Direction",no,no,no,no,no,False
101452591,METROPOLITAN NASHVILLE POLICE DEPT,20161023284,Davidson,Nashville,11/17/2016 3:43:00 PM,1,0,0,36.191860,-86.752200,ELLINGTON PKWY N EXT RAMP,,,,0.00,Feet,East,ELLINGTON PKWY N ENT RAMP,,,,0.00,N,Not at Intersection,Y,Entrance/Exit Ramp Related,None,,,         ,Joshua,Lippert,Clear,Not Collision with Motor Vehicle in Transport,no,no,no,no,no,False
101452592,METROPOLITAN NASHVILLE POLICE DEPT,20161023264,Davidson,Nashville,11/17/2016 3:41:00 PM,3,0,0,36.153570,-86.788410,14TH AVS,,,,0.00,,,DEMONBREUN ST,,,,0.00,Y,Four-Way, ,Intersection,None,,,         ,Charles,Griffin,Clear,Front to Rear,no,no,no,no,no,False
101452599,BELLE MEADE POLICE DEPT,16-0321,Davidson,Belle Meade,11/17/2016 7:54:00 AM,2,0,0,36.122310,-86.851320,LYNNWOOD BLVD,,,,0.00,,,HARDING PKE,,,,0.00,Y,Four-Way, ,Intersection,None,,,         ,Norm,Shelton,Clear,"Sideswipe, Same Direction",no,no,no,no,no,False
101452602,METROPOLITAN NASHVILLE POLICE DEPT,20161023271,Davidson,Nashville,11/17/2016 3:18:00 PM,2,0,0,36.157340,-86.760410,I40 W ENT RAMP,,,,0.00,Feet,East,I 24,,,,0.00,N,Not at Intersection,N,Non-Junction,None,,,         ,Pedro,Rivera Chaparro,Clear,"Sideswipe, Same Direction",no,no,no,no,yes,False
101452609,METROPOLITAN NASHVILLE POLICE DEPT,20161023242,Davidson,Nashville,11/17/2016 3:17:00 PM,2,0,0,36.154490,-86.788760,I40 E ENT RAMP,,,,0.00,Feet,East,I 40,,,,0.00,N,Not at Intersection,N,Entrance/Exit Ramp Related,None,,,         ,Edin,Plancic,Clear,Front to Rear,no,no,no,no,no,False
101452614,METROPOLITAN NASHVILLE POLICE DEPT,2016-1016610,Davidson,Nashville,11/15/2016 6:15:00 PM,2,1,0,36.165580,-86.764080,I 24,,,,0.00,,,,,,,49.00,N,Not at Intersection,N,Non-Junction,None,,,         ,John,Roberson,Clear,"Sideswipe, Same Direction",no,no,no,no,no,False
101452615,METROPOLITAN NASHVILLE POLICE DEPT,20161023072,Davidson,Nashville,11/17/2016 2:24:00 PM,2,0,0,36.074760,-86.922440,HIGHWAY 70S,,,,256.00,Feet,North,OLD HARDING PKE,,,,0.00,N,Not at Intersection,N,Non-Junction,None,,,         ,Walter,Gray II,Clear,Angle,no,no,no,yes,no,False
101452621,METROPOLITAN NASHVILLE POLICE DEPT,20161023185,Davidson,Nashville,11/17/2016 3:17:00 PM,2,0,0,36.087510,-86.683510,CORRECTIONS CENTER PVTDR,,,,1321.00,Feet,South,EZELL PARK PVTDR,,,,0.00,N,Not at Intersection,N,Non-Junction,None,,,         ,Jared,Jenkins,Clear,Angle,no,no,no,no,yes,False
101452623,METROPOLITAN NASHVILLE POLICE DEPT,20161023163,Davidson,Nashville,11/17/2016 3:04:00 PM,3,0,0,36.163090,-86.793670,I 40,,,,0.00,,,,,,,208.60,N,Not at Intersection,N,Non-Junction,None,,,         ,Tien,Nguyen,Clear,"Sideswipe, Same Direction",no,no,no,no,no,False
101452624,METROPOLITAN NASHVILLE POLICE DEPT,20161023349,Davidson,Nashville,11/17/2016 3:30:00 PM,2,0,0,36.154270,-86.792890,WEST END AV,,,,0.00,,,BROADWAY,,,,0.00,Y,Four-Way, ,Intersection-Related,None,,,         ,Tien,Nguyen,Clear,"Sideswipe, Same Direction",no,no,no,no,no,False
101452630,METROPOLITAN NASHVILLE POLICE DEPT,20161023364,Davidson,Nashville,11/17/2016 12:00:00 AM,2,0,0,36.209610,-86.732250,SHELTON AV,,,,500.00,Feet,East,GALLATIN PKE,,,,0.00,N,Not at Intersection, ,Non-Junction,None,,,         ,Whitney,Arnold,Clear,"Sideswipe, Same Direction",no,no,no,no,yes,False
101452634,METROPOLITAN NASHVILLE POLICE DEPT,20161023154,Davidson,Nashville,11/17/2016 2:49:00 PM,2,0,0,36.050470,-86.876510,OLD HICKORY BLVD,,,,50.00,Feet,East,CHICKERING RD,,,,0.00,N,Not at Intersection, ,Non-Junction,None,,,         ,Walter,Gray II,Clear,Front to Rear,no,no,no,no,no,False
101452641,METROPOLITAN NASHVILLE POLICE DEPT,20161023343,Davidson,Nashville,11/17/2016 4:14:00 PM,2,1,0,36.154370,-86.759780,I 40,,,,0.00,,,,,,,211.00,N,Not at Intersection,N,Non-Junction,None,,,         ,Jonathan,Cavezza,Clear,Front to Rear,no,no,no,no,no,False
101452643,METROPOLITAN NASHVILLE POLICE DEPT,20161023288,Davidson,Nashville,11/17/2016 3:28:00 PM,2,0,0,36.119410,-86.730050,WHITSETT RD,,,,0.00,,,GLENROSE AV,,,,0.00,Y,T-Intersection, ,Intersection,None,,,         ,Alyson,Cook,Clear,Front to Rear,no,no,no,no,yes,False
101452648,METROPOLITAN NASHVILLE POLICE DEPT,20161023126,Davidson,Nashville,11/17/2016 1:55:00 PM,2,0,0,36.164880,-86.819990,I40 W EXT RAMP,,,,0.00,,,I 40,,,,0.00,Y,Y-Intersection, ,,None,,,         ,Roy,Sain Jr.,,,no,no,no,no,no,False
101452654,METROPOLITAN NASHVILLE POLICE DEPT,20161023370,Davidson,Nashville,11/17/2016 4:01:00 PM,2,1,0,36.159650,-86.796180,CHARLOTTE AV,,,,0.00,,,MCMILLIN ST,,,,0.00,Y,Four-Way,N,Intersection,None,,,         ,Charles,Griffin,Clear,Angle,no,no,no,no,yes,False
101452657,METROPOLITAN NASHVILLE POLICE DEPT,20161023436,Davidson,Nashville,11/17/2016 3:33:00 PM,2,0,0,36.155590,-86.771070,2ND AVS,,,,0.00,,,LEA AV,,,,0.00,Y,T-Intersection, ,,None,,,         ,Pedro,Rivera Chaparro,,,no,no,no,no,no,False
101452669,METROPOLITAN NASHVILLE POLICE DEPT,20161023234,Davidson,Goodlettsville,11/17/2016 3:29:00 PM,2,0,0,36.300400,-86.695550,GALLATIN PKEN,,,,252.00,Feet,West,SHEPHERD HILLS DR,,,,0.00,N,Not at Intersection,N,Non-Junction,None,,,         ,Brittani,Campbell,Clear,Angle,no,no,no,no,no,False
101452688,GOODLETTSVILLE POLICE DEPT,16-39935,Davidson,Goodlettsville,11/17/2016 4:00:00 PM,2,0,0,36.323760,-86.710670,E CEDAR ST,,,,0.00,Feet,,CHURCH ST,,,,0.00,Y,T-Intersection,N,Intersection,None,,,         ,Wesley,Kinnaird,Clear,Angle,no,no,no,no,no,False
101452699,METROPOLITAN NASHVILLE POLICE DEPT,20161023548,Davidson,Nashville,11/17/2016 5:15:00 PM,2,0,0,36.175410,-86.751760,S 10TH ST,,,,60.00,Feet,South,RUSSELL ST,,,,0.00,N,Not at Intersection, ,Non-Junction,None,,,         ,Whitney,Arnold,Clear,Front to Rear,no,no,no,no,no,False
101452700,METROPOLITAN NASHVILLE POLICE DEPT,20161023381,Davidson,Nashville,11/17/2016 3:10:00 PM,2,0,0,36.131240,-86.859830,NEARTOP DR,,,,311.00,Feet,North,BROOKWOOD TER,,,,0.00,N,Not at Intersection, ,Non-Junction,None,,,         ,Walter,Gray II,Clear,Front to Rear,no,no,no,no,no,False
101452706,METROPOLITAN NASHVILLE POLICE DEPT,20161023402,Davidson,Nashville,11/17/2016 4:32:00 PM,2,0,0,36.134900,-86.723840,MURFREESBORO PKE,,,,185.00,Feet,East,I24 W EXT RAMP,,,,0.00,N,Not at Intersection, ,Non-Junction,None,,,         ,Alyson,Cook,Clear,Front to Rear,no,no,no,no,no,False
101452711,METROPOLITAN NASHVILLE POLICE DEPT,20161023256,Davidson,Nashville,11/17/2016 12:00:00 AM,1,0,0,36.164210,-86.615840,I 40,,,,0.00,,,,,,,220.00,N,Not at Intersection, ,,None,,,         ,Craig,Gentry,,,no,no,no,no,no,False
101452712,METROPOLITAN NASHVILLE POLICE DEPT,20161023476,Davidson,Nashville,11/17/2016 12:00:00 AM,2,0,0,36.142780,-86.682800,I 40,,,,0.00,,,,,,,215.70,N,Not at Intersection, ,Non-Junction,None,,,         ,Craig,Gentry,Clear,"Sideswipe, Same Direction",no,no,no,no,no,False
101452722,METROPOLITAN NASHVILLE POLICE DEPT,20161023528,Davidson,Nashville,11/17/2016 5:11:00 PM,2,0,0,36.118980,-86.726190,I 24,,,,0.00,,,,,,,53.00,N,Not at Intersection, ,Non-Junction,None,,,         ,Alyson,Cook,Clear,Front to Rear,no,no,no,no,no,False
101452727,METROPOLITAN NASHVILLE POLICE DEPT,20161023488,Davidson,Nashville,11/17/2016 5:03:00 PM,2,0,0,36.115970,-86.787050,I 440,,,,0.00,,,,,,,4.15,N,Not at Intersection, ,Non-Junction,None,,,         ,Tien,Nguyen,Clear,Front to Rear,no,no,no,no,no,False
101452728,METROPOLITAN NASHVILLE POLICE DEPT,20161023614,Davidson,Nashville,11/17/2016 5:58:00 PM,2,1,0,36.067110,-86.724390,NORTHCREST DR,,,,0.00,,,COTTON LN,,,,0.00,Y,T-Intersection,N,Intersection-Related,None,,,         ,Tien,Nguyen,Clear,Front to Rear,no,no,no,no,no,False
101452730,METROPOLITAN NASHVILLE POLICE DEPT,20161023486,Davidson,Nashville,11/17/2016 5:06:00 PM,2,0,0,36.193580,-86.756090,DOUGLAS AV,,,,11.00,Feet,West,MONTGOMERY AV,,,,0.00,N,Not at Intersection,N,Non-Junction,None,,,         ,Jonathan,Hadley,Clear,Angle,no,no,no,no,no,False
101452731,METROPOLITAN NASHVILLE POLICE DEPT,20161023622,Davidson,Nashville,11/17/2016 6:00:00 PM,2,0,0,36.094160,-86.634360,SMITH SPRINGS RD,,,,0.00,,,NED SHELTON RD,,,,0.00,Y,T-Intersection, ,Non-Junction,None,,,         ,Jaby,Djabbarov,Clear,Front to Rear,no,no,no,no,no,False
101452734,METROPOLITAN NASHVILLE POLICE DEPT,20161023544,Davidson,Nashville,11/17/2016 5:10:00 PM,3,0,0,36.159760,-86.821460,I440 W EXT RAMP,,,,0.00,,,I 40,,,,0.00,Y,OTHER,Y,Entrance/Exit Ramp Related,None,,,         ,Michael,Brooks,Clear,Front to Rear,no,no,no,no,no,False
101452735,METROPOLITAN NASHVILLE POLICE DEPT,20161023576,Davidson,Nashville,11/17/2016 5:44:00 PM,2,0,0,36.170050,-86.808280,I 40,,,,0.00,,,,,,,207.20,N,Not at Intersection, ,Non-Junction,None,,,         ,Michael,Brooks,Clear,Front to Rear,no,no,no,no,no,False
101452736,METROPOLITAN NASHVILLE POLICE DEPT,20161023149,Davidson,Antioch,11/17/2016 2:55:00 PM,2,0,0,36.053460,-86.672910,I 24,,,,0.00,,,,,,,58.45,N,Not at Intersection, ,Non-Junction,None,,,         ,Victoria,Cunningham,Clear,"Sideswipe, Same Direction",no,no,no,no,no,False
101452737,METROPOLITAN NASHVILLE POLICE DEPT,20161023387,Davidson,Antioch,11/17/2016 4:11:00 PM,2,0,0,36.050180,-86.696340,OCALA DR,,,,159.00,Feet,West,BROOK VIEW ESTATES DR,,,,0.00,N,Not at Intersection, ,Non-Junction,None,,,         ,Victoria,Cunningham,Clear,"Sideswipe, Opposite Direction",no,no,no,no,no,False
101452748,METROPOLITAN NASHVILLE POLICE DEPT,20161023345,Davidson,Nashville,11/17/2016 2:30:00 PM,2,0,0,36.241900,-86.723240,GALLATIN PKES,,,,983.00,Feet,South,LAKEWOOD DR,,,,0.00,N,Not at Intersection,N,Non-Junction,None,,,         ,Cecilia,Gomez,Clear,Angle,no,no,no,no,no,False
101452751,METROPOLITAN NASHVILLE POLICE DEPT,20161023601,Davidson,Nashville,11/17/2016 5:50:00 PM,1,1,0,36.125500,-86.752430,NOLENSVILLE PKE,,,,138.00,Feet,South,GLENROSE AV,,,,0.00,N,Not at Intersection,N,Non-Junction,None,,,         ,Alyson,Cook,Clear,Not Collision with Motor Vehicle in Transport,yes,no,no,no,no,False
101452752,METROPOLITAN NASHVILLE POLICE DEPT,20161023644,Davidson,Nashville,11/17/2016 6:13:00 PM,2,0,0,36.215110,-86.598060,LEBANON PKE,,,,115.00,Feet,West,ANDREW JACKSON PKWY,,,,0.00,N,Not at Intersection,N,Non-Junction,None,,,         ,Kyle,Burks,Clear,"Sideswipe, Same Direction",no,no,no,no,yes,False
101452756,METROPOLITAN NASHVILLE POLICE DEPT,20161023726,Davidson,Nashville,11/17/2016 6:49:00 PM,1,0,0,36.131210,-86.919770,RIVER RD,,,,1537.00,Feet,West,RIVER RD PVT DR,,,,0.00,N,Not at Intersection, ,Non-Junction,None,,,         ,Brandon,Pedigo,Clear,Not Collision with Motor Vehicle in Transport,no,no,no,no,no,False
101452759,METROPOLITAN NASHVILLE POLICE DEPT,20161023648,Davidson,Nashville,11/17/2016 5:53:00 PM,2,0,0,36.221230,-86.773820,I 65,,,,0.00,,,,,,,88.40,N,Not at Intersection, ,Non-Junction,None,,,         ,James,Smith,Clear,"Sideswipe, Same Direction",no,no,no,no,no,False
101452760,METROPOLITAN NASHVILLE POLICE DEPT,20161023711,Davidson,Nashville,11/17/2016 5:34:00 PM,2,0,0,36.240350,-86.748510,BRILEY PKWYE,,,,125.00,Feet,East,I65 N EXT RAMP,,,,0.00,N,Not at Intersection,N,Non-Junction,None,,,         ,Whitney,Arnold,Clear,Angle,no,no,no,no,no,False
101452761,METROPOLITAN NASHVILLE POLICE DEPT,20161023663,Davidson,Nashville,11/17/2016 5:57:00 PM,2,0,0,36.035440,-86.644280,I 24,,,,0.00,,,,,,,60.45,N,Not at Intersection, ,,None,,,         ,Larry,Preuett,,,no,no,no,no,no,False
101452766,METROPOLITAN NASHVILLE POLICE DEPT,20161023636,Davidson,Nashville,11/17/2016 6:09:00 PM,2,4,0,36.080650,-86.805400,GRANNY WHITE PKE,,,,0.00,,,TYNE BLVD,,,,0.00,Y,Four-Way,N,Intersection,None,,,         ,Charles,Griffin,Clear,Angle,no,no,no,no,no,False
101452768,METROPOLITAN NASHVILLE POLICE DEPT,20161023653,Davidson,Nashville,11/17/2016 6:04:00 PM,2,0,0,36.119270,-86.801960,I 440,,,,0.00,,,,,,,3.05,N,Not at Intersection, ,Non-Junction,None,,,         ,Akira,McSwain,Clear,Front to Rear,no,no,no,no,no,False
101452771,METROPOLITAN NASHVILLE POLICE DEPT,20161023659,Davidson,Not in City Limit,11/17/2016 5:20:00 PM,2,0,0,36.264210,-86.735050,OLD HICKORY BLVDW,,,,41.00,Feet,East,BOYDS HILLTOP DR,,,,0.00,N,Not at Intersection, ,Non-Junction,None,,,         ,Cecilia,Gomez,Cloudy,Front to Rear,no,no,no,no,no,False
101452772,METROPOLITAN NASHVILLE POLICE DEPT,20161023731,Davidson,Nashville,11/17/2016 6:23:00 PM,2,0,0,36.119200,-86.809030,HILLSBORO PKE,,,,160.00,Feet,South,STOKES LN,,,,0.00,N,Not at Intersection, ,Non-Junction,None,,,         ,Tien,Nguyen,Clear,Front to Rear,no,no,no,no,no,False
101452773,METROPOLITAN NASHVILLE POLICE DEPT,20161023792,Davidson,Nashville,11/17/2016 6:13:00 PM,2,0,0,36.110290,-86.782100,WOODMONT BLVD,,,,0.00,,,MCNAIRY LN,,,,0.00,Y,T-Intersection, ,Intersection-Related,None,,,         ,Tien,Nguyen,Clear,Front to Rear,no,no,no,no,no,False
101452777,METROPOLITAN NASHVILLE POLICE DEPT,20161023181,Davidson,Goodlettsville,11/17/2016 2:36:00 PM,2,3,0,36.298140,-86.699850,RIVERGATE PKWY,,,,0.00,,,GLEAVES ST,,,,0.00,Y,T-Intersection,Y,Intersection,None,,,         ,Samuel,Miller,Clear,Angle,no,no,no,no,no,False
101452778,METROPOLITAN NASHVILLE POLICE DEPT,20161023494,Davidson,Nashville,11/17/2016 4:30:00 PM,1,0,0,36.248370,-86.756890,DICKERSON PKE,,,,470.00,Feet,South,OLD DUE WEST AV,,,,0.00,N,Not at Intersection, ,Non-Junction,None,,,         ,Samuel,Miller,Clear,Not Collision with Motor Vehicle in Transport,no,no,no,no,no,False
101452782,METROPOLITAN NASHVILLE POLICE DEPT,20161023666,Davidson,Nashville,11/17/2016 6:22:00 PM,2,0,0,36.152440,-86.786980,I 40,,,,0.00,,,,,,,209.40,N,Not at Intersection,N,Non-Junction,None,,,         ,Jason,Thomas,Clear,Front to Rear,no,no,no,no,no,False
101452793,METROPOLITAN NASHVILLE POLICE DEPT,20161023606,Davidson,Nashville,11/17/2016 5:40:00 PM,3,0,0,36.169730,-86.797340,I 40,,,,0.00,,,,,,,207.95,N,Not at Intersection,N,Non-Junction,None,,,         ,Kendra,Cowper,Clear,Front to Rear,no,no,no,no,no,False
101452797,METROPOLITAN NASHVILLE POLICE DEPT,20161023775,Davidson,Nashville,11/17/2016 6:04:00 PM,2,0,0,36.187460,-86.794680,I 65,,,,0.00,,,,,,,85.40,N,Not at Intersection, ,,None,,,         ,Michael,Brooks,,,no,no,no,no,no,False
101452798,METROPOLITAN NASHVILLE POLICE DEPT,20161023839,Davidson,Nashville,11/17/2016 12:00:00 AM,2,0,0,36.165750,-86.777620,2ND AVN,,,,104.00,Feet,South,UNION ST,,,,0.00,N,Not at Intersection, ,Non-Junction,None,,,         ,Michael,Baron,Clear,Angle,no,no,no,no,yes,False
101452811,BERRY HILL POLICE DEPT,16-4028,Davidson,Nashville,11/17/2016 12:00:00 AM,1,0,0,36.111540,-86.759250,THOMPSON LN,,,,0.00,,,,,,,0.00,,,N,Non-Junction,None,,,         ,John,Gleixner,Clear,Not Collision with Motor Vehicle in Transport,no,no,no,no,yes,False
101452815,METROPOLITAN NASHVILLE POLICE DEPT,20161023779,Davidson,Nashville,11/17/2016 7:16:00 PM,2,0,0,36.215100,-86.596120,LEBANON PKE,,,,456.00,Feet,East,ANDREW JACKSON PKWY,,,,0.00,N,Not at Intersection,N,Non-Junction,None,,,         ,Noah,Melton,Clear,"Sideswipe, Opposite Direction",no,no,no,no,no,False
101452820,METROPOLITAN NASHVILLE POLICE DEPT,20161023582,Davidson,Nashville,11/17/2016 5:40:00 PM,3,1,0,36.189080,-86.628060,LEBANON PKE,,,,484.00,Feet,East,HICKORY HILL LN,,,,0.00,N,Not at Intersection,N,Non-Junction,None,,,         ,Christopher,Mackey,Clear,Front to Rear,no,no,no,no,no,False
101452821,METROPOLITAN NASHVILLE POLICE DEPT,20161023649,Davidson,Nashville,11/17/2016 5:38:00 PM,2,0,0,36.140690,-86.878560,CHARLOTTE PKE,,,,140.00,Feet,West,CHARLOTTE ROAD CIR,,,,0.00,N,Not at Intersection, ,"Driveway, Alley Access, etc",None,,,         ,Benny,Pittman,Clear,Angle,no,no,no,no,no,False
101452827,METROPOLITAN NASHVILLE POLICE DEPT,20161023904,Davidson,Nashville,11/17/2016 12:00:00 AM,2,1,0,36.193580,-86.623210,LEBANON PKE,,,,314.00,Feet,North,JUAREZ DR,,,,0.00,N,Not at Intersection,N,Non-Junction,None,,,         ,Craig,Gentry,Clear,Front to Rear,no,no,no,no,yes,False
101452831,METROPOLITAN NASHVILLE POLICE DEPT,20161023846,Davidson,Nashville,11/17/2016 6:38:00 PM,2,0,0,36.151460,-86.857740,WHITE BRIDGE PKE,,,,0.00,,,I40 E ENT RAMP,,,,0.00,Y,T-Intersection,N,Intersection-Related,None,,,         ,Shaun,Heath,Clear,Front to Rear,no,no,no,no,no,False
101452834,METROPOLITAN NASHVILLE POLICE DEPT,20161023871,Davidson,Nashville,11/17/2016 7:51:00 PM,2,0,0,36.092580,-86.885420,VAUGHNS GAP RD,,,,0.00,,,HARDING PKE,,,,0.00,Y,Four-Way,N,Intersection,None,,,         ,Brandon,Pedigo,Clear,Angle,no,no,no,no,no,False
101452838,METROPOLITAN NASHVILLE POLICE DEPT,20161023811,Davidson,Nashville,11/17/2016 7:25:00 PM,2,0,0,36.185700,-86.775220,I 24,,,,0.00,,,,,,,47.20,N,Not at Intersection, ,Non-Junction,None,,,         ,Joshua,Reece,Clear,"Sideswipe, Same Direction",no,no,no,no,no,False
101452840,METROPOLITAN NASHVILLE POLICE DEPT,20161023610,Davidson,Nashville,11/17/2016 5:27:00 PM,2,0,0,36.172880,-86.765370,SPRING ST,,,,50.00,Feet,North,MAIN ST,,,,0.00,N,Not at Intersection, ,Non-Junction,None,,,         ,Ryan,Howard,Clear,"Sideswipe, Same Direction",no,no,no,no,no,False
101452863,METROPOLITAN NASHVILLE POLICE DEPT,20161023982,Davidson,Nashville,11/17/2016 7:53:00 PM,2,0,0,36.234730,-86.793540,EWINGDALE DR,,,,53.00,Feet,North,BRIDGEPOINT DR,,,,0.00,N,Not at Intersection,N,Non-Junction,None,,,         ,Michael,Brooks,Clear,Angle,no,no,no,no,no,False
101452868,METROPOLITAN NASHVILLE POLICE DEPT,20161023604,Davidson,Nashville,11/17/2016 5:49:00 PM,4,3,0,36.142830,-86.707440,I 40,,,,0.00,,,,,,,214.35,N,Not at Intersection,N,Non-Junction,None,,,         ,John,Daugherty,Clear,Front to Rear,no,no,no,no,no,False
101452876,METROPOLITAN NASHVILLE POLICE DEPT,20161023605,Davidson,Nashville,11/17/2016 5:51:00 PM,2,0,0,36.121390,-86.727280,I 24,,,,0.00,,,,,,,52.80,N,Not at Intersection,Y,Entrance/Exit Ramp Related,None,,,         ,Victoria,Cunningham,Clear,Front to Rear,no,no,no,no,yes,False
101452886,METROPOLITAN NASHVILLE POLICE DEPT,20161023613,Davidson,Nashville,11/17/2016 5:55:00 PM,1,1,0,36.158810,-86.798160,CHARLOTTE AV,,,,0.00,,,17TH AVN,,,,0.00,Y,Four-Way,N,Intersection,None,,,         ,Roy,Sain Jr.,Clear,Not Collision with Motor Vehicle in Transport,yes,no,no,no,no,False