master_record_number,agency,agency_tracking_number,county,city,collision_date,vehicles_involved,number_injured,number_dead,latitude,longitude,roadway_name,roadway_suffix,roadway_number,roadway_local_id,distance_from_reference,miles-feet_indicator,direction_from_reference,intersection_road_name,intersection_road_name_suffix,intersection_road_number,intersection_local_id,mile_marker,intersection_indicator,intersect_type,interchange_related_indicator,relation_to_junction,work_zone_type,construction_maintenance_zone,construction_maintenance_zone_location,fatal_case_number,officer_first_name,officer_last_name,weather_condition(s),manner_of_crash,pedestrian,bicycle,scooter,parking,hitrun,mou
101452898,METROPOLITAN NASHVILLE POLICE DEPT,20161023939,Davidson,Goodlettsville,11/17/2016 8:47:00 PM,2,0,0,36.291510,-86.721570,I 65,,,,0.00,,,,,,,94.35,N,Not at Intersection,N,Non-Junction,None,,,         ,Samuel,Miller,Clear,"Sideswipe, Same Direction",no,no,no,no,no,False
101452905,METROPOLITAN NASHVILLE POLICE DEPT,20161023984,Davidson,Not in City Limit,11/17/2016 8:53:00 PM,2,0,0,36.273820,-86.796330,I 24,,,,0.00,,,,,,,40.80,N,Not at Intersection,N,Non-Junction,None,,,         ,Brittani,Campbell,Clear,"Sideswipe, Same Direction",no,no,no,no,yes,False
101452908,METROPOLITAN NASHVILLE POLICE DEPT,20161023979,Davidson,Not in City Limit,11/17/2016 7:57:00 PM,2,1,0,36.258430,-86.713540,GALLATIN PKES,,,,0.00,,,HARRIS ST,,,,0.00,Y,Four-Way,Y,Intersection,None,,,         ,Samuel,Miller,Clear,Angle,no,no,no,no,no,False
101452922,METROPOLITAN NASHVILLE POLICE DEPT,2016-1023575,Davidson,Nashville,11/17/2016 4:29:00 PM,2,0,0,36.041190,-86.776740,OLD HICKORY BLVD,,,,150.00,Feet,West,BRENTWOOD COMMONS WAY,,,,0.00,N,Not at Intersection, ,Non-Junction,None,,,         ,William,King,Clear,Front to Rear,no,no,no,no,no,False
101452947,METROPOLITAN NASHVILLE POLICE DEPT,2016-1023941,Davidson,Nashville,11/17/2016 7:27:00 PM,1,0,0,36.039540,-86.771020,VALLEY VIEW RD,,,,67.00,Feet,East,VALLEY VIEW CIR,,,,0.00,N,Not at Intersection,N,"Driveway, Alley Access, etc",None,,,         ,William,King,,Not Collision with Motor Vehicle in Transport,no,no,no,yes,no,False
101452949,METROPOLITAN NASHVILLE POLICE DEPT,20161024324,Davidson,Nashville,11/17/2016 10:28:00 PM,2,1,0,36.141540,-86.740550,MURFREESBORO PKE,,,,0.00,,,FOSTER AV,,,,0.00,Y,T-Intersection,N,Intersection,None,,,         ,Alyson,Cook,Clear,"Sideswipe, Same Direction",no,no,no,no,no,False
101452955,METROPOLITAN NASHVILLE POLICE DEPT,20161024410,Davidson,Nashville,11/17/2016 12:00:00 AM,2,0,0,36.137150,-86.765080,MOORE AV,,,,222.00,Feet,West,RAINS AV,,,,0.00,N,Not at Intersection,N,Non-Junction,None,,,         ,Steven,Wiser,Unknown,Unknown,no,no,no,no,yes,False
101452972,METROPOLITAN NASHVILLE POLICE DEPT,20161024450,Davidson,Nashville,11/17/2016 11:24:00 PM,1,1,0,36.235300,-86.758300,DICKERSON PKE,,,,74.00,Feet,North,HOMESTEAD RD,,,,0.00,N,Not at Intersection,N,Non-Junction,None,,,         ,Steven,Henry Jr.,Clear,Not Collision with Motor Vehicle in Transport,yes,no,no,no,no,False
101452974,METROPOLITAN NASHVILLE POLICE DEPT,20161024617,Davidson,Nashville,11/18/2016 12:00:00 AM,1,0,0,36.153540,-86.756190,FAIRFIELD AV,,,,111.00,Feet,South,HERMITAGE AV,,,,0.00,N,Not at Intersection,N,Non-Junction,None,,,         ,Curtis,Fisher,Clear,Unknown,no,no,no,no,yes,False
101452976,METROPOLITAN NASHVILLE POLICE DEPT,20161024482,Davidson,Nashville,11/17/2016 11:37:00 PM,2,1,0,36.144870,-86.739860,I 40,,,,0.00,,,,,,,212.30,N,Not at Intersection,N,Non-Junction,None,,,         ,Austin,Childress,Clear,"Sideswipe, Same Direction",no,no,no,no,no,False
101452977,METROPOLITAN NASHVILLE POLICE DEPT,20161024309,Davidson,Nashville,11/17/2016 10:20:00 PM,2,0,0,36.160470,-86.778440,5TH AVS,,,,0.00,,,BROADWAY,,,,0.00,Y,Four-Way, ,,None,,,         ,Caleb,Rogan,,,no,no,no,no,no,False
101452982,METROPOLITAN NASHVILLE POLICE DEPT,20161024582,Davidson,Nashville,11/17/2016 11:30:00 PM,2,0,0,36.153670,-86.721870,LEBANON PKE,,,,93.00,Feet,West,SPENCE LN,,,,0.00,N,Not at Intersection, ,,None,,,         ,Austin,Childress,,,no,no,no,no,no,False
101452983,METROPOLITAN NASHVILLE POLICE DEPT,20161024436,Davidson,Nashville,11/17/2016 11:21:00 PM,2,0,0,36.209880,-86.796140,WHITES CREEK PKE,,,,578.00,Feet,North,ILOLO ST,,,,0.00,N,Not at Intersection,N,Non-Junction,None,,,         ,Rudy,Basaldua,Clear,Not Collision with Motor Vehicle in Transport,no,no,no,no,no,False
101452988,METROPOLITAN NASHVILLE POLICE DEPT,20161024371,Davidson,Nashville,11/17/2016 10:50:00 PM,1,1,0,36.059370,-86.853090,CROMWELL DR,,,,0.00,,,HILLSBORO PKE,,,,0.00,Y,OTHER,N,Non-Junction,None,,,         ,Kenneth,Bray,Clear,Not Collision with Motor Vehicle in Transport,no,no,no,no,no,False
101452993,METROPOLITAN NASHVILLE POLICE DEPT,20161024699,Davidson,Nashville,11/18/2016 12:58:00 AM,1,1,0,36.158480,-86.777120,5TH AVS,,,,0.00,Feet,,DEMONBREUN ST,,,,0.00,Y,Four-Way,Y,Intersection-Related,None,,,         ,Joshua,Hollins,Clear,Not Collision with Motor Vehicle in Transport,no,yes,no,no,no,False
101452997,METROPOLITAN NASHVILLE POLICE DEPT,20161024327,Davidson,Nashville,11/17/2016 10:32:00 PM,2,2,0,36.095450,-86.636030,SMITH SPRINGS RD,,,,263.00,Feet,North,SMITH SPRINGS CT,,,,0.00,N,Not at Intersection,N,Non-Junction,None,,,         ,Bridget,Griepentrog,Clear,"Sideswipe, Opposite Direction",no,no,no,no,no,False
101453003,METROPOLITAN NASHVILLE POLICE DEPT,20161024631,Davidson,Nashville,11/18/2016 12:38:00 AM,1,1,0,36.037210,-86.657690,CANE RIDGE RD,,,,545.00,Feet,North,PRESTON RD,,,,0.00,N,Not at Intersection,N,Non-Junction,None,,,         ,Autumn,Manning,Clear,Not Collision with Motor Vehicle in Transport,no,no,no,no,no,False
101453008,METROPOLITAN NASHVILLE POLICE DEPT,20161024951,Davidson,Nashville,11/18/2016 2:50:00 AM,2,0,0,36.160470,-86.778440,5TH AVS,,,,0.00,,,BROADWAY,,,,0.00,Y,Four-Way, ,,None,,,         ,Justin,Haney,,,no,no,no,no,no,False
101453010,METROPOLITAN NASHVILLE POLICE DEPT,20161024892,Davidson,Nashville,11/18/2016 12:00:00 AM,1,0,0,36.239660,-86.775500,BRILEY PKWYW,,,,302.00,Feet,North,BRILEY PKWYE,,,,0.00,N,Not at Intersection,N,Non-Junction,None,,,         ,Michael,Richardson,Clear,Unknown,no,no,no,no,no,False
101453030,GOODLETTSVILLE POLICE DEPT,16-39697,Davidson,Goodlettsville,11/15/2016 4:30:00 PM,2,0,0,36.309450,-86.695590,VIETNAM VETERANS BLVD SB EXT R,,,,0.00,Feet,East,CONFERENCE DR,,,,0.00,N,Not at Intersection, ,Non-Junction,None,,,         ,Jeremy,Baker,Clear,Front to Rear,no,no,no,no,no,False
101453034,METROPOLITAN NASHVILLE POLICE DEPT,20161025086,Davidson,Nashville,11/18/2016 12:00:00 AM,3,0,0,36.079580,-86.684750,ANTIOCH PKE,,,,227.00,Feet,North,CHEROKEE HILLS DR,,,,0.00,N,Not at Intersection,N,Non-Junction,None,,,         ,Sandra,Fly,Clear,Not Collision with Motor Vehicle in Transport,no,no,no,yes,yes,False
101453041,METROPOLITAN NASHVILLE POLICE DEPT,2016-1025246,Davidson,Not in City Limit,11/18/2016 5:15:00 AM,1,1,0,36.279980,-86.691240,MYATT DR,,,,0.00,,,MYATT INDUSTRIAL DR,,,,0.00,Y,OTHER,N,Non-Junction,None,,,         ,Nathan,Clark,Clear,Not Collision with Motor Vehicle in Transport,no,no,no,yes,no,False
101453046,METROPOLITAN NASHVILLE POLICE DEPT,20161025294,Davidson,Nashville,11/18/2016 5:35:00 AM,1,0,0,36.144240,-86.694210,I 40,,,,0.00,,,,,,,215.05,N,Not at Intersection,N,Non-Junction,None,,,         ,Jefferson,Hughes,Clear,Not Collision with Motor Vehicle in Transport,no,no,no,no,no,False
101453074,GOODLETTSVILLE POLICE DEPT,16-39701,Davidson,Goodlettsville,11/15/2016 5:10:00 PM,2,0,0,36.305990,-86.701755,VIETNAM VETERANS,BLVD,SR386,,0.10,Miles,West,VIETNAM VETERANS,BLVD,SR386,,1.00,N,Not at Intersection,N,Non-Junction,None,,,         ,Charles,Hauskin,Clear,Front to Rear,no,no,no,no,no,False
101453090,METROPOLITAN NASHVILLE POLICE DEPT,20161025414,Davidson,Nashville,11/18/2016 6:52:00 AM,3,1,0,36.078820,-86.745800,HARDING PL,,,,185.00,Feet,West,DANBY DR,,,,0.00,N,Not at Intersection,N,Non-Junction,None,,,         ,Nathan,Kemp,Clear,Front to Rear,no,no,no,no,no,False
101453098,METROPOLITAN NASHVILLE POLICE DEPT,20161025476,Davidson,Nashville,11/18/2016 7:33:00 AM,2,0,0,36.152090,-86.859270,I 40,,,,0.00,,,,,,,203.90,N,Not at Intersection, ,Non-Junction,None,,,         ,Curtis,Rich,Clear,Front to Rear,no,no,no,no,no,False
101453102,METROPOLITAN NASHVILLE POLICE DEPT,20161025459,Davidson,Nashville,11/18/2016 7:10:00 AM,2,0,0,36.104190,-86.668320,MURFREESBORO PKE,,,,22.00,Feet,East,OLD MURFREESBORO PKE,,,,0.00,N,Not at Intersection, ,,None,,,         ,Gregory,Lindstrom,,,no,no,no,no,no,False
101453104,METROPOLITAN NASHVILLE POLICE DEPT,20161025404,Davidson,Not in City Limit,11/18/2016 6:44:00 AM,1,0,0,36.320080,-86.850040,I 24,,,,0.00,,,,,,,36.00,N,Not at Intersection,N,Non-Junction,None,,,         ,Michael,McCord,Clear,Not Collision with Motor Vehicle in Transport,no,no,no,no,no,False
101453118,METROPOLITAN NASHVILLE POLICE DEPT,20161025442,Davidson,Antioch,11/18/2016 7:04:00 AM,2,0,0,0.000000,0.000000,SMITH SPRINGS,PKWY,,,0.00,,,HOBSON,PIKE,,,0.00,Y,Four-Way, ,Intersection,None,,,         ,Robert,Erickson,Clear,Angle,no,no,no,no,no,False
101453119,METROPOLITAN NASHVILLE POLICE DEPT,20161025485,Davidson,Nashville,11/18/2016 7:15:00 AM,2,0,0,36.149300,-86.857910,WHITE BRIDGE PKE,,,,308.00,Feet,South,CHARLOTTE PKE,,,,0.00,N,Not at Intersection, ,Non-Junction,None,,,         ,George,Spencer,Clear,"Sideswipe, Same Direction",no,no,no,no,no,False
101453165,METROPOLITAN NASHVILLE POLICE DEPT,20161025388,Davidson,Nashville,11/18/2016 6:40:00 AM,1,1,0,36.137670,-86.707390,FIVE OAKS DR,,,,355.00,Feet,East,MASSMAN DR,,,,0.00,N,Not at Intersection,N,OtherLocation,None,,,         ,James,Curtis,Clear,Not Collision with Motor Vehicle in Transport,no,no,no,yes,no,False
101453166,METROPOLITAN NASHVILLE POLICE DEPT,20161025630,Davidson,Nashville,11/18/2016 8:27:00 AM,1,0,0,36.061680,-86.814270,GRANNY WHITE PKE,,,,243.00,Feet,North,JEFFERSON DAVIS DR,,,,0.00,N,Not at Intersection, ,Non-Junction,None,,,         ,Ryan,Cagle,Clear,Not Collision with Motor Vehicle in Transport,no,no,no,no,no,False
101453171,METROPOLITAN NASHVILLE POLICE DEPT,20161025606,Davidson,Nashville,11/18/2016 8:26:00 AM,2,1,0,36.133580,-86.779160,8TH AVS,,,,0.00,Feet,,ROYCROFT PL,,,,0.00,Y,T-Intersection,N,Intersection,None,,,         ,Nathan,Kemp,Clear,Angle,no,no,no,no,no,False
101453178,METROPOLITAN NASHVILLE POLICE DEPT,20161025529,Davidson,Nashville,11/18/2016 6:40:00 AM,1,0,0,36.071210,-86.652440,PEBBLE CREEK DR,,,,127.00,Feet,West,PEBBLE CREEK CTE,,,,0.00,N,Not at Intersection,N,Non-Junction,None,,,         ,Rickie,Corman,Clear,Not Collision with Motor Vehicle in Transport,no,no,no,no,no,False
101453183,METROPOLITAN NASHVILLE POLICE DEPT,20161025632,Davidson,Joelton,11/18/2016 8:09:00 AM,2,0,0,36.323750,-86.866540,I 24,,,,0.00,,,,,,,35.05,N,Not at Intersection,N,Non-Junction,None,,,         ,Spencer,Pittman,Clear,Angle,no,no,no,no,yes,False
101453185,METROPOLITAN NASHVILLE POLICE DEPT,20161025640,Davidson,Nashville,11/18/2016 8:34:00 AM,2,0,0,36.118500,-86.726030,I 24,,,,0.00,,,,,,,53.00,N,Not at Intersection, ,,None,,,         ,Thomas,White,,,no,no,no,no,no,False
101453187,METROPOLITAN NASHVILLE POLICE DEPT,20161025591,Davidson,Not in City Limit,11/18/2016 8:18:00 AM,2,0,0,36.307050,-86.819300,I 24,,,,0.00,,,,,,,38.15,N,Not at Intersection,N,Non-Junction,None,,,         ,Derrick,Toney,Clear,Front to Rear,no,no,no,no,no,False
101453189,METROPOLITAN NASHVILLE POLICE DEPT,20161025508,Davidson,Nashville,11/18/2016 12:00:00 AM,2,0,0,36.089850,-86.702900,I 24,,,,0.00,,,,,,,55.40,N,Not at Intersection, ,Non-Junction,None,,,         ,Larry,Benz,Clear,"Sideswipe, Same Direction",no,no,no,no,no,False
101453193,METROPOLITAN NASHVILLE POLICE DEPT,20161025665,Davidson,Nashville,11/18/2016 8:15:00 AM,2,0,0,36.169590,-86.671940,LEBANON PKE,,,,100.00,Feet,West,BLUEFIELD AV,,,,0.00,N,Not at Intersection, ,Non-Junction,None,,,         ,Richard,Hyatt,Clear,Front to Rear,no,no,no,no,no,False
101453203,METROPOLITAN NASHVILLE POLICE DEPT,20161025774,Davidson,Nashville,11/18/2016 9:20:00 AM,2,0,0,36.150680,-86.855780,CHARLOTTE PKE,,,,417.00,Feet,West,CHARLOTTE AV,,,,0.00,N,Not at Intersection, ,Non-Junction,None,,,         ,Curtis,Rich,Clear,"Sideswipe, Same Direction",no,no,no,no,no,False
101453222,METROPOLITAN NASHVILLE POLICE DEPT,20161025486,Davidson,Nashville,11/18/2016 7:34:00 AM,2,1,0,36.085560,-86.701430,I24 E EXT RAMP,,,,0.00,,,I 24,,,,0.00,Y,Four-Way,N,Entrance/Exit Ramp Related,None,,,         ,Todd,Watson,Clear,Angle,no,no,no,no,no,False
101453225,METROPOLITAN NASHVILLE POLICE DEPT,20161025733,Davidson,Nashville,11/18/2016 9:11:00 AM,2,0,0,36.079040,-86.645060,EDGE O LAKE DR,,,,70.00,Feet,North,MARTWAY DR,,,,0.00,N,Not at Intersection, ,OtherLocation,None,,,         ,Robert,Erickson,Clear,Angle,no,no,no,no,no,False
101453301,METROPOLITAN NASHVILLE POLICE DEPT,20161026084,Davidson,Nashville,11/18/2016 11:35:00 AM,2,1,0,36.252680,-86.717170,GALLATIN PKES,,,,225.00,Feet,South,MADISON SQ,,,,0.00,N,Not at Intersection,N,Non-Junction,None,,,         ,Brian,Otto,Clear,Angle,no,no,no,no,no,False
101453307,GOODLETTSVILLE POLICE DEPT,16-40030,Davidson,Goodlettsville,11/18/2016 11:47:00 AM,2,0,0,36.325480,-86.702070,E CEDAR ST,,,,162.00,Feet,North,LONG HOLLOW PKE,,,,0.00,N,Not at Intersection, ,Non-Junction,None,,,         ,Timothy,Preston,Clear,"Sideswipe, Same Direction",no,no,no,no,no,False
101453316,METROPOLITAN NASHVILLE POLICE DEPT,20161026081,Davidson,Nashville,11/18/2016 11:36:00 AM,2,0,0,36.037950,-86.797520,OLD HICKORY BLVD,,,,73.00,Feet,East,CREEKSIDE CRSG,,,,0.00,N,Not at Intersection, ,Non-Junction,None,,,         ,Ryan,Cagle,Clear,Front to Rear,no,no,no,no,no,False
101453333,METROPOLITAN NASHVILLE POLICE DEPT,20161026141,Davidson,Nashville,11/18/2016 12:01:00 PM,3,2,0,36.047880,-86.655380,BELL RD,,,,202.00,Feet,East,HICKORY HOLLOW PKWY,,,,0.00,N,Not at Intersection,N,Non-Junction,None,,,         ,Robert,Erickson,Clear,Front to Rear,no,no,no,no,yes,False
101453334,GOODLETTSVILLE POLICE DEPT,16-40029,Davidson,Goodlettsville,11/18/2016 11:35:00 AM,2,0,0,36.309380,-86.695380,VIETNAM VETERANS BLVD SB EXT R,,,,0.00,Feet,East,CONFERENCE DR,,,,0.00,N,Not at Intersection, ,Entrance/Exit Ramp Related,None,,,         ,George,Henry,Clear,Front to Rear,no,no,no,no,no,False
101453341,GOODLETTSVILLE POLICE DEPT,16-40028,Davidson,Goodlettsville,11/18/2016 11:25:00 AM,3,0,0,36.304630,-86.702610,RIVERGATE PKWY,,,,626.00,Feet,North,WREN RD,,,,0.00,N,Not at Intersection,N,Non-Junction,None,,,         ,Jeremy,Baker,Clear,Front to Rear,no,no,no,no,no,False
101453344,METROPOLITAN NASHVILLE POLICE DEPT,20161026217,Davidson,Nashville,11/18/2016 12:30:00 PM,2,0,0,36.249530,-86.719320,GALLATIN PKES,,,,57.00,Feet,North,E PALESTINE AV,,,,0.00,N,Not at Intersection, ,Non-Junction,None,,,         ,Brian,Otto,Clear,Front to Rear,no,no,no,no,no,False
101453365,METROPOLITAN NASHVILLE POLICE DEPT,20161026317,Davidson,Nashville,11/18/2016 1:00:00 PM,2,0,0,36.104790,-86.819570,HILLSBORO CIR,,,,92.00,Feet,South,BANDYWOOD DR,,,,0.00,N,Not at Intersection, ,,None,,,         ,Curtis,Rich,,,no,no,no,no,no,False
101453367,METROPOLITAN NASHVILLE POLICE DEPT,16-1026113,Davidson,Nashville,11/18/2016 11:48:00 AM,2,1,0,36.173830,-86.788960,JEFFERSON ST,,,,79.00,Feet,West,6TH AVN,,,,0.00,N,Not at Intersection,N,Non-Junction,None,,,         ,Frank,Campbell,Clear,Front to Rear,no,no,no,no,no,False
101453369,METROPOLITAN NASHVILLE POLICE DEPT,20161026237,Davidson,Madison,11/18/2016 12:00:00 AM,1,0,0,36.248060,-86.721020,DUE WEST AVW,,,,197.00,Feet,West,GALLATIN PKES,,,,0.00,N,Not at Intersection, ,Non-Junction,None,,,         ,Coleman,McKellar,Clear,Not Collision with Motor Vehicle in Transport,no,no,no,no,no,False
101453375,METROPOLITAN NASHVILLE POLICE DEPT,20161026177,Davidson,Nashville,11/18/2016 12:16:00 PM,3,0,0,36.143890,-86.738170,I 40,,,,0.00,,,,,,,212.60,N,Not at Intersection,N,Non-Junction,None,,,         ,Larry,Benz,Clear,Front to Rear,no,no,no,no,no,False
101453390,METROPOLITAN NASHVILLE POLICE DEPT,20161026033,Davidson,Nashville,11/18/2016 11:14:00 AM,2,1,0,36.126080,-86.769050,CRAIGHEAD ST,,,,444.00,Feet,East,OCEANSIDE DR,,,,0.00,N,Not at Intersection,N,Non-Junction,None,,,         ,Kevin,Crawford,Clear,Front to Rear,no,no,no,no,no,False
101453393,METROPOLITAN NASHVILLE POLICE DEPT,2016-1026269,Davidson,Nashville,11/18/2016 12:50:00 PM,2,0,0,36.154480,-86.779430,8TH AVS,,,,0.00,,,LAFAYETTE ST,,,,0.00,Y,Roundabout, ,Intersection,None,,,         ,Daniel,Massey,Clear,Front to Rear,no,no,no,no,no,False
101453409,METROPOLITAN NASHVILLE POLICE DEPT,2016-1025453,Davidson,Nashville,11/18/2016 7:06:00 AM,2,0,0,36.101470,-86.712370,I 24,,,,0.00,,,,,,,54.50,N,Not at Intersection,N,Non-Junction,None,,,         ,William,Whitworth,Clear,Front to Rear,no,no,no,no,no,False
101453410,METROPOLITAN NASHVILLE POLICE DEPT,2016-1025587,Davidson,Nashville,11/18/2016 7:54:00 AM,2,0,0,36.044220,-86.661560,CANE RIDGE RD,,,,48.00,Feet,South,TARGET DR,,,,0.00,N,Not at Intersection, ,Non-Junction,None,,,         ,William,Whitworth,Clear,Front to Rear,no,no,no,no,no,False
101453412,METROPOLITAN NASHVILLE POLICE DEPT,2016-1025777,Davidson,Nashville,11/18/2016 9:37:00 AM,1,0,0,36.046560,-86.678080,BELL RD,,,,405.00,Feet,East,BRITTANY PARK DR,,,,0.00,N,Not at Intersection,N,"Driveway, Alley Access, etc",None,,,         ,William,Whitworth,Clear,Not Collision with Motor Vehicle in Transport,no,no,no,no,no,False
101453414,METROPOLITAN NASHVILLE POLICE DEPT,2016-1026021,Davidson,Nashville,11/18/2016 11:07:00 AM,2,0,0,36.086790,-86.695180,HARDING PL,,,,228.00,Feet,East,METROPLEX DR,,,,0.00,N,Not at Intersection, ,"Driveway, Alley Access, etc",None,,,         ,William,Whitworth,Clear,Angle,no,no,no,no,no,False
101453416,METROPOLITAN NASHVILLE POLICE DEPT,2016-1026216,Davidson,Nashville,11/18/2016 12:30:00 PM,2,2,0,36.086460,-86.698690,I24 W EXT RAMP,,,,0.00,,,HARDING PL,,,,0.00,Y,Four-Way,Y,Entrance/Exit Ramp Related,None,,,         ,William,Whitworth,Clear,Angle,no,no,no,no,no,False
101453420,METROPOLITAN NASHVILLE POLICE DEPT,20161026386,Davidson,Nashville,11/18/2016 1:24:00 PM,2,0,0,36.079600,-86.726320,HARDING PL,,,,0.00,,,NOLENSVILLE PKE,,,,0.00,Y,Four-Way, ,Intersection,None,,,         ,Nathan,Kemp,Clear,"Sideswipe, Same Direction",no,no,no,no,no,False
101453429,METROPOLITAN NASHVILLE POLICE DEPT,2016-1025374,Davidson,Nashville,11/18/2016 6:27:00 AM,3,1,0,36.096780,-86.708520,I 24,,,,0.00,,,,,,,54.85,N,Not at Intersection,N,Non-Junction,None,,,         ,William,Whitworth,Clear,Front to Rear,no,no,no,no,yes,False
101453460,METROPOLITAN NASHVILLE POLICE DEPT,20161026392,Davidson,Nashville,11/18/2016 1:20:00 PM,1,0,0,36.158640,-86.800590,DR D B TODD JR BLVD,,,,124.00,Feet,South,PEARL ST,,,,0.00,N,Not at Intersection,N,Non-Junction,None,,,         ,Julie,Nabors,Clear,Not Collision with Motor Vehicle in Transport,no,no,no,no,no,False
101453506,METROPOLITAN NASHVILLE POLICE DEPT,20161026418,Davidson,Nashville,11/18/2016 1:36:00 PM,2,1,0,36.109990,-86.777790,WOODMONT BLVD,,,,0.00,,,CRESTRIDGE DR,,,,0.00,Y,Four-Way,N,Non-Junction,None,,,         ,Darrell,Osment,Clear,Angle,no,no,no,no,yes,False
101453554,METROPOLITAN NASHVILLE POLICE DEPT,20161026604,Davidson,Not in City Limit,11/18/2016 2:54:00 PM,2,0,0,36.258600,-86.830250,WHITES CREEK FONTANEL GRNWY,,,,21.00,Feet,East,WHITES CREEK PKE,,,,0.00,N,Not at Intersection, ,Non-Junction,None,,,         ,Thomas,Burns,Clear,Front to Rear,no,no,no,no,no,False
101453571,METROPOLITAN NASHVILLE POLICE DEPT,20161026591,Davidson,Nashville,11/18/2016 2:59:00 PM,1,0,0,36.149340,-86.873750,I 40,,,,0.00,,,,,,,203.00,N,Not at Intersection, ,Non-Junction,None,,,         ,Walter,Gray II,Clear,Not Collision with Motor Vehicle in Transport,no,no,no,no,no,False
101453577,METROPOLITAN NASHVILLE POLICE DEPT,20161026706,Davidson,Nashville,11/18/2016 3:10:00 PM,2,0,0,36.152380,-86.837060,CHARLOTTE AV,,,,0.00,,,42ND AVN,,,,0.00,Y,Four-Way, ,Intersection,None,,,         ,Shaun,Heath,Clear,Front to Rear,no,no,no,no,no,False
101453588,METROPOLITAN NASHVILLE POLICE DEPT,20161026678,Davidson,Nashville,11/18/2016 3:21:00 PM,2,1,0,36.134296,-86.889400,PRIVATE ROAD,,,,0.00,,,CHARLOTTE PIKE,,,,0.00,Y,T-Intersection,N,Intersection,None,,,         ,Brandon,Pedigo,Clear,Front to Rear,no,no,no,yes,no,False
101453589,METROPOLITAN NASHVILLE POLICE DEPT,20161026637,Davidson,Not in City Limit,11/18/2016 3:25:00 PM,2,0,0,36.262710,-86.680990,RIO VISTA DR,,,,41.00,Feet,South,STATE RT 45,,,,0.00,N,Not at Intersection, ,Non-Junction,None,,,         ,Cecilia,Gomez,Clear,"Sideswipe, Same Direction",no,no,no,no,no,False
101453593,METROPOLITAN NASHVILLE POLICE DEPT,20161026688,Davidson,Nashville,11/18/2016 3:53:00 PM,2,0,0,36.166610,-86.820440,28TH AVN,,,,0.00,,,MEHARRY BLVD,,,,0.00,Y,T-Intersection,N,Non-Junction,None,,,         ,Michael,Brooks,Clear,Angle,no,no,no,no,no,False
101453600,METROPOLITAN NASHVILLE POLICE DEPT,20161026725,Davidson,Nashville,11/18/2016 3:41:00 PM,2,0,0,36.139510,-86.700310,KAREN DR,,,,0.00,,,BRILEY PKWY,,,,0.00,Y,Four-Way, ,Non-Junction,None,,,         ,Patrick,Taylor,Clear,"Sideswipe, Same Direction",no,no,no,no,no,False
101453606,METROPOLITAN NASHVILLE POLICE DEPT,2016-1026751,Davidson,Nashville,11/18/2016 3:54:00 PM,2,0,0,36.151470,-86.861950,I40 W ENT RAMP,,,,0.00,,,I 40,,,,0.00,Y,OTHER, ,Entrance/Exit Ramp Related,None,,,         ,Ryan,Allen,Clear,"Sideswipe, Same Direction",no,no,no,no,no,False
101453611,METROPOLITAN NASHVILLE POLICE DEPT,20161026562,Davidson,Nashville,11/18/2016 12:00:00 AM,2,1,0,36.156850,-86.632670,STEWARTS FERRY PKE,,,,0.00,,,LAUER DR,,,,0.00,Y,T-Intersection,Y,Intersection,None,,,         ,Craig,Gentry,Clear,Angle,no,no,no,no,no,False
101453612,METROPOLITAN NASHVILLE POLICE DEPT,20161026753,Davidson,Nashville,11/18/2016 3:55:00 PM,2,1,0,36.169270,-86.680680,LEBANON PKE,,,,236.00,Feet,West,MCGAVOCK PKE,,,,0.00,N,Not at Intersection,N,Non-Junction,None,,,         ,Craig,Gentry,Clear,HeadOn,no,no,no,no,no,False
101453618,METROPOLITAN NASHVILLE POLICE DEPT,20161026787,Davidson,Nashville,11/18/2016 4:11:00 PM,2,0,0,36.123260,-86.749610,I 440,,,,0.00,,,,,,,6.40,N,Not at Intersection, ,Non-Junction,None,,,         ,Alyson,Cook,Clear,Front to Rear,no,no,no,no,no,False
101453627,METROPOLITAN NASHVILLE POLICE DEPT,20161026768,Davidson,Nashville,11/18/2016 3:14:00 PM,2,0,0,36.205890,-86.768610,E TRINITY LN,,,,0.00,,,DICKERSON PKE,,,,0.00,Y,Four-Way, ,Intersection,None,,,         ,Charles,Wakefield,Clear,"Sideswipe, Same Direction",no,no,no,no,no,False
101453633,METROPOLITAN NASHVILLE POLICE DEPT,20161026802,Davidson,Antioch,11/18/2016 4:02:00 PM,2,0,0,36.016710,-86.618740,FIRESTONE PKWY,,,,341.00,Feet,East,OLD HICKORY BLVD,,,,0.00,N,Not at Intersection, ,Non-Junction,None,,,         ,Victoria,Cunningham,Clear,Rear to Side,no,no,no,no,no,False
101453644,METROPOLITAN NASHVILLE POLICE DEPT,20161026633,Davidson,Nashville,11/18/2016 3:10:00 PM,2,0,0,36.146690,-86.742810,I 40,,,,0.00,,,,,,,212.10,N,Not at Intersection, ,Non-Junction,None,,,         ,Nathan,Dungan,Clear,"Sideswipe, Same Direction",no,no,no,no,no,False