master_record_number,agency,agency_tracking_number,county,city,collision_date,vehicles_involved,number_injured,number_dead,latitude,longitude,roadway_name,roadway_suffix,roadway_number,roadway_local_id,distance_from_reference,miles-feet_indicator,direction_from_reference,intersection_road_name,intersection_road_name_suffix,intersection_road_number,intersection_local_id,mile_marker,intersection_indicator,intersect_type,interchange_related_indicator,relation_to_junction,work_zone_type,construction_maintenance_zone,construction_maintenance_zone_location,fatal_case_number,officer_first_name,officer_last_name,weather_condition(s),manner_of_crash,pedestrian,bicycle,scooter,parking,hitrun,mou
101455329,METROPOLITAN NASHVILLE POLICE DEPT,2016-1031996,Davidson,Nashville,11/20/2016 4:50:00 PM,2,0,0,36.144840,-86.872250,CHARLOTTE PKE,,,,203.00,Feet,North,AMERICAN RD,,,,0.00,N,Not at Intersection, ,Non-Junction,None,,,         ,Ryan,Allen,Clear,Front to Rear,no,no,no,no,no,False
101455339,METROPOLITAN NASHVILLE POLICE DEPT,20161031711,Davidson,Nashville,11/20/2016 12:56:00 PM,3,3,0,36.187920,-86.798480,DOMINICAN DR,,,,0.00,,,ROSA L PARKS BLVD,,,,0.00,Y,Four-Way,N,Intersection,None,,,         ,Royce,McLester,Clear,Angle,no,no,no,no,no,False
101455342,METROPOLITAN NASHVILLE POLICE DEPT,20161031906,Davidson,Nashville,11/20/2016 3:43:00 PM,2,0,0,36.140190,-86.701030,DABBS AV,,,,0.00,,,ENVIOUS LN,,,,0.00,Y,T-Intersection, ,,None,,,         ,Thomas,Barnes,,,no,no,no,no,no,False
101455360,METROPOLITAN NASHVILLE POLICE DEPT,20161032035,Davidson,Nashville,11/20/2016 5:10:00 PM,2,0,0,36.191570,-86.785840,I 65,,,,0.00,,,,,,,86.00,N,Not at Intersection, ,,None,,,         ,Gregory,Scott,,,no,no,no,no,no,False
101455362,METROPOLITAN NASHVILLE POLICE DEPT,20161032032,Davidson,Nashville,11/20/2016 12:00:00 AM,2,0,0,36.157700,-86.800930,CHARLOTTE AV,,,,153.00,Feet,East,19TH AVN,,,,0.00,N,Not at Intersection, ,OtherLocation,None,,,         ,Adam,Gartner,Clear,Rear to Rear,no,no,no,yes,yes,False
101455363,METROPOLITAN NASHVILLE POLICE DEPT,20161032053,Davidson,Nashville,11/20/2016 5:41:00 PM,2,0,0,36.112190,-86.922770,OLD HICKORY BLVD,,,,0.00,,,I40 W EXT RAMP,,,,0.00,Y,Four-Way, ,,None,,,         ,Benjamin,Spees,,,no,no,no,no,no,False
101455376,METROPOLITAN NASHVILLE POLICE DEPT,20161031781,Davidson,Nashville,11/20/2016 2:00:00 PM,7,2,0,36.187780,-86.794320,I 65,,,,0.00,,,,,,,85.45,N,Not at Intersection,N,Non-Junction,None,,,         ,Kendra,Cowper,Clear,Front to Rear,no,no,no,no,no,False
101455377,METROPOLITAN NASHVILLE POLICE DEPT,20161032070,Davidson,Nashville,11/20/2016 5:49:00 PM,2,0,0,36.148660,-86.807040,ELLISTON PL,,,,0.00,,,24TH AVN,,,,0.00,Y,Four-Way,N,Intersection,None,,,         ,Ralph,Smith IV,Clear,Angle,no,no,no,no,no,Campus
101455383,METROPOLITAN NASHVILLE POLICE DEPT,20161032017,Davidson,Not in City Limit,11/20/2016 5:16:00 PM,2,1,0,36.264050,-86.711570,GALLATIN PKEN,,,,85.00,Feet,South,OLD TIME VILLAGE PVTDR,,,,0.00,N,Not at Intersection,N,Non-Junction,None,,,         ,Rodney,Phipps,Clear,"Sideswipe, Opposite Direction",no,no,no,no,no,False
101455384,METROPOLITAN NASHVILLE POLICE DEPT,2016-1031828,Davidson,Nashville,11/20/2016 3:03:00 PM,2,1,0,36.197610,-86.620730,LEBANON PKE,,,,333.00,Feet,South,OLD HICKORY BLVD,,,,0.00,N,Not at Intersection,N,Non-Junction,None,,,         ,Sandra,Talavera,Clear,Angle,no,no,no,no,no,False
101455399,METROPOLITAN NASHVILLE POLICE DEPT,2016-1032131,Davidson,Nashville,11/20/2016 6:26:00 PM,2,1,0,36.106680,-86.822480,ABBOTT MARTIN RD,,,,0.00,,,CROSS CREEK RD,,,,0.00,Y,T-Intersection,N,Intersection,None,,,         ,Ryan,Allen,Clear,Angle,no,no,no,no,no,False
101455400,METROPOLITAN NASHVILLE POLICE DEPT,20161032058,Davidson,Nashville,11/20/2016 5:43:00 PM,2,1,0,36.215040,-86.603330,LEBANON PKE,,,,423.00,Feet,East,SHUTE LN,,,,0.00,N,Not at Intersection,N,Non-Junction,None,,,         ,Codey,Mullins,Clear,Front to Rear,no,no,no,no,yes,False
101455419,METROPOLITAN NASHVILLE POLICE DEPT,20161032120,Davidson,Nashville,11/20/2016 6:17:00 PM,1,0,0,36.046280,-86.720700,HICKORY POINT PVTDR,,,,96.00,Feet,North,HICKORY VILLA DR,,,,0.00,N,Not at Intersection,N,Non-Junction,None,,,         ,Miguel,Garcia,Clear,Not Collision with Motor Vehicle in Transport,no,no,no,yes,no,False
101455421,VANDERBILT UNIVERSITY POLICE,16-1032050,Davidson,Nashville,11/20/2016 5:00:00 PM,2,0,0,36.150320,-86.774370,6TH AVS,,,,315.00,Feet,West,MULBERRY ST,,,,0.00,N,Not at Intersection, ,Non-Junction,None,,,         ,Alan,Reed,Clear,"Sideswipe, Opposite Direction",no,no,no,yes,no,False
101455431,METROPOLITAN NASHVILLE POLICE DEPT,20161031934,Davidson,Nashville,11/20/2016 3:38:00 PM,2,0,0,36.146540,-86.767720,4TH AVS,,,,0.00,,,MILDRED SHUTE AV,,,,0.00,Y,T-Intersection,N,Non-Junction,None,,,         ,Marcus,Darden,Clear,Angle,no,no,no,no,yes,False
101455432,METROPOLITAN NASHVILLE POLICE DEPT,20161032241,Davidson,Nashville,11/20/2016 7:35:00 PM,2,1,0,36.087450,-86.694660,HARDING PL,,,,0.00,,,,,,,0.00,,,N,OtherLocation,None,,,         ,Benjamin,Froehlich,Clear,Other,no,no,no,yes,no,False
101455435,METROPOLITAN NASHVILLE POLICE DEPT,20161032049,Davidson,Nashville,11/20/2016 3:50:00 PM,2,0,0,36.072990,-86.637240,MURFREESBORO PKE,,,,513.00,Feet,North,BELL RD,,,,0.00,N,Not at Intersection, ,Non-Junction,None,,,         ,William,McDaniel,Clear,"Sideswipe, Same Direction",no,no,no,no,no,False
101455474,METROPOLITAN NASHVILLE POLICE DEPT,20161032363,Davidson,Not in City Limit,11/20/2016 8:49:00 PM,1,0,0,35.995880,-86.690900,CONCORD RD,,,,469.00,Feet,South,NOLENSVILLE PKE,,,,0.00,N,Not at Intersection, ,Non-Junction,None,,,         ,Edin,Plancic,Clear,Not Collision with Motor Vehicle in Transport,no,no,no,no,no,False
101455478,METROPOLITAN NASHVILLE POLICE DEPT,2016-1032331,Davidson,Nashville,11/20/2016 8:28:00 PM,2,0,0,36.104800,-86.814600,RICHARD JONES RD,,,,0.00,,,HILLSBORO PKE,,,,0.00,Y,T-Intersection,N,Intersection,None,,,         ,Ryan,Allen,Clear,Front to Rear,no,no,no,no,no,False
101455487,METROPOLITAN NASHVILLE POLICE DEPT,20161032344,Davidson,Nashville,11/20/2016 6:24:00 PM,2,0,0,36.089620,-86.622140,SMITH SPRINGS RD,,,,0.00,,,RURAL HILL RD,,,,0.00,Y,T-Intersection,N,Intersection-Related,None,,,         ,Jaby,Djabbarov,Clear,Front to Rear,no,no,no,no,yes,False
101455500,METROPOLITAN NASHVILLE POLICE DEPT,20161032356,Davidson,Nashville,11/20/2016 8:44:00 PM,2,0,0,36.192380,-86.829140,CLARKSVILLE PKE,,,,33.00,Feet,West,CLIFF DR,,,,0.00,N,Not at Intersection,N,Non-Junction,None,,,         ,Kevin,Reynolds,Clear,Angle,no,no,no,no,no,False
101455504,METROPOLITAN NASHVILLE POLICE DEPT,20161032332,Davidson,Nashville,11/20/2016 8:28:00 PM,2,4,0,36.238810,-86.723860,GALLATIN PKES,,,,0.00,,,GALLATIN PKE,,,,0.00,Y,T-Intersection,N,Intersection,None,,,         ,Christopher,Littles,Clear,Front to Rear,no,no,no,no,yes,False
101455514,METROPOLITAN NASHVILLE POLICE DEPT,20161032368,Davidson,Not in City Limit,11/20/2016 8:52:00 PM,2,0,0,36.326170,-86.869060,WHITES CREEK PKE,,,,0.00,,,I24 W ENT RAMP,,,,0.00,Y,Y-Intersection, ,Entrance/Exit Ramp Related,None,,,         ,Thomas,Burns,Clear,"Sideswipe, Same Direction",no,no,no,no,no,False
101455517,METROPOLITAN NASHVILLE POLICE DEPT,20161032063,Davidson,Nashville,11/20/2016 5:46:00 PM,1,1,0,36.135960,-86.727090,I 24,,,,0.00,,,,,,,52.20,N,Not at Intersection,N,Non-Junction,None,,,         ,Alyson,Cook,Clear,Not Collision with Motor Vehicle in Transport,no,no,no,no,no,False
101455524,METROPOLITAN NASHVILLE POLICE DEPT,20161032112,Davidson,Not in City Limit,11/20/2016 6:04:00 PM,2,0,0,36.022240,-86.656930,BLAIRFIELD DR,,,,132.00,Feet,West,KANLOW DR,,,,0.00,N,Not at Intersection,N,Non-Junction,None,,,         ,Alyson,Cook,Clear,Angle,no,no,no,no,no,False
101455529,METROPOLITAN NASHVILLE POLICE DEPT,20161032179,Davidson,Nashville,11/20/2016 6:59:00 PM,2,1,0,36.053440,-86.643710,BELL RD,,,,573.00,Feet,North,THE OVERLOOK PVTDR,,,,0.00,N,Not at Intersection,N,Non-Junction,None,,,         ,Darryl,Williams,Clear,Front to Rear,no,no,no,no,no,False
101455552,METROPOLITAN NASHVILLE POLICE DEPT,20161032492,Davidson,Nashville,11/20/2016 10:25:00 PM,1,1,0,36.034060,-86.642710,I 24,,,,0.00,,,,,,,60.60,N,Not at Intersection,N,Non-Junction,None,,,         ,William,Coy,Clear,Not Collision with Motor Vehicle in Transport,no,no,no,no,no,False
101455560,METROPOLITAN NASHVILLE POLICE DEPT,20161032558,Davidson,Nashville,11/20/2016 11:00:00 PM,1,0,0,36.141790,-86.782840,EDGEHILL AV,,,,528.00,Feet,West,HILLSIDE AV,,,,0.00,N,Not at Intersection, ,Non-Junction,None,,,         ,Ryan,Worstall,Clear,Not Collision with Motor Vehicle in Transport,no,no,no,no,yes,False
101455572,GOODLETTSVILLE POLICE DEPT,16-40312,Davidson,Goodlettsville,11/20/2016 10:27:00 PM,1,0,0,36.336270,-86.711016,,,I65,,0.00,,,,,,,97.40,N,Not at Intersection, ,Non-Junction,None,,,         ,Shane,Farrell,Clear,Not Collision with Motor Vehicle in Transport,no,no,no,no,no,False
101455581,METROPOLITAN NASHVILLE POLICE DEPT,20161032781,Davidson,Nashville,11/20/2016 11:21:00 PM,2,0,0,36.228920,-86.591340,SAUNDERSVILLE RD,,,,0.00,,,WOODSIDE DR,,,,0.00,Y,Four-Way, ,Intersection,None,,,         ,Sean,Wuethrich,Clear,Front to Rear,no,no,no,no,no,False
101455594,METROPOLITAN NASHVILLE POLICE DEPT,20161032785,Davidson,Nashville,11/20/2016 8:41:00 PM,2,0,0,36.069120,-86.683840,ANTIOCH PKE,,,,0.00,,,RICHARDS RD,,,,0.00,Y,Four-Way,N,Intersection,None,,,         ,William,Williams,Clear,Angle,no,no,no,no,yes,False
101455606,METROPOLITAN NASHVILLE POLICE DEPT,20161032806,Davidson,Nashville,11/21/2016 1:36:00 AM,1,0,0,36.042170,-86.636450,MT VIEW RD,,,,1346.00,Feet,East,BABY RUTH LN,,,,0.00,N,Not at Intersection,N,Non-Junction,None,,,         ,William,Coy,Clear,Not Collision with Motor Vehicle in Transport,no,no,no,no,no,False
101455616,GOODLETTSVILLE POLICE DEPT,16-40299,Davidson,Goodlettsville,11/20/2016 7:34:00 PM,1,1,0,36.310222,-86.686692,VIETNAM VETERANS BYPASS,,SR386,,10.00,Feet,East,VIETNAM VETERANS BYPASS,,SR386,,1.60,N,Not at Intersection,N,Non-Junction,None,,,         ,Daniel,Knalls,Clear,Not Collision with Motor Vehicle in Transport,no,no,no,no,no,False
101455638,METROPOLITAN NASHVILLE POLICE DEPT,20161032671,Davidson,Nashville,11/20/2016 7:10:00 PM,2,0,0,36.062760,-86.677210,ANTIOCH PKE,,,,959.00,Feet,South,MILL CREEK BLUE HOLE GRNWY,,,,0.00,N,Not at Intersection, ,Non-Junction,None,,,         ,Leonard,Cato,Clear,Angle,no,no,no,no,no,False
101455639,METROPOLITAN NASHVILLE POLICE DEPT,20161033092,Davidson,Not in City Limit,11/21/2016 4:23:00 AM,1,0,0,36.288600,-86.844610,WHITES CREEK PKE,,,,555.00,Feet,West,LAWS RD,,,,0.00,N,Not at Intersection, ,Non-Junction,None,,,         ,James,Murphy,Clear,Not Collision with Motor Vehicle in Transport,no,no,no,no,no,False
101455695,METROPOLITAN NASHVILLE POLICE DEPT,20161033221,Davidson,Antioch,11/21/2016 5:50:00 AM,1,0,0,36.040000,-86.603660,MURFREESBORO PKE,,,,297.00,Feet,North,OLD HICKORY BLVD,,,,0.00,N,Not at Intersection,N,Non-Junction,None,,,         ,Jefferson,Hughes,Clear,Not Collision with Motor Vehicle in Transport,no,no,no,no,no,False
101455701,METROPOLITAN NASHVILLE POLICE DEPT,20161033217,Davidson,Nashville,11/21/2016 5:55:00 AM,1,1,0,36.038860,-86.648270,I 24,,,,0.00,,,,,,,60.15,N,Not at Intersection,N,Non-Junction,None,,,         ,William,Coy,Clear,Not Collision with Motor Vehicle in Transport,no,no,no,no,no,False
101455707,METROPOLITAN NASHVILLE POLICE DEPT,20161033208,Davidson,Nashville,11/21/2016 5:49:00 AM,2,1,0,36.049480,-86.658510,HICKORY HOLLOW MALL PVTDR PL,,,,0.00,Feet,East,HICKORY HOLLOW PKWY,,,,0.00,N,Not at Intersection,N,OtherLocation,None,,,         ,William,Williams,Clear,Angle,no,no,no,yes,no,False
101455725,METROPOLITAN NASHVILLE POLICE DEPT,20161033340,Davidson,Nashville,11/21/2016 7:19:00 AM,2,0,0,36.106170,-86.922220,OLD HICKORY BLVD,,,,88.00,Feet,South,TOLBERT RD,,,,0.00,N,Not at Intersection, ,Non-Junction,None,,,         ,Curtis,Rich,Clear,Front to Rear,no,no,no,no,no,False
101455753,METROPOLITAN NASHVILLE POLICE DEPT,20161033275,Davidson,Nashville,11/21/2016 6:39:00 AM,2,0,0,36.096800,-86.653310,SMITH SPRINGS RD,,,,0.00,,,REYNOLDS RD,,,,0.00,Y,T-Intersection,N,Intersection,None,,,         ,MIchael,Mihajlov,Clear,Angle,no,no,no,no,no,False
101455757,METROPOLITAN NASHVILLE POLICE DEPT,20161033430,Davidson,Nashville,11/21/2016 8:00:00 AM,2,0,0,36.123580,-86.911380,CHARLOTTE PKE,,,,178.00,Feet,West,OLD CHARLOTTE PKE,,,,0.00,N,Not at Intersection, ,Non-Junction,None,,,         ,Curtis,Rich,Clear,"Sideswipe, Opposite Direction",no,no,no,no,yes,False
101455760,METROPOLITAN NASHVILLE POLICE DEPT,20161033349,Davidson,Nashville,11/21/2016 7:18:00 AM,2,0,0,36.037810,-86.784720,I65 S EXT RAMP,,,,0.00,,,OLD HICKORY BLVD,,,,0.00,Y,Four-Way, ,Entrance/Exit Ramp Related,None,,,         ,Nathan,Kemp,Clear,Front to Rear,no,no,no,no,no,False
101455761,METROPOLITAN NASHVILLE POLICE DEPT,20161033432,Davidson,Nashville,11/21/2016 8:05:00 AM,2,0,0,36.045300,-86.713990,OLD HICKORY BLVD,,,,216.00,Feet,West,NOLENSVILLE PKE,,,,0.00,N,Not at Intersection, ,,None,,,         ,Nathan,Kemp,,,no,no,no,no,no,False
101455770,METROPOLITAN NASHVILLE POLICE DEPT,20161033427,Davidson,Nashville,11/21/2016 8:00:00 AM,2,0,0,36.176530,-86.769920,SPRING ST,,,,59.00,Feet,West,I24 W EXT RAMP,,,,0.00,N,Not at Intersection, ,,None,,,         ,David,Boone,,,no,no,no,no,no,False
101455773,METROPOLITAN NASHVILLE POLICE DEPT,20161033407,Davidson,Nashville,11/21/2016 7:46:00 AM,2,0,0,36.148660,-86.807040,ELLISTON PL,,,,0.00,Feet,,24TH AVN,,,,0.00,Y,Four-Way, ,Non-Junction,None,,,         ,Paul,Joyner,Clear,Angle,no,no,no,no,no,Campus
101455776,METROPOLITAN NASHVILLE POLICE DEPT,20161033366,Davidson,Not in City Limit,11/21/2016 7:20:00 AM,2,0,0,36.062320,-86.942740,BEECH BEND DR,,,,0.00,,,OLD HARDING PKE,,,,0.00,Y,Four-Way,N,Intersection-Related,None,,,         ,Douglas,Atwood,Clear,Front to Rear,no,no,no,no,no,False
101455780,METROPOLITAN NASHVILLE POLICE DEPT,20161033286,Davidson,Nashville,11/21/2016 12:00:00 AM,2,0,0,36.151460,-86.763630,UNIVERSITY CT,,,,472.00,Feet,West,CARROLL ST,,,,0.00,N,Not at Intersection, ,Non-Junction,None,,,         ,Tyler,Adcock,Clear,Front to Rear,no,no,no,no,yes,False
101455781,METROPOLITAN NASHVILLE POLICE DEPT,20161033363,Davidson,Nashville,11/21/2016 7:26:00 AM,3,1,0,36.142340,-86.679530,I 40,,,,0.00,,,,,,,215.90,N,Not at Intersection,N,Non-Junction,None,,,         ,Steven,Rowlett,Clear,Front to Rear,no,no,no,no,yes,False
101455789,METROPOLITAN NASHVILLE POLICE DEPT,20161033466,Davidson,Nashville,11/21/2016 12:00:00 AM,2,0,0,36.250900,-86.701070,ROTHWOOD AV,,,,212.00,Feet,East,IDLEWILD DR,,,,0.00,N,Not at Intersection, ,Non-Junction,None,,,         ,Coleman,McKellar,Clear,Angle,no,no,no,no,no,False
101455792,METROPOLITAN NASHVILLE POLICE DEPT,20161033510,Davidson,Nashville,11/21/2016 8:22:00 AM,1,0,0,36.128830,-86.818830,ELMINGTON AV,,,,200.00,Feet,North,WYN OAK,,,,0.00,N,Not at Intersection, ,Non-Junction,None,,,         ,Curtis,Rich,Clear,Not Collision with Motor Vehicle in Transport,no,no,no,no,no,False
101455795,METROPOLITAN NASHVILLE POLICE DEPT,20161033447,Davidson,Nashville,11/21/2016 8:50:00 AM,2,0,0,36.068710,-86.677990,RICHARDS RD,,,,0.00,,,LORI DR,,,,0.00,Y,T-Intersection, ,Intersection,None,,,         ,Blake,Lutz,Clear,Front to Rear,no,no,no,no,no,False
101455800,METROPOLITAN NASHVILLE POLICE DEPT,20161033417,Davidson,Nashville,11/21/2016 7:48:00 AM,2,0,0,36.169650,-86.585350,I 40,,,,0.00,,,,,,,221.70,N,Not at Intersection, ,Non-Junction,None,,,         ,Cassandra,Del Bosco,Clear,Front to Rear,no,no,no,no,no,False
101455809,METROPOLITAN NASHVILLE POLICE DEPT,20161033474,Davidson,Nashville,11/21/2016 8:18:00 AM,2,1,0,36.189440,-86.824090,CLARKSVILLE PKE,,,,358.00,Feet,West,ROSA L PARKS BLVD,,,,0.00,N,Not at Intersection,N,Non-Junction,None,,,         ,William,Caillouette,Clear,"Sideswipe, Same Direction",no,no,no,no,no,False
101455811,METROPOLITAN NASHVILLE POLICE DEPT,20161033570,Davidson,Nashville,11/21/2016 9:07:00 AM,2,0,0,36.144580,-86.813140,WEST END AV,,,,0.00,,,29TH AVN,,,,0.00,Y,Four-Way, ,Intersection-Related,None,,,         ,Nathan,Kemp,Clear,Front to Rear,no,no,no,no,no,Campus
101455814,METROPOLITAN NASHVILLE POLICE DEPT,20161033274,Davidson,Not in City Limit,11/21/2016 6:41:00 AM,2,1,0,36.308060,-86.821810,I 24,,,,0.00,,,,,,,38.00,N,Not at Intersection,N,Non-Junction,None,,,         ,Michael,McCord,Clear,Front to Rear,no,no,no,no,no,False
101455815,METROPOLITAN NASHVILLE POLICE DEPT,20161033513,Davidson,Nashville,11/21/2016 8:35:00 AM,1,0,0,36.089960,-86.687970,HARDING PL,,,,138.00,Feet,West,OLD EZELL RD,,,,0.00,N,Not at Intersection,N,OtherLocation,None,,,         ,Kenneth,Alexandrow,Clear,Not Collision with Motor Vehicle in Transport,no,no,no,no,no,False
101455820,METROPOLITAN NASHVILLE POLICE DEPT,20161033449,Davidson,Nashville,11/21/2016 7:35:00 AM,2,0,0,36.084920,-86.703440,TRAVELERS INN DR,,,,0.00,,,HARDING PL,,,,0.00,Y,T-Intersection, ,Intersection,None,,,         ,Todd,Watson,Clear,Front to Rear,no,no,no,no,no,False
101455838,METROPOLITAN NASHVILLE POLICE DEPT,2016-1033379,Davidson,Antioch,11/21/2016 7:34:00 AM,2,1,0,0.000000,0.000000,UNA-ANTIOCH,PIKE,SR1,,0.00,,,BILLINGSGATE,RD,SR,,0.00,Y,T-Intersection,N,Intersection,None,,,         ,Roderic,Williams,Clear,Angle,no,no,no,no,no,False
101455839,METROPOLITAN NASHVILLE POLICE DEPT,20161033562,Davidson,Nashville,11/21/2016 8:25:00 AM,2,0,0,36.170070,-86.817450,W HEIMAN ST,,,,0.00,,,W H DAVIS DR,,,,0.00,Y,T-Intersection, ,Intersection,None,,,         ,Julie,Nabors,Clear,Front to Rear,no,no,no,no,no,False
101455840,METROPOLITAN NASHVILLE POLICE DEPT,20161033451,Davidson,Nashville,11/21/2016 7:34:00 AM,2,0,0,36.142600,-86.743750,MURFREESBORO PKE,,,,195.00,Feet,East,FESSLERS LN,,,,0.00,N,Not at Intersection,N,Non-Junction,None,,,         ,Kimberly,Annson,Clear,Angle,no,no,no,no,no,False
101455846,METROPOLITAN NASHVILLE POLICE DEPT,20161033335,Davidson,Nashville,11/21/2016 6:50:00 AM,3,0,0,36.144130,-86.691910,I 40,,,,0.00,,,,,,,215.20,N,Not at Intersection,N,Non-Junction,None,,,         ,Richard,Hyatt,Clear,Angle,no,no,no,no,yes,False
101455850,METROPOLITAN NASHVILLE POLICE DEPT,20161033527,Davidson,Nashville,11/21/2016 8:48:00 AM,2,0,0,36.140790,-86.738190,MURFREESBORO PKE,,,,0.00,,,TRANSIT AV,,,,0.00,Y,T-Intersection,N,Intersection,None,,,         ,MIchael,Mihajlov,Clear,HeadOn,no,no,no,no,no,False
101455853,METROPOLITAN NASHVILLE POLICE DEPT,20161033329,Davidson,Not in City Limit,11/21/2016 6:41:00 AM,2,0,0,36.307170,-86.818920,I 24,,,,0.00,,,,,,,38.15,N,Not at Intersection, ,Non-Junction,None,,,         ,Carlos,angulo,Clear,Front to Rear,no,no,no,no,no,False
101455860,METROPOLITAN NASHVILLE POLICE DEPT,20161033505,Davidson,Nashville,11/21/2016 7:50:00 AM,2,0,0,36.219430,-86.792100,OLD MATTHEWS RD,,,,449.00,Feet,East,DYNE CT,,,,0.00,N,Not at Intersection,N,Non-Junction,None,,,         ,Michael,McCord,Clear,"Sideswipe, Opposite Direction",no,no,no,no,no,False
101455863,METROPOLITAN NASHVILLE POLICE DEPT,20161033488,Davidson,Nashville,11/21/2016 7:55:00 AM,2,0,0,36.169740,-86.586990,I 40,,,,0.00,,,,,,,221.60,N,Not at Intersection,N,Non-Junction,None,,,         ,Scott,Toney,Clear,Front to Rear,no,no,no,no,no,False
101455868,METROPOLITAN NASHVILLE POLICE DEPT,20161033577,Davidson,Nashville,11/21/2016 8:50:00 AM,2,0,0,36.068420,-86.707460,HAYWOOD LN,,,,0.00,,,CHAMBERS DR,,,,0.00,Y,T-Intersection,N,Intersection-Related,None,,,         ,Jedidayah,Merriweather,Clear,Front to Rear,no,no,no,no,no,False
101455878,METROPOLITAN NASHVILLE POLICE DEPT,20161033541,Davidson,Nashville,11/21/2016 8:30:00 AM,1,0,0,36.217970,-86.724310,ARDEE AV,,,,210.00,Feet,West,WILLIAMS TER,,,,0.00,N,Not at Intersection, ,Non-Junction,None,,,         ,Eric,Knight,Cloudy,Not Collision with Motor Vehicle in Transport,no,no,no,yes,yes,False
101455882,METROPOLITAN NASHVILLE POLICE DEPT,20161033633,Davidson,Nashville,11/21/2016 9:49:00 AM,2,0,0,36.082170,-86.761890,HARDING PL,,,,59.00,Feet,West,SIDCO DR,,,,0.00,N,Not at Intersection,N,Non-Junction,None,,,         ,Nathan,Kemp,Clear,Front to Rear,no,no,no,no,no,False
101455883,METROPOLITAN NASHVILLE POLICE DEPT,20161033685,Davidson,Nashville,11/21/2016 10:11:00 AM,2,3,0,36.066300,-86.774230,FRANKLIN PKE,,,,0.00,,,HOGAN RD,,,,0.00,Y,Four-Way,N,Intersection,None,,,         ,Nathan,Kemp,Clear,Angle,no,no,no,no,no,False
101455890,METROPOLITAN NASHVILLE POLICE DEPT,20161033544,Davidson,Nashville,11/21/2016 8:20:00 AM,2,1,0,36.160760,-86.820960,I 40,,,,0.00,,,,,,,206.20,N,Not at Intersection,N,Non-Junction,None,,,         ,Garren,Hoskins,Clear,Front to Rear,no,no,no,no,no,False
101455891,METROPOLITAN NASHVILLE POLICE DEPT,20161033683,Davidson,Nashville,11/13/2016 4:00:00 PM,2,1,0,36.160470,-86.778440,BROADWAY,,,,0.00,,,5TH AVS,,,,0.00,Y,Four-Way,N,Intersection,None,,,         ,Shawn,Taylor,Clear,"Sideswipe, Same Direction",no,no,no,no,no,False
101455894,METROPOLITAN NASHVILLE POLICE DEPT,20161033548,Davidson,Madison,11/21/2016 8:56:00 AM,2,0,0,36.260650,-86.709720,ELM ST,,,,244.00,Feet,East,2ND AV,,,,0.00,N,Not at Intersection, ,,Work Zone,,,         ,Michael,Agee,,,no,no,no,no,no,False
101455899,METROPOLITAN NASHVILLE POLICE DEPT,20161033298,Davidson,Not in City Limit,11/21/2016 6:30:00 AM,2,2,0,36.320080,-86.850040,I 24,,,,0.00,,,,,,,36.00,N,Not at Intersection,N,Non-Junction,None,,,         ,Nicholas,MacDougall,Clear,Front to Rear,no,no,no,no,no,False
101455904,METROPOLITAN NASHVILLE POLICE DEPT,20161033693,Davidson,Nashville,11/21/2016 10:05:00 AM,2,0,0,36.131760,-86.778970,SOUTH DOUGLAS AV,,,,0.00,,,8TH AVS,,,,0.00,Y,T-Intersection, ,Non-Junction,None,,,         ,Phillip,Murphy,Clear,"Sideswipe, Same Direction",no,no,no,no,no,False
101455909,METROPOLITAN NASHVILLE POLICE DEPT,2016-1033323,Davidson,Antioch,11/21/2016 7:03:00 AM,2,0,0,36.031560,-86.594090,MURFREESBORO PKE,,,,53.00,Feet,South,PARKS RETREAT DR,,,,0.00,N,Not at Intersection, ,Non-Junction,None,,,         ,William,Whitworth,Clear,Front to Rear,no,no,no,no,no,False
101455920,METROPOLITAN NASHVILLE POLICE DEPT,20161033310,Davidson,Not in City Limit,11/21/2016 6:50:00 AM,3,0,0,36.323880,-86.867500,I 24,,,,0.00,,,,,,,35.00,N,Not at Intersection,N,Non-Junction,None,,,         ,James,Wray,Clear,Front to Rear,no,no,no,no,no,False
101455929,METROPOLITAN NASHVILLE POLICE DEPT,2016-1033796,Davidson,Nashville,11/21/2016 10:23:00 AM,1,0,0,36.247250,-86.735880,BRIARVILLE RD,,,,276.00,Feet,North,SHIELDS LN,,,,0.00,N,Not at Intersection, ,Non-Junction,None,,,         ,Arthur,Hipp,Clear,Not Collision with Motor Vehicle in Transport,no,no,no,yes,no,False
101455937,METROPOLITAN NASHVILLE POLICE DEPT,20161033760,Davidson,Nashville,11/21/2016 10:30:00 AM,2,0,0,36.141610,-86.714010,I 40,,,,0.00,,,,,,,214.00,N,Not at Intersection, ,Non-Junction,None,,,         ,Scott,Toney,Clear,"Sideswipe, Same Direction",no,no,no,no,no,False
101455941,METROPOLITAN NASHVILLE POLICE DEPT,20161033766,Davidson,Nashville,11/21/2016 10:46:00 AM,2,0,0,36.230100,-86.725040,MALQUIN DR,,,,0.00,,,GALLATIN PKE,,,,0.00,Y,T-Intersection, ,,None,,,         ,Alex,Moore,,,no,no,no,no,no,False