master_record_number,agency,agency_tracking_number,county,city,collision_date,vehicles_involved,number_injured,number_dead,latitude,longitude,roadway_name,roadway_suffix,roadway_number,roadway_local_id,distance_from_reference,miles-feet_indicator,direction_from_reference,intersection_road_name,intersection_road_name_suffix,intersection_road_number,intersection_local_id,mile_marker,intersection_indicator,intersect_type,interchange_related_indicator,relation_to_junction,work_zone_type,construction_maintenance_zone,construction_maintenance_zone_location,fatal_case_number,officer_first_name,officer_last_name,weather_condition(s),manner_of_crash,pedestrian,bicycle,scooter,parking,hitrun,mou
101455943,METROPOLITAN NASHVILLE POLICE DEPT,20161033373,Davidson,Not in City Limit,11/21/2016 7:31:00 AM,2,0,0,36.108680,-86.926150,I 40,,,,0.00,,,,,,,199.00,N,Not at Intersection, ,Non-Junction,None,,,         ,Christopher,Taylor,Clear,Front to Rear,no,no,no,no,no,False
101455944,METROPOLITAN NASHVILLE POLICE DEPT,20161033910,Davidson,Nashville,11/21/2016 11:48:00 AM,2,1,0,36.183390,-86.610830,DODSON CHAPEL RD,,,,0.00,,,OLD HICKORY BLVD,,,,0.00,Y,Four-Way,N,Non-Junction,None,,,         ,MIchael,Mihajlov,Clear,Front to Rear,no,no,no,no,no,False
101455945,METROPOLITAN NASHVILLE POLICE DEPT,20161033498,Davidson,Nashville,11/21/2016 8:30:00 AM,2,0,0,36.184990,-86.760440,ELLINGTON PKWY S ENT RAMP,,,,0.00,Feet,East,ELLINGTON PKWY S EXT RAMP,,,,0.00,N,Not at Intersection,N,Non-Junction,None,,,         ,Steven,Spillers,Clear,Front to Rear,no,no,no,no,no,False
101455965,METROPOLITAN NASHVILLE POLICE DEPT,20161033921,Davidson,Nashville,11/21/2016 11:46:00 AM,2,0,0,36.132750,-86.795630,BELMONT BLVD,,,,84.00,Feet,East,PORTLAND AV,,,,0.00,N,Not at Intersection, ,Non-Junction,None,,,         ,Nathan,Kemp,Clear,"Sideswipe, Same Direction",no,no,no,no,no,False
101455966,METROPOLITAN NASHVILLE POLICE DEPT,20161033973,Davidson,Nashville,11/21/2016 12:07:00 PM,2,0,0,36.152380,-86.800060,20TH AVN,,,,0.00,,,HAYES ST,,,,0.00,Y,Four-Way,N,Intersection,None,,,         ,Nathan,Kemp,Clear,Angle,no,no,no,no,no,Campus
101455968,METROPOLITAN NASHVILLE POLICE DEPT,20161033877,Davidson,Nashville,11/21/2016 11:34:00 AM,2,0,0,36.134250,-86.775480,WEDGEWOOD AV,,,,223.00,Feet,West,I65 N ENT RAMP,,,,0.00,N,Not at Intersection, ,,None,,,         ,Phillip,Murphy,,,no,no,no,no,no,False
101455972,METROPOLITAN NASHVILLE POLICE DEPT,2016-1033369,Davidson,Nashville,11/21/2016 7:29:00 AM,1,1,0,36.133650,-86.702400,MASSMAN DR,,,,4.00,Feet,North,GLASTONBURY RD,,,,0.00,N,Not at Intersection,N,Non-Junction,None,,,         ,Sean,Williams,Cloudy,Not Collision with Motor Vehicle in Transport,yes,no,no,no,yes,False
101455973,VANDERBILT UNIVERSITY POLICE,16-1023802,Davidson,Nashville,11/21/2016 10:00:00 AM,2,0,0,36.144810,-86.799740,21ST AVS,,,,274.00,Feet,North,EDGEHILL AV,,,,0.00,N,Not at Intersection, ,Non-Junction,None,,,         ,Gregory,Blocker,Clear,"Sideswipe, Opposite Direction",no,no,no,yes,no,Campus
101455983,METROPOLITAN NASHVILLE POLICE DEPT,20161034030,Davidson,Nashville,11/21/2016 12:00:00 PM,1,0,0,36.153780,-86.842370,I 40,,,,0.00,,,,,,,204.80,N,Not at Intersection, ,Non-Junction,None,,,         ,Curtis,Rich,Clear,Not Collision with Motor Vehicle in Transport,no,no,no,no,no,False
101455995,BERRY HILL POLICE DEPT,16-4063,Davidson,Berry Hill,11/21/2016 10:16:00 AM,2,0,0,36.123390,-86.765610,BRANSFORD AV,,,,0.00,,,FESSEY PARK RD,,,,0.00,Y,OTHER, ,Non-Junction,None,,,         ,Ray,Ferguson,Clear,Front to Rear,no,no,no,no,no,False
101456001,METROPOLITAN NASHVILLE POLICE DEPT,20161033446,Davidson,Nashville,11/21/2016 7:39:00 AM,2,0,0,36.167040,-86.611240,I 40,,,,0.00,,,,,,,220.30,N,Not at Intersection, ,Non-Junction,None,,,         ,Tien,Nguyen,Clear,Front to Rear,no,no,no,no,no,False
101456016,METROPOLITAN NASHVILLE POLICE DEPT,20161033974,Davidson,Nashville,11/21/2016 11:45:00 AM,2,0,0,36.059100,-86.715050,TUSCULUM RD,,,,225.00,Feet,West,RAYWOOD LN,,,,0.00,N,Not at Intersection, ,Non-Junction,None,,,         ,Blake,Lutz,Clear,Front to Rear,no,no,no,no,yes,False
101456024,VANDERBILT UNIVERSITY POLICE,16-1034066,Davidson,Nashville,11/21/2016 12:00:00 AM,2,0,0,36.139600,-86.805110,24TH AVS,,,,174.00,Feet,South,PIERCE AV,,,,0.00,N,Not at Intersection, ,Non-Junction,None,,,         ,Gregory,Blocker,Clear,Unknown,no,no,no,yes,yes,Campus
101456030,METROPOLITAN NASHVILLE POLICE DEPT,20161034135,Davidson,Belle Meade,11/21/2016 1:00:00 PM,2,0,0,36.122950,-86.850410,HARDING PKE,,,,355.00,Feet,East,LYNNWOOD BLVD,,,,0.00,N,Not at Intersection, ,,None,,,         ,Curtis,Rich,,,no,no,no,no,no,False
101456038,METROPOLITAN NASHVILLE POLICE DEPT,20161033894,Davidson,Nashville,11/21/2016 11:40:00 AM,2,4,0,36.153300,-86.821280,CHARLOTTE AV,,,,100.00,Feet,West,31ST AVN,,,,0.00,N,Not at Intersection,N,Non-Junction,None,,,         ,Garren,Hoskins,Clear,Angle,no,no,no,no,no,False
101456056,METROPOLITAN NASHVILLE POLICE DEPT,20161034183,Davidson,Nashville,11/21/2016 1:19:00 PM,2,1,0,36.207420,-86.611920,LEBANON PKE,,,,9.00,Feet,South,HIGHLAND VIEW DR,,,,0.00,N,Not at Intersection,N,Non-Junction,None,,,         ,Steven,Rowlett,Clear,"Sideswipe, Same Direction",no,no,no,no,no,False
101456078,METROPOLITAN NASHVILLE POLICE DEPT,20161033718,Davidson,Nashville,11/21/2016 9:40:00 AM,2,0,0,36.105420,-86.717540,I 24,,,,0.00,,,,,,,54.10,N,Not at Intersection,N,Non-Junction,None,,,         ,David,Simmonds,Clear,Not Collision with Motor Vehicle in Transport,no,no,no,no,no,False
101456096,METROPOLITAN NASHVILLE POLICE DEPT,20161034205,Davidson,Nashville,11/21/2016 1:27:00 PM,1,1,0,36.048930,-86.715440,HICKORYVIEW DR,,,,247.00,Feet,East,HICKORY PLZ,,,,0.00,N,Not at Intersection,N,Non-Junction,None,,,         ,Nicholas,Carroll,Clear,Not Collision with Motor Vehicle in Transport,no,no,no,yes,no,False
101456126,METROPOLITAN NASHVILLE POLICE DEPT,20161034320,Davidson,Nashville,11/21/2016 2:11:00 PM,1,1,0,36.203540,-86.738540,GALLATIN PKE,,,,0.00,,,E TRINITY LN,,,,0.00,Y,T-Intersection,N,Intersection-Related,None,,,         ,Casey,Tomes,Clear,Not Collision with Motor Vehicle in Transport,yes,no,no,no,no,False
101456142,METROPOLITAN NASHVILLE POLICE DEPT,20160133360,Davidson,Nashville,11/21/2016 7:20:00 AM,2,0,0,36.068770,-86.678660,RICHARDS RD,,,,153.00,Feet,West,LORI DR,,,,0.00,N,Not at Intersection,N,Non-Junction,None,,,         ,Jedidayah,Merriweather,Clear,Front to Rear,no,no,no,no,no,False
101456143,METROPOLITAN NASHVILLE POLICE DEPT,20161033279,Davidson,Nashville,11/21/2016 12:00:00 AM,1,0,0,36.178100,-86.755640,MYRTLE ST,,,,80.00,Feet,West,MCFERRIN AV,,,,0.00,N,Not at Intersection,N,Non-Junction,None,,,         ,Jeremy,Stricklin,Clear,Not Collision with Motor Vehicle in Transport,no,no,no,no,yes,False
101456144,METROPOLITAN NASHVILLE POLICE DEPT,20161034283,Davidson,Nashville,11/21/2016 1:48:00 PM,2,1,0,36.158610,-86.664680,DONELSON PKE,,,,171.00,Feet,South,MCCAMPBELL AV,,,,0.00,N,Not at Intersection,N,Non-Junction,None,,,         ,Brandon,Whittaker,Clear,"Sideswipe, Same Direction",no,no,no,no,no,False
101456162,METROPOLITAN NASHVILLE POLICE DEPT,20161034434,Davidson,Nashville,11/21/2016 2:53:00 PM,2,0,0,36.165390,-86.762740,S 4TH ST,,,,150.00,Feet,West,SUMMER PL,,,,0.00,N,Not at Intersection, ,Non-Junction,None,,,         ,Whitney,Arnold,Clear,Front to Rear,no,no,no,no,no,False
101456173,METROPOLITAN NASHVILLE POLICE DEPT,20161034429,Davidson,Nashville,11/21/2016 3:00:00 PM,1,0,0,36.138100,-86.789500,13TH AVS,,,,266.00,Feet,East,WADE AV,,,,0.00,N,Not at Intersection, ,OtherLocation,None,,,         ,Tien,Nguyen,Clear,Not Collision with Motor Vehicle in Transport,no,no,no,yes,no,False
101456178,METROPOLITAN NASHVILLE POLICE DEPT,2016-1034261,Davidson,Nashville,11/21/2016 1:45:00 PM,3,0,0,36.055010,-86.642410,BELL RD,,,,0.00,,,ZELIDA AV,,,,0.00,Y,Four-Way,N,Intersection,None,,,         ,William,Whitworth,Clear,Front to Rear,no,no,no,no,no,False
101456179,METROPOLITAN NASHVILLE POLICE DEPT,20161034442,Davidson,Nashville,11/21/2016 3:00:00 PM,2,1,0,36.155440,-86.796700,CHURCH ST,,,,268.00,Feet,West,17TH AVN,,,,0.00,N,Not at Intersection,N,Non-Junction,None,,,         ,Eric,Burford,Clear,Front to Rear,no,no,no,no,no,False
101456182,METROPOLITAN NASHVILLE POLICE DEPT,20161034413,Davidson,Nashville,11/21/2016 2:21:00 PM,2,0,0,36.177470,-86.790930,6TH AVN,,,,221.00,Feet,South,TAYLOR ST,,,,0.00,N,Not at Intersection, ,,None,,,         ,Michael,Brooks,,,no,no,no,no,no,False
101456192,METROPOLITAN NASHVILLE POLICE DEPT,20161034417,Davidson,Not in City Limit,11/21/2016 2:50:00 PM,2,0,0,36.263070,-86.711920,STATE RT 45,,,,0.00,,,GALLATIN PKEN,,,,0.00,Y,Four-Way, ,Intersection-Related,None,,,         ,Christopher,Littles,Clear,Angle,no,no,no,no,no,False
101456193,METROPOLITAN NASHVILLE POLICE DEPT,20161034502,Davidson,Not in City Limit,11/21/2016 3:14:00 PM,2,0,0,36.264160,-86.735560,I65 N EXT RAMP,,,,0.00,,,OLD HICKORY BLVDW,,,,0.00,Y,T-Intersection, ,,None,,,         ,Christopher,Littles,,,no,no,no,no,no,False
101456194,METROPOLITAN NASHVILLE POLICE DEPT,20161034602,Davidson,Nashville,11/21/2016 7:00:00 AM,1,0,0,36.042000,-86.716250,KNOLLS PL,,,,0.00,Feet,East,SWISS AV,,,,0.00,N,Not at Intersection, ,Non-Junction,None,,,         ,Edin,Plancic,Unknown,Not Collision with Motor Vehicle in Transport,no,no,no,no,yes,False
101456195,METROPOLITAN NASHVILLE POLICE DEPT,20161034319,Davidson,Nashville,11/21/2016 2:13:00 PM,2,1,0,36.162990,-86.761780,I 24,,,,0.00,,,,,,,49.25,N,Not at Intersection,N,Non-Junction,None,,,         ,Robert,Magner,Clear,Angle,no,no,no,no,no,False
101456199,METROPOLITAN NASHVILLE POLICE DEPT,20161034425,Davidson,Nashville,11/21/2016 2:57:00 PM,2,0,0,36.188830,-86.773160,DICKERSON PKE,,,,0.00,,,WHITES CREEK PKE,,,,0.00,Y,T-Intersection, ,Intersection,None,,,         ,Charles,Wakefield,Clear,Front to Rear,no,no,no,no,no,False
101456207,METROPOLITAN NASHVILLE POLICE DEPT,20161034555,Davidson,Nashville,11/21/2016 3:44:00 PM,2,0,0,36.191350,-86.787230,I 65,,,,0.00,,,,,,,85.90,N,Not at Intersection, ,Non-Junction,None,,,         ,Michael,Baron,Clear,Front to Rear,no,no,no,no,no,False
101456219,METROPOLITAN NASHVILLE POLICE DEPT,20161034510,Davidson,Nashville,11/21/2016 3:32:00 PM,2,0,0,36.178040,-86.613810,JAMES KAY LN,,,,0.00,,,DODSON CHAPEL RD,,,,0.00,Y,T-Intersection, ,Intersection,None,,,         ,Christopher,Mackey,Clear,Other,no,no,no,no,no,False
101456221,METROPOLITAN NASHVILLE POLICE DEPT,20161034477,Davidson,Nashville,11/21/2016 3:12:00 PM,2,0,0,36.113320,-86.803140,WOODMONT BLVD,,,,0.00,,,AMANDA AV,,,,0.00,Y,Four-Way,N,Intersection,None,,,         ,Phillip,Murphy,Clear,Angle,no,no,no,no,no,False
101456223,METROPOLITAN NASHVILLE POLICE DEPT,20161034635,Davidson,Nashville,11/21/2016 4:01:00 PM,2,0,0,36.174460,-86.800250,I65 N ENT RAMP,,,,0.00,,,I65 N ENT RAMP,,,,0.00,Y,OTHER,Y,Entrance/Exit Ramp Related,None,,,         ,Michael,Brooks,Clear,Front to Rear,no,no,no,no,no,False
101456228,METROPOLITAN NASHVILLE POLICE DEPT,20161034625,Davidson,Nashville,11/21/2016 4:30:00 PM,2,0,0,36.159240,-86.823770,CLIFTON AV,,,,47.00,Feet,North,32ND AVN,,,,0.00,N,Not at Intersection, ,Non-Junction,None,,,         ,Phillip,Box,Clear,Front to Rear,no,no,no,no,no,False
101456230,METROPOLITAN NASHVILLE POLICE DEPT,20161034588,Davidson,Nashville,11/21/2016 3:50:00 PM,2,0,0,36.149670,-86.691300,BRILEY PKWYS,,,,900.00,Feet,North,BRILEY PKWY S EXT RAMP,,,,0.00,N,Not at Intersection, ,Non-Junction,None,,,         ,Jonathan,Cavezza,Clear,Front to Rear,no,no,no,no,no,False
101456235,METROPOLITAN NASHVILLE POLICE DEPT,20161034612,Davidson,Nashville,11/21/2016 4:04:00 PM,2,0,0,36.092580,-86.885420,HARDING PKE,,,,0.00,,,VAUGHNS GAP RD,,,,0.00,Y,Four-Way,N,Intersection,None,,,         ,Walter,Gray II,Clear,Angle,no,no,no,no,no,False
101456236,GOODLETTSVILLE POLICE DEPT,16-40401,Davidson,Goodlettsville,11/21/2016 4:24:00 PM,2,1,0,36.323260,-86.703930,I65 N EXT RAMP,,,,0.00,,,LONG HOLLOW PKE,,,,0.00,Y,T-Intersection,Y,Entrance/Exit Ramp Related,None,,,         ,Brian,Hajdu,Clear,Front to Rear,no,no,no,no,no,False
101456237,METROPOLITAN NASHVILLE POLICE DEPT,20161034639,Davidson,Nashville,11/21/2016 4:10:00 PM,2,2,0,36.177260,-86.787750,4TH AVN,,,,0.00,,,MONROE ST,,,,0.00,Y,Four-Way,N,Intersection,None,,,         ,Adam,Crutcher,Clear,Angle,no,no,no,no,no,False
101456243,METROPOLITAN NASHVILLE POLICE DEPT,20161034711,Davidson,Nashville,11/21/2016 4:43:00 PM,2,0,0,36.164130,-86.763020,I 24,,,,0.00,,,,,,,49.15,N,Not at Intersection, ,,None,,,         ,Jason,King,,,no,no,no,no,no,False
101456251,METROPOLITAN NASHVILLE POLICE DEPT,20161034444,Davidson,Nashville,11/21/2016 2:39:00 PM,2,1,0,36.080420,-86.722430,HARDING PL,,,,260.00,Feet,East,HARDING MALL DR,,,,0.00,N,Not at Intersection,N,Non-Junction,None,,,         ,Andrew,Mullen,Clear,"Sideswipe, Same Direction",no,no,no,no,no,False
101456252,METROPOLITAN NASHVILLE POLICE DEPT,20161034564,Davidson,Nashville,11/21/2016 12:00:00 AM,2,0,0,36.164630,-86.812000,24TH AVN,,,,50.00,Feet,South,EDEN ST,,,,0.00,N,Not at Intersection,N,Non-Junction,None,,,         ,Ashton,Hill,Clear,"Sideswipe, Same Direction",no,no,no,no,yes,False
101456254,METROPOLITAN NASHVILLE POLICE DEPT,20161034770,Davidson,Nashville,11/21/2016 5:01:00 PM,2,0,0,36.074920,-86.919550,HIGHWAY 70S,,,,16.00,Feet,East,BELLEVUE VALLEY PLAZA PVTDR,,,,0.00,N,Not at Intersection, ,Non-Junction,None,,,         ,Brandon,Pedigo,Clear,Angle,no,no,no,no,no,False
101456256,METROPOLITAN NASHVILLE POLICE DEPT,20161034699,Davidson,Nashville,11/21/2016 3:53:00 PM,2,0,0,36.168460,-86.687650,LEBANON PKE,,,,93.00,Feet,East,BRILEY PKWY N ENT RAMP,,,,0.00,N,Not at Intersection, ,Non-Junction,None,,,         ,Jonathan,Cavezza,Clear,Front to Rear,no,no,no,no,no,False
101456262,METROPOLITAN NASHVILLE POLICE DEPT,20161034766,Davidson,Nashville,11/21/2016 4:34:00 PM,2,0,0,36.187990,-86.821560,ED TEMPLE BLVD,,,,0.00,,,ROSA L PARKS BLVD,,,,0.00,Y,Four-Way, ,Non-Junction,None,,,         ,Zachary,Ronan,Clear,Front to Rear,no,no,no,no,no,False
101456263,METROPOLITAN NASHVILLE POLICE DEPT,20161034669,Davidson,Nashville,11/21/2016 4:05:00 PM,2,0,0,36.126830,-86.710540,THOMPSON PL,,,,169.00,Feet,East,MURFREESBORO PKE,,,,0.00,N,Not at Intersection,N,Non-Junction,None,,,         ,Marcus,Darden,Clear,Front to Rear,no,no,no,no,no,False
101456264,METROPOLITAN NASHVILLE POLICE DEPT,20161034750,Davidson,Nashville,11/21/2016 4:50:00 PM,2,1,0,36.153020,-86.787680,I 40,,,,0.00,,,,,,,209.35,N,Not at Intersection,N,Non-Junction,None,,,         ,Ralph,Smith IV,Clear,Angle,no,no,no,no,no,False
101456266,METROPOLITAN NASHVILLE POLICE DEPT,20161034813,Davidson,Nashville,11/21/2016 5:05:00 PM,2,0,0,36.090360,-86.762810,I 65,,,,0.00,,,,,,,78.40,N,Not at Intersection,N,Non-Junction,None,,,         ,William,Taylor,Clear,Front to Rear,no,no,no,no,no,False
101456267,METROPOLITAN NASHVILLE POLICE DEPT,2016-1034850,Davidson,Nashville,11/21/2016 5:24:00 PM,2,0,0,36.091360,-86.828510,HILLSBORO PKE,,,,0.00,,,HARDING PL,,,,0.00,Y,Four-Way, ,,None,,,         ,Michael,Rogers,,,no,no,no,no,no,False
101456268,METROPOLITAN NASHVILLE POLICE DEPT,20161034640,Davidson,Nashville,11/21/2016 3:36:00 PM,2,0,0,36.143240,-86.704920,I 40,,,,0.00,,,,,,,214.50,N,Not at Intersection, ,,None,,,         ,John,Daugherty,,,no,no,no,no,no,False
101456269,METROPOLITAN NASHVILLE POLICE DEPT,20161034778,Davidson,Nashville,11/21/2016 3:58:00 PM,2,0,0,36.044900,-86.663970,BELL RD,,,,623.00,Feet,North,CANE RIDGE RD,,,,0.00,N,Not at Intersection, ,Non-Junction,None,,,         ,Joseph,Progar,Clear,Front to Rear,no,no,no,no,no,False
101456271,METROPOLITAN NASHVILLE POLICE DEPT,20161034842,Davidson,Nashville,11/21/2016 5:00:00 PM,2,1,0,36.054630,-86.715320,NOLENSVILLE PKE,,,,365.00,Feet,North,BREWER DR,,,,0.00,N,Not at Intersection,N,Non-Junction,None,,,         ,Tien,Nguyen,Clear,Front to Rear,no,no,no,no,no,False
101456275,METROPOLITAN NASHVILLE POLICE DEPT,20161034777,Davidson,Nashville,11/21/2016 5:04:00 PM,3,1,0,36.115580,-86.695400,MURFREESBORO PKE,,,,729.00,Feet,East,MCGAVOCK PKE,,,,0.00,N,Not at Intersection,N,Non-Junction,None,,,         ,Michael,Apsey,Clear,Front to Rear,no,no,no,no,no,False
101456278,METROPOLITAN NASHVILLE POLICE DEPT,20161034844,Davidson,Nashville,11/21/2016 4:50:00 PM,2,0,0,36.168930,-86.802980,MEHARRY BLVD,,,,105.00,Feet,West,16TH AVN,,,,0.00,N,Not at Intersection, ,Non-Junction,Construction Zone,,,         ,Phillip,Box,Clear,"Sideswipe, Same Direction",no,no,no,no,yes,False
101456279,VANDERBILT UNIVERSITY POLICE,16-1034696,Davidson,Nashville,11/21/2016 12:00:00 AM,2,0,0,36.141400,-86.774870,CHESTNUT ST,,,,0.00,,,,,,,0.00,,,N,Non-Junction,None,,,         ,Cedric,Edwards,Unknown,Unknown,no,no,no,yes,yes,False
101456285,METROPOLITAN NASHVILLE POLICE DEPT,2016-1033308,Davidson,Nashville,11/21/2016 4:20:00 PM,2,0,0,0.000000,0.000000,INTERSTATE 24,,,,200.00,Feet,East,SHELBY AVENUE,,,,0.00,N,Not at Intersection, ,Entrance/Exit Ramp Related,None,,,         ,William,Vincion,Clear,"Sideswipe, Same Direction",no,no,no,no,no,False
101456305,METROPOLITAN NASHVILLE POLICE DEPT,20161034839,Davidson,Nashville,11/21/2016 5:20:00 PM,2,0,0,36.148660,-86.875350,I 40,,,,0.00,,,,,,,202.90,N,Not at Intersection, ,Non-Junction,None,,,         ,Jeremy,Huffine,Clear,Front to Rear,no,no,no,no,no,False
101456308,METROPOLITAN NASHVILLE POLICE DEPT,20161034874,Davidson,Nashville,11/21/2016 5:27:00 PM,2,0,0,36.154650,-86.832150,I 40,,,,0.00,,,,,,,205.40,N,Not at Intersection, ,Non-Junction,None,,,         ,Barrett,Teague,Clear,Front to Rear,no,no,no,no,no,False
101456309,METROPOLITAN NASHVILLE POLICE DEPT,20161034687,Davidson,Nashville,11/21/2016 4:20:00 PM,2,0,0,36.154470,-86.739590,LEBANON PKE,,,,0.00,,,OMOHUNDRO PL,,,,0.00,Y,T-Intersection,N,Intersection,None,,,         ,John,Daugherty,Clear,Angle,no,no,no,no,yes,False
101456313,METROPOLITAN NASHVILLE POLICE DEPT,20161034899,Davidson,Nashville,11/21/2016 5:30:00 PM,2,0,0,36.141770,-86.669370,I40 W ENT RAMP,,,,0.00,Feet,East,I 40,,,,0.00,N,Not at Intersection, ,Non-Junction,None,,,         ,John,Kelley,Clear,Front to Rear,no,no,no,no,no,False
101456315,METROPOLITAN NASHVILLE POLICE DEPT,20161034622,Davidson,Nashville,11/21/2016 3:43:00 PM,2,0,0,36.136090,-86.726720,I 24,,,,0.00,,,,,,,52.25,N,Not at Intersection, ,,None,,,         ,Bryan,Byrnes,,,no,no,no,no,no,False
101456316,METROPOLITAN NASHVILLE POLICE DEPT,20161034864,Davidson,Nashville,11/21/2016 5:36:00 PM,2,0,0,36.151550,-86.752040,I 40,,,,0.00,,,,,,,211.45,N,Not at Intersection, ,Non-Junction,None,,,         ,Bryan,Byrnes,Clear,"Sideswipe, Same Direction",no,no,no,no,no,False
101456320,METROPOLITAN NASHVILLE POLICE DEPT,20161034706,Davidson,Not in City Limit,11/21/2016 3:51:00 PM,2,0,0,36.260850,-86.712680,GALLATIN PKES,,,,150.00,Feet,South,MAPLE ST,,,,0.00,N,Not at Intersection, ,Non-Junction,None,,,         ,Samuel,Miller,Clear,Angle,no,no,no,no,no,False
101456321,METROPOLITAN NASHVILLE POLICE DEPT,20161034830,Davidson,Nashville,11/21/2016 5:12:00 PM,2,0,0,36.076810,-86.838650,HILLSBORO PKE,,,,867.00,Feet,South,TYNE BLVD,,,,0.00,N,Not at Intersection, ,Non-Junction,None,,,         ,Miguel,Garcia,Clear,Front to Rear,no,no,no,no,no,False
101456322,METROPOLITAN NASHVILLE POLICE DEPT,20161034950,Davidson,Nashville,11/21/2016 6:25:00 PM,2,0,0,36.076810,-86.838650,HILLSBORO PKE,,,,867.00,Feet,South,TYNE BLVD,,,,0.00,N,Not at Intersection, ,Non-Junction,None,,,         ,Miguel,Garcia,Clear,Front to Rear,no,no,no,no,no,False
101456323,METROPOLITAN NASHVILLE POLICE DEPT,20161034776,Davidson,Not in City Limit,11/21/2016 5:04:00 PM,2,1,0,36.294250,-86.810580,I 24,,,,0.00,,,,,,,39.20,N,Not at Intersection,N,Non-Junction,None,,,         ,Frederick,Ware,Clear,Front to Rear,no,no,no,no,no,False
101456326,METROPOLITAN NASHVILLE POLICE DEPT,20161034905,Davidson,Not in City Limit,11/21/2016 6:02:00 PM,2,1,0,36.081190,-86.956230,HIGHWAY 70S,,,,0.00,,,I40 E ENT RAMP,,,,0.00,Y,Four-Way,N,Intersection-Related,None,,,         ,Brandon,Pedigo,Clear,Front to Rear,no,no,no,no,no,False
101456336,METROPOLITAN NASHVILLE POLICE DEPT,20161034805,Davidson,Nashville,11/21/2016 5:00:00 PM,2,0,0,36.091380,-86.686090,MILL CREEK EZELL PARK GRNWY,,,,47.00,Feet,West,HARDING PL,,,,0.00,N,Not at Intersection, ,Non-Junction,None,,,         ,kyle,whitfield,Clear,Front to Rear,no,no,no,no,no,False
101456338,METROPOLITAN NASHVILLE POLICE DEPT,20161034932,Davidson,Nashville,11/21/2016 6:20:00 PM,2,0,0,36.148840,-86.864810,CHARLOTTE PKE,,,,109.00,Feet,East,LELLYETT ST,,,,0.00,N,Not at Intersection, ,Non-Junction,None,,,         ,Ethan,Usherwood,Clear,Front to Rear,no,no,no,no,no,False
101456341,METROPOLITAN NASHVILLE POLICE DEPT,2016-1034765,Davidson,Nashville,11/21/2016 5:00:00 PM,3,2,0,36.038250,-86.786340,FRANKLIN PKE,,,,311.00,Feet,North,FRANKLIN PIKE CIR,,,,0.00,N,Not at Intersection,N,Non-Junction,None,,,         ,William,Chambers,Clear,Angle,no,no,no,no,no,False
101456347,METROPOLITAN NASHVILLE POLICE DEPT,20161034916,Davidson,Nashville,11/21/2016 4:57:00 PM,2,0,0,36.141240,-86.814470,31ST AVS,,,,0.00,,,VANDERBILT PL,,,,0.00,Y,Four-Way, ,Intersection,None,,,         ,Nicholas,Smith,Clear,Angle,no,no,no,no,no,Campus
101456352,METROPOLITAN NASHVILLE POLICE DEPT,20161034934,Davidson,Nashville,11/21/2016 6:13:00 PM,2,0,0,36.153420,-86.822550,I 440,,,,0.00,,,,,,,1.70,N,Not at Intersection, ,,None,,,         ,Michael,Brooks,,,no,no,no,no,no,False
101456358,METROPOLITAN NASHVILLE POLICE DEPT,20161035062,Davidson,Nashville,11/21/2016 7:14:00 PM,1,1,0,36.081660,-86.726970,NOLENSVILLE PKE,,,,357.00,Feet,South,WELSHWOOD DR,,,,0.00,N,Not at Intersection,N,Non-Junction,Unknown,Unknown,Unknown,         ,Tien,Nguyen,Unknown,Unknown,yes,no,no,no,yes,False
101456362,METROPOLITAN NASHVILLE POLICE DEPT,20161034909,Davidson,Not in City Limit,11/21/2016 6:05:00 PM,2,4,0,36.272660,-86.710170,GALLATIN PKEN,,,,43.00,Feet,South,NESBITT LN,,,,0.00,N,Not at Intersection,N,Non-Junction,None,,,         ,Samuel,Miller,Clear,Angle,no,no,no,no,no,False
101456367,METROPOLITAN NASHVILLE POLICE DEPT,20161034906,Davidson,Nashville,11/21/2016 5:20:00 PM,2,0,0,36.119240,-86.912950,I 40,,,,0.00,,,,,,,200.00,N,Not at Intersection, ,Non-Junction,None,,,         ,Adam,Reese,Clear,"Sideswipe, Same Direction",no,no,no,no,no,False
101456368,METROPOLITAN NASHVILLE POLICE DEPT,20161034962,Davidson,Nashville,11/21/2016 5:23:00 PM,2,0,0,36.075400,-86.920980,OLD HICKORY BLVD,,,,339.00,Feet,North,HIGHWAY 70S,,,,0.00,N,Not at Intersection,N,Non-Junction,None,,,         ,Adam,Reese,Clear,Angle,no,no,no,no,yes,False
101456381,METROPOLITAN NASHVILLE POLICE DEPT,20161034989,Davidson,Nashville,11/21/2016 6:42:00 PM,2,0,0,36.155650,-86.789720,I40 E ENT RAMP,,,,0.00,,,BROADWAY,,,,0.00,Y,Four-Way,N,Intersection,None,,,         ,Ralph,Smith IV,Clear,Angle,no,no,no,no,yes,False
101456382,METROPOLITAN NASHVILLE POLICE DEPT,20161034806,Davidson,Nashville,11/21/2016 5:00:00 PM,2,1,0,36.080400,-86.717930,RECOVERY RD,,,,0.00,,,HARDING PL,,,,0.00,Y,Four-Way,N,Intersection,None,,,         ,Benjamin,Froehlich,Clear,Angle,no,no,no,no,no,False
101456388,METROPOLITAN NASHVILLE POLICE DEPT,20161034941,Davidson,Nashville,11/21/2016 5:15:00 PM,2,0,0,36.102710,-86.765700,I 65,,,,0.00,,,,,,,79.25,N,Not at Intersection,N,Non-Junction,None,,,         ,Conner,Harris,Clear,"Sideswipe, Same Direction",no,no,no,no,yes,False