master_record_number,agency,agency_tracking_number,county,city,collision_date,vehicles_involved,number_injured,number_dead,latitude,longitude,roadway_name,roadway_suffix,roadway_number,roadway_local_id,distance_from_reference,miles-feet_indicator,direction_from_reference,intersection_road_name,intersection_road_name_suffix,intersection_road_number,intersection_local_id,mile_marker,intersection_indicator,intersect_type,interchange_related_indicator,relation_to_junction,work_zone_type,construction_maintenance_zone,construction_maintenance_zone_location,fatal_case_number,officer_first_name,officer_last_name,weather_condition(s),manner_of_crash,pedestrian,bicycle,scooter,parking,hitrun,mou
101457466,METROPOLITAN NASHVILLE POLICE DEPT,20161039158,Davidson,Not in City Limit,11/22/2016 11:59:00 PM,1,0,0,36.277140,-86.729260,N GRAYCROFT AV,,,,197.00,Feet,North,E CAMPBELL RD,,,,0.00,N,Not at Intersection,N,Non-Junction,None,,,         ,Eric,Mumaw,Clear,Not Collision with Motor Vehicle in Transport,no,no,no,no,yes,False
101457471,METROPOLITAN NASHVILLE POLICE DEPT,20161038975,Davidson,Nashville,11/22/2016 10:30:00 PM,3,1,0,36.082340,-86.697620,I 24,,,,0.00,,,,,,,56.00,N,Not at Intersection,N,Non-Junction,None,,,         ,Daniel,Garrett,Clear,"Sideswipe, Same Direction",no,no,no,no,yes,False
101457494,METROPOLITAN NASHVILLE POLICE DEPT,20161039156,Davidson,Nashville,11/22/2016 11:57:00 PM,2,0,0,36.045370,-86.713260,NOLENSVILLE PKE,,,,0.00,,,OLD HICKORY BLVD,,,,0.00,Y,Four-Way, ,Intersection,None,,,         ,David,Moser,Clear,Angle,no,no,no,no,no,False
101457540,METROPOLITAN NASHVILLE POLICE DEPT,20161039927,Davidson,Not in City Limit,11/23/2016 6:30:00 AM,1,0,0,36.154020,-86.950690,RIVER ROAD PKE,,,,48.00,Feet,North,RIVER ROAD PKE PVTDR,,,,0.00,N,Not at Intersection,N,Non-Junction,None,,,         ,Curtis,Rich,Cloudy,Not Collision with Motor Vehicle in Transport,no,no,no,no,no,False
101457564,METROPOLITAN NASHVILLE POLICE DEPT,20161040055,Davidson,Nashville,11/23/2016 7:38:00 AM,2,0,0,36.142180,-86.666550,I40 W EXT RAMP,,,,0.00,,,I 40,,,,0.00,Y,T-Intersection, ,,None,,,         ,Larry,Benz,,,no,no,no,no,no,False
101457573,METROPOLITAN NASHVILLE POLICE DEPT,20161040058,Davidson,Nashville,11/23/2016 7:50:00 AM,2,1,0,36.126420,-86.770870,CRAIGHEAD ST,,,,89.00,Feet,East,MCKEAND AV,,,,0.00,N,Not at Intersection,N,Non-Junction,None,,,         ,Nathan,Kemp,Clear,Front to Rear,no,no,no,no,no,False
101457574,METROPOLITAN NASHVILLE POLICE DEPT,20161040140,Davidson,Nashville,11/23/2016 8:08:00 AM,2,0,0,36.082100,-86.761700,I65 N EXT RAMP,,,,0.00,,,HARDING PL,,,,0.00,Y,Four-Way, ,,None,,,         ,Nathan,Kemp,,,no,no,no,no,no,False
101457593,METROPOLITAN NASHVILLE POLICE DEPT,20161039899,Davidson,Nashville,11/23/2016 6:15:00 AM,2,0,0,36.171840,-86.764770,S 5TH ST,,,,0.00,,,WOODLAND ST,,,,0.00,Y,T-Intersection,N,Intersection,None,,,         ,Greg,Lyons,Clear,Angle,no,no,no,no,no,False
101457603,METROPOLITAN NASHVILLE POLICE DEPT,2016-1040104,Davidson,Nashville,11/23/2016 8:08:00 AM,2,1,0,36.191710,-86.783980,I 65,,,,0.00,,,,,,,86.10,N,Not at Intersection,N,Non-Junction,None,,,         ,William,Caillouette,Clear,Front to Rear,no,no,no,no,no,False
101457623,METROPOLITAN NASHVILLE POLICE DEPT,20161040334,Davidson,Nashville,11/23/2016 9:33:00 AM,2,0,0,36.158430,-86.864050,BRILEY PKWYS,,,,153.00,Feet,West,BRILEY PKWYN,,,,0.00,N,Not at Intersection,N,Non-Junction,None,,,         ,Curtis,Rich,Clear,Angle,no,no,no,no,no,False
101457630,METROPOLITAN NASHVILLE POLICE DEPT,20161040411,Davidson,Nashville,11/23/2016 10:00:00 AM,2,4,0,36.142300,-86.785410,EDGEHILL AV,,,,0.00,,,11TH AVS,,,,0.00,Y,T-Intersection,N,Intersection,None,,,         ,Nathan,Kemp,Clear,Angle,no,no,no,no,no,False
101457660,METROPOLITAN NASHVILLE POLICE DEPT,2016-1039948,Davidson,Antioch,11/23/2016 6:59:00 AM,2,1,0,36.047840,-86.612050,MURFREESBORO,PIKE,US70 S,,0.00,,,MT VIEW,CIR,,,0.00,Y,T-Intersection,N,Intersection,None,,,         ,William,Whitworth,Cloudy,Angle,no,no,no,no,no,False
101457691,METROPOLITAN NASHVILLE POLICE DEPT,20161040330,Davidson,Nashville,11/23/2016 9:20:00 AM,2,0,0,36.045740,-86.709000,OLD HICKORY BLVD,,,,760.00,Feet,West,HICKORY VALLEY CONDOS PVTDR,,,,0.00,N,Not at Intersection, ,Non-Junction,Construction Zone,,,         ,Roderic,Williams,Clear,Front to Rear,no,no,no,no,no,False
101457749,METROPOLITAN NASHVILLE POLICE DEPT,2016-1040599,Davidson,Nashville,11/23/2016 11:00:00 AM,2,0,0,36.045710,-86.709530,OLD HICKORY BLVD,,,,896.00,Feet,West,HICKORY VALLEY CONDOS PVTDR,,,,0.00,N,Not at Intersection, ,Non-Junction,None,,,         ,William,Whitworth,Cloudy,Front to Rear,no,no,no,no,no,False
101457750,METROPOLITAN NASHVILLE POLICE DEPT,20161040602,Davidson,Nashville,11/23/2016 11:04:00 AM,2,0,0,36.145950,-86.666600,DONELSON PKE,,,,0.00,,,ROYAL PKWY,,,,0.00,Y,Four-Way, ,Non-Junction,None,,,         ,Larry,Benz,Clear,Front to Rear,no,no,no,no,no,False
101457757,METROPOLITAN NASHVILLE POLICE DEPT,2016-1040342,Davidson,Nashville,11/23/2016 11:18:00 AM,2,0,0,36.223510,-86.773320,I 65,,,,0.00,,,,,,,88.50,N,Not at Intersection, ,OtherLocation,None,,,         ,George,Patonis,Clear,"Sideswipe, Same Direction",no,no,no,no,yes,False
101457760,METROPOLITAN NASHVILLE POLICE DEPT,20161040675,Davidson,Nashville,11/23/2016 11:29:00 AM,2,0,0,36.176460,-86.778360,JEFFERSON ST,,,,0.00,,,OLDHAM ST PVTDR,,,,0.00,Y,OTHER,N,Non-Junction,None,,,         ,Byron,Carter,Cloudy,Front to Rear,no,no,no,no,yes,False
101457769,METROPOLITAN NASHVILLE POLICE DEPT,20161040478,Davidson,Nashville,11/23/2016 10:27:00 AM,2,0,0,36.208650,-86.776210,I 65,,,,0.00,,,,,,,87.45,N,Not at Intersection,N,Non-Junction,None,,,         ,Steven,Smith,Clear,Front to Rear,no,no,no,no,no,False
101457771,METROPOLITAN NASHVILLE POLICE DEPT,20161040694,Davidson,Nashville,11/23/2016 11:19:00 AM,2,0,0,36.045240,-86.700760,BELL RD,,,,250.00,Feet,East,BENZING RD,,,,0.00,N,Not at Intersection, ,Non-Junction,None,,,         ,Randall,Combs,Cloudy,"Sideswipe, Same Direction",no,no,no,no,yes,False
101457791,METROPOLITAN NASHVILLE POLICE DEPT,20161040718,Davidson,Nashville,11/23/2016 11:20:00 AM,2,0,0,36.176900,-86.772030,I24 W EXT RAMP,,,,0.00,Feet,East,I 24,,,,0.00,N,Not at Intersection,N,Entrance/Exit Ramp Related,None,,,         ,Shawn,Taylor,Cloudy,Front to Rear,no,no,no,no,yes,False
101457793,METROPOLITAN NASHVILLE POLICE DEPT,2016-1040811,Davidson,Nashville,11/23/2016 12:25:00 PM,2,0,0,36.045740,-86.674350,BELL RD,,,,0.00,Feet,,BLUE HOLE RD,,,,0.00,Y,Four-Way, ,Intersection-Related,None,,,         ,William,Whitworth,Cloudy,Front to Rear,no,no,no,no,no,False
101457800,METROPOLITAN NASHVILLE POLICE DEPT,20161040713,Davidson,Nashville,11/23/2016 11:45:00 AM,2,1,0,36.083070,-86.628640,BELL RD,,,,106.00,Feet,North,MOSSDALE DR,,,,0.00,N,Not at Intersection,N,Non-Junction,None,,,         ,Scott,Toney,Cloudy,Front to Rear,no,no,no,no,no,False
101457801,VANDERBILT UNIVERSITY POLICE,16-1040252,Davidson,Nashville,11/23/2016 7:35:00 AM,2,0,0,36.142030,-86.805740,HIGHLAND AV,,,,0.00,,,25TH AVS,,,,0.00,,Not at Intersection, ,Non-Junction,None,,,         ,Casey,Campbell,Clear,Front to Rear,no,no,no,yes,no,Campus
101457802,METROPOLITAN NASHVILLE POLICE DEPT,20161040744,Davidson,Nashville,11/23/2016 12:08:00 PM,2,0,0,36.049550,-86.737160,HUNTINGTON PKWY,,,,190.00,Feet,East,WHITAKER DR,,,,0.00,N,Not at Intersection,N,Non-Junction,None,,,         ,Earl,Davis,Cloudy,"Sideswipe, Same Direction",no,no,no,no,no,False
101457814,METROPOLITAN NASHVILLE POLICE DEPT,20161040325,Davidson,Nashville,11/23/2016 9:29:00 AM,2,1,0,36.220610,-86.754220,HART LN,,,,0.00,,,JONES AV,,,,0.00,Y,T-Intersection,N,Intersection,None,,,         ,Alex,Moore,Clear,Front to Rear,no,no,no,no,no,False
101457824,METROPOLITAN NASHVILLE POLICE DEPT,20161040784,Davidson,Nashville,11/23/2016 12:01:00 PM,2,1,0,36.139360,-86.727260,I 24,,,,0.00,,,,,,,51.45,N,Not at Intersection,N,Non-Junction,None,,,         ,Ralph,Harvey,Cloudy,Front to Rear,no,no,no,no,yes,False
101457827,BERRY HILL POLICE DEPT,16-4085,Davidson,Berry Hill,11/23/2016 12:15:00 PM,2,2,0,36.122980,-86.776010,FRANKLIN PKE,,,,159.00,Feet,North,BILOXI AV,,,,0.00,N,Not at Intersection,N,Non-Junction,None,,,         ,Timothy,Coleman,Clear,Front to Rear,no,no,no,no,no,False
101457835,METROPOLITAN NASHVILLE POLICE DEPT,20161040848,Davidson,Nashville,11/23/2016 12:50:00 PM,2,0,0,36.127420,-86.712030,MURFREESBORO PKE,,,,382.00,Feet,West,EAST THOMPSON LN,,,,0.00,N,Not at Intersection,N,Non-Junction,None,,,         ,Kimberly,Annson,Cloudy,Front to Rear,no,no,no,no,no,False
101457842,METROPOLITAN NASHVILLE POLICE DEPT,20161040749,Davidson,Nashville,11/23/2016 12:07:00 PM,2,0,0,36.138030,-86.805050,BLAKEMORE AV,,,,0.00,,,24TH AVS,,,,0.00,Y,Four-Way, ,Intersection-Related,None,,,         ,Phillip,Murphy,Clear,Front to Rear,no,no,no,no,no,Campus
101457843,METROPOLITAN NASHVILLE POLICE DEPT,20161040682,Davidson,Nashville,11/23/2016 11:09:00 AM,2,0,0,36.144930,-86.766660,4TH AVS,,,,0.00,,,CHESTNUT ST,,,,0.00,Y,Four-Way,N,Intersection,None,,,         ,Phillip,Murphy,Clear,Angle,no,no,no,no,no,False
101457844,METROPOLITAN NASHVILLE POLICE DEPT,20161040654,Davidson,Nashville,11/23/2016 11:22:00 AM,1,0,0,36.143650,-86.689670,I 40,,,,0.00,,,,,,,215.30,N,Not at Intersection, ,Non-Junction,None,,,         ,Terry,Denton,Cloudy,Not Collision with Motor Vehicle in Transport,no,no,no,no,no,False
101457847,METROPOLITAN NASHVILLE POLICE DEPT,20161040736,Davidson,Nashville,11/23/2016 12:01:00 PM,4,2,0,36.207150,-86.776400,I 65,,,,0.00,,,,,,,87.35,N,Not at Intersection,N,Non-Junction,None,,,         ,Michael,McCord,Cloudy,Front to Rear,no,no,no,no,no,False
101457864,METROPOLITAN NASHVILLE POLICE DEPT,20161040797,Davidson,Nashville,11/23/2016 12:20:00 PM,2,0,0,36.194460,-86.830480,BUENA VISTA PKE,,,,49.00,Feet,South,RESHA LN,,,,0.00,N,Not at Intersection,Y,"Driveway, Alley Access, etc",None,,,         ,Edmond,Strickling,Cloudy,Angle,no,no,no,no,yes,False
101457876,METROPOLITAN NASHVILLE POLICE DEPT,20161040854,Davidson,Nashville,11/23/2016 1:01:00 PM,2,0,0,36.139410,-86.819670,MURPHY RD,,,,76.00,Feet,East,PARK DR,,,,0.00,N,Not at Intersection,N,Non-Junction,None,,,         ,Darrell,Osment,Cloudy,Angle,no,no,no,no,no,False
101457884,METROPOLITAN NASHVILLE POLICE DEPT,2016-1040931,Davidson,Nashville,11/23/2016 1:25:00 PM,2,0,0,36.151730,-86.791630,MUSIC SQE,,,,39.00,Feet,South,DIVISION ST,,,,0.00,N,Not at Intersection, ,Non-Junction,None,,,         ,David,Anderson,Cloudy,Front to Rear,no,no,no,no,no,False
101457886,METROPOLITAN NASHVILLE POLICE DEPT,20161040894,Davidson,Not in City Limit,11/23/2016 1:19:00 PM,1,1,0,36.266690,-86.708820,DUPONT AV,,,,403.00,Feet,North,GALLATIN PKEN,,,,0.00,N,Not at Intersection,N,"Driveway, Alley Access, etc",None,,,         ,Michelle,Steidl,Cloudy,Not Collision with Motor Vehicle in Transport,yes,no,no,no,no,False
101457911,METROPOLITAN NASHVILLE POLICE DEPT,20161040904,Davidson,Nashville,11/23/2016 1:21:00 PM,1,1,0,36.200180,-86.769890,GATEWOOD AV,,,,0.00,,,DICKERSON PKE,,,,0.00,Y,OTHER,N,Non-Junction,None,,,         ,Randal,Owsley,Cloudy,Unknown,no,no,no,no,no,False
101457919,METROPOLITAN NASHVILLE POLICE DEPT,20161040750,Davidson,Nashville,11/23/2016 12:00:00 PM,2,0,0,36.110120,-86.727450,EAST THOMPSON LN,,,,0.00,,,EAST THOMPSON LN PVTDR,,,,0.00,Y,OTHER, ,OtherLocation,None,,,         ,Michael,Burgess,Clear,"Sideswipe, Opposite Direction",no,no,no,yes,yes,False
101457921,METROPOLITAN NASHVILLE POLICE DEPT,2016-1039119,Davidson,Nashville,11/22/2016 11:20:00 PM,2,0,0,36.111620,-86.792580,WOODMONT BLVD,,,,0.00,,,GRANNY WHITE PKE,,,,0.00,Y,Four-Way, ,Non-Junction,Construction Zone,,,         ,Frank,Walker,Clear,Other,no,no,no,no,no,False
101457967,METROPOLITAN NASHVILLE POLICE DEPT,20161041090,Davidson,Nashville,11/23/2016 2:11:00 PM,2,0,0,36.119090,-86.749320,NOLENSVILLE PKE,,,,0.00,,,NEWSOME ST,,,,0.00,Y,T-Intersection, ,Intersection,None,,,         ,Charles,Griffin,Cloudy,Angle,no,no,no,no,no,False
101457968,METROPOLITAN NASHVILLE POLICE DEPT,20161041078,Davidson,Nashville,11/23/2016 2:00:00 PM,2,0,0,36.153960,-86.818220,28TH AVN,,,,0.00,,,CHARLOTTE AV,,,,0.00,Y,Four-Way, ,Intersection-Related,None,,,         ,Andy,Esqueda,Cloudy,Front to Rear,no,no,no,no,no,False
101457981,METROPOLITAN NASHVILLE POLICE DEPT,20161041070,Davidson,Nashville,11/23/2016 2:36:00 PM,2,0,0,36.177690,-86.800990,I 65,,,,0.00,,,,,,,84.85,N,Not at Intersection, ,Entrance/Exit Ramp Related,None,,,         ,Michael,Brooks,Cloudy,"Sideswipe, Same Direction",no,no,no,no,no,False
101457992,METROPOLITAN NASHVILLE POLICE DEPT,20161041093,Davidson,Nashville,11/23/2016 2:48:00 PM,2,0,0,36.032560,-86.768700,CLOVERLAND DR,,,,0.00,,,JONES PKWY,,,,0.00,Y,Four-Way, ,Intersection-Related,None,,,         ,Tien,Nguyen,Rain,Front to Rear,no,no,no,no,no,False
101457993,METROPOLITAN NASHVILLE POLICE DEPT,20161041044,Davidson,Nashville,11/23/2016 2:20:00 PM,2,2,0,36.176910,-86.774580,SPRING ST,,,,0.00,,,N 1ST ST,,,,0.00,Y,Four-Way,N,Intersection,None,,,         ,Kendra,Cowper,Cloudy,Front to Rear,no,no,no,no,yes,False
101457995,METROPOLITAN NASHVILLE POLICE DEPT,20161040994,Davidson,Nashville,11/23/2016 1:53:00 PM,2,0,0,36.156870,-86.630780,I40 W EXT RAMP,,,,0.00,,,I40 W ENT RAMP,,,,0.00,Y,Four-Way,N,Entrance/Exit Ramp Related,None,,,         ,Tyler,Adcock,Cloudy,Front to Rear,no,no,no,no,no,False
101458001,METROPOLITAN NASHVILLE POLICE DEPT,20161941003,Davidson,Nashville,11/23/2016 2:00:00 PM,2,0,0,36.157820,-86.790700,I 40,,,,0.00,,,,,,,209.00,N,Not at Intersection, ,Non-Junction,None,,,         ,Daniel,Massey,Cloudy,"Sideswipe, Same Direction",no,no,no,no,no,False
101458030,METROPOLITAN NASHVILLE POLICE DEPT,20161040982,Davidson,Goodlettsville,11/23/2016 1:56:00 PM,2,0,0,36.304820,-86.688820,GALLATIN PKEN,,,,50.00,Feet,East,LIBERTY LN,,,,0.00,N,Not at Intersection,N,Non-Junction,None,,,         ,Christopher,Littles,Cloudy,Front to Rear,no,no,no,no,no,False
101458033,METROPOLITAN NASHVILLE POLICE DEPT,2016-1040868,Davidson,Nashville,11/23/2016 1:08:00 PM,3,3,0,0.000000,0.000000,INTERSTATE 65,,,,100.00,Miles,North,,,,,85.80,N,Not at Intersection,N,Non-Junction,None,,,         ,William,Vincion,Cloudy,Front to Rear,no,no,no,no,no,False
101458035,METROPOLITAN NASHVILLE POLICE DEPT,20161041200,Davidson,Nashville,11/23/2016 2:50:00 PM,2,0,0,36.166030,-86.807270,ALBION ST,,,,488.00,Feet,East,21ST AVN,,,,0.00,N,Not at Intersection, ,Non-Junction,None,,,         ,Andy,Esqueda,Rain,"Sideswipe, Same Direction",no,no,no,no,no,False
101458049,METROPOLITAN NASHVILLE POLICE DEPT,20161041260,Davidson,Nashville,11/23/2016 2:50:00 PM,2,0,0,36.190750,-86.776260,I 24,,,,0.00,,,,,,,46.85,N,Not at Intersection, ,Non-Junction,None,,,         ,Kendra,Cowper,Cloudy,Front to Rear,no,no,no,no,yes,False
101458051,VANDERBILT UNIVERSITY POLICE,16-1041085,Davidson,Nashville,11/23/2016 2:40:00 PM,2,0,0,36.146970,-86.808360,WEST END AV,,,,0.00,,,25TH AVS,,,,0.00,Y,Four-Way, ,Intersection-Related,None,,,         ,Jonathan,McAllister,Cloudy,Front to Rear,no,no,no,no,no,Campus
101458067,METROPOLITAN NASHVILLE POLICE DEPT,20161041092,Davidson,Nashville,11/23/2016 2:52:00 PM,2,0,0,36.255010,-86.715230,MADISON BLVD,,,,0.00,,,GALLATIN PKES,,,,0.00,Y,T-Intersection,N,Intersection,None,,,         ,Peter,Knisley,Cloudy,Angle,no,no,no,no,no,False
101458069,METROPOLITAN NASHVILLE POLICE DEPT,20161041256,Davidson,Nashville,11/23/2016 2:55:00 PM,2,0,0,36.090950,-86.812730,COMPTON TRC,,,,0.00,,,RAVENWOOD HILLS CIR,,,,0.00,Y,T-Intersection, ,Intersection-Related,None,,,         ,Tien,Nguyen,Rain,"Sideswipe, Opposite Direction",no,no,no,no,no,False
101458075,METROPOLITAN NASHVILLE POLICE DEPT,20161041201,Davidson,Nashville,11/23/2016 3:13:00 PM,2,0,0,36.110160,-86.766790,POWELL AV,,,,309.00,Feet,South,OLD POWELL AV,,,,0.00,N,Not at Intersection, ,"Driveway, Alley Access, etc",None,,,         ,Charles,Griffin,Cloudy,Angle,no,no,no,no,no,False
101458077,METROPOLITAN NASHVILLE POLICE DEPT,20161041290,Davidson,Nashville,11/23/2016 3:58:00 PM,2,0,0,36.123290,-86.727870,I 24,,,,0.00,,,,,,,52.70,N,Not at Intersection, ,Non-Junction,None,,,         ,Victoria,Cunningham,Cloudy,Front to Rear,no,no,no,no,no,False
101458087,METROPOLITAN NASHVILLE POLICE DEPT,20161041326,Davidson,Nashville,11/23/2016 4:05:00 PM,1,0,0,36.110450,-86.766940,POWELL AV,,,,196.00,Feet,South,OLD POWELL AV,,,,0.00,N,Not at Intersection, ,Non-Junction,None,,,         ,Charles,Griffin,Rain,Not Collision with Motor Vehicle in Transport,no,no,no,no,no,False
101458091,METROPOLITAN NASHVILLE POLICE DEPT,20161041329,Davidson,Nashville,11/23/2016 4:20:00 PM,2,1,0,36.143660,-86.697740,BRILEY PKWYN,,,,0.00,,,I40 E EXT RAMP,,,,0.00,Y,OTHER,N,Non-Junction,None,,,         ,Michael,Apsey,Rain,"Sideswipe, Opposite Direction",no,no,no,no,no,False
101458093,METROPOLITAN NASHVILLE POLICE DEPT,20161041264,Davidson,Nashville,11/23/2016 3:56:00 PM,2,0,0,36.173790,-86.791710,ROSA L PARKS BLVD,,,,0.00,,,MADISON ST,,,,0.00,Y,Four-Way,N,Non-Junction,None,,,         ,Michael,Brooks,Cloudy,Angle,no,no,no,no,yes,False
101458094,METROPOLITAN NASHVILLE POLICE DEPT,20161041308,Davidson,Nashville,11/23/2016 4:15:00 PM,1,0,0,36.154950,-86.858050,BRILEY PKWY S EXT RAMP,,,,0.00,Feet,East,I40 W ENT RAMP,,,,0.00,N,Not at Intersection,N,Non-Junction,None,,,         ,Walter,Gray II,Rain,Not Collision with Motor Vehicle in Transport,no,no,no,no,yes,False
101458095,METROPOLITAN NASHVILLE POLICE DEPT,20161041006,Davidson,Nashville,11/23/2016 2:03:00 PM,2,1,0,36.154630,-86.779160,8TH AVS,,,,0.00,,,LAFAYETTE ST,,,,0.00,Y,Roundabout,N,Intersection,None,,,         ,Byron,Carter,Cloudy,Angle,no,no,no,no,no,False
101458097,METROPOLITAN NASHVILLE POLICE DEPT,20161041202,Davidson,Nashville,11/23/2016 3:29:00 PM,2,0,0,36.109930,-86.766670,POWELL AV,,,,402.00,Feet,South,OLD POWELL AV,,,,0.00,N,Not at Intersection, ,Non-Junction,None,,,         ,Charles,Griffin,Cloudy,Angle,no,no,no,no,no,False
101458102,METROPOLITAN NASHVILLE POLICE DEPT,20161041073,Davidson,Not in City Limit,11/23/2016 2:19:00 PM,2,0,0,36.316280,-86.876580,EATONS CREEK RD,,,,0.00,Feet,,OLD CLARKSVILLE PKE,,,,0.00,Y,Four-Way, ,Intersection,None,,,         ,Frederick,Ware,Cloudy,Front to Rear,no,no,no,no,no,False
101458104,METROPOLITAN NASHVILLE POLICE DEPT,20161041074,Davidson,Nashville,11/23/2016 2:26:00 PM,2,1,0,36.088668,-86.889117,CANA CIR,,,,0.00,,,MT. CARMEL PL,,,,0.00,Y,T-Intersection,N,Intersection,None,,,         ,Jeremy,Huffine,Cloudy,Angle,no,no,no,yes,no,False
101458121,METROPOLITAN NASHVILLE POLICE DEPT,20161041313,Davidson,Not in City Limit,11/23/2016 4:10:00 PM,1,0,0,36.301150,-86.810040,LICKTON PKE,,,,179.00,Feet,South,CLAY LICK RD,,,,0.00,N,Not at Intersection,N,Non-Junction,None,,,         ,Phillip,Box,Rain,Not Collision with Motor Vehicle in Transport,no,no,no,no,no,False
101458129,METROPOLITAN NASHVILLE POLICE DEPT,20161041478,Davidson,Nashville,11/23/2016 3:57:00 PM,2,0,0,36.183220,-86.839030,HINKLE DR,,,,71.00,Feet,East,MAYER LN,,,,0.00,N,Not at Intersection,N,Non-Junction,None,,,         ,Michael,Brooks,Rain,Unknown,no,no,no,no,yes,False
101458137,METROPOLITAN NASHVILLE POLICE DEPT,20161041414,Davidson,Nashville,11/23/2016 4:46:00 PM,2,0,0,36.149070,-86.874430,I 40,,,,0.00,,,,,,,203.00,N,Not at Intersection,N,Non-Junction,None,,,         ,Adam,Reese,Rain,Front to Rear,no,no,no,no,yes,False
101458138,BERRY HILL POLICE DEPT,16-4087,Davidson,Berry Hill,11/23/2016 12:00:00 AM,3,0,0,36.112890,-86.766900,BRANSFORD AV,,,,72.00,Feet,North,HEATHER PL,,,,0.00,N,Not at Intersection,N,Non-Junction,None,,,         ,John,Gleixner,Rain,Angle,no,no,no,no,no,False
101458141,METROPOLITAN NASHVILLE POLICE DEPT,20161041303,Davidson,Not in City Limit,11/23/2016 4:13:00 PM,1,1,0,36.317820,-86.861380,UNION HILL RD,,,,156.00,Feet,North,CLAY LICK RD,,,,0.00,N,Not at Intersection,N,Non-Junction,None,,,         ,Frederick,Ware,Rain,Not Collision with Motor Vehicle in Transport,no,no,no,no,no,False
101458142,METROPOLITAN NASHVILLE POLICE DEPT,20161038132,Davidson,Nashville,11/22/2016 5:17:00 PM,2,0,0,36.153240,-86.764340,I 40,,,,0.00,,,,,,,210.70,N,Not at Intersection, ,,None,,,         ,Bryan,Byrnes,,,no,no,no,no,no,False
101458143,METROPOLITAN NASHVILLE POLICE DEPT,20161038199,Davidson,Nashville,11/22/2016 5:25:00 PM,3,0,0,36.154240,-86.744740,LEBANON PKE,,,,428.00,Feet,West,FESSLERS LN,,,,0.00,N,Not at Intersection,N,Non-Junction,None,,,         ,Bryan,Byrnes,Clear,Front to Rear,no,no,no,no,no,False
101458144,METROPOLITAN NASHVILLE POLICE DEPT,20161038422,Davidson,Nashville,11/22/2016 6:58:00 PM,3,5,0,36.152920,-86.755530,I 40,,,,0.00,,,,,,,211.25,N,Not at Intersection,Y,Non-Junction,None,,,         ,Bryan,Byrnes,Clear,Front to Rear,no,no,no,no,no,False
101458147,METROPOLITAN NASHVILLE POLICE DEPT,20161041428,Davidson,Not in City Limit,11/23/2016 5:05:00 PM,1,0,0,36.301150,-86.810040,LICKTON PKE,,,,179.00,Feet,South,CLAY LICK RD,,,,0.00,N,Not at Intersection, ,Non-Junction,None,,,         ,Phillip,Box,Rain,Not Collision with Motor Vehicle in Transport,no,no,no,no,no,False
101458149,METROPOLITAN NASHVILLE POLICE DEPT,20161041582,Davidson,Nashville,11/23/2016 6:04:00 PM,2,0,0,36.145500,-86.626190,LINCOYA BAY DR,,,,0.00,,,BELL RD,,,,0.00,Y,Four-Way, ,Intersection,None,,,         ,Michael,Apsey,Cloudy,Front to Rear,no,no,no,no,no,False
101458151,METROPOLITAN NASHVILLE POLICE DEPT,20161038291,Davidson,Nashville,11/22/2016 6:00:00 PM,2,1,0,36.149440,-86.747140,I 40,,,,0.00,,,,,,,211.80,N,Not at Intersection,N,Non-Junction,None,,,         ,John,Daugherty,Clear,Front to Rear,no,no,no,no,no,False
101458152,METROPOLITAN NASHVILLE POLICE DEPT,20161041391,Davidson,Nashville,11/23/2016 4:39:00 PM,2,0,0,36.113260,-86.922870,OLD HICKORY BLVD,,,,292.00,Feet,North,I40 W EXT RAMP,,,,0.00,N,Not at Intersection, ,Non-Junction,None,,,         ,Jeremy,Huffine,Rain,Angle,no,no,no,no,no,False
101458153,METROPOLITAN NASHVILLE POLICE DEPT,20161041198,Davidson,Nashville,11/23/2016 3:15:00 PM,2,0,0,36.086880,-86.696670,HARDING PL,,,,211.00,Feet,West,S PERIMETER PARK DR,,,,0.00,N,Not at Intersection, ,Non-Junction,None,,,         ,Alyson,Cook,Clear,Angle,no,no,no,no,no,False
101458154,METROPOLITAN NASHVILLE POLICE DEPT,20161041425,Davidson,Nashville,11/23/2016 12:00:00 AM,3,1,0,36.202100,-86.689620,OPRY MILLS DR,,,,683.00,Feet,North,BRILEY PKWYS,,,,0.00,N,Not at Intersection,N,Non-Junction,None,,,         ,Craig,Gentry,Rain,Not Collision with Motor Vehicle in Transport,no,no,no,no,no,False
101458155,METROPOLITAN NASHVILLE POLICE DEPT,20161041590,Davidson,Nashville,11/23/2016 6:08:00 PM,2,0,0,36.145550,-86.662980,AIRPORT CENTER DR,,,,0.00,,,ROYAL PKWY,,,,0.00,Y,T-Intersection, ,,None,,,         ,Mikala,Moore,,,no,no,no,no,no,False
101458159,METROPOLITAN NASHVILLE POLICE DEPT,2016-1041476,Davidson,Nashville,11/23/2016 3:15:00 PM,2,0,0,36.192500,-86.591030,TULIP GROVE LN,,,,180.00,Feet,West,OVERRIDGE CV,,,,0.00,N,Not at Intersection, ,Non-Junction,None,,,         ,Sandra,Talavera,Cloudy,Angle,no,no,no,no,no,False
101458164,METROPOLITAN NASHVILLE POLICE DEPT,20161041358,Davidson,Nashville,11/23/2016 3:58:00 PM,2,0,0,36.050730,-86.646910,BELL RD,,,,0.00,,,HICKORY HOLLOW TER,,,,0.00,Y,OTHER, ,Non-Junction,None,,,         ,Alyson,Cook,Clear,Rear to Rear,no,no,no,yes,yes,False