master_record_number,agency,agency_tracking_number,county,city,collision_date,vehicles_involved,number_injured,number_dead,latitude,longitude,roadway_name,roadway_suffix,roadway_number,roadway_local_id,distance_from_reference,miles-feet_indicator,direction_from_reference,intersection_road_name,intersection_road_name_suffix,intersection_road_number,intersection_local_id,mile_marker,intersection_indicator,intersect_type,interchange_related_indicator,relation_to_junction,work_zone_type,construction_maintenance_zone,construction_maintenance_zone_location,fatal_case_number,officer_first_name,officer_last_name,weather_condition(s),manner_of_crash,pedestrian,bicycle,scooter,parking,hitrun,mou
101461062,METROPOLITAN NASHVILLE POLICE DEPT,20161050997,Davidson,Nashville,11/27/2016 5:09:00 AM,2,0,0,36.089120,-86.689230,HARDING PL,,,,269.00,Feet,West,HARDING INDUSTRIAL DR,,,,0.00,N,Not at Intersection,N,Non-Junction,None,,,         ,Daniel,Garrett,Fog,Front to Rear,no,no,no,no,no,False
101461066,METROPOLITAN NASHVILLE POLICE DEPT,20161051043,Davidson,Nashville,11/27/2016 5:47:00 AM,1,0,0,36.124180,-86.696350,BRILEY PKWY,,,,41.00,Feet,South,VULTEE BLVD,,,,0.00,N,Not at Intersection,N,Non-Junction,None,,,         ,Charles,Shaw,Fog,Not Collision with Motor Vehicle in Transport,no,no,no,no,no,False
101461159,METROPOLITAN NASHVILLE POLICE DEPT,20161051133,Davidson,Nashville,11/27/2016 8:55:00 AM,2,0,0,36.080370,-86.685700,ANTIOCH PKE,,,,0.00,,,FRANKLIN LIMESTONE RD,,,,0.00,Y,Four-Way, ,Intersection,None,,,         ,David,Smith,Clear,Front to Rear,no,no,no,no,no,False
101461199,METROPOLITAN NASHVILLE POLICE DEPT,20161051470,Davidson,Nashville,11/27/2016 5:00:00 AM,2,0,0,36.087490,-86.607230,ANDERSON RD,,,,91.00,Feet,South,SMITH SPRINGS RD,,,,0.00,N,Not at Intersection,N,Non-Junction,None,,,         ,Steven,Rowlett,Clear,"Sideswipe, Same Direction",no,no,no,no,yes,False
101461218,METROPOLITAN NASHVILLE POLICE DEPT,20161051521,Davidson,Nashville,11/27/2016 10:57:00 AM,2,3,0,36.131430,-86.834320,WEST END AV,,,,0.00,,,WILSON BLVDS,,,,0.00,Y,T-Intersection,N,Intersection,None,,,         ,Michael,Pyle,Cloudy,Front to Rear,no,no,no,no,no,False
101461229,METROPOLITAN NASHVILLE POLICE DEPT,20161051599,Davidson,Nashville,11/27/2016 11:45:00 AM,1,0,0,36.060670,-86.903680,OLD HICKORY BLVD,,,,661.00,Feet,South,HIGHWAY 100,,,,0.00,N,Not at Intersection, ,Non-Junction,None,,,         ,Michael,Phelps,Cloudy,Not Collision with Motor Vehicle in Transport,no,no,no,no,no,False
101461234,METROPOLITAN NASHVILLE POLICE DEPT,20161051594,Davidson,Nashville,11/27/2016 11:17:00 AM,2,0,0,36.172800,-86.769240,I 24,,,,0.00,,,,,,,48.25,N,Not at Intersection, ,Non-Junction,None,,,         ,Richard,Conger,Clear,Front to Rear,no,no,no,no,no,False
101461235,METROPOLITAN NASHVILLE POLICE DEPT,20161051397,Davidson,Nashville,11/27/2016 10:05:00 AM,1,0,0,36.164090,-86.749780,S 12TH ST,,,,0.00,,,GLENVIEW DR,,,,0.00,Y,T-Intersection,N,Intersection-Related,None,,,         ,Casey,Tomes,Clear,Not Collision with Motor Vehicle in Transport,no,no,no,no,yes,False
101461253,METROPOLITAN NASHVILLE POLICE DEPT,20161051431,Davidson,Nashville,11/27/2016 10:00:00 AM,2,2,0,36.119350,-86.766580,I 440,,,,0.00,,,,,,,5.35,N,Not at Intersection,N,Non-Junction,None,,,         ,Brent,Bauer,Cloudy,HeadOn,no,no,no,no,no,False
101461260,METROPOLITAN NASHVILLE POLICE DEPT,20161051645,Davidson,Nashville,11/27/2016 12:20:00 PM,2,0,0,36.083320,-86.726370,WELCH RD,,,,326.00,Feet,East,NOLENSVILLE PKE,,,,0.00,N,Not at Intersection, ,Non-Junction,None,,,         ,Brian,Penny,Clear,"Sideswipe, Same Direction",no,no,no,no,no,False
101461289,METROPOLITAN NASHVILLE POLICE DEPT,20161051775,Davidson,Nashville,11/27/2016 12:00:00 AM,2,0,0,36.179950,-86.797910,GARFIELD ST,,,,100.00,Feet,East,JENKINS ST,,,,0.00,N,Not at Intersection, ,,None,,,         ,Garren,Hoskins,,,no,no,no,no,no,False
101461290,METROPOLITAN NASHVILLE POLICE DEPT,20161051630,Davidson,Nashville,11/27/2016 12:11:00 PM,1,1,0,36.077020,-86.665020,BILLINGSGATE RD,,,,45.00,Feet,East,LEADENHALL CT,,,,0.00,N,Not at Intersection,N,Non-Junction,None,,,         ,Thomas,White,Clear,Not Collision with Motor Vehicle in Transport,no,no,no,no,no,False
101461306,METROPOLITAN NASHVILLE POLICE DEPT,20161051791,Davidson,Nashville,11/27/2016 1:25:00 PM,2,3,0,36.185300,-86.636500,JACKSON DOWNS BLVD,,,,0.00,,,LEBANON PKE,,,,0.00,Y,T-Intersection,N,Intersection-Related,None,,,         ,Gregory,Lindstrom,Cloudy,Front to Rear,no,no,no,no,no,False
101461311,METROPOLITAN NASHVILLE POLICE DEPT,20161051688,Davidson,Nashville,11/27/2016 12:40:00 PM,3,1,0,36.193670,-86.807030,ROSA L PARKS BLVD,,,,0.00,Feet,,GREAT CIRCLE RD,,,,0.00,Y,Four-Way,Y,Intersection,None,,,         ,James,Jarvis,Cloudy,Angle,no,no,no,no,no,False
101461359,METROPOLITAN NASHVILLE POLICE DEPT,20161051779,Davidson,Nashville,11/27/2016 12:58:00 PM,2,0,0,36.143600,-86.769520,MARTIN ST,,,,0.00,,,CHESTNUT ST,,,,0.00,Y,T-Intersection, ,,None,,,         ,Ronald,Raynore,,,no,no,no,no,no,False
101461371,METROPOLITAN NASHVILLE POLICE DEPT,20161051823,Davidson,Nashville,11/27/2016 1:55:00 PM,2,0,0,36.181750,-86.793630,GARFIELD ST,,,,70.00,Feet,East,6TH AVN,,,,0.00,N,Not at Intersection, ,Non-Junction,None,,,         ,Nicholas,MacDougall,Cloudy,Front to Rear,no,no,no,no,no,False
101461401,METROPOLITAN NASHVILLE POLICE DEPT,20161051839,Davidson,Nashville,11/27/2016 2:15:00 PM,3,1,0,36.163160,-86.761970,I 24,,,,0.00,,,,,,,49.25,N,Not at Intersection,N,Non-Junction,None,,,         ,Robert,Magner,Clear,Front to Rear,no,no,no,no,no,False
101461409,METROPOLITAN NASHVILLE POLICE DEPT,20161051884,Davidson,Nashville,11/27/2016 2:58:00 PM,1,1,0,36.138380,-86.856690,KNOB RD,,,,0.00,,,,,,,0.00,,,N,Non-Junction,None,,,         ,Justin,Coyle,Cloudy,Not Collision with Motor Vehicle in Transport,yes,no,no,yes,no,False
101461411,GOODLETTSVILLE POLICE DEPT,16-41170,Davidson,Goodlettsville,11/27/2016 2:29:00 PM,2,0,0,36.319920,-86.702920,I 65,,,,0.00,,,,,,,96.70,N,Not at Intersection, ,Entrance/Exit Ramp Related,None,,,         ,George,Forbes,Cloudy,"Sideswipe, Same Direction",no,no,no,no,no,False
101461450,METROPOLITAN NASHVILLE POLICE DEPT,20161052000,Davidson,Nashville,11/27/2016 3:30:00 PM,2,0,0,36.151480,-86.760750,CLAIBORNE ST,,,,177.00,Feet,South,FAIN ST,,,,0.00,N,Not at Intersection,N,Non-Junction,None,,,         ,Jonathan,Cavezza,Cloudy,Angle,no,no,no,no,yes,False
101461474,METROPOLITAN NASHVILLE POLICE DEPT,20161051893,Davidson,Nashville,11/27/2016 2:55:00 PM,2,0,0,36.155250,-86.782250,10TH AVS,,,,123.00,Feet,North,CLARK PL,,,,0.00,N,Not at Intersection,N,Non-Junction,None,,,         ,Gregory,Scott,Clear,"Sideswipe, Same Direction",no,no,no,no,no,False
101461479,METROPOLITAN NASHVILLE POLICE DEPT,20161052129,Davidson,Nashville,11/27/2016 5:06:00 PM,2,0,0,36.192010,-86.758120,RICHARDSON AV,,,,0.00,,,N 8TH ST,,,,0.00,Y,Four-Way, ,Non-Junction,None,,,         ,Michael,Moss,Clear,Angle,no,no,no,no,yes,False
101461493,METROPOLITAN NASHVILLE POLICE DEPT,20161052152,Davidson,Nashville,11/27/2016 5:22:00 PM,1,0,0,36.056000,-86.636370,HAMILTON CHURCH RD,,,,400.00,Feet,North,ZELIDA AV,,,,0.00,N,Not at Intersection, ,Non-Junction,None,,,         ,Tamara,Zurawski,Clear,Not Collision with Motor Vehicle in Transport,no,no,no,no,no,False
101461520,METROPOLITAN NASHVILLE POLICE DEPT,20161052190,Davidson,Nashville,11/27/2016 5:44:00 PM,2,1,0,36.041700,-86.748630,OLD HICKORY BLVD,,,,1.00,Feet,West,COPPERFIELD WAY,,,,0.00,N,Not at Intersection,N,Non-Junction,None,,,         ,Edin,Plancic,Clear,Front to Rear,no,no,no,no,yes,False
101461523,METROPOLITAN NASHVILLE POLICE DEPT,2016-1052086,Davidson,Nashville,11/27/2016 12:00:00 AM,2,2,0,36.181720,-86.774700,I 24,,,,0.00,,,,,,,47.55,N,Not at Intersection,N,Non-Junction,None,,,         ,Gordon,Stovall,Clear,Front to Rear,no,no,no,no,no,False
101461526,METROPOLITAN NASHVILLE POLICE DEPT,20161052179,Davidson,Nashville,11/27/2016 12:00:00 AM,2,0,0,36.143800,-86.738350,I 40,,,,0.00,,,,,,,212.60,N,Not at Intersection, ,Non-Junction,None,,,         ,Craig,Gentry,Clear,"Sideswipe, Same Direction",no,no,no,no,no,False
101461528,METROPOLITAN NASHVILLE POLICE DEPT,20161052127,Davidson,Goodlettsville,11/27/2016 3:40:00 PM,2,0,0,36.302750,-86.691850,RIVERGATE MARKETPLACE PVTDR,,,,0.00,,,GALLATIN PKEN,,,,0.00,Y,Four-Way, ,Intersection,None,,,         ,Jordan,Lowry,Clear,Front to Rear,no,no,no,no,no,False
101461534,METROPOLITAN NASHVILLE POLICE DEPT,20161052222,Davidson,Nashville,11/27/2016 5:45:00 PM,1,0,0,36.177800,-86.605010,I40 E EXT RAMP,,,,56.00,Feet,South,OLD HICKORY BLVD,,,,0.00,N,Not at Intersection, ,Non-Junction,None,,,         ,Thomas,Barnes,Clear,Not Collision with Motor Vehicle in Transport,no,no,no,no,no,False
101461545,METROPOLITAN NASHVILLE POLICE DEPT,20161052219,Davidson,Nashville,11/27/2016 12:00:00 AM,2,0,0,36.152820,-86.683410,ELM HILL PKE,,,,0.00,Feet,,MCGAVOCK PKE,,,,0.00,Y,Four-Way, ,Non-Junction,None,,,         ,Craig,Gentry,,Front to Rear,no,no,no,no,no,False
101461570,METROPOLITAN NASHVILLE POLICE DEPT,20161052203,Davidson,Nashville,11/27/2016 5:53:00 PM,2,0,0,36.046820,-86.713440,NOLENSVILLE PKE,,,,533.00,Feet,North,OLD HICKORY BLVD,,,,0.00,N,Not at Intersection, ,Non-Junction,None,,,         ,Darryl,Williams,Clear,Angle,no,no,no,no,no,False
101461579,METROPOLITAN NASHVILLE POLICE DEPT,20161051992,Davidson,Nashville,11/27/2016 3:45:00 PM,1,0,0,36.106140,-86.718440,I 24,,,,0.00,,,,,,,54.00,N,Not at Intersection, ,,None,,,         ,John,Joyce,,,no,no,no,no,no,False
101461583,METROPOLITAN NASHVILLE POLICE DEPT,20161052264,Davidson,Not in City Limit,11/27/2016 5:46:00 PM,2,0,0,36.262010,-86.679340,E OLD HICKORY BLVD,,,,92.00,Feet,West,EAGAN CIR,,,,0.00,N,Not at Intersection,N,Non-Junction,None,,,         ,Jordan,Lowry,Clear,"Sideswipe, Opposite Direction",no,no,no,no,yes,False
101461584,METROPOLITAN NASHVILLE POLICE DEPT,20161052055,Davidson,Nashville,11/27/2016 4:20:00 PM,1,2,0,36.128710,-86.765610,WILSON DR,,,,141.00,Feet,South,MOSS DR,,,,0.00,N,Not at Intersection,N,Non-Junction,None,,,         ,William,Taylor,Clear,Not Collision with Motor Vehicle in Transport,no,no,no,yes,no,False
101461588,METROPOLITAN NASHVILLE POLICE DEPT,20161052374,Davidson,Nashville,11/27/2016 7:50:00 PM,2,0,0,36.162270,-86.760870,I 24,,,,0.00,,,,,,,49.30,N,Not at Intersection, ,Non-Junction,None,,,         ,Michael,Moss,Clear,"Sideswipe, Same Direction",no,no,no,no,no,False
101461599,METROPOLITAN NASHVILLE POLICE DEPT,20161052364,Davidson,Nashville,11/27/2016 7:02:00 PM,2,0,0,36.183500,-86.610760,OLD HICKORY BLVD,,,,0.00,,,DODSON CHAPEL RD,,,,0.00,Y,Four-Way,N,Intersection,None,,,         ,Patrick,Taylor,Clear,Angle,no,no,no,no,yes,False
101461609,METROPOLITAN NASHVILLE POLICE DEPT,20161052318,Davidson,Nashville,11/27/2016 7:14:00 PM,2,1,0,36.134280,-86.779090,WEDGEWOOD AV,,,,0.00,,,8TH AVS,,,,0.00,Y,Four-Way,Y,Intersection,None,,,         ,Austin,Kendrick,Clear,Angle,no,no,no,no,no,False
101461612,METROPOLITAN NASHVILLE POLICE DEPT,20161052326,Davidson,Nashville,11/27/2016 7:21:00 PM,3,1,0,36.191760,-86.783000,I 65,,,,0.00,,,,,,,86.15,N,Not at Intersection,N,Non-Junction,None,,,         ,Thomas,Burns,Clear,"Sideswipe, Same Direction",no,no,no,no,no,False
101461613,METROPOLITAN NASHVILLE POLICE DEPT,20161052423,Davidson,Nashville,11/27/2016 7:20:00 PM,2,0,0,36.150020,-86.770040,4TH AVS,,,,144.00,Feet,North,MCCANN ST,,,,0.00,N,Not at Intersection, ,Non-Junction,None,,,         ,Jeffrey,Livingston,Clear,"Sideswipe, Same Direction",no,no,no,no,no,False
101461629,METROPOLITAN NASHVILLE POLICE DEPT,20161052486,Davidson,Nashville,11/27/2016 12:00:00 AM,2,0,0,36.181510,-86.799780,I 65,,,,0.00,,,,,,,85.10,N,Not at Intersection, ,Non-Junction,None,,,         ,Adam,Gartner,Clear,Front to Rear,no,no,no,no,yes,False
101461634,METROPOLITAN NASHVILLE POLICE DEPT,20161052240,Davidson,Nashville,11/27/2016 6:20:00 PM,2,1,0,36.144440,-86.739460,I 40,,,,0.00,,,,,,,212.35,N,Not at Intersection,N,Non-Junction,None,,,         ,John,Daugherty,Clear,Front to Rear,no,no,no,no,no,False
101461694,METROPOLITAN NASHVILLE POLICE DEPT,20161052215,Davidson,Nashville,11/27/2016 5:55:00 PM,2,1,0,36.106590,-86.719250,I 24,,,,0.00,,,,,,,54.00,N,Not at Intersection,N,Non-Junction,None,,,         ,William,McDaniel,Clear,"Sideswipe, Same Direction",no,no,no,no,yes,False
101461697,METROPOLITAN NASHVILLE POLICE DEPT,20161052287,Davidson,Nashville,11/27/2016 6:00:00 PM,2,0,0,36.147730,-86.692760,BRILEY PKWYN,,,,277.00,Feet,South,BRILEY PKWY N EXT RAMP,,,,0.00,N,Not at Intersection,N,Non-Junction,None,,,         ,John,Daugherty,Clear,Front to Rear,no,no,no,no,yes,False
101461720,METROPOLITAN NASHVILLE POLICE DEPT,20161051030,Davidson,Nashville,11/27/2016 5:30:00 AM,1,0,0,36.155490,-86.823560,I40 E EXT RAMP,,,,0.00,,,I 40,,,,0.00,Y,OTHER,N,Non-Junction,None,,,         ,Joshua,Vaughn,Clear,Not Collision with Motor Vehicle in Transport,no,no,no,no,no,False
101461783,METROPOLITAN NASHVILLE POLICE DEPT,20161053495,Davidson,Nashville,11/28/2016 12:00:00 AM,1,0,0,36.143470,-86.654640,ELM HILL PKE,,,,123.00,Feet,East,MCCRORY CREEK RD,,,,0.00,N,Not at Intersection,N,Non-Junction,None,,,         ,Sean,Wuethrich,Clear,Unknown,no,no,no,no,yes,False
101461785,METROPOLITAN NASHVILLE POLICE DEPT,20161053560,Davidson,Not in City Limit,11/28/2016 5:02:00 AM,1,0,0,36.206440,-86.938950,ASHLAND CITY HWY,,,,202.00,Feet,West,OLD HYDES FERRY PKE,,,,0.00,N,Not at Intersection, ,Non-Junction,None,,,         ,James,Murphy,Clear,Not Collision with Motor Vehicle in Transport,no,no,no,no,no,False
101461789,METROPOLITAN NASHVILLE POLICE DEPT,20161053616,Davidson,Nashville,11/28/2016 5:37:00 AM,2,1,0,36.151010,-86.796490,19TH AVS,,,,0.00,,,BROADWAY,,,,0.00,Y,Four-Way,N,Intersection,None,,,         ,Matthew,Moses,Cloudy,Angle,no,no,no,no,no,False
101461791,METROPOLITAN NASHVILLE POLICE DEPT,20161053611,Davidson,Nashville,11/28/2016 5:31:00 AM,1,1,0,36.095440,-86.737640,NOLENSVILLE PKE,,,,146.00,Feet,South,WHEELER AV,,,,0.00,N,Not at Intersection,N,Non-Junction,None,,,         ,Joshua,Dickall,Clear,Not Collision with Motor Vehicle in Transport,no,no,no,no,no,False
101461831,METROPOLITAN NASHVILLE POLICE DEPT,20161053741,Davidson,Nashville,11/28/2016 7:00:00 AM,2,0,0,36.152530,-86.855360,I40 E ENT RAMP,,,,0.00,Feet,East,I 40,,,,0.00,N,Not at Intersection, ,Non-Junction,None,,,         ,Curtis,Rich,Cloudy,Front to Rear,no,no,no,no,no,False
101461853,METROPOLITAN NASHVILLE POLICE DEPT,20161053788,Davidson,Nashville,11/28/2016 12:00:00 AM,2,0,0,36.145820,-86.665410,ROYAL PKWY,,,,355.00,Feet,East,DONELSON PKE,,,,0.00,N,Not at Intersection,N,Non-Junction,None,,,         ,Larry,Benz,Unknown,Unknown,no,no,no,yes,yes,False
101461868,METROPOLITAN NASHVILLE POLICE DEPT,20161053733,Davidson,Antioch,11/28/2016 6:50:00 AM,2,0,0,36.037600,-86.600940,MURFREESBORO PKE,,,,799.00,Feet,South,OLD HICKORY BLVD,,,,0.00,N,Not at Intersection, ,Non-Junction,None,,,         ,Kevin,Caperton,Cloudy,"Sideswipe, Same Direction",no,no,no,no,no,False
101461878,METROPOLITAN NASHVILLE POLICE DEPT,2016-1054004,Davidson,Nashville,11/28/2016 8:15:00 AM,2,0,0,36.197570,-86.620200,LEBANON PKE EB EXT RAMP,,,,0.00,Feet,East,LEBANON PKE,,,,0.00,N,Not at Intersection, ,,None,,,         ,Calvin,Graham,,,no,no,no,no,no,False
101461882,METROPOLITAN NASHVILLE POLICE DEPT,20161047705,Davidson,Nashville,11/26/2016 12:55:00 AM,2,2,0,36.169090,-86.809600,JEFFERSON ST,,,,0.00,,,21ST AVN,,,,0.00,Y,Four-Way,N,Intersection,None,,,         ,Joshua,Green,Clear,Angle,no,no,no,no,yes,False
101461923,METROPOLITAN NASHVILLE POLICE DEPT,20161054306,Davidson,Nashville,11/28/2016 10:17:00 AM,2,0,0,36.137150,-86.820560,I440 W EXT RAMP,,,,0.00,Feet,East,I 440,,,,0.00,N,Not at Intersection, ,Non-Junction,None,,,         ,Nathan,Kemp,Rain,Front to Rear,no,no,no,no,no,False
101461924,METROPOLITAN NASHVILLE POLICE DEPT,20161054119,Davidson,Nashville,11/28/2016 9:17:00 AM,2,0,0,36.167150,-86.779610,3RD AVN,,,,0.00,,,JAMES ROBERTSON PKWY,,,,0.00,Y,Four-Way, ,Intersection-Related,None,,,         ,Robert,Magner,Rain,Front to Rear,no,no,no,no,no,False
101461927,METROPOLITAN NASHVILLE POLICE DEPT,20161053732,Davidson,Nashville,11/28/2016 6:53:00 AM,3,0,0,36.103320,-86.666640,MURFREESBORO PKE,,,,57.00,Feet,West,FAIRCLOTH LN,,,,0.00,N,Not at Intersection, ,Non-Junction,None,,,         ,James,Curtis,Cloudy,Front to Rear,no,no,no,no,no,False
101461934,METROPOLITAN NASHVILLE POLICE DEPT,20161054124,Davidson,Nashville,11/28/2016 7:55:00 AM,2,0,0,36.156850,-86.632670,STEWARTS FERRY PKE,,,,0.00,,,LAUER DR,,,,0.00,Y,T-Intersection,N,Intersection-Related,None,,,         ,Tyler,Adcock,Cloudy,Angle,no,no,no,no,no,False
101461935,METROPOLITAN NASHVILLE POLICE DEPT,20161053796,Davidson,Nashville,11/28/2016 7:20:00 AM,2,0,0,36.183500,-86.610760,OLD HICKORY BLVD,,,,0.00,,,DODSON CHAPEL RD,,,,0.00,Y,Four-Way,N,Intersection,None,,,         ,Scott,Toney,Cloudy,Front to Rear,no,no,no,no,yes,False
101461936,METROPOLITAN NASHVILLE POLICE DEPT,20161054316,Davidson,Nashville,11/28/2016 10:14:00 AM,2,0,0,36.152730,-86.625090,STEWARTS FERRY PKE,,,,177.00,Feet,North,BELL RD,,,,0.00,N,Not at Intersection, ,Non-Junction,None,,,         ,Scott,Toney,Rain,Angle,no,no,no,no,no,False
101461937,METROPOLITAN NASHVILLE POLICE DEPT,20161054248,Davidson,Nashville,11/28/2016 9:51:00 AM,2,0,0,36.168520,-86.781400,GAY ST,,,,181.00,Feet,East,JAMES ROBERTSON PKWY,,,,0.00,N,Not at Intersection, ,Non-Junction,None,,,         ,Robert,Magner,Rain,Angle,no,no,no,no,no,False
101461946,METROPOLITAN NASHVILLE POLICE DEPT,2016-1054223,Davidson,Nashville,11/28/2016 9:50:00 AM,2,0,0,36.045590,-86.658470,BELL RD,,,,0.00,,,I24 W EXT RAMP,,,,0.00,Y,Four-Way,Y,Entrance/Exit Ramp Related,None,,,         ,William,Whitworth,Cloudy,"Sideswipe, Same Direction",no,no,no,no,yes,False
101461949,Nashville Airport Police,2016-03511,Davidson,Nashville,11/28/2016 9:38:00 AM,2,0,0,0.000000,0.000000,DONELSON PIKE,PIKE,SR721,,0.10,Miles,East,DONELSON PIKE,PIKE,SR,,2.55,N,Not at Intersection, ,Non-Junction,None,,,         ,Hardini,Carter,Cloudy,Angle,no,no,no,yes,no,False
101461957,METROPOLITAN NASHVILLE POLICE DEPT,20161054381,Davidson,Nashville,11/28/2016 11:29:00 AM,2,0,0,36.045480,-86.658660,BELL RD,,,,69.00,Feet,West,I24 W EXT RAMP,,,,0.00,N,Not at Intersection, ,Non-Junction,None,,,         ,Jessie,Meadows,Clear,Front to Rear,no,no,no,no,no,False
101461959,METROPOLITAN NASHVILLE POLICE DEPT,20161054167,Davidson,Nashville,11/28/2016 9:35:00 AM,2,0,0,36.058540,-86.741580,EDMONDSON PKE,,,,561.00,Feet,South,SEVEN MILE CREEK GRNWY,,,,0.00,N,Not at Intersection, ,Non-Junction,None,,,         ,Gary,Sneed,Cloudy,Angle,no,no,no,no,no,False
101461962,METROPOLITAN NASHVILLE POLICE DEPT,20161054504,Davidson,Nashville,11/28/2016 11:35:00 AM,2,0,0,36.112270,-86.766370,THOMPSON LN,,,,193.00,Feet,East,BRANSFORD AV,,,,0.00,N,Not at Intersection, ,Non-Junction,None,,,         ,Nathan,Kemp,Rain,Angle,no,no,no,no,no,False
101461964,METROPOLITAN NASHVILLE POLICE DEPT,20161054432,Davidson,Nashville,11/28/2016 11:00:00 AM,1,0,0,36.143760,-86.697630,BRILEY PKWYN,,,,50.00,Feet,North,I40 E EXT RAMP,,,,0.00,N,Not at Intersection, ,,None,,,         ,James,Curtis,,,no,no,no,no,no,False
101461975,METROPOLITAN NASHVILLE POLICE DEPT,20161054450,Davidson,Nashville,11/28/2016 12:00:00 AM,1,1,0,36.172360,-86.768790,I24 W EXT RAMP,,,,0.00,,,I 24,,,,0.00,Y,OTHER,Y,Entrance/Exit Ramp Related,None,,,         ,Richard,Conger,Rain,Not Collision with Motor Vehicle in Transport,no,no,no,no,no,False
101461976,METROPOLITAN NASHVILLE POLICE DEPT,20161054536,Davidson,Nashville,11/28/2016 11:44:00 AM,2,0,0,36.140310,-86.829200,MURPHY RD,,,,0.00,,,37TH AVN,,,,0.00,Y,T-Intersection, ,Intersection,None,,,         ,Curtis,Rich,Rain,Angle,no,no,no,no,no,False
101461983,METROPOLITAN NASHVILLE POLICE DEPT,20161054511,Davidson,Nashville,11/28/2016 11:28:00 AM,2,0,0,36.086870,-86.730230,ELYSIAN FIELDS RD,,,,0.00,Feet,,ELYSIAN FIELDS CT,,,,0.00,Y,Four-Way, ,Intersection-Related,None,,,         ,Paul,Joyner,Rain,Front to Rear,no,no,no,no,no,False
101461985,METROPOLITAN NASHVILLE POLICE DEPT,20161054220,Davidson,Madison,11/28/2016 9:30:00 AM,2,0,0,36.267410,-86.710840,GALLATIN PKEN,,,,185.00,Feet,North,DUPONT AV,,,,0.00,N,Not at Intersection,N,Non-Junction,None,,,         ,Terrence,Bradley,Rain,Front to Rear,no,no,no,no,no,False
101461987,METROPOLITAN NASHVILLE POLICE DEPT,20161054605,Davidson,Nashville,11/28/2016 12:13:00 PM,2,0,0,36.082780,-86.765520,HARDING PL,,,,117.00,Feet,West,I65 S ENT RAMP,,,,0.00,N,Not at Intersection, ,Non-Junction,None,,,         ,Nathan,Kemp,Rain,Front to Rear,no,no,no,no,no,False
101461990,METROPOLITAN NASHVILLE POLICE DEPT,20161053948,Davidson,Goodlettsville,11/28/2016 8:20:00 AM,2,2,0,36.293880,-86.696380,SPRING BRANCH DR,,,,24.00,Feet,East,MYATT DR,,,,0.00,N,Not at Intersection,N,OtherLocation,None,,,         ,Michael,Agee,Rain,Angle,no,no,no,no,no,False
101462004,METROPOLITAN NASHVILLE POLICE DEPT,20161054425,Davidson,Nashville,11/28/2016 11:02:00 AM,1,0,0,36.175340,-86.766910,ELLINGTON PKWY N ENT RAMP,,,,0.00,,,ELLINGTON PKWYN,,,,0.00,Y,OTHER, ,Non-Junction,None,,,         ,Alex,Moore,Rain,Not Collision with Motor Vehicle in Transport,no,no,no,no,no,False
101462008,METROPOLITAN NASHVILLE POLICE DEPT,20161054683,Davidson,Nashville,11/28/2016 12:37:00 PM,1,0,0,36.041790,-86.782400,I 65,,,,0.00,,,,,,,74.80,N,Not at Intersection, ,Non-Junction,None,,,         ,Nathan,Kemp,Rain,Not Collision with Motor Vehicle in Transport,no,no,no,no,no,False
101462011,METROPOLITAN NASHVILLE POLICE DEPT,2016-1054503,Davidson,Nashville,11/28/2016 11:36:00 AM,2,1,0,36.077420,-86.657890,PICCADILLY ROW,,,,0.00,,,UNA ANTIOCH PKE,,,,0.00,Y,Four-Way,N,Intersection,None,,,         ,William,Whitworth,Rain,Front to Rear,no,no,no,no,no,False
101462023,METROPOLITAN NASHVILLE POLICE DEPT,20161054724,Davidson,Nashville,11/28/2016 12:54:00 PM,3,0,0,36.041490,-86.782460,I 65,,,,0.00,,,,,,,74.75,N,Not at Intersection, ,Non-Junction,None,,,         ,Nathan,Kemp,Rain,"Sideswipe, Same Direction",no,no,no,no,no,False
101462025,METROPOLITAN NASHVILLE POLICE DEPT,20161054616,Davidson,Nashville,11/28/2016 12:16:00 PM,2,0,0,36.118910,-86.726450,I 24,,,,0.00,,,,,,,53.00,N,Not at Intersection,N,Non-Junction,None,,,         ,David,Simmonds,Rain,Front to Rear,no,no,no,no,yes,False
101462050,METROPOLITAN NASHVILLE POLICE DEPT,20161054394,Davidson,Nashville,11/28/2016 10:50:00 AM,2,0,0,36.100000,-86.870190,PAGE RD,,,,300.00,Feet,East,HARDING PKE,,,,0.00,N,Not at Intersection,N,Non-Junction,None,,,         ,Walter,Gray II,Rain,Angle,no,no,no,no,no,False
101462063,METROPOLITAN NASHVILLE POLICE DEPT,20161054812,Davidson,Nashville,11/28/2016 1:05:00 PM,2,0,0,36.072130,-86.732890,WHISPERING HILLS DR,,,,0.00,,,EDMONDSON PKE,,,,0.00,Y,Four-Way, ,Intersection,None,,,         ,Brent,Bauer,Rain,Front to Rear,no,no,no,no,no,False
101462070,METROPOLITAN NASHVILLE POLICE DEPT,20161054854,Davidson,Nashville,11/28/2016 1:40:00 PM,2,0,0,36.094420,-86.653390,FRANKLIN LIMESTONE RD,,,,0.00,,,MURFREESBORO PKE,,,,0.00,Y,OTHER, ,Intersection-Related,None,,,         ,Stephen,Soule,Rain,Angle,no,no,no,no,no,False
101462072,METROPOLITAN NASHVILLE POLICE DEPT,20161054891,Davidson,Nashville,11/28/2016 1:44:00 PM,1,0,0,36.144220,-86.697020,I40 E EXT RAMP,,,,0.00,,,I 40,,,,0.00,Y,OTHER, ,,None,,,         ,James,Curtis,,,no,no,no,no,no,False