master_record_number,agency,agency_tracking_number,county,city,collision_date,vehicles_involved,number_injured,number_dead,latitude,longitude,roadway_name,roadway_suffix,roadway_number,roadway_local_id,distance_from_reference,miles-feet_indicator,direction_from_reference,intersection_road_name,intersection_road_name_suffix,intersection_road_number,intersection_local_id,mile_marker,intersection_indicator,intersect_type,interchange_related_indicator,relation_to_junction,work_zone_type,construction_maintenance_zone,construction_maintenance_zone_location,fatal_case_number,officer_first_name,officer_last_name,weather_condition(s),manner_of_crash,pedestrian,bicycle,scooter,parking,hitrun,mou
101462079,METROPOLITAN NASHVILLE POLICE DEPT,20161054678,Davidson,Nashville,11/28/2016 12:54:00 PM,2,0,0,36.073320,-86.689610,BAKERTOWN RD,,,,261.00,Feet,South,RADER DR,,,,0.00,N,Not at Intersection, ,Non-Junction,None,,,         ,Jessie,Meadows,Rain,Angle,no,no,no,yes,no,False
101462080,METROPOLITAN NASHVILLE POLICE DEPT,20161054597,Davidson,Nashville,11/28/2016 1:04:00 PM,2,0,0,36.071000,-86.684330,ANTIOCH PKE,,,,93.00,Feet,South,HAYSTACK LN,,,,0.00,N,Not at Intersection,N,Non-Junction,None,,,         ,Jessie,Meadows,Rain,Front to Rear,no,no,no,no,no,False
101462081,METROPOLITAN NASHVILLE POLICE DEPT,20161054566,Davidson,Nashville,11/28/2016 1:12:00 PM,2,0,0,36.045950,-86.675340,BELL RD,,,,303.00,Feet,West,BLUE HOLE RD,,,,0.00,N,Not at Intersection, ,Non-Junction,None,,,         ,Jessie,Meadows,Rain,Angle,no,no,no,no,no,False
101462082,METROPOLITAN NASHVILLE POLICE DEPT,20161054806,Davidson,Nashville,11/28/2016 1:48:00 PM,1,0,0,36.098240,-86.711240,ANTIOCH PKE,,,,55.00,Feet,West,MCILLWAIN PL,,,,0.00,N,Not at Intersection,N,Non-Junction,None,,,         ,Jessie,Meadows,Rain,Not Collision with Motor Vehicle in Transport,no,no,no,no,no,False
101462084,METROPOLITAN NASHVILLE POLICE DEPT,20161054742,Davidson,Nashville,11/28/2016 1:00:00 PM,2,1,0,36.088580,-86.717060,PARAGON MILLS RD,,,,0.00,,,BENITA DR,,,,0.00,Y,T-Intersection,N,Intersection,None,,,         ,Brian,Penny,Rain,Front to Rear,no,no,no,no,no,False
101462091,METROPOLITAN NASHVILLE POLICE DEPT,20161054869,Davidson,Nashville,11/28/2016 1:30:00 PM,2,0,0,36.223920,-86.774540,I 65,,,,0.00,,,,,,,88.55,N,Not at Intersection, ,Non-Junction,None,,,         ,Ernie,Wilson,Rain,Front to Rear,no,no,no,no,no,False
101462095,METROPOLITAN NASHVILLE POLICE DEPT,20161054851,Davidson,Not in City Limit,11/28/2016 1:36:00 PM,1,1,0,36.259560,-86.886630,EATONS CREEK RD,,,,1683.00,Feet,East,OLD HICKORY BLVD,,,,0.00,N,Not at Intersection,N,Non-Junction,None,,,         ,Michael,McCord,Rain,Not Collision with Motor Vehicle in Transport,no,no,no,no,no,False
101462098,METROPOLITAN NASHVILLE POLICE DEPT,20161054595,Davidson,Nashville,11/28/2016 12:00:00 PM,2,0,0,36.240170,-86.757470,DICKERSON PKE,,,,210.00,Feet,South,BRILEY PKWY E EXT RAMP,,,,0.00,N,Not at Intersection,N,Non-Junction,None,,,         ,Steven,Spillers,Rain,Front to Rear,no,no,no,no,no,False
101462100,METROPOLITAN NASHVILLE POLICE DEPT,20161054902,Davidson,Nashville,11/28/2016 2:00:00 PM,3,0,0,36.153000,-86.857610,BRILEY PKWY,,,,0.00,,,I40 W EXT RAMP,,,,0.00,Y,T-Intersection, ,Intersection,None,,,         ,Curtis,Rich,Rain,Front to Rear,no,no,no,no,no,False
101462112,METROPOLITAN NASHVILLE POLICE DEPT,20161054396,Davidson,Not in City Limit,11/28/2016 10:53:00 AM,2,2,0,36.269260,-86.755740,OLD HICKORY BLVDW,,,,0.00,,,DICKERSON PKE,,,,0.00,Y,Four-Way,Y,Intersection-Related,None,,,         ,Spencer,Pittman,Cloudy,Front to Rear,no,no,no,no,no,False
101462113,METROPOLITAN NASHVILLE POLICE DEPT,20161054807,Davidson,Nashville,11/28/2016 1:22:00 PM,2,0,0,36.149640,-86.857930,WHITE BRIDGE PKE,,,,185.00,Feet,South,CHARLOTTE PKE,,,,0.00,N,Not at Intersection,N,Non-Junction,None,,,         ,Walter,Gray II,Rain,Angle,no,no,no,no,no,False
101462114,METROPOLITAN NASHVILLE POLICE DEPT,20161054943,Davidson,Nashville,11/28/2016 12:00:00 AM,1,0,0,36.169730,-86.606500,I40 E EXT RAMP,,,,0.00,Feet,East,I 40,,,,0.00,N,Not at Intersection,N,Entrance/Exit Ramp Related,None,,,         ,Kimberly,Annson,Rain,Not Collision with Motor Vehicle in Transport,no,no,no,no,no,False
101462118,METROPOLITAN NASHVILLE POLICE DEPT,20161054366,Davidson,Nashville,11/28/2016 10:35:00 AM,2,0,0,36.141200,-86.731430,I 40,,,,0.00,,,,,,,212.95,N,Not at Intersection,Y,Entrance/Exit Ramp Related,None,,,         ,William,Vincion,Rain,Front to Rear,no,no,no,no,no,False
101462121,METROPOLITAN NASHVILLE POLICE DEPT,20161054811,Davidson,Nashville,11/28/2016 1:15:00 PM,2,1,0,36.225170,-86.774450,I 65,,,,0.00,,,,,,,88.60,N,Not at Intersection,N,Non-Junction,None,,,         ,Nicholas,MacDougall,Rain,"Sideswipe, Same Direction",no,no,no,no,no,False
101462122,METROPOLITAN NASHVILLE POLICE DEPT,20161054886,Davidson,Nashville,11/28/2016 1:50:00 PM,2,0,0,36.145740,-86.764720,CHESTNUT ST,,,,0.00,,,2ND AVS,,,,0.00,Y,Four-Way,N,Intersection,None,,,         ,Todd,Watson,Rain,Angle,no,no,no,no,no,False
101462125,METROPOLITAN NASHVILLE POLICE DEPT,20161054309,Davidson,Nashville,11/28/2016 10:20:00 AM,2,0,0,36.150900,-86.770640,I40 W EXT RAMP,,,,0.00,Feet,,4TH AVS,,,,0.00,Y,OTHER,N,Entrance/Exit Ramp Related,None,,,         ,Shawn,Taylor,Rain,"Sideswipe, Same Direction",no,no,no,no,no,False
101462141,METROPOLITAN NASHVILLE POLICE DEPT,20161054610,Davidson,Nashville,11/28/2016 12:09:00 PM,2,2,0,36.168540,-86.788320,ROSA L PARKS BLVD,,,,0.00,,,HARRISON ST,,,,0.00,Y,Four-Way,N,Intersection,None,,,         ,Timothy,Powell,Rain,Front to Rear,no,no,no,no,no,False
101462148,METROPOLITAN NASHVILLE POLICE DEPT,20161055002,Davidson,Nashville,11/28/2016 2:54:00 PM,1,0,0,36.163320,-86.613120,BELL RD,,,,0.00,,,DODSON CHAPEL RD,,,,0.00,Y,T-Intersection, ,Non-Junction,None,,,         ,Michael,Apsey,Rain,Not Collision with Motor Vehicle in Transport,no,no,no,no,no,False
101462149,METROPOLITAN NASHVILLE POLICE DEPT,20161054942,Davidson,Nashville,11/28/2016 2:18:00 PM,2,0,0,36.105260,-86.763530,POWELL AV,,,,0.00,,,ARMORY OAKS DR,,,,0.00,Y,Four-Way,N,Intersection-Related,None,,,         ,Phillip,Murphy,Rain,"Sideswipe, Opposite Direction",no,no,no,no,yes,False
101462150,METROPOLITAN NASHVILLE POLICE DEPT,20161054941,Davidson,Not in City Limit,11/28/2016 2:19:00 PM,2,1,0,36.105300,-86.930620,I 40,,,,0.00,,,,,,,198.70,N,Not at Intersection,N,Non-Junction,None,,,         ,Adam,Reese,Rain,Not Collision with Motor Vehicle in Transport,no,no,no,no,no,False
101462157,METROPOLITAN NASHVILLE POLICE DEPT,20161054909,Davidson,Old Hickory,11/28/2016 2:00:00 PM,2,0,0,36.247580,-86.641400,OLD HICKORY BLVD,,,,55.00,Feet,North,24TH ST,,,,0.00,N,Not at Intersection,N,Non-Junction,None,,,         ,Michael,Apsey,Rain,Angle,no,no,no,no,no,False
101462166,METROPOLITAN NASHVILLE POLICE DEPT,2016-1054873,Davidson,Nashville,11/28/2016 1:45:00 PM,3,0,0,36.070030,-86.698800,HAYWOOD LN,,,,0.00,,,EAST RIDGE DR,,,,0.00,Y,Four-Way,N,Intersection,None,,,         ,Stanley,Collins,Rain,Front to Rear,no,no,no,no,no,False
101462170,METROPOLITAN NASHVILLE POLICE DEPT,20161054991,Davidson,Nashville,11/28/2016 2:44:00 PM,2,0,0,36.164950,-86.817990,27TH AVN,,,,0.00,Feet,,ALBION ST,,,,0.00,Y,OTHER, ,Intersection,None,,,         ,Michael,Brooks,Rain,Angle,no,no,no,no,no,False
101462176,METROPOLITAN NASHVILLE POLICE DEPT,2016-1054802,Davidson,Nashville,11/28/2016 1:17:00 PM,2,0,0,36.044770,-86.661530,CANE RIDGE RD,,,,0.00,,,BELL RD,,,,0.00,Y,Four-Way, ,Intersection,None,,,         ,William,Whitworth,Rain,Front to Rear,no,no,no,no,no,False
101462180,METROPOLITAN NASHVILLE POLICE DEPT,20161054660,Davidson,Nashville,11/28/2016 11:22:00 AM,1,0,0,36.225170,-86.774450,I 65,,,,0.00,,,,,,,88.60,N,Not at Intersection,N,Non-Junction,None,,,         ,Nicholas,MacDougall,Rain,Not Collision with Motor Vehicle in Transport,no,no,no,no,no,False
101462183,METROPOLITAN NASHVILLE POLICE DEPT,20161054642,Davidson,Nashville,11/28/2016 12:15:00 PM,2,1,0,36.081340,-86.697300,I 24,,,,0.00,,,,,,,56.10,N,Not at Intersection,N,Non-Junction,None,,,         ,Jedidayah,Merriweather,Cloudy,Other,no,no,no,no,yes,False
101462184,METROPOLITAN NASHVILLE POLICE DEPT,20161053870,Davidson,Nashville,11/28/2016 6:24:00 AM,2,0,0,36.035630,-86.644050,I 24,,,,0.00,,,,,,,60.45,N,Not at Intersection, ,Non-Junction,None,,,         ,Jedidayah,Merriweather,Cloudy,Front to Rear,no,no,no,no,no,False
101462185,METROPOLITAN NASHVILLE POLICE DEPT,20161054994,Davidson,Joelton,11/28/2016 2:23:00 PM,2,1,0,36.313940,-86.867910,OLD CLARKSVILLE PKE,,,,970.00,Feet,East,JOELTON COMMUNITY CENTER RD,,,,0.00,N,Not at Intersection,N,Non-Junction,None,,,         ,Allen,Hall,Rain,Front to Rear,no,no,no,no,no,False
101462187,METROPOLITAN NASHVILLE POLICE DEPT,20161054959,Davidson,Nashville,11/28/2016 2:30:00 PM,2,0,0,36.167110,-86.611120,I 40,,,,0.00,,,,,,,220.30,N,Not at Intersection,Y,Entrance/Exit Ramp Related,None,,,         ,Dontaveous,Eubanks,Rain,Front to Rear,no,no,no,no,no,False
101462193,METROPOLITAN NASHVILLE POLICE DEPT,20161055013,Davidson,Nashville,11/28/2016 2:58:00 PM,5,0,0,36.140580,-86.794980,17TH AVS,,,,114.00,Feet,South,HORTON AV,,,,0.00,N,Not at Intersection,N,Non-Junction,None,,,         ,Tien,Nguyen,Rain,Angle,no,no,no,no,yes,Campus
101462202,METROPOLITAN NASHVILLE POLICE DEPT,20161054946,Davidson,Nashville,11/28/2016 2:03:00 PM,2,0,0,36.193560,-86.732980,SCOTT AV,,,,0.00,,,BELLE FORREST AV,,,,0.00,Y,T-Intersection,N,Intersection,None,,,         ,Rachael,Sacco,Rain,Angle,no,no,no,no,yes,False
101462205,METROPOLITAN NASHVILLE POLICE DEPT,20161055072,Davidson,Nashville,11/28/2016 3:22:00 PM,3,0,0,36.163890,-86.598670,ARBOR LAKE BLVD,,,,337.00,Feet,West,OLD HICKORY BLVD,,,,0.00,N,Not at Intersection, ,,None,,,         ,David,Stanley,,,no,no,no,no,no,False
101462207,METROPOLITAN NASHVILLE POLICE DEPT,20161055141,Davidson,Nashville,11/28/2016 12:00:00 AM,2,0,0,36.176080,-86.790130,6TH AVN,,,,74.00,Feet,South,MONROE ST,,,,0.00,N,Not at Intersection,N,Non-Junction,None,,,         ,Landon,Bagwell,Rain,"Sideswipe, Same Direction",no,no,no,no,yes,False
101462211,METROPOLITAN NASHVILLE POLICE DEPT,2016-1054884,Davidson,Nashville,11/28/2016 1:52:00 PM,2,2,0,36.230730,-86.828990,BRILEY PKWYW,,,,279.00,Feet,East,BRILEY PKWY W EXT RAMP,,,,0.00,N,Not at Intersection,N,Non-Junction,None,,,         ,William,Caillouette,Rain,"Sideswipe, Same Direction",no,no,no,no,no,False
101462215,METROPOLITAN NASHVILLE POLICE DEPT,20161055099,Davidson,Nashville,11/28/2016 3:06:00 PM,2,0,0,36.097960,-86.822790,HILLSBORO PKE,,,,250.00,Feet,East,BURTON HILLS BLVD,,,,0.00,N,Not at Intersection, ,Non-Junction,None,,,         ,Walter,Gray II,Rain,Front to Rear,no,no,no,no,no,False
101462216,METROPOLITAN NASHVILLE POLICE DEPT,20161055164,Davidson,Nashville,11/28/2016 3:58:00 PM,2,0,0,36.191120,-86.797200,VANTAGE WAY,,,,0.00,,,FRENCH LANDING DR,,,,0.00,Y,Four-Way, ,,None,,,         ,Michael,Brooks,,,no,no,no,no,no,False
101462218,METROPOLITAN NASHVILLE POLICE DEPT,20161055185,Davidson,Nashville,11/28/2016 3:19:00 PM,2,0,0,36.153250,-86.794010,17TH AVS,,,,0.00,,,BROADWAY,,,,0.00,Y,Four-Way, ,Intersection,None,,,         ,Ralph,Smith IV,Rain,Front to Rear,no,no,no,no,no,False
101462222,METROPOLITAN NASHVILLE POLICE DEPT,20161055041,Davidson,Nashville,11/28/2016 3:00:00 PM,2,0,0,36.092800,-86.705570,I 24,,,,0.00,,,,,,,55.15,N,Not at Intersection,N,Non-Junction,None,,,         ,Andrew,Mullen,Rain,Front to Rear,no,no,no,no,no,False
101462223,METROPOLITAN NASHVILLE POLICE DEPT,20161055176,Davidson,Nashville,11/28/2016 4:02:00 PM,1,1,0,36.126050,-86.904210,I 40,,,,0.00,,,,,,,200.60,N,Not at Intersection,N,Non-Junction,None,,,         ,Brandon,Pedigo,Rain,Not Collision with Motor Vehicle in Transport,no,no,no,no,no,False
101462225,GOODLETTSVILLE POLICE DEPT,16-41277,Davidson,Goodlettsville,11/28/2016 4:20:00 PM,2,0,0,36.301290,-86.710690,I 65,,,,0.00,,,,,,,95.25,N,Not at Intersection, ,Non-Junction,None,,,         ,Jeremy,Baker,Rain,"Sideswipe, Same Direction",no,no,no,no,yes,False
101462231,METROPOLITAN NASHVILLE POLICE DEPT,20161055037,Davidson,Not in City Limit,11/28/2016 2:15:00 PM,2,0,0,36.077260,-87.029800,I 40,,,,0.00,,,,,,,192.00,N,Not at Intersection, ,,None,,,         ,Jeremy,Huffine,,,no,no,no,no,no,False
101462239,METROPOLITAN NASHVILLE POLICE DEPT,20161055250,Davidson,Not in City Limit,11/28/2016 4:05:00 PM,1,1,0,36.044460,-86.956230,HIGHWAY 100,,,,0.00,,,OLD HARDING PKE,,,,0.00,Y,Four-Way,N,Intersection,None,,,         ,Adam,Reese,Rain,Not Collision with Motor Vehicle in Transport,yes,no,no,no,yes,False
101462248,BERRY HILL POLICE DEPT,16-4122,Davidson,Berry Hill,11/28/2016 3:50:00 PM,2,1,0,36.112170,-86.765650,THOMPSON LANE,,,,0.00,,,,,SR,,0.00,Y,Four-Way,N,Intersection-Related,None,,,         ,John,Gleixner,Rain,Front to Rear,no,no,no,no,no,False
101462249,METROPOLITAN NASHVILLE POLICE DEPT,20161055277,Davidson,Nashville,11/28/2016 4:50:00 PM,2,0,0,36.154110,-86.836840,I 40,,,,0.00,,,,,,,205.10,N,Not at Intersection, ,,None,,,         ,Walter,Gray II,,,no,no,no,no,no,False
101462260,METROPOLITAN NASHVILLE POLICE DEPT,20161055232,Davidson,Nashville,11/28/2016 3:56:00 PM,2,0,0,36.138030,-86.822050,I 440,,,,0.00,,,,,,,1.35,N,Not at Intersection,N,Non-Junction,None,,,         ,Tien,Nguyen,Rain,Front to Rear,no,no,no,no,no,False
101462262,METROPOLITAN NASHVILLE POLICE DEPT,20161055197,Davidson,Nashville,11/28/2016 4:01:00 PM,3,0,0,36.137330,-86.798140,WEDGEWOOD AV,,,,0.00,,,19TH AVS,,,,0.00,Y,Four-Way, ,Intersection,None,,,         ,Phillip,Murphy,Rain,Angle,no,no,no,no,no,Campus
101462264,METROPOLITAN NASHVILLE POLICE DEPT,20161055288,Davidson,Nashville,11/28/2016 4:39:00 PM,2,0,0,36.158330,-86.803060,PEARL ST,,,,0.00,,,JO JOHNSTON AV,,,,0.00,Y,Four-Way,N,Intersection,None,,,         ,Michael,Brooks,Rain,Angle,no,no,no,no,no,False
101462267,METROPOLITAN NASHVILLE POLICE DEPT,20161055231,Davidson,Nashville,11/28/2016 4:27:00 PM,2,0,0,36.077420,-86.773110,FRANKLIN PKE,,,,17.00,Feet,South,TYNE BLVD,,,,0.00,N,Not at Intersection,N,Non-Junction,None,,,         ,Edin,Plancic,Rain,Front to Rear,no,no,no,no,no,False
101462270,METROPOLITAN NASHVILLE POLICE DEPT,20161055092,Davidson,Nashville,11/28/2016 3:20:00 PM,4,0,0,36.090980,-86.824760,HARDING PL,,,,170.00,Feet,East,TWINMONT CT,,,,0.00,N,Not at Intersection,N,Non-Junction,None,,,         ,Conner,Harris,Rain,Front to Rear,no,no,no,no,yes,False
101462272,METROPOLITAN NASHVILLE POLICE DEPT,20161055298,Davidson,Nashville,11/28/2016 5:03:00 PM,2,0,0,36.150040,-86.791920,MUSIC SQE,,,,0.00,,,ROY ACUFF PL,,,,0.00,Y,T-Intersection,N,Intersection,None,,,         ,Ralph,Smith IV,Rain,Angle,no,no,no,no,no,False
101462275,METROPOLITAN NASHVILLE POLICE DEPT,20161055215,Davidson,Nashville,11/28/2016 4:18:00 PM,3,2,0,36.064790,-86.628480,HAMILTON CHURCH RD,,,,0.00,Feet,,MURFREESBORO PKE,,,,0.00,Y,Four-Way,N,Intersection,None,,,         ,Matthew,Johnson,Rain,Angle,no,no,no,no,no,False
101462276,METROPOLITAN NASHVILLE POLICE DEPT,20161055282,Davidson,Nashville,11/28/2016 4:33:00 PM,2,0,0,36.109590,-86.727920,EAST THOMPSON LN,,,,62.00,Feet,North,BRILEY PKWYN,,,,0.00,N,Not at Intersection, ,Non-Junction,None,,,         ,Andrew,Mullen,Rain,"Sideswipe, Same Direction",no,no,no,no,no,False
101462285,METROPOLITAN NASHVILLE POLICE DEPT,20161055006,Davidson,Nashville,11/28/2016 3:41:00 PM,2,1,0,36.041400,-86.660860,CANE RIDGE RD,,,,68.00,Feet,South,BELL HOLLOW APTS PVTDR,,,,0.00,N,Not at Intersection,N,Non-Junction,None,,,         ,Jessie,Meadows,Rain,Front to Rear,no,no,no,no,no,False
101462286,METROPOLITAN NASHVILLE POLICE DEPT,20161055167,Davidson,Nashville,11/28/2016 5:02:00 PM,2,0,0,36.109030,-86.721380,I 24,,,,0.00,,,,,,,53.75,N,Not at Intersection, ,Non-Junction,None,,,         ,Jessie,Meadows,Rain,Front to Rear,no,no,no,no,no,False
101462288,METROPOLITAN NASHVILLE POLICE DEPT,20161055388,Davidson,Nashville,11/28/2016 5:27:00 PM,2,0,0,36.144620,-86.776920,I 65,,,,0.00,,,,,,,82.10,N,Not at Intersection, ,Non-Junction,None,,,         ,Christopher,Valdez,Rain,Front to Rear,no,no,no,no,yes,False
101462289,METROPOLITAN NASHVILLE POLICE DEPT,20161055370,Davidson,Nashville,11/28/2016 5:20:00 PM,2,0,0,36.137360,-86.699770,BRILEY PKWY,,,,68.00,Feet,North,GLASTONBURY RD,,,,0.00,N,Not at Intersection, ,,None,,,         ,Thomas,Barnes,,,no,no,no,no,no,False
101462290,METROPOLITAN NASHVILLE POLICE DEPT,20161055398,Davidson,Nashville,11/28/2016 5:29:00 PM,2,0,0,36.157320,-86.802710,CHARLOTTE AV,,,,0.00,,,JO JOHNSTON AV,,,,0.00,Y,T-Intersection,N,Non-Junction,None,,,         ,Michael,Brooks,Rain,"Sideswipe, Opposite Direction",no,no,no,no,yes,False
101462292,METROPOLITAN NASHVILLE POLICE DEPT,20161055242,Davidson,Nashville,11/28/2016 4:30:00 PM,3,1,0,36.208730,-86.862580,ASHLAND CITY HWY,,,,0.00,,,EATONS CREEK RD,,,,0.00,Y,T-Intersection,N,Intersection,None,,,         ,Allen,Hall,Rain,Angle,no,no,no,no,no,False
101462293,METROPOLITAN NASHVILLE POLICE DEPT,20161055289,Davidson,Nashville,11/28/2016 4:55:00 PM,2,1,0,36.083430,-86.689090,ANTIOCH PKE,,,,0.00,Feet,,EZELL PKE,,,,0.00,Y,Four-Way,Y,Intersection,None,,,         ,Peter,Vaught,Rain,Angle,no,no,no,no,yes,False
101462294,METROPOLITAN NASHVILLE POLICE DEPT,20161055308,Davidson,Nashville,11/28/2016 5:05:00 PM,2,2,0,36.072940,-86.840930,HILLSBORO PKE,,,,388.00,Feet,North,CASTLEWOOD CT,,,,0.00,N,Not at Intersection,N,Non-Junction,None,,,         ,Nicholas,Smith,Rain,Front to Rear,no,no,no,no,no,False
101462295,METROPOLITAN NASHVILLE POLICE DEPT,20161055262,Davidson,Nashville,11/28/2016 4:20:00 PM,2,0,0,36.150220,-86.780850,DIVISION ST,,,,0.00,Feet,West,9TH AVS,,,,0.00,N,Not at Intersection, ,Non-Junction,None,,,         ,Gregory,Scott,Rain,"Sideswipe, Same Direction",no,no,no,no,no,False
101462302,METROPOLITAN NASHVILLE POLICE DEPT,20161055271,Davidson,Nashville,11/28/2016 4:48:00 PM,2,0,0,36.149470,-86.757370,ROBERTSON ST,,,,46.00,Feet,West,FAIRFIELD AV,,,,0.00,N,Not at Intersection,N,Non-Junction,None,,,         ,Jonathan,Cavezza,Rain,Angle,no,no,no,no,no,False
101462306,METROPOLITAN NASHVILLE POLICE DEPT,20161055421,Davidson,Not in City Limit,11/28/2016 5:40:00 PM,1,0,0,36.358210,-86.778250,GREER RD,,,,963.00,Feet,South,GREER RD PVTDR,,,,0.00,N,Not at Intersection,N,Non-Junction,None,,,         ,Harold,Willmore IV,Rain,Not Collision with Motor Vehicle in Transport,no,no,no,no,no,False
101462308,METROPOLITAN NASHVILLE POLICE DEPT,20161055418,Davidson,Not in City Limit,11/28/2016 5:37:00 PM,2,0,0,35.991220,-86.683510,NOLENSVILLE RD,,,,7.00,Feet,North,BURKITT RD,,,,0.00,N,Not at Intersection,N,Non-Junction,None,,,         ,William,McDaniel,Rain,Front to Rear,no,no,no,no,no,False
101462314,METROPOLITAN NASHVILLE POLICE DEPT,20161055359,Davidson,Nashville,11/28/2016 5:16:00 PM,2,0,0,36.178080,-86.745630,FORREST AV,,,,0.00,,,N 14TH ST,,,,0.00,Y,Four-Way,N,Intersection,None,,,         ,Micah,Wright,Rain,Angle,no,no,no,no,no,False
101462315,METROPOLITAN NASHVILLE POLICE DEPT,20161055470,Davidson,Nashville,11/28/2016 5:35:00 PM,2,0,0,36.107550,-86.720170,I 24,,,,0.00,,,,,,,53.90,N,Not at Intersection, ,Non-Junction,None,,,         ,Jeffrey,Livingston,Rain,"Sideswipe, Same Direction",no,no,no,no,yes,False
101462316,METROPOLITAN NASHVILLE POLICE DEPT,20161055347,Davidson,Nashville,11/28/2016 3:40:00 PM,2,0,0,36.069270,-86.692170,I24 E EXT RAMP,,,,0.00,,,I 24,,,,0.00,Y,OTHER, ,Entrance/Exit Ramp Related,None,,,         ,Marcus,Darden,Rain,Front to Rear,no,no,no,no,no,False
101462318,METROPOLITAN NASHVILLE POLICE DEPT,20161055244,Davidson,Nashville,11/28/2016 4:30:00 PM,2,0,0,36.062420,-86.904400,HIGHWAY 100,,,,75.00,Feet,East,OLD HICKORY BLVD,,,,0.00,N,Not at Intersection, ,,None,,,         ,Ethan,Usherwood,,,no,no,no,no,no,False
101462320,METROPOLITAN NASHVILLE POLICE DEPT,20161055442,Davidson,Nashville,11/28/2016 6:04:00 PM,2,4,0,36.122600,-86.773240,I 65,,,,0.00,,,,,,,80.55,N,Not at Intersection,N,Non-Junction,None,,,         ,Tien,Nguyen,Rain,Front to Rear,no,no,no,no,no,False
101462321,GOODLETTSVILLE POLICE DEPT,16-41260,Davidson,Goodlettsville,11/28/2016 12:25:00 PM,2,0,0,36.307840,-86.703980,I65 N EXT RAMP,,,,0.00,,,RIVERGATE PKWY,,,,0.00,Y,T-Intersection,N,Entrance/Exit Ramp Related,None,,,         ,Charles,Hauskin,Rain,Front to Rear,no,no,no,no,no,False
101462323,METROPOLITAN NASHVILLE POLICE DEPT,20161055407,Davidson,Nashville,11/28/2016 5:35:00 PM,2,0,0,36.185990,-86.798220,I65 S EXT RAMP,,,,62.00,Feet,South,ROSA L PARKS BLVD,,,,0.00,N,Not at Intersection,N,Entrance/Exit Ramp Related,None,,,         ,Zachary,Ronan,Rain,Front to Rear,no,no,no,no,yes,False
101462326,METROPOLITAN NASHVILLE POLICE DEPT,20161055451,Davidson,Nashville,11/28/2016 5:45:00 PM,2,0,0,36.232290,-86.624730,SHUTE LN,,,,0.00,,,OLD HICKORY BLVD,,,,0.00,Y,T-Intersection,N,Intersection,None,,,         ,Tyler,Maupin,Rain,Angle,no,no,no,no,no,False
101462328,METROPOLITAN NASHVILLE POLICE DEPT,20161055094,Davidson,Nashville,11/28/2016 3:20:00 PM,2,0,0,36.217040,-86.695930,MCGAVOCK PKE,,,,150.00,Feet,East,MUSIC VALLEY DR,,,,0.00,N,Not at Intersection, ,Non-Junction,None,,,         ,Brent,Hedgcoth,Rain,Angle,no,no,no,no,no,False
101462329,METROPOLITAN NASHVILLE POLICE DEPT,20161054988,Davidson,Nashville,11/28/2016 2:40:00 PM,2,1,0,36.180970,-86.646250,DANYACREST DR,,,,120.00,Feet,West,JENRY DR,,,,0.00,N,Not at Intersection,N,Non-Junction,None,,,         ,Brent,Hedgcoth,Rain,Front to Rear,no,no,no,no,no,False
101462331,METROPOLITAN NASHVILLE POLICE DEPT,20161055452,Davidson,Nashville,11/28/2016 5:20:00 PM,2,0,0,36.040020,-86.743550,OLD HICKORY BLVD,,,,21.00,Feet,West,EDMONDSON PKE,,,,0.00,N,Not at Intersection, ,Non-Junction,None,,,         ,Edin,Plancic,Rain,HeadOn,no,no,no,no,no,False
101462333,METROPOLITAN NASHVILLE POLICE DEPT,20161055302,Davidson,Goodlettsville,11/28/2016 5:00:00 PM,2,0,0,36.334710,-86.726590,HITT LN,,,,0.00,,,BRYAN HOUSE DR,,,,0.00,Y,OTHER, ,,None,,,         ,William,Crowe,,,no,no,no,no,no,False
101462334,METROPOLITAN NASHVILLE POLICE DEPT,20161055423,Davidson,Not in City Limit,11/28/2016 5:53:00 PM,2,0,0,36.264450,-86.732280,OLD HICKORY BLVDW,,,,0.00,,,N GRAYCROFT AV,,,,0.00,Y,Four-Way,N,Intersection-Related,None,,,         ,Alfredo,Arevalo,Rain,Front to Rear,no,no,no,no,yes,False
101462337,METROPOLITAN NASHVILLE POLICE DEPT,20161055537,Davidson,Nashville,11/28/2016 6:48:00 PM,1,0,0,36.153160,-86.622890,BELL RD,,,,177.00,Feet,West,BELL RD PVTDR,,,,0.00,N,Not at Intersection, ,Non-Junction,None,,,         ,Patrick,Taylor,Rain,Not Collision with Motor Vehicle in Transport,no,no,no,no,no,False
101462342,METROPOLITAN NASHVILLE POLICE DEPT,20161055509,Davidson,Nashville,11/28/2016 5:50:00 PM,1,1,0,36.133040,-86.797200,PORTLAND AV,,,,0.00,,,18TH AVS,,,,0.00,Y,Four-Way,N,Intersection-Related,None,,,         ,Nicholas,Smith,Rain,Not Collision with Motor Vehicle in Transport,yes,no,no,no,no,False
101462345,METROPOLITAN NASHVILLE POLICE DEPT,20161055361,Davidson,Not in City Limit,11/28/2016 5:26:00 PM,1,4,0,36.061510,-86.933090,MCPHERSON DR,,,,130.00,Feet,North,HARPETH BEND DR,,,,0.00,N,Not at Intersection,N,Non-Junction,None,,,         ,Adam,Reese,Rain,Not Collision with Motor Vehicle in Transport,no,no,no,no,no,False