master_record_number,agency,agency_tracking_number,county,city,collision_date,vehicles_involved,number_injured,number_dead,latitude,longitude,roadway_name,roadway_suffix,roadway_number,roadway_local_id,distance_from_reference,miles-feet_indicator,direction_from_reference,intersection_road_name,intersection_road_name_suffix,intersection_road_number,intersection_local_id,mile_marker,intersection_indicator,intersect_type,interchange_related_indicator,relation_to_junction,work_zone_type,construction_maintenance_zone,construction_maintenance_zone_location,fatal_case_number,officer_first_name,officer_last_name,weather_condition(s),manner_of_crash,pedestrian,bicycle,scooter,parking,hitrun,mou
101462349,METROPOLITAN NASHVILLE POLICE DEPT,20161055379,Davidson,Goodlettsville,11/28/2016 12:00:00 AM,1,0,0,36.335500,-86.729770,LUCIEN RD,,,,0.00,,,CHARLESTON DR,,,,0.00,Y,OTHER, ,,None,,,         ,William,Crowe,,,no,no,no,no,no,False
101462355,METROPOLITAN NASHVILLE POLICE DEPT,20161055487,Davidson,Nashville,11/28/2016 6:25:00 PM,2,0,0,36.151340,-86.786340,I 40,,,,0.00,,,,,,,209.50,N,Not at Intersection, ,Non-Junction,None,,,         ,Brian,Woodard,Rain,Angle,no,no,no,no,no,False
101462357,METROPOLITAN NASHVILLE POLICE DEPT,20161055328,Davidson,Nashville,11/28/2016 5:12:00 PM,2,0,0,36.156800,-86.789870,I 40,,,,0.00,,,,,,,209.10,N,Not at Intersection, ,,None,,,         ,Jason,King,,,no,no,no,no,no,False
101462360,METROPOLITAN NASHVILLE POLICE DEPT,20161055522,Davidson,Antioch,11/28/2016 6:43:00 PM,2,0,0,36.052480,-86.615910,MURFREESBORO PKE,,,,0.63,Miles,North,MOUNTAIN SPRINGS RD,,,,0.00,N,Not at Intersection,N,Non-Junction,None,,,         ,Joseph,Progar,Rain,Rear to Rear,no,no,no,yes,yes,False
101462365,METROPOLITAN NASHVILLE POLICE DEPT,20161055446,Davidson,Nashville,11/28/2016 6:06:00 PM,2,1,0,36.167410,-86.779040,JAMES ROBERTSON PKWY,,,,100.00,Feet,East,3RD AVN,,,,0.00,N,Not at Intersection,N,Non-Junction,None,,,         ,Michael,Baron,Clear,Front to Rear,no,no,no,no,no,False
101462378,METROPOLITAN NASHVILLE POLICE DEPT,20161055534,Davidson,Nashville,11/28/2016 6:30:00 PM,2,1,0,36.216140,-86.604760,SHUTE LN,,,,557.00,Feet,North,LEBANON PKE,,,,0.00,N,Not at Intersection,N,Non-Junction,None,,,         ,Reuben,Hewit,Rain,Front to Rear,no,no,no,no,no,False
101462385,METROPOLITAN NASHVILLE POLICE DEPT,20161055622,Davidson,Nashville,11/28/2016 7:31:00 PM,1,1,0,36.134430,-86.723160,MURFREESBORO PKE,,,,230.00,Feet,West,PLUS PARK BLVD,,,,0.00,N,Not at Intersection,N,Non-Junction,None,,,         ,Tyler,Conrads,Rain,Not Collision with Motor Vehicle in Transport,yes,no,no,no,no,False
101462386,METROPOLITAN NASHVILLE POLICE DEPT,20161055435,Davidson,Nashville,11/28/2016 6:01:00 PM,2,0,0,36.147460,-86.744290,I 40,,,,0.00,,,,,,,212.00,N,Not at Intersection,N,Non-Junction,None,,,         ,Jonathan,Cavezza,Rain,"Sideswipe, Same Direction",no,no,no,no,no,False
101462389,METROPOLITAN NASHVILLE POLICE DEPT,20161055520,Davidson,Nashville,11/28/2016 6:20:00 PM,2,1,0,36.163380,-86.787800,10TH AVN,,,,0.00,,,CHARLOTTE AV,,,,0.00,Y,Four-Way,N,Intersection,None,,,         ,Gregory,Scott,Rain,Angle,no,no,no,no,no,False
101462391,METROPOLITAN NASHVILLE POLICE DEPT,20161055245,Davidson,Nashville,11/28/2016 4:34:00 PM,2,0,0,36.168230,-86.689410,LEBANON PKE,,,,203.00,Feet,West,BRILEY PKWY S ENT RAMP,,,,0.00,N,Not at Intersection, ,Non-Junction,None,,,         ,John,Daugherty,Rain,Front to Rear,no,no,no,no,no,False
101462392,METROPOLITAN NASHVILLE POLICE DEPT,2016105568,Davidson,Nashville,11/28/2016 6:30:00 PM,2,0,0,36.121710,-86.773530,I440 ENT RAMP,,,,0.00,Feet,East,I 65,,,,0.00,N,Not at Intersection, ,Non-Junction,None,,,         ,Tien,Nguyen,Rain,Front to Rear,no,no,no,no,no,False
101462393,METROPOLITAN NASHVILLE POLICE DEPT,20161055559,Davidson,Nashville,11/28/2016 6:10:00 PM,2,0,0,36.144580,-86.813140,WEST END AV,,,,0.00,,,29TH AVN,,,,0.00,Y,Four-Way, ,Intersection-Related,None,,,         ,Tien,Nguyen,Rain,Front to Rear,no,no,no,no,no,Campus
101462394,METROPOLITAN NASHVILLE POLICE DEPT,20161055530,Davidson,Nashville,11/28/2016 5:45:00 PM,2,0,0,36.215140,-86.601060,LEBANON PKE,,,,1000.00,Feet,West,ANDREW JACKSON PKWY,,,,0.00,N,Not at Intersection, ,Non-Junction,None,,,         ,Thomas,Barnes,Rain,Angle,no,no,no,no,no,False
101462395,METROPOLITAN NASHVILLE POLICE DEPT,20161055523,Davidson,Nashville,11/28/2016 5:10:00 PM,2,0,0,36.073360,-86.637590,MURFREESBORO PKE,,,,514.00,Feet,South,RURAL HILL RD,,,,0.00,N,Not at Intersection, ,Non-Junction,None,,,         ,Matthew,Johnson,Rain,"Sideswipe, Same Direction",no,no,no,no,no,False
101462396,METROPOLITAN NASHVILLE POLICE DEPT,20161055392,Davidson,Nashville,11/28/2016 1:34:00 PM,2,0,0,36.186770,-86.631640,CENTRAL PKE,,,,0.00,,,LEBANON PKE,,,,0.00,Y,T-Intersection, ,Intersection,None,,,         ,David,Stanley,Rain,Front to Rear,no,no,no,no,no,False
101462400,METROPOLITAN NASHVILLE POLICE DEPT,20161055574,Davidson,Nashville,11/28/2016 7:00:00 PM,1,1,0,36.045430,-86.712590,OLD HICKORY BLVD,,,,199.00,Feet,East,NOLENSVILLE PKE,,,,0.00,N,Not at Intersection,N,Non-Junction,None,,,         ,William,McDaniel,Rain,Not Collision with Motor Vehicle in Transport,yes,no,no,no,no,False
101462402,METROPOLITAN NASHVILLE POLICE DEPT,20161055544,Davidson,Nashville,11/28/2016 5:35:00 PM,2,0,0,36.185970,-86.629040,CENTRAL PKE,,,,556.00,Feet,West,STONERS BEND DR,,,,0.00,N,Not at Intersection, ,,None,,,         ,Tyler,Maupin,,,no,no,no,no,no,False
101462404,METROPOLITAN NASHVILLE POLICE DEPT,20161055351,Davidson,Nashville,11/28/2016 5:18:00 PM,2,1,0,36.142650,-86.786530,EDGEHILL AV,,,,152.00,Feet,East,12TH AVS,,,,0.00,N,Not at Intersection,N,"Driveway, Alley Access, etc",None,,,         ,Emily,Mulready,Rain,Front to Rear,no,no,no,no,no,False
101462405,METROPOLITAN NASHVILLE POLICE DEPT,2016-1055313,Davidson,Nashville,11/28/2016 5:04:00 PM,2,0,0,36.062320,-86.904630,HIGHWAY 100,,,,0.00,,,OLD HICKORY BLVD,,,,0.00,Y,T-Intersection,N,Intersection,None,,,         ,Michael,Rogers,Rain,Angle,no,no,no,no,no,False
101462406,METROPOLITAN NASHVILLE POLICE DEPT,20161055582,Davidson,Nashville,11/28/2016 6:45:00 PM,2,0,0,36.217590,-86.774920,I 65,,,,0.00,,,,,,,88.10,N,Not at Intersection, ,Non-Junction,None,,,         ,Samuel,Miller,Rain,Angle,no,no,no,no,no,False
101462407,METROPOLITAN NASHVILLE POLICE DEPT,20161055562,Davidson,Nashville,11/28/2016 6:58:00 PM,3,1,0,36.050400,-86.648080,BELL RD,,,,367.00,Feet,West,HICKORY HOLLOW TER,,,,0.00,N,Not at Intersection,N,Non-Junction,None,,,         ,Larry,Preuett,Rain,Front to Rear,no,no,no,no,yes,False
101462413,METROPOLITAN NASHVILLE POLICE DEPT,20161055243,Davidson,Nashville,11/28/2016 4:30:00 PM,2,0,0,36.031960,-86.762840,CLOVERLAND DR,,,,0.00,,,CLOVERLAND PL,,,,0.00,Y,T-Intersection,N,Non-Junction,None,,,         ,Eric,Thomas,Rain,Angle,no,no,no,no,no,False
101462414,METROPOLITAN NASHVILLE POLICE DEPT,20161055461,Davidson,Not in City Limit,11/28/2016 5:55:00 PM,2,0,0,36.256520,-86.738290,I 65,,,,0.00,,,,,,,91.70,N,Not at Intersection,N,Non-Junction,None,,,         ,Samuel,Miller,Rain,Front to Rear,no,no,no,no,yes,False
101462419,METROPOLITAN NASHVILLE POLICE DEPT,20161055607,Davidson,Nashville,11/28/2016 7:19:00 PM,2,0,0,36.122200,-86.705320,MURFREESBORO PKE,,,,200.00,Feet,West,KERMIT DR,,,,0.00,N,Not at Intersection,N,Non-Junction,None,,,         ,Mikala,Moore,Rain,Angle,no,no,no,no,yes,False
101462424,METROPOLITAN NASHVILLE POLICE DEPT,20161055636,Davidson,Nashville,11/28/2016 7:41:00 PM,2,1,0,36.229380,-86.759280,BROADMOOR DR,,,,0.00,,,DICKERSON PKE,,,,0.00,Y,Four-Way,N,Intersection,None,,,         ,Christopher,Valdez,Rain,Angle,no,no,no,no,no,False
101462425,METROPOLITAN NASHVILLE POLICE DEPT,20161055458,Davidson,Nashville,11/28/2016 4:35:00 PM,2,0,0,36.172420,-86.794810,10TH AVN,,,,0.00,Feet,West,JEFFERSON ST,,,,0.00,N,Not at Intersection, ,Non-Junction,None,,,         ,Charles,Holmes,Rain,Angle,no,no,no,no,yes,False
101462430,METROPOLITAN NASHVILLE POLICE DEPT,20161055492,Davidson,Not in City Limit,11/28/2016 6:22:00 PM,2,0,0,36.279520,-86.777600,OLD HICKORY BLVD,,,,1043.00,Feet,West,GRANDVILLE BLVD,,,,0.00,N,Not at Intersection,N,Non-Junction,None,,,         ,Samuel,Miller,Rain,Front to Rear,no,no,no,no,yes,False
101462434,BERRY HILL POLICE DEPT,16-4123,Davidson,Berry Hill,11/28/2016 5:40:00 PM,2,0,0,36.121080,-86.775220,FRANKLIN PKE,,,,0.00,,,,,,,0.00,,, ,Non-Junction,None,,,         ,John,Gleixner,Rain,Angle,no,no,no,yes,no,False
101462435,METROPOLITAN NASHVILLE POLICE DEPT,20161055467,Davidson,Nashville,11/28/2016 5:40:00 PM,2,0,0,36.160030,-86.795250,CHARLOTTE AV,,,,50.00,Feet,East,15TH AVN,,,,0.00,N,Not at Intersection,N,Non-Junction,None,,,         ,Jessica,Johnson,Rain,Angle,no,no,no,no,no,False
101462436,METROPOLITAN NASHVILLE POLICE DEPT,20161055433,Davidson,Not in City Limit,11/28/2016 5:00:00 PM,1,0,0,36.262050,-86.772000,BELLSHIRE DR,,,,170.00,Feet,West,BELLSHIRE CT,,,,0.00,N,Not at Intersection, ,Non-Junction,None,,,         ,Samuel,Miller,Rain,Not Collision with Motor Vehicle in Transport,no,no,no,no,no,False
101462439,METROPOLITAN NASHVILLE POLICE DEPT,20161055629,Davidson,Nashville,11/28/2016 7:14:00 PM,2,0,0,36.116020,-86.789620,I 440,,,,0.00,,,,,,,4.00,N,Not at Intersection, ,AccelDecelLane,None,,,         ,Emily,Mulready,Rain,"Sideswipe, Same Direction",no,no,no,no,yes,False
101462440,METROPOLITAN NASHVILLE POLICE DEPT,20161055601,Davidson,Not in City Limit,11/28/2016 7:00:00 PM,2,0,0,36.102140,-86.933950,I 40,,,,0.00,,,,,,,198.30,N,Not at Intersection,N,Non-Junction,None,,,         ,Jeremy,Huffine,Rain,Angle,no,no,no,no,yes,False
101462442,METROPOLITAN NASHVILLE POLICE DEPT,20161055374,Davidson,Nashville,11/28/2016 4:37:00 PM,2,0,0,36.144250,-86.822550,I 440,,,,0.00,,,,,,,1.05,N,Not at Intersection, ,,None,,,         ,Barrett,Teague,,,no,no,no,no,no,False
101462444,METROPOLITAN NASHVILLE POLICE DEPT,20161055664,Davidson,Nashville,11/28/2016 7:00:00 PM,2,0,0,36.048210,-86.702830,EULALA DR,,,,0.00,,,ASH GROVE DR,,,,0.00,Y,Four-Way,N,Non-Junction,None,,,         ,William,McDaniel,Rain,Angle,no,no,no,no,yes,False
101462446,METROPOLITAN NASHVILLE POLICE DEPT,20161055701,Davidson,Nashville,11/28/2016 8:00:00 PM,2,0,0,36.145120,-86.822390,I 440,,,,0.00,,,,,,,1.10,N,Not at Intersection,N,Non-Junction,None,,,         ,Ethan,Usherwood,Rain,"Sideswipe, Same Direction",no,no,no,no,yes,False
101462448,METROPOLITAN NASHVILLE POLICE DEPT,20161055371,Davidson,Nashville,11/28/2016 5:11:00 PM,2,1,0,36.235890,-86.781170,RICHMOND HILL DR,,,,0.00,,,BRICK CHURCH PKE,,,,0.00,Y,Four-Way,Y,Intersection-Related,None,,,         ,Samuel,Miller,Rain,Front to Rear,no,no,no,no,no,False
101462449,METROPOLITAN NASHVILLE POLICE DEPT,20161055673,Davidson,Nashville,11/28/2016 7:31:00 PM,2,0,0,36.158890,-86.782110,8TH AVS,,,,0.00,,,BROADWAY,,,,0.00,Y,Four-Way, ,Intersection,None,,,         ,Jason,King,Rain,"Sideswipe, Same Direction",no,no,no,no,no,False
101462451,METROPOLITAN NASHVILLE POLICE DEPT,20161055626,Davidson,Nashville,11/28/2016 5:35:00 PM,2,0,0,36.145860,-86.777560,I 65,,,,0.00,,,,,,,82.20,N,Not at Intersection, ,,None,,,         ,William,Taylor,,,no,no,no,no,no,False
101462458,METROPOLITAN NASHVILLE POLICE DEPT,20161055039,Davidson,Nashville,11/28/2016 3:07:00 PM,2,0,0,36.166510,-86.787370,ROSA L PARKS BLVD,,,,0.00,,,JAMES ROBERTSON PKWY,,,,0.00,Y,Four-Way, ,Intersection,None,,,         ,Michael,Douglas,Rain,Front to Rear,no,no,no,no,no,False
101462467,METROPOLITAN NASHVILLE POLICE DEPT,20161055306,Davidson,Not in City Limit,11/28/2016 5:25:00 PM,2,0,0,36.307420,-86.684570,GALLATIN PKEN,,,,94.00,Feet,East,NORTHSIDE MARKETPLACE PVTDR,,,,0.00,N,Not at Intersection, ,Non-Junction,None,,,         ,Samuel,Miller,Rain,Angle,no,no,no,no,no,False
101462469,METROPOLITAN NASHVILLE POLICE DEPT,20161055555,Davidson,Nashville,11/28/2016 5:50:00 PM,2,0,0,36.034430,-86.743400,FRONTIER LN,,,,50.00,Feet,East,EDMONDSON PKE,,,,0.00,N,Not at Intersection, ,,None,,,         ,Eric,Thomas,,,no,no,no,no,no,False
101462471,METROPOLITAN NASHVILLE POLICE DEPT,20161055554,Davidson,Nashville,11/28/2016 6:15:00 PM,2,0,0,36.087320,-86.692450,HARDING PL,,,,80.00,Feet,West,ANTIOCH PKE,,,,0.00,N,Not at Intersection,N,Non-Junction,None,,,         ,Brandon,Vance,Rain,Front to Rear,no,no,no,no,no,False
101462472,METROPOLITAN NASHVILLE POLICE DEPT,20161055553,Davidson,Nashville,11/28/2016 6:30:00 PM,2,1,0,36.186530,-86.632430,LEBANON PKE,,,,0.00,,,STONES RIVER RD,,,,0.00,Y,T-Intersection,N,Non-Junction,None,,,         ,David,Stanley,Rain,Front to Rear,no,no,no,no,no,False
101462473,METROPOLITAN NASHVILLE POLICE DEPT,20161055338,Davidson,Nashville,11/28/2016 12:00:00 AM,2,0,0,36.080350,-86.723300,HARDING PL,,,,0.00,,,HARDING MALL DR,,,,0.00,Y,T-Intersection, ,Non-Junction,None,,,         ,Michael,Russell,Rain,Front to Rear,no,no,no,no,no,False
101462482,METROPOLITAN NASHVILLE POLICE DEPT,20161055545,Davidson,Nashville,11/28/2016 6:44:00 PM,1,0,0,36.058880,-86.920480,HIGHWAY 100,,,,0.00,,,WILLOUGHBY WAY,,,,0.00,Y,T-Intersection,N,Intersection,None,,,         ,Barrett,Teague,Rain,Not Collision with Motor Vehicle in Transport,no,no,no,no,yes,False
101462483,METROPOLITAN NASHVILLE POLICE DEPT,20161055218,Davidson,Not in City Limit,11/28/2016 4:14:00 PM,2,1,0,36.271920,-86.684540,RIO VISTA DR,,,,0.00,,,ANDERSON LN,,,,0.00,Y,OTHER,Y,Intersection-Related,None,,,         ,Samuel,Miller,Rain,Angle,no,no,no,no,no,False
101462487,BELLE MEADE POLICE DEPT,16-0334,Davidson,Nashville,11/28/2016 12:00:00 AM,2,0,0,36.128840,-86.841500,HARDING PKE,,,,840.00,Feet,East,WOODLAWN DR,,,,0.00,N,Not at Intersection, ,,None,,,         ,Mack,Mangrum,,,no,no,no,no,no,False
101462491,METROPOLITAN NASHVILLE POLICE DEPT,20161055647,Davidson,Nashville,11/28/2016 7:45:00 PM,2,3,0,36.160710,-86.792950,I 40,,,,0.00,,,,,,,208.75,N,Not at Intersection,Y,Non-Junction,None,,,         ,Allen,Hall,Rain,Front to Rear,no,no,no,no,yes,False
101462492,METROPOLITAN NASHVILLE POLICE DEPT,20161055238,Davidson,Nashville,11/28/2016 4:26:00 PM,2,0,0,36.160250,-86.782960,ROSA L PARKS BLVD,,,,0.00,,,COMMERCE ST,,,,0.00,Y,Four-Way, ,Non-Junction,None,,,         ,Michael,Douglas,Rain,Front to Rear,no,no,no,no,no,False
101462496,METROPOLITAN NASHVILLE POLICE DEPT,2016-1055795,Davidson,Nashville,11/28/2016 6:04:00 PM,2,0,0,36.147350,-86.869100,CHARLOTTE PKE,,,,100.00,Feet,West,CROLEY DR,,,,0.00,N,Not at Intersection, ,Non-Junction,None,,,         ,Michael,Rogers,Rain,Front to Rear,no,no,no,no,no,False
101462497,METROPOLITAN NASHVILLE POLICE DEPT,2016-1055297,Davidson,Nashville,11/28/2016 5:02:00 PM,2,0,0,36.066250,-86.774230,FRANKLIN PKE,,,,25.00,Feet,South,HOGAN RD,,,,0.00,N,Not at Intersection,N,Non-Junction,None,,,         ,William,King,Rain,Front to Rear,no,no,no,no,no,False
101462498,METROPOLITAN NASHVILLE POLICE DEPT,20161055609,Davidson,Nashville,11/28/2016 7:22:00 PM,1,0,0,36.154370,-86.759780,I 40,,,,0.00,,,,,,,211.00,N,Not at Intersection,N,Non-Junction,None,,,         ,Jonathan,Cavezza,Rain,Not Collision with Motor Vehicle in Transport,no,no,no,no,no,False
101462499,METROPOLITAN NASHVILLE POLICE DEPT,20161055842,Davidson,Nashville,11/28/2016 6:01:00 PM,2,0,0,36.109910,-86.811540,HILLSBORO PKE,,,,300.00,Feet,North,CRESTMOOR RD,,,,0.00,N,Not at Intersection, ,Non-Junction,None,,,         ,Tien,Nguyen,Rain,Front to Rear,no,no,no,no,no,False
101462503,METROPOLITAN NASHVILLE POLICE DEPT,20161055581,Davidson,Nashville,11/28/2016 6:40:00 PM,2,0,0,36.058880,-86.920480,HIGHWAY 100,,,,0.00,,,WILLOUGHBY WAY,,,,0.00,Y,T-Intersection,Y,Intersection,None,,,         ,Barrett,Teague,Rain,Front to Rear,no,no,no,no,yes,False
101462506,METROPOLITAN NASHVILLE POLICE DEPT,20161055754,Davidson,Nashville,11/28/2016 8:24:00 PM,2,0,0,36.180590,-86.796350,GARFIELD ST,,,,0.00,,,ROSA L PARKS BLVD,,,,0.00,Y,Four-Way, ,Intersection,None,,,         ,Michael,Brooks,Rain,Angle,no,no,no,no,no,False
101462509,METROPOLITAN NASHVILLE POLICE DEPT,20161055803,Davidson,Nashville,11/28/2016 7:41:00 PM,1,0,0,36.143900,-86.691280,I 40,,,,0.00,,,,,,,215.20,N,Not at Intersection,N,Non-Junction,None,,,         ,Patrick,Taylor,Rain,Not Collision with Motor Vehicle in Transport,no,no,no,no,no,False
101462512,METROPOLITAN NASHVILLE POLICE DEPT,2016-1055845,Davidson,Nashville,11/28/2016 7:37:00 PM,2,0,0,36.038030,-86.784520,I65 S EXT RAMP,,,,0.00,,,OLD HICKORY BLVD,,,,0.00,Y,T-Intersection,N,Entrance/Exit Ramp Related,None,,,         ,William,King,Rain,Front to Rear,no,no,no,no,yes,False
101462513,METROPOLITAN NASHVILLE POLICE DEPT,20161055638,Davidson,Nashville,11/28/2016 7:43:00 PM,3,2,0,36.080350,-86.723300,HARDING PL,,,,0.00,,,HARDING MALL DR,,,,0.00,Y,T-Intersection,Y,Intersection,None,,,         ,Jeffrey,Livingston,Rain,Angle,no,no,no,no,no,False
101462514,METROPOLITAN NASHVILLE POLICE DEPT,20161055895,Davidson,Nashville,11/28/2016 9:20:00 PM,2,0,0,36.148360,-86.777070,I 40,,,,0.00,,,,,,,210.00,N,Not at Intersection, ,Non-Junction,None,,,         ,Emily,Mulready,Cloudy,Front to Rear,no,no,no,no,no,False
101462519,METROPOLITAN NASHVILLE POLICE DEPT,20161055722,Davidson,Nashville,11/28/2016 5:55:00 PM,2,0,0,36.120300,-86.751270,MELROSE AV,,,,0.00,,,GRANDVIEW AV,,,,0.00,Y,T-Intersection,N,Intersection-Related,None,,,         ,Conner,Harris,Rain,Angle,no,no,no,no,yes,False
101462523,METROPOLITAN NASHVILLE POLICE DEPT,20161055428,Davidson,Nashville,11/28/2016 5:50:00 PM,2,0,0,36.180220,-86.695540,BRILEY PKWYN,,,,0.00,,,,,,,0.00,,,N,Non-Junction,None,,,         ,John,Daugherty,Rain,Not Collision with Motor Vehicle in Transport,no,no,no,no,no,False
101462525,METROPOLITAN NASHVILLE POLICE DEPT,20161055767,Davidson,Nashville,11/28/2016 8:35:00 PM,1,0,0,36.217810,-86.745700,HART LN,,,,39.00,Feet,East,ELLINGTON PKWY N ENT RAMP,,,,0.00,N,Not at Intersection,N,Entrance/Exit Ramp Related,None,,,         ,Alexander,Georgeson,Rain,Not Collision with Motor Vehicle in Transport,no,no,no,no,no,False
101462534,METROPOLITAN NASHVILLE POLICE DEPT,20161055972,Davidson,Nashville,11/27/2016 5:30:00 AM,2,0,0,36.156920,-86.793730,CHURCH ST,,,,27.00,Feet,East,16TH AVN,,,,0.00,N,Not at Intersection,N,Non-Junction,None,,,         ,Eugene,Martino,Clear,Front to Rear,no,no,no,no,yes,False
101462544,METROPOLITAN NASHVILLE POLICE DEPT,20161055624,Davidson,Nashville,11/28/2016 6:53:00 PM,2,0,0,36.053540,-86.667410,HICKORY HOLLOW PKWY,,,,1501.00,Feet,East,MT VIEW RD,,,,0.00,N,Not at Intersection,N,Non-Junction,None,,,         ,Peter,Vaught,Rain,"Sideswipe, Opposite Direction",no,no,no,no,yes,False
101462549,METROPOLITAN NASHVILLE POLICE DEPT,2016-1055947,Davidson,Nashville,11/28/2016 10:40:00 PM,1,0,0,36.192820,-86.777740,I 65,,,,0.00,,,,,,,86.45,N,Not at Intersection,N,Non-Junction,None,,,         ,Anthony,Cavis,Rain,Not Collision with Motor Vehicle in Transport,no,no,no,no,no,False
101462556,METROPOLITAN NASHVILLE POLICE DEPT,20161056057,Davidson,Madison,11/28/2016 11:30:00 PM,2,0,0,36.272010,-86.684590,RIO VISTA DR,,,,0.00,,,ANDERSON LN,,,,0.00,Y,OTHER,N,Intersection,None,,,         ,Michael,Reid,Clear,Angle,no,no,no,no,no,False
101462557,METROPOLITAN NASHVILLE POLICE DEPT,20161056191,Davidson,Nashville,11/29/2016 12:28:00 AM,1,0,0,36.216980,-86.695270,MCGAVOCK PKE,,,,327.00,Feet,East,MUSIC VALLEY DR,,,,0.00,N,Not at Intersection,N,Non-Junction,None,,,         ,Curtis,Fisher,Clear,Not Collision with Motor Vehicle in Transport,no,no,no,no,no,False
101462559,METROPOLITAN NASHVILLE POLICE DEPT,2016-1056050,Davidson,Nashville,11/28/2016 11:45:00 PM,1,0,0,36.182700,-86.817600,SEIFRIED ST,,,,0.00,,,25TH AVN,,,,0.00,Y,T-Intersection,Y,Intersection,None,,,         ,Raymond,Heymann,Rain,Not Collision with Motor Vehicle in Transport,no,no,no,no,yes,False
101462569,METROPOLITAN NASHVILLE POLICE DEPT,2016-1055958,Davidson,Nashville,11/28/2016 7:50:00 PM,3,0,0,36.047850,-86.713560,NOLENSVILLE PKE,,,,344.00,Feet,South,HICKORYVIEW DR,,,,0.00,N,Not at Intersection,N,Non-Junction,None,,,         ,David,Barras,Rain,Angle,no,no,no,no,yes,False
101462581,METROPOLITAN NASHVILLE POLICE DEPT,20161056379,Davidson,Madison,11/29/2016 1:55:00 AM,1,0,0,36.272900,-86.699770,ANDERSON LN,,,,357.00,Feet,East,BECKLEA DR,,,,0.00,N,Not at Intersection, ,Non-Junction,None,,,         ,Michael,Reid,Clear,Not Collision with Motor Vehicle in Transport,no,no,no,no,no,False
101462584,METROPOLITAN NASHVILLE POLICE DEPT,20161055967,Davidson,Not in City Limit,11/28/2016 10:20:00 PM,1,1,0,36.020410,-86.627480,I 24,,,,0.00,,,,,,,62.00,N,Not at Intersection,N,Non-Junction,None,,,         ,William,Coy,Rain,Not Collision with Motor Vehicle in Transport,no,no,no,no,no,False
101462595,METROPOLITAN NASHVILLE POLICE DEPT,20161056002,Davidson,Nashville,11/28/2016 11:05:00 PM,2,0,0,36.069950,-86.685690,HAYWOOD LN,,,,19.00,Feet,West,BAKERTOWN RD,,,,0.00,N,Not at Intersection,N,Non-Junction,None,,,         ,William,Williams,Clear,Front to Rear,no,no,no,no,no,False
101462598,METROPOLITAN NASHVILLE POLICE DEPT,20161056445,Davidson,Nashville,11/29/2016 2:20:00 AM,1,1,0,36.031960,-86.762840,CLOVERLAND DR,,,,0.00,,,,,,,0.00,,,N,Non-Junction,None,,,         ,Joshua,Dickall,Rain,Not Collision with Motor Vehicle in Transport,no,no,no,no,no,False
101462603,METROPOLITAN NASHVILLE POLICE DEPT,20161056671,Davidson,Nashville,11/29/2016 4:24:00 AM,1,0,0,36.070140,-86.685690,BAKERTOWN RD,,,,67.00,Feet,North,HAYWOOD LN,,,,0.00,N,Not at Intersection,N,OtherLocation,None,,,         ,William,Williams,Clear,Not Collision with Motor Vehicle in Transport,no,no,no,no,no,False
101462605,METROPOLITAN NASHVILLE POLICE DEPT,20161056406,Davidson,Nashville,11/29/2016 2:10:00 AM,1,0,0,36.175520,-86.770930,I24 W ENT RAMP,,,,0.00,Feet,East,I 24,,,,0.00,N,Not at Intersection,N,Entrance/Exit Ramp Related,None,,,         ,Audrean,Manquero,Clear,Not Collision with Motor Vehicle in Transport,no,no,no,no,no,False
101462624,METROPOLITAN NASHVILLE POLICE DEPT,20161056906,Davidson,Not in City Limit,11/29/2016 5:45:00 AM,2,0,0,36.281300,-86.804440,I 24,,,,0.00,,,,,,,40.20,N,Not at Intersection, ,Non-Junction,None,,,         ,Matthew,Lachance,Clear,Front to Rear,no,no,no,no,no,False
101462633,METROPOLITAN NASHVILLE POLICE DEPT,20161056912,Davidson,Nashville,11/29/2016 5:59:00 AM,2,2,0,36.074480,-86.638650,MURFREESBORO PKE,,,,0.00,,,RURAL HILL RD,,,,0.00,Y,Four-Way,N,Intersection,None,,,         ,Daniel,Garrett,Clear,Angle,no,no,no,no,no,False
101462639,METROPOLITAN NASHVILLE POLICE DEPT,20161057001,Davidson,Nashville,11/29/2016 7:00:00 AM,2,0,0,36.063020,-86.916880,OLD HICKORY BLVD,,,,43.00,Feet,South,BELLEVUE RD,,,,0.00,N,Not at Intersection, ,Non-Junction,None,,,         ,Curtis,Rich,Cloudy,Angle,no,no,no,no,no,False
101462642,METROPOLITAN NASHVILLE POLICE DEPT,20161057027,Davidson,Nashville,11/29/2016 7:00:00 AM,2,0,0,36.158750,-86.641240,STEWARTS FERRY PKE,,,,184.00,Feet,West,HICKORY PL,,,,0.00,N,Not at Intersection,N,Non-Junction,None,,,         ,Larry,Benz,Clear,"Sideswipe, Opposite Direction",no,no,no,no,yes,False
101462644,METROPOLITAN NASHVILLE POLICE DEPT,20161056990,Davidson,Nashville,11/29/2016 6:49:00 AM,2,0,0,36.194280,-86.832200,CLARKSVILLE PKE,,,,368.00,Feet,West,BUENA VISTA PKE,,,,0.00,N,Not at Intersection, ,"Driveway, Alley Access, etc",None,,,         ,Michael,Parman,Cloudy,Angle,no,no,no,no,no,False