master_record_number,agency,agency_tracking_number,county,city,collision_date,vehicles_involved,number_injured,number_dead,latitude,longitude,roadway_name,roadway_suffix,roadway_number,roadway_local_id,distance_from_reference,miles-feet_indicator,direction_from_reference,intersection_road_name,intersection_road_name_suffix,intersection_road_number,intersection_local_id,mile_marker,intersection_indicator,intersect_type,interchange_related_indicator,relation_to_junction,work_zone_type,construction_maintenance_zone,construction_maintenance_zone_location,fatal_case_number,officer_first_name,officer_last_name,weather_condition(s),manner_of_crash,pedestrian,bicycle,scooter,parking,hitrun,mou
101464777,METROPOLITAN NASHVILLE POLICE DEPT,20161065036,Davidson,Nashville,12/1/2016 2:30:00 PM,2,0,0,36.177910,-86.773430,I24 E ENT RAMP,,,,0.00,,,I 24,,,,0.00,Y,OTHER,N,Non-Junction,None,,,         ,Kendra,Cowper,Clear,"Sideswipe, Same Direction",no,no,no,no,yes,False
101464780,THP District 3 - Nashville,316065962,Davidson,Nashville,11/29/2016 3:43:00 PM,2,0,0,36.143620,-86.813240,29TH AVS,,,,325.00,Feet,South,WEST END AV,,,,0.00,N,Not at Intersection, ,Non-Junction,None,,,         ,Travis,Plotzer,Clear,Angle,no,no,no,yes,yes,Campus
101464785,METROPOLITAN NASHVILLE POLICE DEPT,20161065145,Davidson,Nashville,12/1/2016 3:00:00 PM,2,0,0,36.117110,-86.791550,GALE LN,,,,0.00,,,GRANNY WHITE PKE,,,,0.00,Y,Four-Way, ,Intersection,None,,,         ,Jonathan,Frith,,Angle,no,no,no,no,no,False
101464800,METROPOLITAN NASHVILLE POLICE DEPT,20161065212,Davidson,Nashville,12/1/2016 3:38:00 PM,2,0,0,36.040120,-86.744490,OLD HICKORY BLVD,,,,302.00,Feet,West,EDMONDSON PKE,,,,0.00,N,Not at Intersection, ,Non-Junction,None,,,         ,Charles,Griffin,Clear,Front to Rear,no,no,no,no,yes,False
101464818,METROPOLITAN NASHVILLE POLICE DEPT,2016-1064620,Davidson,Not in City Limit,12/1/2016 11:31:00 AM,1,0,0,36.010300,-86.607250,J.P. HENNESSY,DR,,,571.00,Feet,East,FIRESTONE,PKWY,,,0.00,N,Not at Intersection,N,Non-Junction,None,,,         ,William,Whitworth,Clear,Not Collision with Motor Vehicle in Transport,no,no,no,no,no,False
101464824,METROPOLITAN NASHVILLE POLICE DEPT,20161065113,Davidson,Nashville,12/1/2016 12:00:00 AM,2,0,0,36.162920,-86.761410,I 24,,,,0.00,,,,,,,49.30,N,Not at Intersection, ,Non-Junction,None,,,         ,Gordon,Stovall,Clear,Front to Rear,no,no,no,no,no,False
101464827,METROPOLITAN NASHVILLE POLICE DEPT,20161065170,Davidson,Not in City Limit,12/1/2016 3:31:00 PM,2,0,0,36.308610,-86.681540,GALLATIN PKEN,,,,0.00,,,RIVERCHASE BLVD,,,,0.00,Y,Four-Way, ,Intersection,None,,,         ,Joel,Callies,Clear,"Sideswipe, Same Direction",no,no,no,no,no,False
101464828,METROPOLITAN NASHVILLE POLICE DEPT,20161065284,Davidson,Not in City Limit,12/1/2016 4:13:00 PM,1,0,0,36.046290,-86.946040,HIGHWAY 100,,,,847.00,Feet,North,CLAXTON CT,,,,0.00,N,Not at Intersection, ,Non-Junction,None,,,         ,Walter,Gray II,Clear,Not Collision with Motor Vehicle in Transport,no,no,no,no,no,False
101464829,METROPOLITAN NASHVILLE POLICE DEPT,20161065189,Davidson,Nashville,12/1/2016 3:20:00 PM,3,1,0,36.151240,-86.769570,LAFAYETTE ST,,,,42.00,Feet,West,I40 W EXT RAMP,,,,0.00,N,Not at Intersection,N,Non-Junction,None,,,         ,Pedro,Rivera Chaparro,Clear,Front to Rear,no,no,no,no,no,False
101464831,METROPOLITAN NASHVILLE POLICE DEPT,20161065246,Davidson,Nashville,12/1/2016 4:04:00 PM,3,1,0,36.160980,-86.620570,I 40,,,,0.00,,,,,,,219.60,N,Not at Intersection,N,Non-Junction,None,,,         ,Mikala,Moore,Clear,Front to Rear,no,no,no,no,no,False
101464833,METROPOLITAN NASHVILLE POLICE DEPT,20161065285,Davidson,Nashville,12/1/2016 4:00:00 PM,1,1,0,36.092810,-86.678860,HARDING PL,,,,0.00,,,DONELSON PKE,,,,0.00,Y,T-Intersection,N,Intersection,None,,,         ,Candice,Soper,Clear,Not Collision with Motor Vehicle in Transport,no,no,no,no,no,False
101464836,METROPOLITAN NASHVILLE POLICE DEPT,20161065048,Davidson,Nashville,12/1/2016 2:49:00 PM,2,1,0,36.248710,-86.715240,E PALESTINE AV,,,,0.00,,,,,,,0.00,,,N,OtherLocation,None,,,         ,Christopher,Kelly,Clear,Rear to Rear,no,no,no,no,no,False
101464848,METROPOLITAN NASHVILLE POLICE DEPT,20161065155,Davidson,Nashville,12/1/2016 4:26:00 PM,3,0,0,36.137960,-86.729690,MURFREESBORO PKE,,,,49.00,Feet,East,CRUTCHFIELD AV,,,,0.00,N,Not at Intersection,N,Non-Junction,None,,,         ,Jessie,Meadows,Clear,Angle,no,no,no,no,no,False
101464854,METROPOLITAN NASHVILLE POLICE DEPT,20161065276,Davidson,Nashville,12/1/2016 4:12:00 PM,2,0,0,36.111450,-86.758100,THOMPSON LN,,,,28.00,Feet,West,KRAFT DR,,,,0.00,N,Not at Intersection,N,Non-Junction,None,,,         ,Edin,Plancic,Clear,Front to Rear,no,no,no,no,no,False
101464855,METROPOLITAN NASHVILLE POLICE DEPT,2016-1064865,Davidson,Antioch,12/1/2016 1:24:00 PM,2,0,0,0.000000,0.000000,MURFREESBORO,PIKE,US70 S,,0.00,,,HOBSON,PIKE,SR171,,0.00,Y,Four-Way,N,Intersection,None,,,         ,William,Whitworth,Clear,Angle,no,no,no,no,no,False
101464858,METROPOLITAN NASHVILLE POLICE DEPT,20161065261,Davidson,Goodlettsville,12/1/2016 3:55:00 PM,2,0,0,36.302750,-86.691850,GALLATIN PKEN,,,,0.00,,,CONFERENCE DR,,,,0.00,Y,Four-Way,Y,Intersection-Related,None,,,         ,Samuel,Miller,Clear,Angle,no,no,no,no,no,False
101464861,METROPOLITAN NASHVILLE POLICE DEPT,20161065269,Davidson,Nashville,12/1/2016 4:09:00 PM,2,0,0,36.088490,-86.693050,ANTIOCH PKE,,,,379.00,Feet,South,CANDY LN,,,,0.00,N,Not at Intersection, ,Non-Junction,None,,,         ,Alyson,Cook,Clear,Angle,no,no,no,no,no,False
101464866,GOODLETTSVILLE POLICE DEPT,16-41681,Davidson,Goodlettsville,12/1/2016 4:37:00 PM,2,0,0,36.324990,-86.701660,CONFERENCE DR,,,,54.00,Feet,South,LONG HOLLOW PKE,,,,0.00,N,Not at Intersection,N,Non-Junction,None,,,         ,Rico,Jones,Clear,Front to Rear,no,no,no,no,no,False
101464870,METROPOLITAN NASHVILLE POLICE DEPT,20161065323,Davidson,Nashville,12/1/2016 4:26:00 PM,4,0,0,36.040280,-86.768370,OLD HICKORY BLVD,,,,0.00,Feet,East,SEVEN SPRINGS WAY,,,,0.00,N,Not at Intersection, ,Non-Junction,None,,,         ,Jacob,Masteller,Clear,Front to Rear,no,no,no,no,no,False
101464877,METROPOLITAN NASHVILLE POLICE DEPT,20161065279,Davidson,Nashville,12/1/2016 4:00:00 PM,2,0,0,36.236340,-86.773820,MOOREWOOD DR,,,,248.00,Feet,South,CRISLYNNDALE DR,,,,0.00,N,Not at Intersection, ,Non-Junction,None,,,         ,Jerry,Pirtle,Clear,Rear to Side,no,no,no,no,no,False
101464881,METROPOLITAN NASHVILLE POLICE DEPT,20161065354,Davidson,Nashville,12/1/2016 4:34:00 PM,2,1,0,36.142790,-86.787590,EDGEHILL AV,,,,166.00,Feet,West,12TH AVS,,,,0.00,N,Not at Intersection,N,Non-Junction,None,,,         ,Phillip,Murphy,Clear,Angle,no,no,no,no,no,False
101464888,METROPOLITAN NASHVILLE POLICE DEPT,20161065335,Davidson,Nashville,12/1/2016 4:33:00 PM,2,1,0,36.048990,-86.716280,HICKORYVIEW DR,,,,0.00,,,HICKORY PLZ,,,,0.00,Y,Four-Way,N,Intersection,None,,,         ,Charles,Griffin,Clear,Angle,no,no,no,no,no,False
101464889,METROPOLITAN NASHVILLE POLICE DEPT,20161065429,Davidson,Nashville,12/1/2016 5:05:00 PM,2,0,0,36.162380,-86.760930,I 24,,,,0.00,,,,,,,49.30,N,Not at Intersection, ,,None,,,         ,Whitney,Arnold,,,no,no,no,no,no,False
101464901,METROPOLITAN NASHVILLE POLICE DEPT,20161065456,Davidson,Nashville,12/1/2016 5:18:00 PM,2,0,0,36.170020,-86.807390,I 40,,,,0.00,,,,,,,207.25,N,Not at Intersection,N,Non-Junction,None,,,         ,Michael,Brooks,Clear,Front to Rear,no,no,no,no,yes,False
101464902,METROPOLITAN NASHVILLE POLICE DEPT,20161065437,Davidson,Nashville,12/1/2016 5:00:00 PM,2,0,0,36.064400,-86.771240,I 65,,,,0.00,,,,,,,76.55,N,Not at Intersection, ,Non-Junction,None,,,         ,Tien,Nguyen,Clear,Front to Rear,no,no,no,no,no,False
101464903,METROPOLITAN NASHVILLE POLICE DEPT,20161065558,Davidson,Nashville,12/1/2016 5:55:00 PM,2,0,0,36.071650,-86.769510,I 65,,,,0.00,,,,,,,77.05,N,Not at Intersection, ,Non-Junction,None,,,         ,Tien,Nguyen,Clear,Front to Rear,no,no,no,no,no,False
101464915,METROPOLITAN NASHVILLE POLICE DEPT,20161065607,Davidson,Nashville,12/1/2016 4:56:00 PM,2,0,0,36.183350,-86.748570,GALLATIN AV,,,,0.00,,,W EASTLAND AV,,,,0.00,Y,Four-Way, ,Intersection,None,,,         ,Whitney,Arnold,Clear,Angle,no,no,no,no,no,False
101464918,METROPOLITAN NASHVILLE POLICE DEPT,20161065449,Davidson,Nashville,12/1/2016 5:00:00 PM,2,0,0,36.147210,-86.743620,I 40,,,,0.00,,,,,,,212.00,N,Not at Intersection, ,,None,,,         ,Brent,Hedgcoth,,,no,no,no,no,no,False
101464921,METROPOLITAN NASHVILLE POLICE DEPT,20161065419,Davidson,Nashville,12/1/2016 5:05:00 PM,2,0,0,36.168020,-86.765610,I24 W ENT RAMP,,,,0.00,Feet,East,I 24,,,,0.00,N,Not at Intersection,N,Non-Junction,None,,,         ,Cressie,Prill,Clear,Front to Rear,no,no,no,no,no,False
101464925,METROPOLITAN NASHVILLE POLICE DEPT,20161065439,Davidson,Nashville,12/1/2016 5:05:00 PM,2,0,0,36.142560,-86.682530,I 40,,,,0.00,,,,,,,215.70,N,Not at Intersection, ,,None,,,         ,Tyler,Maupin,,,no,no,no,no,no,False
101464926,METROPOLITAN NASHVILLE POLICE DEPT,20161065540,Davidson,Nashville,12/1/2016 5:45:00 PM,2,1,0,36.128950,-86.772800,I 65,,,,0.00,,,,,,,81.00,N,Not at Intersection,N,Non-Junction,None,,,         ,Eric,Burford,Clear,Front to Rear,no,no,no,no,no,False
101464932,METROPOLITAN NASHVILLE POLICE DEPT,20161065539,Davidson,Nashville,12/1/2016 6:23:00 PM,2,0,0,36.110840,-86.713630,BRILEY PKWYN,,,,101.00,Feet,South,BRILEY PKWYS,,,,0.00,N,Not at Intersection, ,Non-Junction,None,,,         ,Jessie,Meadows,Clear,"Sideswipe, Same Direction",no,no,no,no,no,False
101464935,METROPOLITAN NASHVILLE POLICE DEPT,20161065559,Davidson,Nashville,12/1/2016 6:00:00 PM,2,0,0,36.131180,-86.664710,DONELSON PKE,,,,730.00,Feet,South,DONELSON PKE S ENT RAMP,,,,0.00,N,Not at Intersection,N,Non-Junction,None,,,         ,Marcus,Mitchell,Clear,Front to Rear,no,no,no,no,no,False
101464941,METROPOLITAN NASHVILLE POLICE DEPT,20161065409,Davidson,Nashville,12/1/2016 5:02:00 PM,2,0,0,36.155330,-86.789070,I 40,,,,0.00,,,,,,,209.20,N,Not at Intersection, ,Non-Junction,None,,,         ,Maria,Cortez,Clear,Angle,no,no,no,no,no,False
101464950,METROPOLITAN NASHVILLE POLICE DEPT,20161065674,Davidson,Nashville,12/1/2016 6:38:00 PM,2,2,0,36.205720,-86.778010,BRICK CHURCH PKE,,,,0.00,,,I65 S ENT RAMP,,,,0.00,Y,OTHER,N,Entrance/Exit Ramp Related,None,,,         ,Michael,Brooks,Clear,Angle,no,no,no,no,yes,False
101464958,METROPOLITAN NASHVILLE POLICE DEPT,20161065624,Davidson,Nashville,12/1/2016 6:17:00 PM,2,1,0,36.155010,-86.627110,I40 E EXT RAMP,,,,0.00,,,I 40,,,,0.00,Y,Four-Way,Y,Entrance/Exit Ramp Related,None,,,         ,Jonathan,Cavezza,Clear,Front to Rear,no,no,no,no,no,False
101464960,METROPOLITAN NASHVILLE POLICE DEPT,2016-1065669,Davidson,Nashville,12/1/2016 6:30:00 PM,1,2,0,36.055460,-86.900990,OLD HICKORY BLVD,,,,882.00,Feet,West,GAUCHO ROAD PVTDR,,,,0.00,N,Not at Intersection,N,Non-Junction,None,,,         ,Ryan,Allen,Clear,Not Collision with Motor Vehicle in Transport,no,no,no,no,no,False
101464964,METROPOLITAN NASHVILLE POLICE DEPT,20161065553,Davidson,Nashville,12/1/2016 5:23:00 PM,2,0,0,36.148640,-86.781630,I 40,,,,0.00,,,,,,,209.75,N,Not at Intersection, ,,None,,,         ,Edin,Plancic,,,no,no,no,no,no,False
101464973,METROPOLITAN NASHVILLE POLICE DEPT,20161065724,Davidson,Nashville,12/1/2016 4:35:00 PM,2,1,0,36.054460,-86.740980,MCMURRAY DR,,,,510.00,Feet,West,WHITAKER DR,,,,0.00,N,Not at Intersection,N,Non-Junction,None,,,         ,Tien,Nguyen,Clear,Angle,no,no,no,no,no,False
101464982,METROPOLITAN NASHVILLE POLICE DEPT,20161065675,Davidson,Nashville,12/1/2016 6:38:00 PM,2,1,0,36.143220,-86.704370,I 40,,,,0.00,,,,,,,214.50,N,Not at Intersection,N,Non-Junction,None,,,         ,Jaby,Djabbarov,Clear,Front to Rear,no,no,no,no,no,False
101464983,METROPOLITAN NASHVILLE POLICE DEPT,20161065593,Davidson,Nashville,12/1/2016 5:50:00 PM,2,0,0,36.149060,-86.857910,WHITE BRIDGE PKE,,,,232.00,Feet,North,LENOX AV,,,,0.00,N,Not at Intersection, ,"Driveway, Alley Access, etc",None,,,         ,Benny,Pittman,Clear,Angle,no,no,no,no,no,False
101464993,METROPOLITAN NASHVILLE POLICE DEPT,20161065732,Davidson,Nashville,12/1/2016 6:00:00 PM,2,1,0,36.173120,-86.601280,CENTRAL PKE,,,,122.00,Feet,West,BURNING TREE DR,,,,0.00,N,Not at Intersection,N,OtherLocation,None,,,         ,Christopher,Mackey,Clear,Front to Rear,no,no,no,no,no,False
101465006,METROPOLITAN NASHVILLE POLICE DEPT,20161065645,Davidson,Nashville,12/1/2016 6:27:00 PM,2,0,0,36.148560,-86.781290,I 40,,,,0.00,,,,,,,209.75,N,Not at Intersection, ,Non-Junction,None,,,         ,Akira,McSwain,Clear,Front to Rear,no,no,no,no,no,False
101465008,METROPOLITAN NASHVILLE POLICE DEPT,20161065542,Davidson,Nashville,12/1/2016 5:53:00 PM,4,3,0,36.051860,-86.670460,I 24,,,,0.00,,,,,,,58.65,N,Not at Intersection,N,Non-Junction,None,,,         ,Alyson,Cook,Clear,Front to Rear,no,no,no,no,no,False
101465011,METROPOLITAN NASHVILLE POLICE DEPT,20161065856,Davidson,Nashville,12/1/2016 5:47:00 PM,2,0,0,36.058630,-86.773120,I 65,,,,0.00,,,,,,,75.15,N,Not at Intersection,N,Non-Junction,None,,,         ,Tien,Nguyen,Clear,"Sideswipe, Same Direction",no,no,no,no,no,False
101465014,METROPOLITAN NASHVILLE POLICE DEPT,20161065681,Davidson,Nashville,12/1/2016 5:59:00 PM,2,0,0,36.173050,-86.764780,MAIN ST,,,,183.00,Feet,East,SPRING ST,,,,0.00,N,Not at Intersection, ,Non-Junction,None,,,         ,Amanda,Fox,Clear,"Sideswipe, Same Direction",no,no,no,no,no,False
101465017,METROPOLITAN NASHVILLE POLICE DEPT,20161065599,Davidson,Nashville,12/1/2016 6:07:00 PM,2,0,0,36.252050,-86.740090,I 65,,,,0.00,,,,,,,91.35,N,Not at Intersection,N,Non-Junction,None,,,         ,Samuel,Miller,Clear,Front to Rear,no,no,no,no,no,False
101465018,METROPOLITAN NASHVILLE POLICE DEPT,20161065695,Davidson,Goodlettsville,12/1/2016 6:30:00 PM,2,0,0,36.292260,-86.720410,I 65,,,,0.00,,,,,,,94.40,N,Not at Intersection, ,Non-Junction,None,,,         ,Samuel,Miller,Clear,Angle,no,no,no,no,no,False
101465019,METROPOLITAN NASHVILLE POLICE DEPT,20161065685,Davidson,Nashville,12/1/2016 6:45:00 PM,2,2,0,36.131580,-86.726930,I24E,,,,473.00,Feet,North,I24 W ENT RAMP,,,,0.00,N,Not at Intersection,N,Non-Junction,None,,,         ,Alyson,Cook,Clear,Front to Rear,no,no,no,no,no,False
101465032,METROPOLITAN NASHVILLE POLICE DEPT,20161065840,Davidson,Nashville,12/1/2016 6:53:00 PM,2,0,0,36.122060,-86.807130,I440 E ENT RAMP,,,,0.00,Feet,East,I 440,,,,0.00,N,Not at Intersection,N,Non-Junction,None,,,         ,Edin,Plancic,Clear,Angle,no,no,no,no,no,False
101465037,METROPOLITAN NASHVILLE POLICE DEPT,20161065737,Davidson,Nashville,12/1/2016 7:10:00 PM,3,0,0,36.115420,-86.825810,WOODMONT BLVD,,,,247.00,Feet,East,BOWLING AV,,,,0.00,N,Not at Intersection,N,Non-Junction,None,,,         ,Ethan,Usherwood,Clear,Front to Rear,no,no,no,no,no,False
101465038,METROPOLITAN NASHVILLE POLICE DEPT,20161058781,Davidson,Nashville,11/29/2016 5:17:00 PM,2,0,0,36.157300,-86.708090,LEBANON PKE,,,,297.00,Feet,West,GAYLAND CT,,,,0.00,N,Not at Intersection, ,Non-Junction,None,,,         ,John,Daugherty,Clear,Angle,no,no,no,no,no,False
101465039,METROPOLITAN NASHVILLE POLICE DEPT,20161058718,Davidson,Nashville,11/29/2016 5:51:00 PM,2,0,0,36.142460,-86.708970,I 40,,,,0.00,,,,,,,214.25,N,Not at Intersection, ,Non-Junction,None,,,         ,John,Daugherty,Clear,Front to Rear,no,no,no,no,no,False
101465046,METROPOLITAN NASHVILLE POLICE DEPT,20161065811,Davidson,Nashville,12/1/2016 7:25:00 PM,2,0,0,36.084200,-86.698800,I 24,,,,0.00,,,,,,,55.90,N,Not at Intersection, ,Non-Junction,None,,,         ,Andrew,Mullen,Clear,Front to Rear,no,no,no,no,no,False
101465048,METROPOLITAN NASHVILLE POLICE DEPT,20161065693,Davidson,Nashville,12/1/2016 6:30:00 PM,2,0,0,36.188520,-86.775420,I65 S ENT RAMP,,,,0.00,,,I 24,,,,0.00,Y,OTHER,Y,Non-Junction,None,,,         ,Alexander,Georgeson,Clear,"Sideswipe, Same Direction",no,no,no,no,yes,False
101465049,METROPOLITAN NASHVILLE POLICE DEPT,20161065816,Davidson,Nashville,12/1/2016 6:44:00 PM,2,0,0,36.214640,-86.699180,AUTOMATED COLLECTION SERVICES,,,,0.00,,,,,,,0.00,,, ,Non-Junction,None,,,         ,Brian,Smith,Clear,Angle,no,no,no,yes,no,False
101465052,METROPOLITAN NASHVILLE POLICE DEPT,20161065935,Davidson,Nashville,12/1/2016 8:18:00 PM,2,0,0,36.175870,-86.786860,4TH AVN,,,,27.00,Feet,North,MADISON ST,,,,0.00,N,Not at Intersection,N,Non-Junction,None,,,         ,Michael,Brooks,Clear,"Sideswipe, Same Direction",no,no,no,no,yes,False
101465053,METROPOLITAN NASHVILLE POLICE DEPT,20161065777,Davidson,Nashville,12/1/2016 7:12:00 PM,2,0,0,36.124740,-86.735180,I 440,,,,0.00,,,,,,,7.10,N,Not at Intersection, ,Non-Junction,None,,,         ,Alyson,Cook,Clear,Front to Rear,no,no,no,no,no,False
101465055,METROPOLITAN NASHVILLE POLICE DEPT,20161065547,Davidson,Nashville,12/1/2016 5:15:00 PM,3,0,0,36.090020,-86.809930,HARDING PL,,,,0.00,,,SHYS HILL RD,,,,0.00,Y,Four-Way,N,Non-Junction,None,,,         ,Jonathan,Frith,Clear,Front to Rear,no,no,no,no,yes,False
101465057,METROPOLITAN NASHVILLE POLICE DEPT,20161065932,Davidson,Nashville,12/1/2016 8:10:00 PM,2,0,0,36.158800,-86.792330,14TH AVN,,,,50.00,Feet,South,I40 E EXT RAMP,,,,0.00,N,Not at Intersection, ,Non-Junction,None,,,         ,Eric,Burford,Clear,Front to Rear,no,no,no,no,no,False
101465090,METROPOLITAN NASHVILLE POLICE DEPT,20161066092,Davidson,Nashville,12/1/2016 9:00:00 PM,2,0,0,36.161300,-86.784520,9TH AVN,,,,0.00,,,CHURCH ST,,,,0.00,Y,Four-Way,N,Intersection,None,,,         ,Kendra,Cowper,Clear,Angle,no,no,no,no,yes,False
101465101,METROPOLITAN NASHVILLE POLICE DEPT,20161066066,Davidson,Nashville,12/1/2016 9:08:00 PM,2,0,0,36.166110,-86.612310,I 40,,,,0.00,,,,,,,220.20,N,Not at Intersection,N,Non-Junction,None,,,         ,Noah,Melton,Clear,Not Collision with Motor Vehicle in Transport,no,no,no,no,no,False
101465118,METROPOLITAN NASHVILLE POLICE DEPT,20161066130,Davidson,Not in City Limit,12/1/2016 8:32:00 PM,2,0,0,36.263320,-86.714500,OLD HICKORY BLVDW,,,,0.00,,,DOUGLAS ST,,,,0.00,Y,T-Intersection,N,Intersection-Related,None,,,         ,Christopher,Kelly,Clear,Front to Rear,no,no,no,no,yes,False
101465124,METROPOLITAN NASHVILLE POLICE DEPT,20161066235,Davidson,Nashville,12/1/2016 9:39:00 PM,2,0,0,36.047900,-86.653130,HICKORY HOLLOW LN,,,,652.00,Feet,South,BELL RD,,,,0.00,N,Not at Intersection,N,Non-Junction,None,,,         ,Tamara,Zurawski,Clear,Angle,no,no,no,no,yes,False
101465132,METROPOLITAN NASHVILLE POLICE DEPT,20161065955,Davidson,Nashville,12/1/2016 8:24:00 PM,2,0,0,36.154270,-86.792890,BROADWAY,,,,0.00,,,16TH AVN,,,,0.00,Y,Four-Way,N,Intersection-Related,None,,,         ,Maria,Cortez,Clear,Front to Rear,no,no,no,no,no,False
101465133,METROPOLITAN NASHVILLE POLICE DEPT,20161065987,Davidson,Nashville,12/1/2016 8:35:00 PM,2,2,0,36.162740,-86.793610,I 40,,,,0.00,,,,,,,208.60,N,Not at Intersection,N,Non-Junction,None,,,         ,Andy,Esqueda,Clear,Front to Rear,no,no,no,no,no,False
101465139,METROPOLITAN NASHVILLE POLICE DEPT,20161065787,Davidson,Nashville,12/1/2016 12:00:00 AM,3,3,0,36.206280,-86.773510,I65 N ENT RAMP,,,,0.00,Feet,,W TRINITY LN,,,,0.00,Y,T-Intersection,Y,Intersection,None,,,         ,Gordon,Stovall,Clear,Front to Rear,no,no,no,no,yes,False
101465147,METROPOLITAN NASHVILLE POLICE DEPT,20161065871,Davidson,Nashville,12/1/2016 8:01:00 PM,4,2,0,36.083560,-86.707750,HARDING PL,,,,292.00,Feet,West,LARGO DR,,,,0.00,N,Not at Intersection,N,Non-Junction,None,,,         ,William,Durham,Clear,Front to Rear,no,no,no,no,no,False
101465154,METROPOLITAN NASHVILLE POLICE DEPT,20161066410,Davidson,Nashville,12/1/2016 11:30:00 PM,2,0,0,36.224110,-86.725640,RIVERWOOD DR,,,,0.00,,,GALLATIN PKE,,,,0.00,Y,Four-Way, ,Intersection,None,,,         ,Edward,Conrads,Clear,"Sideswipe, Opposite Direction",no,no,no,no,no,False
101465155,METROPOLITAN NASHVILLE POLICE DEPT,20161066318,Davidson,Old Hickory,12/1/2016 12:00:00 AM,1,0,0,36.265180,-86.663790,ROBINSON RD,,,,136.00,Feet,South,INDUSTRIAL DR PVTDR,,,,0.00,N,Not at Intersection,N,Non-Junction,None,,,         ,Sean,Wuethrich,Clear,Unknown,no,no,no,no,yes,False
101465160,METROPOLITAN NASHVILLE POLICE DEPT,20161066297,Davidson,Not in City Limit,12/1/2016 10:20:00 PM,2,0,0,36.279360,-86.708850,ONE MILE PKWY,,,,7.00,Feet,West,GALLATIN PKEN,,,,0.00,N,Not at Intersection,Y,Non-Junction,None,,,         ,Michael,Richardson,Clear,Other,no,no,no,no,yes,False
101465162,METROPOLITAN NASHVILLE POLICE DEPT,20161066357,Davidson,Nashville,12/1/2016 10:59:00 PM,2,0,0,36.150370,-86.784790,I 40,,,,0.00,,,,,,,209.55,N,Not at Intersection,N,Non-Junction,None,,,         ,Hunter,Fikes,Clear,"Sideswipe, Same Direction",no,no,no,no,yes,False
101465166,METROPOLITAN NASHVILLE POLICE DEPT,20161066248,Davidson,Nashville,12/1/2016 9:10:00 PM,2,0,0,36.182950,-86.609190,OLD HICKORY BLVD,,,,432.00,Feet,West,ANDREW JACKSON WAY,,,,0.00,N,Not at Intersection,N,Non-Junction,None,,,         ,Brian,Smith,Clear,Front to Rear,no,no,no,no,no,False
101465168,METROPOLITAN NASHVILLE POLICE DEPT,20161066477,Davidson,Nashville,12/2/2016 12:00:00 AM,1,0,0,36.145480,-86.752380,MURFREESBORO PKE,,,,47.00,Feet,East,LESTER AV,,,,0.00,N,Not at Intersection,N,Non-Junction,None,,,         ,Douglas,Sykes,Clear,Not Collision with Motor Vehicle in Transport,no,no,no,no,no,False
101465178,METROPOLITAN NASHVILLE POLICE DEPT,20161066649,Davidson,Nashville,12/2/2016 12:54:00 AM,2,0,0,36.100610,-86.711890,I 24,,,,0.00,,,,,,,54.50,N,Not at Intersection,N,Non-Junction,None,,,         ,Kurt,Lewton,Clear,Angle,no,no,no,no,no,False
101465179,METROPOLITAN NASHVILLE POLICE DEPT,20161066729,Davidson,Nashville,12/2/2016 12:00:00 AM,2,0,0,36.236430,-86.758100,DICKERSON PKE,,,,42.00,Feet,South,I65 N ENT RAMP,,,,0.00,N,Not at Intersection,N,Non-Junction,None,,,         ,Amanda,Hane,Clear,HeadOn,no,no,no,no,no,False
101465183,METROPOLITAN NASHVILLE POLICE DEPT,20161066715,Davidson,Nashville,12/2/2016 1:22:00 AM,2,0,0,36.234630,-86.765850,I 65,,,,0.00,,,,,,,89.45,N,Not at Intersection,N,Non-Junction,None,,,         ,Michael,Thompson,Clear,Front to Rear,no,no,no,no,no,False
101465184,METROPOLITAN NASHVILLE POLICE DEPT,20161066650,Davidson,Nashville,12/2/2016 12:55:00 AM,2,0,0,36.237540,-86.780980,BRILEY PKWY E EXT RAMP,,,,0.00,,,BRICK CHURCH PKE,,,,0.00,Y,OTHER, ,Intersection,None,,,         ,Christina,Buckner,Clear,Angle,no,no,no,no,no,False
101465191,VANDERBILT UNIVERSITY POLICE,16-1063787,Davidson,Nashville,12/1/2016 5:43:00 AM,2,0,0,36.138670,-86.810870,BLAKEMORE AV,,,,0.00,,,NATCHEZ TRC,,,,0.00,Y,Four-Way, ,Intersection,None,,,         ,Joshua,Malone,Clear,Other,no,no,no,no,no,Campus
101465211,METROPOLITAN NASHVILLE POLICE DEPT,20161067203,Davidson,Not in City Limit,12/2/2016 5:15:00 AM,1,0,0,36.053660,-87.008970,POPLAR CREEK RD,,,,1278.00,Feet,West,PINE HILL RD,,,,0.00,N,Not at Intersection,N,Non-Junction,None,,,         ,Aaron,Wigginton,Clear,Not Collision with Motor Vehicle in Transport,no,no,no,no,no,False
101465215,METROPOLITAN NASHVILLE POLICE DEPT,2016-1067225,Davidson,Nashville,12/2/2016 5:20:00 AM,1,0,0,36.234460,-86.721520,BRILEY PKWY W EXT RAMP,,,,0.00,,,BRILEY PKWYW,,,,0.00,Y,OTHER,N,Non-Junction,None,,,         ,Nathan,Clark,Clear,Not Collision with Motor Vehicle in Transport,no,no,no,no,no,False