master_record_number,agency,agency_tracking_number,county,city,collision_date,vehicles_involved,number_injured,number_dead,latitude,longitude,roadway_name,roadway_suffix,roadway_number,roadway_local_id,distance_from_reference,miles-feet_indicator,direction_from_reference,intersection_road_name,intersection_road_name_suffix,intersection_road_number,intersection_local_id,mile_marker,intersection_indicator,intersect_type,interchange_related_indicator,relation_to_junction,work_zone_type,construction_maintenance_zone,construction_maintenance_zone_location,fatal_case_number,officer_first_name,officer_last_name,weather_condition(s),manner_of_crash,pedestrian,bicycle,scooter,parking,hitrun,mou
101465899,METROPOLITAN NASHVILLE POLICE DEPT,20161068926,Davidson,Nashville,12/2/2016 4:51:00 PM,3,0,0,36.109820,-86.770160,I 65,,,,0.00,,,,,,,79.70,N,Not at Intersection, ,Non-Junction,None,,,         ,Tien,Nguyen,Clear,Front to Rear,no,no,no,no,no,False
101465902,METROPOLITAN NASHVILLE POLICE DEPT,20161068529,Davidson,Nashville,12/2/2016 2:56:00 PM,2,0,0,36.251300,-86.718110,GALLATIN PKES,,,,80.00,Feet,North,BRINK HAVEN AV,,,,0.00,N,Not at Intersection,N,Non-Junction,None,,,         ,Samuel,Miller,Clear,Angle,no,no,no,no,no,False
101465903,METROPOLITAN NASHVILLE POLICE DEPT,20161068858,Davidson,Nashville,12/2/2016 5:24:00 PM,2,0,0,36.182710,-86.768660,GRACE ST,,,,0.00,,,MERIDIAN ST,,,,0.00,Y,Four-Way, ,,None,,,         ,Charles,Wakefield,,,no,no,no,no,no,False
101465910,METROPOLITAN NASHVILLE POLICE DEPT,20161068895,Davidson,Nashville,12/2/2016 5:15:00 PM,2,0,0,36.153090,-86.765210,I 40,,,,0.00,,,,,,,210.70,N,Not at Intersection,N,Non-Junction,None,,,         ,Pedro,Rivera Chaparro,Clear,Front to Rear,no,no,no,no,yes,False
101465919,METROPOLITAN NASHVILLE POLICE DEPT,20161068862,Davidson,Nashville,12/2/2016 5:09:00 PM,2,0,0,36.046620,-86.673920,BLUE HOLE RD,,,,346.00,Feet,North,BELL RD,,,,0.00,N,Not at Intersection, ,Non-Junction,None,,,         ,Alyson,Cook,Clear,Angle,no,no,no,no,yes,False
101465920,METROPOLITAN NASHVILLE POLICE DEPT,20161068992,Davidson,Nashville,12/2/2016 5:40:00 PM,2,0,0,36.110060,-86.770770,I 65,,,,0.00,,,,,,,79.75,N,Not at Intersection,N,Non-Junction,None,,,         ,Tien,Nguyen,Clear,Front to Rear,no,no,no,no,yes,False
101465922,METROPOLITAN NASHVILLE POLICE DEPT,20161068783,Davidson,Nashville,12/2/2016 4:08:00 PM,2,0,0,36.105970,-86.672600,MURFREESBORO PKE,,,,163.00,Feet,East,DONELSON PKE,,,,0.00,N,Not at Intersection, ,Non-Junction,None,,,         ,Michael,Apsey,Cloudy,"Sideswipe, Same Direction",no,no,no,no,no,False
101465924,Nashville Airport Police,2016-03576,Davidson,Nashville,12/2/2016 4:12:00 PM,2,0,0,36.137010,-86.666060,TERMINAL DR,,,,0.00,,,I40 W ENT RAMP,,,,0.00,Y,OTHER, ,Non-Junction,None,,,         ,Daniel,Winter,Clear,Other,no,no,no,yes,no,False
101465947,METROPOLITAN NASHVILLE POLICE DEPT,20161068935,Davidson,Nashville,12/2/2016 6:03:00 PM,1,0,0,36.090430,-86.695160,ANTIOCH PKE,,,,570.00,Feet,West,CANDY LN,,,,0.00,N,Not at Intersection, ,Non-Junction,None,,,         ,Alyson,Cook,Clear,Not Collision with Motor Vehicle in Transport,no,no,no,no,no,False
101465964,METROPOLITAN NASHVILLE POLICE DEPT,20161068822,Davidson,Nashville,12/2/2016 4:16:00 PM,1,0,0,36.186310,-86.714920,ROSEBANK AV,,,,157.00,Feet,East,ROSEBANK CT,,,,0.00,N,Not at Intersection, ,Non-Junction,None,,,         ,James,Smith,Clear,Not Collision with Motor Vehicle in Transport,no,no,no,no,no,False
101465965,METROPOLITAN NASHVILLE POLICE DEPT,20161068876,Davidson,Nashville,12/2/2016 5:04:00 PM,2,2,0,36.070860,-86.693790,EZELL RD,,,,0.00,Feet,East,WILLARD DR,,,,0.00,N,Not at Intersection,N,Non-Junction,None,,,         ,Peter,Vaught,Clear,"Sideswipe, Same Direction",no,no,no,no,no,False
101465966,METROPOLITAN NASHVILLE POLICE DEPT,20161069010,Davidson,Nashville,12/2/2016 5:50:00 PM,2,0,0,36.091560,-86.704290,I 24,,,,0.00,,,,,,,55.25,N,Not at Intersection, ,Non-Junction,None,,,         ,Alyson,Cook,Clear,Front to Rear,no,no,no,no,no,False
101465980,METROPOLITAN NASHVILLE POLICE DEPT,20161069128,Davidson,Nashville,12/2/2016 6:17:00 PM,2,0,0,36.090700,-86.626000,BELL RD,,,,197.00,Feet,East,SMITH SPRINGS RD,,,,0.00,N,Not at Intersection,N,Non-Junction,None,,,         ,Michael,Apsey,Clear,Angle,no,no,no,no,yes,False
101465981,METROPOLITAN NASHVILLE POLICE DEPT,20161068989,Davidson,Nashville,12/2/2016 6:23:00 PM,2,0,0,36.097340,-86.738280,NOLENSVILLE PKE,,,,156.00,Feet,South,VERITAS ST,,,,0.00,N,Not at Intersection,N,Non-Junction,None,,,         ,Andrew,Mullen,Clear,Front to Rear,no,no,no,no,no,False
101465989,METROPOLITAN NASHVILLE POLICE DEPT,20161069135,Davidson,Nashville,12/2/2016 7:01:00 PM,2,0,0,36.086580,-86.771970,FRANKLIN PKE,,,,0.00,,,HARDING PL,,,,0.00,Y,Four-Way,N,Intersection-Related,None,,,         ,Tien,Nguyen,Clear,Front to Rear,no,no,no,no,no,False
101465990,METROPOLITAN NASHVILLE POLICE DEPT,20161068958,Davidson,Nashville,12/2/2016 5:35:00 PM,2,2,0,36.144140,-86.738940,I 40,,,,0.00,,,,,,,212.40,N,Not at Intersection,N,Non-Junction,None,,,         ,Brent,Hedgcoth,Clear,Front to Rear,no,no,no,no,no,False
101465992,METROPOLITAN NASHVILLE POLICE DEPT,20161069155,Davidson,Nashville,12/2/2016 6:52:00 PM,2,0,0,36.215060,-86.593960,LEBANON PKE,,,,1094.00,Feet,East,ANDREW JACKSON PKWY,,,,0.00,N,Not at Intersection,N,OtherLocation,None,,,         ,Tyler,Maupin,Clear,Angle,no,no,no,no,no,False
101465996,METROPOLITAN NASHVILLE POLICE DEPT,20161069249,Davidson,Nashville,12/2/2016 5:47:00 PM,2,0,0,36.077730,-86.766420,I65 S ENT RAMP,,,,0.00,Feet,East,I 65,,,,0.00,N,Not at Intersection, ,Non-Junction,None,,,         ,Tien,Nguyen,Clear,Front to Rear,no,no,no,no,no,False
101466002,METROPOLITAN NASHVILLE POLICE DEPT,20161068827,Davidson,Nashville,12/2/2016 5:00:00 PM,2,1,0,36.150910,-86.864510,I 40,,,,0.00,,,,,,,203.60,N,Not at Intersection,N,Non-Junction,None,,,         ,Benny,Pittman,Clear,Front to Rear,no,no,no,no,no,False
101466004,METROPOLITAN NASHVILLE POLICE DEPT,20161068889,Davidson,Nashville,12/2/2016 5:14:00 PM,2,1,0,36.153270,-86.853400,I 40,,,,0.00,,,,,,,204.20,N,Not at Intersection,Y,Non-Junction,None,,,         ,Anthony,Rizo,Clear,Front to Rear,no,no,no,no,yes,False
101466013,METROPOLITAN NASHVILLE POLICE DEPT,2016-1069253,Davidson,Nashville,12/2/2016 6:18:00 PM,2,0,0,36.042450,-86.712940,SWISS AV,,,,0.00,,,NOLENSVILLE PKE,,,,0.00,Y,Four-Way, ,Intersection,None,,,         ,William,King,Clear,Front to Rear,no,no,no,no,no,False
101466015,VANDERBILT UNIVERSITY POLICE,16-1069242,Davidson,Nashville,12/2/2016 12:00:00 AM,2,0,0,36.141380,-86.813390,VANDERBILT PL,,,,0.00,,,,,,,0.00,,,N,Non-Junction,None,,,         ,Christopher,Dion,Unknown,Unknown,no,no,no,yes,yes,Campus
101466016,METROPOLITAN NASHVILLE POLICE DEPT,20161069234,Davidson,Nashville,12/2/2016 7:47:00 PM,2,0,0,36.240340,-86.786190,I24 E EXT RAMP,,,,0.00,,,I 24,,,,0.00,Y,OTHER, ,Entrance/Exit Ramp Related,None,,,         ,Michael,Brooks,Clear,Front to Rear,no,no,no,no,no,False
101466025,METROPOLITAN NASHVILLE POLICE DEPT,20161068988,Davidson,Nashville,12/2/2016 6:22:00 PM,4,1,0,36.153360,-86.764650,I 40,,,,0.00,,,,,,,210.70,N,Not at Intersection,N,Non-Junction,None,,,         ,Jason,Thomas,Clear,Front to Rear,no,no,no,no,no,False
101466037,METROPOLITAN NASHVILLE POLICE DEPT,20161068930,Davidson,Nashville,12/2/2016 5:20:00 PM,2,0,0,36.169280,-86.862060,63RD AVN,,,,0.00,,,CENTENNIAL BLVD,,,,0.00,Y,Four-Way,Y,Intersection-Related,None,,,         ,Benny,Pittman,Clear,Front to Rear,no,no,no,no,no,False
101466045,METROPOLITAN NASHVILLE POLICE DEPT,20161069009,Davidson,Nashville,12/2/2016 5:21:00 PM,2,0,0,36.154170,-86.835310,I 40,,,,0.00,,,,,,,205.20,N,Not at Intersection, ,,None,,,         ,Barrett,Teague,,,no,no,no,no,no,False
101466046,METROPOLITAN NASHVILLE POLICE DEPT,20161068901,Davidson,Nashville,12/2/2016 5:49:00 PM,2,0,0,36.104810,-86.728960,SOUTHLAKE DR,,,,0.00,,,LAKE PARK DR,,,,0.00,Y,T-Intersection,N,Intersection,None,,,         ,Andrew,Mullen,Clear,Front to Rear,no,no,no,no,no,False
101466054,METROPOLITAN NASHVILLE POLICE DEPT,20161069394,Davidson,Nashville,12/2/2016 7:30:00 PM,2,0,0,36.215130,-86.589750,LEBANON PKE,,,,377.00,Feet,West,ANDREW JACKSON PKWY,,,,0.00,N,Not at Intersection, ,OtherLocation,None,,,         ,Christopher,Mackey,Clear,Other,no,no,no,no,no,False
101466056,METROPOLITAN NASHVILLE POLICE DEPT,20161069241,Davidson,Nashville,12/2/2016 6:57:00 PM,2,0,0,36.153270,-86.764250,I 40,,,,0.00,,,,,,,210.75,N,Not at Intersection,N,Non-Junction,None,,,         ,Wesley,Feinstein,Clear,"Sideswipe, Same Direction",no,no,no,no,yes,False
101466060,METROPOLITAN NASHVILLE POLICE DEPT,20161069232,Davidson,Nashville,12/2/2016 5:09:00 PM,1,0,0,36.156490,-86.791790,15TH AVN,,,,6.00,Feet,South,HAYES ST,,,,0.00,N,Not at Intersection, ,Non-Junction,None,,,         ,Akira,McSwain,Clear,Not Collision with Motor Vehicle in Transport,no,no,no,no,no,False
101466062,METROPOLITAN NASHVILLE POLICE DEPT,20161069157,Davidson,Not in City Limit,12/2/2016 5:37:00 PM,2,0,0,36.276030,-86.735180,I 65,,,,0.00,,,,,,,93.05,N,Not at Intersection,N,Non-Junction,None,,,         ,Samuel,Miller,Clear,Front to Rear,no,no,no,no,yes,False
101466063,METROPOLITAN NASHVILLE POLICE DEPT,20161069207,Davidson,Nashville,12/2/2016 7:25:00 PM,3,0,0,36.240040,-86.752560,I 65,,,,0.00,,,,,,,90.30,N,Not at Intersection, ,Non-Junction,None,,,         ,Samuel,Miller,Clear,Not Collision with Motor Vehicle in Transport,no,no,no,no,no,False
101466091,METROPOLITAN NASHVILLE POLICE DEPT,20161069158,Davidson,Nashville,12/2/2016 7:11:00 PM,2,1,0,36.159900,-86.773860,2ND AVS,,,,0.00,,,DEMONBREUN ST,,,,0.00,Y,Four-Way,N,Intersection,None,,,         ,Brian,Theriac,Clear,Angle,no,no,no,no,no,False
101466093,METROPOLITAN NASHVILLE POLICE DEPT,20161069361,Davidson,Nashville,12/2/2016 8:09:00 PM,2,0,0,36.070290,-86.684540,HAYWOOD LN,,,,0.00,,,ANTIOCH PKE,,,,0.00,Y,T-Intersection,Y,Intersection,None,,,         ,Peter,Vaught,Clear,Angle,no,no,no,no,yes,False
101466094,METROPOLITAN NASHVILLE POLICE DEPT,20161069317,Davidson,Nashville,12/2/2016 8:20:00 PM,2,1,0,36.207020,-86.791600,BAPTIST WORLD CENTER DR,,,,0.00,,,W TRINITY LN,,,,0.00,Y,Four-Way,N,Intersection,None,,,         ,Michael,Brooks,Clear,Angle,no,no,no,no,no,False
101466096,METROPOLITAN NASHVILLE POLICE DEPT,20161069260,Davidson,Nashville,12/2/2016 7:15:00 PM,2,0,0,36.130370,-86.727690,I 24,,,,0.00,,,,,,,51.15,N,Not at Intersection, ,Non-Junction,None,,,         ,Alyson,Cook,Clear,Front to Rear,no,no,no,no,no,False
101466105,METROPOLITAN NASHVILLE POLICE DEPT,20161069259,Davidson,Nashville,12/2/2016 6:48:00 PM,3,0,0,36.130710,-86.727550,I 24,,,,0.00,,,,,,,51.15,N,Not at Intersection,N,Non-Junction,None,,,         ,Alyson,Cook,Clear,Front to Rear,no,no,no,no,yes,False
101466113,METROPOLITAN NASHVILLE POLICE DEPT,20161069332,Davidson,Nashville,12/2/2016 8:20:00 PM,2,1,0,36.077090,-86.725560,EDMONDSON PKE,,,,0.00,,,WALLACE RD,,,,0.00,Y,Four-Way,N,Intersection,None,,,         ,Victoria,Cunningham,Clear,Other,no,no,no,no,yes,False
101466137,METROPOLITAN NASHVILLE POLICE DEPT,20161069532,Davidson,Nashville,12/2/2016 9:10:00 PM,2,1,0,36.150600,-86.796020,19TH AVS,,,,0.00,,,,,,,0.00,,,N,Non-Junction,None,,,         ,Ralph,Smith IV,Clear,Angle,yes,no,no,yes,yes,False
101466155,METROPOLITAN NASHVILLE POLICE DEPT,2016-1068984,Davidson,Nashville,12/2/2016 5:53:00 PM,2,0,0,36.109690,-86.671460,KNAPP BLVD,,,,0.00,,,DONELSON PKE,,,,0.00,Y,Four-Way, ,Intersection-Related,None,,,         ,John,Roberson,Clear,"Sideswipe, Same Direction",no,no,no,no,no,False
101466175,METROPOLITAN NASHVILLE POLICE DEPT,20161069656,Davidson,Nashville,12/2/2016 10:17:00 PM,2,0,0,36.172520,-86.765160,S 5TH ST,,,,130.00,Feet,South,MAIN ST,,,,0.00,N,Not at Intersection,N,Non-Junction,None,,,         ,Ky,Luu,Clear,"Sideswipe, Same Direction",no,no,no,no,yes,False
101466177,METROPOLITAN NASHVILLE POLICE DEPT,20161069637,Davidson,Nashville,12/2/2016 12:00:00 AM,2,0,0,36.202910,-86.694730,OPRY MILLS DR,,,,1076.00,Feet,East,MOSS ROSE DR,,,,0.00,N,Not at Intersection, ,Non-Junction,None,,,         ,Curtis,Fisher,Clear,Unknown,no,no,no,yes,yes,False
101466179,GOODLETTSVILLE POLICE DEPT,16-41814,Davidson,Goodlettsville,12/2/2016 4:45:00 PM,3,0,0,36.322850,-86.708730,LONG HOLLOW PKE,,,,350.00,Feet,West,CARTWRIGHT ST,,,,0.00,N,Not at Intersection,N,Non-Junction,None,,,         ,Charles,Hauskin,Clear,Front to Rear,no,no,no,no,no,False
101466181,METROPOLITAN NASHVILLE POLICE DEPT,20161069659,Davidson,Nashville,12/2/2016 12:00:00 AM,2,0,0,36.155850,-86.777290,KOREAN VETERANS BLVD,,,,0.00,,,6TH AVS,,,,0.00,Y,Four-Way,N,Intersection,None,,,         ,Kevin,Ott,Clear,Front to Rear,no,no,no,no,yes,False
101466188,VANDERBILT UNIVERSITY POLICE,16-1067168,Davidson,Nashville,12/2/2016 12:00:00 AM,1,0,0,36.139700,-86.803580,PIERCE AVE,,,,0.00,,,,,,,0.00,,, ,"Driveway, Alley Access, etc",None,,,         ,Joseph,Musick,Clear,Not Collision with Motor Vehicle in Transport,no,no,no,yes,no,Campus
101466203,METROPOLITAN NASHVILLE POLICE DEPT,20161069696,Davidson,Nashville,12/2/2016 9:05:00 PM,2,0,0,36.154660,-86.784780,11TH AVS,,,,175.00,Feet,South,DEMONBREUN ST,,,,0.00,N,Not at Intersection, ,Non-Junction,None,,,         ,Stephen,Waterman,Clear,"Sideswipe, Same Direction",no,no,no,no,yes,False
101466209,METROPOLITAN NASHVILLE POLICE DEPT,20161069761,Davidson,Nashville,12/2/2016 11:29:00 PM,2,0,0,36.143920,-86.691420,I 40,,,,0.00,,,,,,,215.20,N,Not at Intersection, ,Non-Junction,None,,,         ,Jamal,Jarvis,Clear,Front to Rear,no,no,no,no,no,False
101466215,METROPOLITAN NASHVILLE POLICE DEPT,20161069856,Davidson,Nashville,12/2/2016 11:45:00 PM,2,0,0,36.156050,-86.795470,CHURCH ST,,,,158.00,Feet,East,17TH AVN,,,,0.00,N,Not at Intersection, ,Non-Junction,None,,,         ,Stephen,Waterman,Clear,"Sideswipe, Same Direction",no,no,no,no,no,False
101466219,METROPOLITAN NASHVILLE POLICE DEPT,2016-1069784,Davidson,Nashville,12/2/2016 11:15:00 PM,2,0,0,36.160470,-86.778440,OPRY PL,,,,0.00,,,BROADWAY,,,,0.00,Y,Four-Way, ,Intersection,None,,,         ,Kevin,Ott,Clear,"Sideswipe, Same Direction",no,no,no,no,no,False
101466250,METROPOLITAN NASHVILLE POLICE DEPT,20161070179,Davidson,Not in City Limit,12/3/2016 2:00:00 AM,1,1,0,36.319660,-86.891480,OLD CLARKSVILLE PKE,,,,294.00,Feet,East,CLARKSVILLE PKE,,,,0.00,N,Not at Intersection,N,Non-Junction,None,,,         ,Geoffrey,Daugherty,Clear,Not Collision with Motor Vehicle in Transport,no,no,no,no,no,False
101466257,METROPOLITAN NASHVILLE POLICE DEPT,20161070208,Davidson,Nashville,12/3/2016 2:26:00 AM,1,1,0,36.186550,-86.757550,ELLINGTON PKWYN,,,,86.00,Feet,East,ELLINGTON PKWY N ENT RAMP,,,,0.00,N,Not at Intersection,N,Non-Junction,None,,,         ,Audrean,Manquero,Clear,Not Collision with Motor Vehicle in Transport,no,no,no,no,no,False
101466262,METROPOLITAN NASHVILLE POLICE DEPT,2016-1070062,Davidson,Madison,12/3/2016 12:20:00 AM,2,0,0,36.260840,-86.682720,BUBBLING WELL RD,,,,0.00,,,WYCHEWOOD CV,,,,0.00,Y,OTHER,N,Non-Junction,None,,,         ,Nathan,Clark,Clear,Rear to Side,no,no,no,no,yes,False
101466264,METROPOLITAN NASHVILLE POLICE DEPT,20161070253,Davidson,Nashville,12/3/2016 12:00:00 AM,2,0,0,36.175010,-86.737020,HOLLY ST,,,,95.00,Feet,West,S 19TH ST,,,,0.00,N,Not at Intersection,N,Non-Junction,None,,,         ,Amanda,Hane,,"Sideswipe, Same Direction",no,no,no,no,no,False
101466265,METROPOLITAN NASHVILLE POLICE DEPT,20161070171,Davidson,Nashville,12/3/2016 2:00:00 AM,2,0,0,36.193330,-86.831500,S HAMILTON RD,,,,144.00,Feet,South,CLARKSVILLE PKE,,,,0.00,N,Not at Intersection, ,Non-Junction,None,,,         ,Armonty,Houston,Clear,Front to Rear,no,no,no,no,no,False
101466269,METROPOLITAN NASHVILLE POLICE DEPT,20161070272,Davidson,Nashville,12/3/2016 3:09:00 AM,3,0,0,36.198440,-86.620270,LEBANON PKE,,,,0.00,,,OLD HICKORY BLVD,,,,0.00,Y,Four-Way,N,Intersection,None,,,         ,Curtis,Fisher,Clear,Front to Rear,no,no,no,no,no,False
101466274,METROPOLITAN NASHVILLE POLICE DEPT,20161070297,Davidson,Nashville,12/3/2016 12:00:00 AM,2,0,0,36.164880,-86.777090,2ND AVN,,,,102.00,Feet,South,BANK ST,,,,0.00,N,Not at Intersection,N,Non-Junction,None,,,         ,Jeremy,King,Clear,"Sideswipe, Same Direction",no,no,no,no,yes,False
101466308,METROPOLITAN NASHVILLE POLICE DEPT,20161070563,Davidson,Nashville,12/3/2016 6:25:00 AM,2,1,0,36.141770,-86.676560,I40 E EXT RAMP,,,,0.00,,,I 40,,,,0.00,Y,OTHER,Y,Entrance/Exit Ramp Related,None,,,         ,Bo,Branum,Clear,Angle,no,no,no,no,no,False
101466309,GOODLETTSVILLE POLICE DEPT,16-41812,Davidson,Goodlettsville,12/2/2016 4:40:00 PM,2,0,0,36.321490,-86.713260,S MAIN ST,,,,134.00,Feet,North,MEMORIAL DR,,,,0.00,N,Not at Intersection, ,Non-Junction,None,,,         ,Jeremy,Baker,Clear,"Sideswipe, Same Direction",no,no,no,no,no,False
101466318,METROPOLITAN NASHVILLE POLICE DEPT,20161069801,Davidson,Nashville,12/2/2016 11:44:00 PM,4,3,0,36.045630,-86.658420,BELL RD,,,,10.00,Feet,West,I24 W EXT RAMP,,,,0.00,N,Not at Intersection,N,Entrance/Exit Ramp Related,None,,,         ,Caleb,Jernigan,Clear,Angle,no,no,no,no,no,False
101466319,METROPOLITAN NASHVILLE POLICE DEPT,2016-1068909,Davidson,Goodlettsville,12/2/2016 5:00:00 PM,2,0,0,36.302770,-86.692370,GALLATIN PKEN,,,,0.00,,,,,,,0.00,,Not at Intersection,N,Non-Junction,None,,,         ,Mark,Bradshaw,Clear,Rear to Rear,no,no,no,yes,yes,False
101466326,METROPOLITAN NASHVILLE POLICE DEPT,20161070586,Davidson,Nashville,12/3/2016 12:00:00 AM,2,0,0,36.155420,-86.793980,HAYES ST,,,,61.00,Feet,West,16TH AVN,,,,0.00,N,Not at Intersection,N,Non-Junction,None,,,         ,Cody,Jaworski,Clear,Front to Rear,no,no,no,no,yes,False
101466347,METROPOLITAN NASHVILLE POLICE DEPT,20161070641,Davidson,Nashville,12/3/2016 8:00:00 AM,2,0,0,36.134280,-86.779090,WEDGEWOOD AV,,,,0.00,,,8TH AVS,,,,0.00,Y,Four-Way, ,Non-Junction,None,,,         ,Citlaly,Juarez,Clear,HeadOn,no,no,no,no,no,False
101466350,GOODLETTSVILLE POLICE DEPT,16-41817,Davidson,Goodlettsville,12/2/2016 5:50:00 PM,2,0,0,36.324620,-86.702880,LONG HOLLOW PKE,,,,150.00,Feet,West,NORTHGATE DR,,,,0.00,N,Not at Intersection,N,Non-Junction,None,,,         ,Charles,Hauskin,Clear,Front to Rear,no,no,no,no,no,False
101466365,METROPOLITAN NASHVILLE POLICE DEPT,2016-1070647,Davidson,Nashville,12/3/2016 12:00:00 AM,2,0,0,36.192570,-86.763440,LISCHEY AV,,,,9.00,Feet,South,RICHARDSON AV,,,,0.00,N,Not at Intersection, ,Non-Junction,None,,,         ,Jared,Eaves,Clear,Unknown,no,no,no,no,yes,False
101466400,METROPOLITAN NASHVILLE POLICE DEPT,20161070757,Davidson,Nashville,12/3/2016 8:21:00 AM,2,0,0,36.117960,-86.791540,CLAYTON AV,,,,0.00,,,,,,,0.00,,, ,Non-Junction,None,,,         ,Nathan,Smith,Cloudy,"Sideswipe, Opposite Direction",no,no,no,no,no,False
101466428,METROPOLITAN NASHVILLE POLICE DEPT,20161070862,Davidson,Nashville,12/3/2016 9:35:00 AM,2,0,0,36.086870,-86.696320,HARDING PL,,,,107.00,Feet,West,S PERIMETER PARK DR,,,,0.00,N,Not at Intersection, ,Non-Junction,None,,,         ,David,Smith,Cloudy,Front to Rear,no,no,no,no,no,False
101466452,METROPOLITAN NASHVILLE POLICE DEPT,20161070918,Davidson,Nashville,12/3/2016 12:00:00 AM,2,0,0,36.058200,-86.689310,CIMARRON WAY,,,,321.00,Feet,North,BART DR,,,,0.00,N,Not at Intersection, ,Non-Junction,Construction Zone,,,         ,Jedidayah,Merriweather,Unknown,Unknown,no,no,no,no,yes,False
101466469,METROPOLITAN NASHVILLE POLICE DEPT,20161070961,Davidson,Nashville,12/3/2016 10:42:00 AM,1,1,0,36.170910,-86.780730,2ND AVN,,,,308.00,Feet,North,JO JOHNSTON AV,,,,0.00,N,Not at Intersection,N,Non-Junction,None,,,         ,Seth,Quiles,Clear,Not Collision with Motor Vehicle in Transport,no,no,no,no,no,False
101466479,METROPOLITAN NASHVILLE POLICE DEPT,20161071036,Davidson,Nashville,12/3/2016 11:28:00 AM,2,0,0,36.178040,-86.755380,SILVERDENE PL,,,,0.00,Feet,,MCFERRIN AV,,,,0.00,Y,T-Intersection,N,Intersection-Related,None,,,         ,Richard,Conger,Clear,Other,no,no,no,no,no,False
101466488,METROPOLITAN NASHVILLE POLICE DEPT,20161070951,Davidson,Nashville,12/3/2016 10:20:00 AM,3,1,0,36.082830,-86.709990,HARDING PL,,,,161.00,Feet,East,TAMPA DR,,,,0.00,N,Not at Intersection,N,Non-Junction,Work Zone,Laneclosure,Activity Area,         ,David,Smith,Cloudy,Front to Rear,no,no,no,no,no,False
101466491,METROPOLITAN NASHVILLE POLICE DEPT,20161070984,Davidson,Nashville,12/3/2016 11:00:00 AM,2,0,0,36.124470,-86.790390,SWEETBRIAR AV,,,,0.00,,,,,,,0.00,,,N,Non-Junction,None,,,         ,Nathan,Smith,Cloudy,"Sideswipe, Same Direction",no,no,no,yes,yes,False
101466492,METROPOLITAN NASHVILLE POLICE DEPT,20161070912,Davidson,Nashville,12/3/2016 10:00:00 AM,2,0,0,36.187920,-86.798480,DOMINICAN DR,,,,0.00,,,ROSA L PARKS BLVD,,,,0.00,Y,Four-Way, ,Intersection,None,,,         ,Royce,McLester,Cloudy,Front to Rear,no,no,no,no,no,False
101466515,METROPOLITAN NASHVILLE POLICE DEPT,20161071128,Davidson,Nashville,12/3/2016 12:26:00 PM,2,0,0,36.152230,-86.625200,BLACKWOOD DR,,,,37.00,Feet,West,BELL RD,,,,0.00,N,Not at Intersection, ,,None,,,         ,MIchael,Mihajlov,,,no,no,no,no,no,False
101466516,METROPOLITAN NASHVILLE POLICE DEPT,20161071103,Davidson,Nashville,12/3/2016 12:03:00 PM,2,0,0,36.190720,-86.615130,OLD HICKORY,BLVD,,,0.00,,,OLD LEBANON DIRT RD,,,,0.00,,,N,Non-Junction,None,,,         ,Cassandra,Del Bosco,Clear,"Sideswipe, Same Direction",no,no,no,no,yes,False
101466537,METROPOLITAN NASHVILLE POLICE DEPT,20161071121,Davidson,Nashville,12/3/2016 12:00:00 PM,2,0,0,36.158920,-86.776050,DEMONBREUN ST,,,,53.00,Feet,West,4TH AVS,,,,0.00,N,Not at Intersection, ,Non-Junction,None,,,         ,Seth,Quiles,Cloudy,Front to Rear,no,no,no,no,no,False
101466544,METROPOLITAN NASHVILLE POLICE DEPT,20161071076,Davidson,Nashville,12/3/2016 12:03:00 PM,2,0,0,36.190890,-86.615190,OLD LEBANON DIRT RD,,,,0.00,,,OLD HICKORY BLVD,,,,0.00,Y,Four-Way,N,Intersection,None,,,         ,Cassandra,Del Bosco,Clear,Angle,no,no,no,no,yes,False
101466550,METROPOLITAN NASHVILLE POLICE DEPT,20161071124,Davidson,Nashville,12/3/2016 12:30:00 PM,2,0,0,36.144220,-86.697340,I 40,,,,0.00,,,,,,,214.90,N,Not at Intersection,N,Non-Junction,None,,,         ,Michael,Dance,Clear,"Sideswipe, Same Direction",no,no,no,no,no,False
101466568,METROPOLITAN NASHVILLE POLICE DEPT,20161071169,Davidson,Nashville,12/3/2016 12:55:00 PM,2,0,0,36.161070,-86.781970,7TH AVN,,,,112.00,Feet,North,COMMERCE ST,,,,0.00,N,Not at Intersection, ,Non-Junction,None,,,         ,Robert,Magner,Cloudy,Front to Rear,no,no,no,no,no,False
101466569,METROPOLITAN NASHVILLE POLICE DEPT,20161071155,Davidson,Nashville,12/3/2016 1:15:00 PM,2,1,0,36.193450,-86.743980,GALLATIN AV,,,,72.00,Feet,South,STRAIGHTWAY AV,,,,0.00,N,Not at Intersection,N,Non-Junction,None,,,         ,Jared,Eaves,Cloudy,"Sideswipe, Same Direction",no,no,no,no,no,False
101466571,METROPOLITAN NASHVILLE POLICE DEPT,20161071176,Davidson,Nashville,12/3/2016 1:10:00 PM,2,0,0,36.181700,-86.749260,GALLATIN AV,,,,0.00,,,CALVIN AV,,,,0.00,Y,T-Intersection, ,Intersection,None,,,         ,Jeremy,Stricklin,Clear,Angle,no,no,no,no,no,False
101466574,METROPOLITAN NASHVILLE POLICE DEPT,20161071148,Davidson,Nashville,12/3/2016 12:17:00 PM,2,0,0,36.121400,-86.717890,EAST THOMPSON LN,,,,345.00,Feet,South,LAWNDALE DR,,,,0.00,N,Not at Intersection,N,Non-Junction,None,,,         ,Paul,Ellis,Cloudy,"Sideswipe, Same Direction",no,no,no,no,no,False