master_record_number,agency,agency_tracking_number,county,city,collision_date,vehicles_involved,number_injured,number_dead,latitude,longitude,roadway_name,roadway_suffix,roadway_number,roadway_local_id,distance_from_reference,miles-feet_indicator,direction_from_reference,intersection_road_name,intersection_road_name_suffix,intersection_road_number,intersection_local_id,mile_marker,intersection_indicator,intersect_type,interchange_related_indicator,relation_to_junction,work_zone_type,construction_maintenance_zone,construction_maintenance_zone_location,fatal_case_number,officer_first_name,officer_last_name,weather_condition(s),manner_of_crash,pedestrian,bicycle,scooter,parking,hitrun,mou
101466583,METROPOLITAN NASHVILLE POLICE DEPT,20161071051,Davidson,Nashville,12/3/2016 11:20:00 AM,2,0,0,36.231830,-86.781500,BRICK CHURCH PKE,,,,81.00,Feet,North,EWING DR,,,,0.00,N,Not at Intersection,N,Non-Junction,None,,,         ,Coleman,McKellar,Cloudy,"Sideswipe, Same Direction",no,no,no,no,no,False
101466587,METROPOLITAN NASHVILLE POLICE DEPT,20161071187,Davidson,Nashville,12/3/2016 1:51:00 PM,2,0,0,36.130240,-86.755100,NOLENSVILLE PKE,,,,31.00,Feet,North,POLK AV,,,,0.00,N,Not at Intersection, ,Non-Junction,None,,,         ,James,Thomas,Cloudy,Front to Rear,no,no,no,no,no,False
101466588,METROPOLITAN NASHVILLE POLICE DEPT,20161071228,Davidson,Nashville,12/3/2016 1:35:00 PM,2,0,0,36.039040,-86.782510,OLD HICKORY BLVD,,,,275.00,Feet,West,I65 N EXT RAMP,,,,0.00,N,Not at Intersection, ,Non-Junction,None,,,         ,Earl,Davis,Cloudy,Front to Rear,no,no,no,no,no,False
101466624,METROPOLITAN NASHVILLE POLICE DEPT,20161071226,Davidson,Not in City Limit,12/3/2016 1:47:00 PM,2,0,0,36.264210,-86.735190,OLD HICKORY BLVDW,,,,0.00,,,BOYDS HILLTOP DR,,,,0.00,Y,OTHER, ,Entrance/Exit Ramp Related,None,,,         ,Spencer,Pittman,Cloudy,Front to Rear,no,no,no,no,no,False
101466625,METROPOLITAN NASHVILLE POLICE DEPT,20161071013,Davidson,Nashville,12/3/2016 11:16:00 AM,1,1,0,36.180580,-86.801570,GARFIELD ST,,,,0.00,,,9TH AVN,,,,0.00,Y,Four-Way,N,Non-Junction,None,,,         ,Garren,Hoskins,Cloudy,Not Collision with Motor Vehicle in Transport,no,no,no,no,no,False
101466665,METROPOLITAN NASHVILLE POLICE DEPT,20161071447,Davidson,Nashville,12/3/2016 3:30:00 PM,2,0,0,36.088320,-86.791000,BATTERY LN,,,,0.00,,,LEALAND LN,,,,0.00,Y,Four-Way, ,,Construction Zone,,,         ,Charles,Griffin,,,no,no,no,no,no,False
101466666,METROPOLITAN NASHVILLE POLICE DEPT,20161071286,Davidson,Nashville,12/3/2016 2:41:00 PM,2,1,0,36.142670,-86.707700,I 40,,,,0.00,,,,,,,214.35,N,Not at Intersection,N,Non-Junction,None,,,         ,Patrick,Taylor,Cloudy,"Sideswipe, Same Direction",no,no,no,no,no,False
101466667,METROPOLITAN NASHVILLE POLICE DEPT,20161071406,Davidson,Nashville,12/3/2016 12:52:00 PM,2,0,0,36.221950,-86.588550,WHITTIER DR,,,,454.00,Feet,North,EVEREST DR,,,,0.00,N,Not at Intersection, ,Non-Junction,None,,,         ,Dontaveous,Eubanks,Clear,Rear to Side,no,no,no,no,no,False
101466669,METROPOLITAN NASHVILLE POLICE DEPT,20161071356,Davidson,Not in City Limit,12/3/2016 2:34:00 PM,2,0,0,36.260810,-86.757610,DICKERSON PKE,,,,145.00,Feet,South,TUCKAHOE DR,,,,0.00,N,Not at Intersection,N,Non-Junction,None,,,         ,Christopher,Littles,Cloudy,Angle,no,no,no,no,yes,False
101466680,METROPOLITAN NASHVILLE POLICE DEPT,20161071355,Davidson,Nashville,12/3/2016 2:08:00 PM,2,1,0,36.183730,-86.747630,EASTLAND AV,,,,221.00,Feet,East,GALLATIN AV,,,,0.00,N,Not at Intersection,N,OtherLocation,None,,,         ,James,Smith,Cloudy,Other,no,no,no,no,no,False
101466691,METROPOLITAN NASHVILLE POLICE DEPT,20161071418,Davidson,Nashville,12/3/2016 3:45:00 PM,2,2,0,36.143220,-86.704350,I 40,,,,0.00,,,,,,,214.50,N,Not at Intersection,N,Non-Junction,None,,,         ,Tyler,Maupin,Clear,Front to Rear,no,no,no,no,no,False
101466695,METROPOLITAN NASHVILLE POLICE DEPT,20161071470,Davidson,Nashville,12/3/2016 4:02:00 PM,2,0,0,36.143360,-86.793130,EDGEHILL AV,,,,0.00,,,16TH AVS,,,,0.00,Y,Four-Way, ,Intersection-Related,None,,,         ,Maria,Cortez,Clear,Front to Rear,no,no,no,no,no,False
101466703,METROPOLITAN NASHVILLE POLICE DEPT,20161071453,Davidson,Nashville,12/3/2016 3:40:00 PM,2,0,0,36.148900,-86.769280,OAK ST,,,,0.00,Feet,East,4TH AVS,,,,0.00,N,Not at Intersection, ,Non-Junction,None,,,         ,Jarret,Sonnenberg,Clear,Angle,no,no,no,no,no,False
101466707,METROPOLITAN NASHVILLE POLICE DEPT,20161071522,Davidson,Nashville,12/3/2016 4:31:00 PM,2,0,0,36.113560,-86.806160,WOODMONT BLVD,,,,0.00,,,HOPKINS ST,,,,0.00,Y,Four-Way,N,Intersection,None,,,         ,Charles,Griffin,Clear,Front to Rear,no,no,no,no,no,False
101466738,METROPOLITAN NASHVILLE POLICE DEPT,20161071615,Davidson,Nashville,12/3/2016 5:20:00 PM,1,0,0,36.152840,-86.783180,PINE ST,,,,163.00,Feet,East,11TH AVS,,,,0.00,N,Not at Intersection, ,Non-Junction,None,,,         ,Brian,Woodard,Cloudy,Not Collision with Motor Vehicle in Transport,no,no,no,no,no,False
101466750,METROPOLITAN NASHVILLE POLICE DEPT,20161071637,Davidson,Nashville,12/3/2016 5:00:00 PM,2,0,0,36.228870,-86.698220,BRILEY PKWYS,,,,1220.00,Feet,South,MUSIC VALLEY DR,,,,0.00,N,Not at Intersection,N,Non-Junction,None,,,         ,John,Kelley,Clear,Front to Rear,no,no,no,no,yes,False
101466752,METROPOLITAN NASHVILLE POLICE DEPT,20161071487,Davidson,Nashville,12/3/2016 4:15:00 PM,2,0,0,36.045400,-86.703190,OLD HICKORY BLVD,,,,120.00,Feet,East,EULALA DR,,,,0.00,N,Not at Intersection, ,Non-Junction,None,,,         ,Candice,Soper,Clear,Front to Rear,no,no,no,no,yes,False
101466755,METROPOLITAN NASHVILLE POLICE DEPT,20161071577,Davidson,Nashville,12/3/2016 4:46:00 PM,3,0,0,36.111080,-86.747700,THOMPSON LN,,,,101.00,Feet,West,LOUISE DR,,,,0.00,N,Not at Intersection,N,Non-Junction,None,,,         ,Akira,McSwain,Clear,Front to Rear,no,no,no,no,yes,False
101466758,METROPOLITAN NASHVILLE POLICE DEPT,20161071659,Davidson,Nashville,12/3/2016 5:20:00 PM,2,0,0,36.155970,-86.808710,CHARLOTTE AV,,,,0.00,,,23RD AVN,,,,0.00,Y,Four-Way, ,Intersection-Related,None,,,         ,Andy,Esqueda,Rain,Front to Rear,no,no,no,no,no,False
101466759,METROPOLITAN NASHVILLE POLICE DEPT,20161071439,Davidson,Nashville,12/3/2016 4:00:00 PM,2,3,0,36.069100,-86.690680,HAYWOOD LN,,,,0.00,,,I24 E ENT RAMP,,,,0.00,Y,OTHER,Y,Entrance/Exit Ramp Related,None,,,         ,Brandon,Vance,Clear,Angle,no,no,no,no,no,False
101466764,METROPOLITAN NASHVILLE POLICE DEPT,20161071717,Davidson,Nashville,12/3/2016 4:00:00 PM,2,0,0,36.251000,-86.718940,MOVING CENTER CT,,,,165.00,Feet,West,GALLATIN PKES,,,,0.00,N,Not at Intersection, ,Non-Junction,None,,,         ,Cecilia,Gomez,Cloudy,Front to Rear,no,no,no,no,no,False
101466772,METROPOLITAN NASHVILLE POLICE DEPT,20161071579,Davidson,Nashville,12/3/2016 4:59:00 PM,2,1,0,36.084810,-86.763310,I 65,,,,0.00,,,,,,,78.00,N,Not at Intersection,N,Non-Junction,None,,,         ,Charles,Griffin,Clear,"Sideswipe, Same Direction",no,no,no,no,no,False
101466773,METROPOLITAN NASHVILLE POLICE DEPT,20161071728,Davidson,Nashville,12/3/2016 6:15:00 PM,2,0,0,36.191870,-86.783340,I 65,,,,0.00,,,,,,,86.15,N,Not at Intersection,N,Non-Junction,None,,,         ,Adam,Crutcher,Rain,Front to Rear,no,no,no,no,yes,False
101466774,METROPOLITAN NASHVILLE POLICE DEPT,20161071679,Davidson,Nashville,12/3/2016 5:45:00 PM,2,1,0,36.206790,-86.690120,BRILEY PKWYN,,,,691.00,Feet,South,BRILEY PKWYS,,,,0.00,N,Not at Intersection,N,Non-Junction,None,,,         ,Tyler,Maupin,Rain,Front to Rear,no,no,no,no,no,False
101466777,METROPOLITAN NASHVILLE POLICE DEPT,20161071581,Davidson,Nashville,12/3/2016 5:00:00 PM,2,0,0,36.227160,-86.696750,BRILEY PKWYS,,,,1201.00,Feet,North,MUSIC VALLEY DR,,,,0.00,N,Not at Intersection, ,Non-Junction,None,,,         ,John,Kelley,Clear,Front to Rear,no,no,no,no,no,False
101466780,METROPOLITAN NASHVILLE POLICE DEPT,20161071770,Davidson,Nashville,12/3/2016 6:36:00 PM,2,0,0,36.058100,-86.716080,NOLENSVILLE PKE,,,,336.00,Feet,South,TUSCULUM RD,,,,0.00,N,Not at Intersection,N,Non-Junction,None,,,         ,Charles,Griffin,Clear,Angle,no,no,no,no,no,False
101466796,GOODLETTSVILLE POLICE DEPT,16-41954,Davidson,Goodlettsville,12/3/2016 6:52:00 PM,1,0,0,36.307740,-86.694270,VIETNAM VETERANS ACCESS RAMP,,SR386,,100.00,Feet,West,,,,,1.20,N,Not at Intersection,N,Entrance/Exit Ramp Related,None,,,         ,Daniel,Knalls,Rain,Not Collision with Motor Vehicle in Transport,no,no,no,no,no,False
101466798,METROPOLITAN NASHVILLE POLICE DEPT,20161071786,Davidson,Nashville,12/3/2016 6:43:00 PM,2,1,0,36.159900,-86.773860,2ND AVS,,,,0.00,,,DEMONBREUN ST,,,,0.00,Y,Four-Way,Y,Intersection,None,,,         ,Wesley,Feinstein,Rain,Angle,no,no,no,no,no,False
101466801,METROPOLITAN NASHVILLE POLICE DEPT,20161071811,Davidson,Antioch,12/3/2016 7:00:00 PM,2,1,0,36.043550,-86.607220,MURFREESBORO PKE,,,,321.00,Feet,North,HOBSON PKE,,,,0.00,N,Not at Intersection,N,Non-Junction,None,,,         ,Tamara,Zurawski,Rain,Front to Rear,no,no,no,no,yes,False
101466810,METROPOLITAN NASHVILLE POLICE DEPT,20161071816,Davidson,Nashville,12/3/2016 6:35:00 PM,2,0,0,36.101050,-86.819780,HILLSBORO CIR,,,,0.00,,,HOBBS RD,,,,0.00,Y,T-Intersection, ,Intersection,None,,,         ,Barrett,Teague,Rain,Angle,no,no,no,no,no,False
101466820,METROPOLITAN NASHVILLE POLICE DEPT,20161071849,Davidson,Nashville,12/3/2016 5:36:00 PM,2,0,0,36.059580,-86.641060,CAMBRIDGE APTS PVTDR,,,,0.00,,,BELL RD,,,,0.00,Y,OTHER,N,"Driveway, Alley Access, etc",None,,,         ,Kevin,Keating,Clear,"Sideswipe, Same Direction",no,no,no,no,yes,False
101466821,METROPOLITAN NASHVILLE POLICE DEPT,20161071872,Davidson,Nashville,12/3/2016 7:33:00 PM,2,0,0,36.100920,-86.730610,ANTIOCH PKE,,,,0.00,,,SOUTHLAKE DR,,,,0.00,Y,Four-Way,N,Intersection,None,,,         ,Andrew,Mullen,Rain,Angle,no,no,no,no,yes,False
101466831,METROPOLITAN NASHVILLE POLICE DEPT,20161071912,Davidson,Nashville,12/3/2016 7:57:00 PM,1,1,0,36.115360,-86.772820,I440 W ENT RAMP,,,,0.00,Feet,East,I 440,,,,0.00,N,Not at Intersection,N,Entrance/Exit Ramp Related,None,,,         ,Charles,Griffin,Rain,Not Collision with Motor Vehicle in Transport,no,no,no,no,no,False
101466842,METROPOLITAN NASHVILLE POLICE DEPT,20161071760,Davidson,Nashville,12/3/2016 6:37:00 PM,2,2,0,36.231600,-86.781520,EWING DR,,,,0.00,,,BRICK CHURCH PKE,,,,0.00,Y,Four-Way,N,Intersection,None,,,         ,Christopher,Littles,Rain,HeadOn,no,no,no,no,no,False
101466843,METROPOLITAN NASHVILLE POLICE DEPT,20161071865,Davidson,Nashville,12/3/2016 6:10:00 PM,2,0,0,36.149000,-86.863640,CHARLOTTE PKE,,,,423.00,Feet,South,OBRIEN AV,,,,0.00,N,Not at Intersection, ,Non-Junction,None,,,         ,Benny,Pittman,Rain,"Sideswipe, Same Direction",no,no,no,no,no,False
101466851,METROPOLITAN NASHVILLE POLICE DEPT,20161071656,Davidson,Not in City Limit,12/3/2016 4:25:00 PM,2,0,0,36.268870,-86.755900,DICKERSON PKE,,,,150.00,Feet,South,OLD HICKORY BLVD,,,,0.00,N,Not at Intersection, ,Non-Junction,None,,,         ,Christopher,Valdez,Cloudy,Angle,no,no,no,no,yes,False
101466852,METROPOLITAN NASHVILLE POLICE DEPT,20161071590,Davidson,Antioch,12/3/2016 3:20:00 PM,2,0,0,36.076310,-86.643430,DOVER GLEN PVTDR,,,,0.00,,,DOVER GLEN DR,,,,0.00,Y,T-Intersection,N,Intersection-Related,None,,,         ,Victoria,Cunningham,Cloudy,Angle,no,no,no,no,no,False
101466854,METROPOLITAN NASHVILLE POLICE DEPT,20161071961,Davidson,Nashville,12/3/2016 8:00:00 PM,2,0,0,36.045740,-86.674350,BELL RD,,,,0.00,,,BLUE HOLE RD,,,,0.00,Y,Four-Way, ,Intersection-Related,None,,,         ,Candice,Soper,Rain,Front to Rear,no,no,no,no,yes,False
101466860,METROPOLITAN NASHVILLE POLICE DEPT,20161071802,Davidson,Not in City Limit,12/3/2016 6:27:00 PM,3,0,0,36.264060,-86.711570,GALLATIN PKEN,,,,94.00,Feet,North,OLD TIME VILLAGE PVTDR,,,,0.00,N,Not at Intersection,N,Non-Junction,None,,,         ,George,Oden,Rain,Front to Rear,no,no,no,no,no,False
101466861,METROPOLITAN NASHVILLE POLICE DEPT,20161071989,Davidson,Nashville,12/3/2016 8:30:00 PM,2,0,0,36.161080,-86.781160,COMMERCE ST,,,,188.00,Feet,West,6TH AVN,,,,0.00,N,Not at Intersection,N,Non-Junction,None,,,         ,Wesley,Feinstein,Rain,"Sideswipe, Same Direction",no,no,no,no,yes,False
101466895,METROPOLITAN NASHVILLE POLICE DEPT,20161072033,Davidson,Nashville,12/3/2016 8:50:00 PM,1,0,0,36.223250,-86.737330,EDWARDS AV,,,,75.00,Feet,South,VIRGINIA AV,,,,0.00,N,Not at Intersection,N,Non-Junction,None,,,         ,Joshua,Lippert,Rain,Not Collision with Motor Vehicle in Transport,no,no,no,no,no,False
101466897,METROPOLITAN NASHVILLE POLICE DEPT,20161071986,Davidson,Goodlettsville,12/3/2016 7:30:00 PM,2,0,0,36.307400,-86.694600,VIETNAM VETERANS BLVDN,,,,18.00,Feet,East,CONFERENCE DR,,,,0.00,N,Not at Intersection, ,Non-Junction,None,,,         ,Cecilia,Gomez,Cloudy,Front to Rear,no,no,no,no,no,False
101466899,METROPOLITAN NASHVILLE POLICE DEPT,20161071688,Davidson,Nashville,12/3/2016 5:52:00 PM,2,0,0,36.202310,-86.738150,LITTON AV,,,,297.00,Feet,East,GALLATIN PKE,,,,0.00,N,Not at Intersection,N,Non-Junction,None,,,         ,Rachael,Sacco,Rain,Front to Rear,no,no,no,no,yes,False
101466901,METROPOLITAN NASHVILLE POLICE DEPT,20161072023,Davidson,Nashville,12/3/2016 8:47:00 PM,2,0,0,36.061370,-86.675580,ANTIOCH PKE,,,,662.00,Feet,West,GOODWIN RD,,,,0.00,N,Not at Intersection, ,,None,,,         ,Charles,Griffin,,,no,no,no,yes,no,False
101466909,METROPOLITAN NASHVILLE POLICE DEPT,20161072000,Davidson,Nashville,12/3/2016 8:38:00 PM,2,0,0,36.143850,-86.797710,EDGEHILL AV,,,,0.00,,,19TH AVS,,,,0.00,Y,Four-Way, ,Intersection,None,,,         ,Nicholas,Smith,Rain,Angle,no,no,no,no,no,Campus
101466910,METROPOLITAN NASHVILLE POLICE DEPT,20161071966,Davidson,Nashville,12/3/2016 8:25:00 PM,2,0,0,36.059370,-86.853090,CROMWELL DR,,,,0.00,,,HILLSBORO PKE,,,,0.00,Y,Four-Way, ,Non-Junction,None,,,         ,David,Collins,Rain,Front to Rear,no,no,no,no,no,False
101466911,METROPOLITAN NASHVILLE POLICE DEPT,20161072030,Davidson,Nashville,12/3/2016 8:51:00 PM,2,0,0,36.234450,-86.758430,DICKERSON PKE,,,,237.00,Feet,South,HOMESTEAD RD,,,,0.00,N,Not at Intersection, ,,None,,,         ,Jonathan,Hadley,,,no,no,no,no,no,False
101466913,METROPOLITAN NASHVILLE POLICE DEPT,20161072070,Davidson,Nashville,12/3/2016 7:16:00 PM,2,0,0,36.045460,-86.712300,OLD HICKORY BLVD,,,,287.00,Feet,East,NOLENSVILLE PKE,,,,0.00,N,Not at Intersection,N,"Driveway, Alley Access, etc",None,,,         ,Kevin,Keating,Cloudy,"Sideswipe, Same Direction",no,no,no,no,yes,False
101466916,METROPOLITAN NASHVILLE POLICE DEPT,20161072038,Davidson,Nashville,12/3/2016 8:56:00 PM,1,0,0,36.043700,-86.781440,I 65,,,,0.00,,,,,,,74.90,N,Not at Intersection, ,Non-Junction,None,,,         ,David,Collins,Rain,Not Collision with Motor Vehicle in Transport,no,no,no,no,no,False
101466923,METROPOLITAN NASHVILLE POLICE DEPT,20161072010,Davidson,Nashville,12/3/2016 12:00:00 AM,2,0,0,36.205890,-86.768610,E TRINITY LN,,,,0.00,,,DICKERSON PKE,,,,0.00,Y,Four-Way,N,Intersection,None,,,         ,Gordon,Stovall,Rain,Angle,no,no,no,no,no,False
101466928,METROPOLITAN NASHVILLE POLICE DEPT,20161072102,Davidson,Nashville,12/3/2016 9:15:00 PM,2,0,0,36.044780,-86.713190,NOLENSVILLE PKE,,,,200.00,Feet,North,OLD HICKORY BLVD,,,,0.00,N,Not at Intersection, ,Non-Junction,None,,,         ,Candice,Soper,Rain,Angle,no,no,no,no,no,False
101466934,METROPOLITAN NASHVILLE POLICE DEPT,20161071944,Davidson,Nashville,12/3/2016 8:05:00 PM,2,0,0,36.151760,-86.768630,2ND AVS,,,,0.00,,,I40 W EXT RAMP,,,,0.00,Y,Four-Way,N,Non-Junction,None,,,         ,Gregory,Scott,Rain,Angle,no,no,no,no,yes,False
101466936,METROPOLITAN NASHVILLE POLICE DEPT,20161072075,Davidson,Nashville,12/3/2016 9:06:00 PM,2,0,0,36.045420,-86.703550,OLD HICKORY BLVD,,,,16.00,Feet,North,EULALA DR,,,,0.00,N,Not at Intersection,N,Non-Junction,None,,,         ,Tamara,Zurawski,Rain,Front to Rear,no,no,no,no,yes,False
101466940,METROPOLITAN NASHVILLE POLICE DEPT,20161072109,Davidson,Nashville,12/3/2016 12:00:00 AM,1,0,0,36.155090,-86.680210,LAKELAND DR,,,,464.00,Feet,South,MCGAVOCK PKE,,,,0.00,N,Not at Intersection,N,Non-Junction,None,,,         ,Craig,Gentry,Rain,Not Collision with Motor Vehicle in Transport,no,no,no,no,no,False
101466942,METROPOLITAN NASHVILLE POLICE DEPT,20161071993,Davidson,Nashville,12/3/2016 8:34:00 PM,3,0,0,36.055010,-86.642410,ZELIDA AV,,,,0.00,,,BELL RD,,,,0.00,Y,Four-Way,N,Intersection,None,,,         ,Alyson,Cook,Rain,Angle,no,no,no,no,yes,False
101466944,METROPOLITAN NASHVILLE POLICE DEPT,20161072131,Davidson,Nashville,12/3/2016 9:34:00 PM,2,0,0,36.153500,-86.794990,WEST END AV,,,,200.00,Feet,West,17TH AVN,,,,0.00,N,Not at Intersection, ,Non-Junction,None,,,         ,Charles,Griffin,Rain,Other,no,no,no,yes,yes,False
101466948,METROPOLITAN NASHVILLE POLICE DEPT,20161072130,Davidson,Nashville,12/3/2016 9:40:00 PM,2,0,0,36.158300,-86.799380,CHARLOTTE AV,,,,108.00,Feet,West,FISK ST,,,,0.00,N,Not at Intersection,N,Non-Junction,None,,,         ,Landon,Bagwell,Rain,Front to Rear,no,no,no,no,yes,False
101466949,METROPOLITAN NASHVILLE POLICE DEPT,20161072164,Davidson,Nashville,12/3/2016 10:07:00 PM,2,0,0,36.155590,-86.773680,4TH AVS,,,,150.00,Feet,South,PEABODY ST,,,,0.00,N,Not at Intersection, ,Non-Junction,None,,,         ,Brian,Woodard,Rain,Angle,no,no,no,no,no,False
101466951,METROPOLITAN NASHVILLE POLICE DEPT,20161072168,Davidson,Nashville,12/3/2016 9:55:00 PM,2,0,0,36.083830,-86.706920,HARDING PL,,,,328.00,Feet,West,LINBAR DR,,,,0.00,N,Not at Intersection, ,,None,,,         ,Andrew,Mullen,,,no,no,no,no,no,False
101466956,METROPOLITAN NASHVILLE POLICE DEPT,20161071952,Davidson,Nashville,12/3/2016 8:16:00 PM,2,0,0,36.170100,-86.603750,I40 W ENT RAMP,,,,0.00,,,I 40,,,,0.00,Y,OTHER,N,Entrance/Exit Ramp Related,None,,,         ,David,Stanley,Rain,Angle,no,no,no,no,no,False
101466957,METROPOLITAN NASHVILLE POLICE DEPT,20161071570,Davidson,Nashville,12/3/2016 4:44:00 PM,1,0,0,36.151350,-86.810590,PATTERSON ST,,,,214.00,Feet,East,25TH AVN,,,,0.00,N,Not at Intersection,N,Non-Junction,None,,,         ,Edin,Plancic,Cloudy,Not Collision with Motor Vehicle in Transport,no,no,no,yes,no,False
101466963,METROPOLITAN NASHVILLE POLICE DEPT,20161072057,Davidson,Nashville,12/3/2016 9:07:00 PM,2,1,0,36.042450,-86.712940,SWISS AV,,,,0.00,,,NOLENSVILLE PKE,,,,0.00,Y,Four-Way,Y,Intersection,None,,,         ,Jacob,Masteller,Rain,Front to Rear,no,no,no,no,no,False
101466975,METROPOLITAN NASHVILLE POLICE DEPT,20161072080,Davidson,Goodlettsville,12/3/2016 9:00:00 PM,2,0,0,36.296910,-86.699160,RIVERGATE PKWY,,,,0.00,,,GALLATIN PKEN,,,,0.00,Y,Four-Way, ,Intersection,None,,,         ,Joel,Callies,Rain,Angle,no,no,no,no,no,False
101466982,METROPOLITAN NASHVILLE POLICE DEPT,20161071948,Davidson,Nashville,12/3/2016 8:14:00 PM,2,0,0,36.155140,-86.779720,8TH AVS,,,,271.00,Feet,South,CLARK PL,,,,0.00,N,Not at Intersection, ,Non-Junction,None,,,         ,Joshua,Hollins,Rain,Front to Rear,no,no,no,no,no,False
101466985,METROPOLITAN NASHVILLE POLICE DEPT,20161072071,Davidson,Nashville,12/3/2016 9:17:00 PM,3,1,0,36.225010,-86.694600,BRILEY PKWYN,,,,282.00,Feet,North,MUSIC CITY CIR,,,,0.00,N,Not at Intersection,N,Non-Junction,None,,,         ,Dontaveous,Eubanks,Rain,Front to Rear,no,no,no,no,no,False
101466991,METROPOLITAN NASHVILLE POLICE DEPT,20161072238,Davidson,Nashville,12/3/2016 11:00:00 PM,2,0,0,36.045480,-86.647290,CROSSINGS BLVD,,,,0.00,,,MT VIEW RD,,,,0.00,Y,Four-Way, ,Intersection,None,,,         ,Daniel,Garrett,Rain,Angle,no,no,no,no,no,False
101466995,METROPOLITAN NASHVILLE POLICE DEPT,20161071753,Davidson,Not in City Limit,12/3/2016 5:30:00 PM,2,0,0,36.159020,-86.569250,NEW JOHN HAGAR RD,,,,0.00,,,EARHART RD,,,,0.00,Y,Four-Way, ,Intersection,None,,,         ,Brent,Hedgcoth,Rain,Angle,no,no,no,no,no,False
101467010,METROPOLITAN NASHVILLE POLICE DEPT,20161071668,Davidson,Nashville,12/3/2016 5:43:00 PM,2,1,0,36.215120,-86.597670,LEBANON PKE,,,,0.00,,,ANDREW JACKSON PKWY,,,,0.00,Y,Four-Way,N,Intersection,None,,,         ,Kyle,Burks,Rain,Angle,no,no,no,no,no,False
101467014,METROPOLITAN NASHVILLE POLICE DEPT,20161072240,Davidson,Nashville,12/3/2016 11:13:00 PM,1,0,0,36.224430,-86.774540,I 65,,,,0.00,,,,,,,88.55,N,Not at Intersection,N,Non-Junction,None,,,         ,Steven,Henry Jr.,Rain,Not Collision with Motor Vehicle in Transport,no,no,no,no,no,False
101467018,METROPOLITAN NASHVILLE POLICE DEPT,20161072323,Davidson,Nashville,12/3/2016 12:00:00 AM,2,0,0,36.161020,-86.777200,BROADWAY,,,,0.00,,,4TH AVN,,,,0.00,Y,Four-Way,N,Intersection,None,,,         ,Kevin,Ott,Rain,"Sideswipe, Opposite Direction",no,no,no,no,yes,False
101467021,METROPOLITAN NASHVILLE POLICE DEPT,20161072291,Davidson,Nashville,12/3/2016 10:59:00 PM,2,0,0,36.156960,-86.793630,CHURCH ST,,,,74.00,Feet,West,MCMILLIN ST,,,,0.00,N,Not at Intersection,N,Non-Junction,None,,,         ,Eric,Westbrook,Rain,Angle,no,no,no,no,no,False
101467022,METROPOLITAN NASHVILLE POLICE DEPT,20161072210,Davidson,Nashville,12/3/2016 10:38:00 PM,2,0,0,36.206370,-86.633180,BONNAFAIR DR,,,,0.00,,,BONNAVUE DR,,,,0.00,Y,Four-Way,N,Intersection,None,,,         ,Sean,Wuethrich,Rain,Angle,no,no,no,no,no,False
101467026,METROPOLITAN NASHVILLE POLICE DEPT,20161072067,Davidson,Nashville,12/3/2016 9:11:00 PM,2,0,0,36.115800,-86.782650,I 440,,,,0.00,,,,,,,4.40,N,Not at Intersection,N,Non-Junction,None,,,         ,Ryan,Worstall,Rain,"Sideswipe, Same Direction",no,no,no,no,yes,False
101467041,METROPOLITAN NASHVILLE POLICE DEPT,20161072410,Davidson,Nashville,12/4/2016 12:41:00 AM,2,1,0,36.174730,-86.614260,CENTRAL PKE,,,,0.00,Feet,,DODSON CHAPEL RD,,,,0.00,Y,Four-Way,Y,Intersection,None,,,         ,Brett,Johns,Rain,Other,no,no,no,no,no,False
101467042,METROPOLITAN NASHVILLE POLICE DEPT,20161072527,Davidson,Nashville,12/4/2016 1:45:00 AM,1,0,0,36.142500,-86.708710,I 40,,,,0.00,,,,,,,214.30,N,Not at Intersection,N,Non-Junction,None,,,         ,Bo,Branum,Rain,Not Collision with Motor Vehicle in Transport,no,no,no,no,no,False
101467046,METROPOLITAN NASHVILLE POLICE DEPT,20161072533,Davidson,Nashville,12/4/2016 1:50:00 AM,2,0,0,36.157930,-86.791610,14TH AVN,,,,0.00,Feet,,CHURCH ST,,,,0.00,Y,Four-Way,N,Intersection,None,,,         ,Eugene,Martino,Rain,Angle,no,no,no,no,yes,False
101467047,METROPOLITAN NASHVILLE POLICE DEPT,20161072354,Davidson,Nashville,12/4/2016 12:00:00 AM,1,1,0,36.041160,-86.782530,I 65,,,,0.00,,,,,,,74.75,N,Not at Intersection,N,Non-Junction,None,,,         ,Marc,Haugen,Rain,Not Collision with Motor Vehicle in Transport,no,no,no,no,no,False
101467048,METROPOLITAN NASHVILLE POLICE DEPT,20161072449,Davidson,Nashville,12/4/2016 12:03:00 AM,2,0,0,36.041160,-86.782530,I 65,,,,0.00,,,,,,,74.75,N,Not at Intersection,N,Non-Junction,None,,,         ,Marc,Haugen,Rain,Angle,no,no,no,no,no,False
101467053,METROPOLITAN NASHVILLE POLICE DEPT,20161072236,Davidson,Nashville,12/3/2016 11:14:00 PM,2,0,0,36.143630,-86.701580,I 40,,,,0.00,Feet,East,I40 E EXT RAMP,,,,0.00,N,Not at Intersection, ,Non-Junction,None,,,         ,Robert,Fondren,Rain,"Sideswipe, Same Direction",no,no,no,no,no,False
101467057,METROPOLITAN NASHVILLE POLICE DEPT,20161072675,Davidson,Nashville,12/4/2016 3:15:00 AM,1,0,0,36.044510,-86.711590,OLD HICKORY BLVD,,,,0.00,,,,,,,0.00,,, ,Non-Junction,None,,,         ,Daniel,Garrett,Rain,Not Collision with Motor Vehicle in Transport,no,no,no,yes,yes,False