master_record_number,agency,agency_tracking_number,county,city,collision_date,vehicles_involved,number_injured,number_dead,latitude,longitude,roadway_name,roadway_suffix,roadway_number,roadway_local_id,distance_from_reference,miles-feet_indicator,direction_from_reference,intersection_road_name,intersection_road_name_suffix,intersection_road_number,intersection_local_id,mile_marker,intersection_indicator,intersect_type,interchange_related_indicator,relation_to_junction,work_zone_type,construction_maintenance_zone,construction_maintenance_zone_location,fatal_case_number,officer_first_name,officer_last_name,weather_condition(s),manner_of_crash,pedestrian,bicycle,scooter,parking,hitrun,mou
101467058,METROPOLITAN NASHVILLE POLICE DEPT,20161072672,Davidson,Nashville,12/4/2016 12:00:00 AM,1,0,0,36.185000,-86.692120,BRILEY PKWYS,,,,669.00,Feet,South,BRILEY PKWYN,,,,0.00,N,Not at Intersection,N,Non-Junction,None,,,         ,Anthony,Russo,Rain,Not Collision with Motor Vehicle in Transport,no,no,no,no,yes,False
101467060,METROPOLITAN NASHVILLE POLICE DEPT,2016-1072191,Davidson,Nashville,12/3/2016 10:41:00 PM,1,1,0,36.214680,-86.779560,BRICK CHURCH PKE,,,,230.00,Feet,North,SOUTHERLAND DR,,,,0.00,N,Not at Intersection,N,Non-Junction,None,,,         ,Anthony,Cavis,Rain,Not Collision with Motor Vehicle in Transport,yes,no,no,no,yes,False
101467061,METROPOLITAN NASHVILLE POLICE DEPT,20161072613,Davidson,Nashville,12/4/2016 3:00:00 AM,2,0,0,36.162910,-86.784740,UNION ST,,,,0.00,,,ROSA L PARKS AV,,,,0.00,Y,Four-Way,Y,Intersection,None,,,         ,Brian,Zullo,Rain,Angle,no,no,no,no,no,False
101467070,METROPOLITAN NASHVILLE POLICE DEPT,20161072382,Davidson,Nashville,12/4/2016 12:25:00 AM,1,0,0,36.087740,-86.701050,I24 W ENT RAMP,,,,0.00,Feet,East,I 24,,,,0.00,N,Not at Intersection,N,Non-Junction,None,,,         ,Andrew,Swint,Rain,Not Collision with Motor Vehicle in Transport,no,no,no,no,no,False
101467071,METROPOLITAN NASHVILLE POLICE DEPT,20161072678,Davidson,Nashville,12/4/2016 1:13:00 AM,2,0,0,36.167980,-86.599940,OLD HICKORY BLVD,,,,202.00,Feet,South,SELLS DR,,,,0.00,N,Not at Intersection, ,Non-Junction,None,,,         ,Brett,Johns,Rain,Unknown,no,no,no,yes,yes,False
101467072,METROPOLITAN NASHVILLE POLICE DEPT,20161072214,Davidson,Nashville,12/3/2016 11:00:00 PM,1,0,0,36.094230,-86.653420,MURFREESBORO PKE,,,,0.00,,,,,,,0.00,,,N,Non-Junction,None,,,         ,William,Coy,Rain,Not Collision with Motor Vehicle in Transport,no,no,no,yes,no,False
101467077,METROPOLITAN NASHVILLE POLICE DEPT,20161072771,Davidson,Nashville,12/4/2016 3:50:00 AM,1,0,0,36.072660,-86.693270,EZELL RD,,,,220.00,Feet,South,LINBAR DR,,,,0.00,N,Not at Intersection,N,Non-Junction,None,,,         ,Daniel,Garrett,Rain,Not Collision with Motor Vehicle in Transport,no,no,no,no,yes,False
101467080,METROPOLITAN NASHVILLE POLICE DEPT,20161072779,Davidson,Nashville,12/4/2016 1:43:00 AM,1,0,0,36.153280,-86.684230,ELM HILL PKE,,,,0.00,,,,,,,0.00,,,N,Non-Junction,None,,,         ,Joseph,Zambardi,Rain,Not Collision with Motor Vehicle in Transport,no,no,no,yes,yes,False
101467081,METROPOLITAN NASHVILLE POLICE DEPT,20161072664,Davidson,Nashville,12/4/2016 12:00:00 AM,1,0,0,36.136290,-86.727230,I24 E EXT RAMP,,,,0.00,Feet,East,I 24,,,,0.00,N,Not at Intersection,Y,Entrance/Exit Ramp Related,None,,,         ,Pamela,Caulder,Rain,Not Collision with Motor Vehicle in Transport,no,no,no,no,yes,False
101467082,METROPOLITAN NASHVILLE POLICE DEPT,20161072778,Davidson,Nashville,12/4/2016 5:24:00 AM,1,0,0,36.201340,-86.776840,I 65,,,,0.00,,,,,,,87.00,N,Not at Intersection,N,Non-Junction,None,,,         ,Edward,Conrads,Rain,Not Collision with Motor Vehicle in Transport,no,no,no,no,yes,False
101467089,METROPOLITAN NASHVILLE POLICE DEPT,20161072814,Davidson,Nashville,12/4/2016 3:50:00 AM,2,0,0,36.087430,-86.692210,ANTIOCH PKE,,,,0.00,,,HARDING PL,,,,0.00,Y,Four-Way, ,Intersection,None,,,         ,Daniel,Garrett,Rain,Angle,no,no,no,no,yes,False
101467095,METROPOLITAN NASHVILLE POLICE DEPT,20161072828,Davidson,Nashville,12/4/2016 6:12:00 AM,1,0,0,36.064160,-86.684220,I 24,,,,0.00,,,,,,,57.50,N,Not at Intersection,N,Non-Junction,None,,,         ,Autumn,Manning,Rain,Not Collision with Motor Vehicle in Transport,no,no,no,no,no,False
101467102,METROPOLITAN NASHVILLE POLICE DEPT,20161072657,Davidson,Nashville,12/4/2016 2:50:00 AM,2,0,0,36.024930,-86.632500,I 24,,,,0.00,,,,,,,61.60,N,Not at Intersection,N,Non-Junction,None,,,         ,Caleb,Jernigan,Rain,Front to Rear,no,no,no,no,yes,False
101467107,METROPOLITAN NASHVILLE POLICE DEPT,2016-1072843,Davidson,Not in City Limit,12/4/2016 6:54:00 AM,1,0,0,36.271520,-86.761140,OLD HICKORY BLVD,,,,148.00,Feet,South,MARYDALE DR,,,,0.00,N,Not at Intersection,N,Non-Junction,None,,,         ,Arthur,Hipp,Rain,Not Collision with Motor Vehicle in Transport,no,no,no,no,yes,False
101467109,METROPOLITAN NASHVILLE POLICE DEPT,20161072975,Davidson,Not in City Limit,12/4/2016 2:20:00 AM,2,0,0,36.020870,-86.627990,I 24,,,,0.00,,,,,,,62.00,N,Not at Intersection,N,Non-Junction,None,,,         ,Andrew,Swint,Rain,"Sideswipe, Same Direction",no,no,no,no,no,False
101467164,METROPOLITAN NASHVILLE POLICE DEPT,20161072574,Davidson,Not in City Limit,12/4/2016 2:23:00 AM,2,1,0,36.020870,-86.627990,I 24,,,,0.00,,,,,,,62.00,N,Not at Intersection,N,Non-Junction,None,,,         ,Andrew,Swint,Rain,"Sideswipe, Same Direction",no,no,no,no,no,False
101467167,METROPOLITAN NASHVILLE POLICE DEPT,2016-1072907,Davidson,Nashville,12/4/2016 7:20:00 AM,2,0,0,36.153250,-86.761830,CHARLES E DAVIS BLVD,,,,32.00,Feet,North,GREEN ST,,,,0.00,N,Not at Intersection,N,Non-Junction,None,,,         ,Calvin,Graham,Rain,Angle,no,no,no,no,yes,False
101467169,GOODLETTSVILLE POLICE DEPT,16-41281,Davidson,Goodlettsville,11/28/2016 4:40:00 PM,2,0,0,36.306840,-86.694360,CONFERENCE DR,,,,0.00,Feet,,VIETNAM VETERANS BLVD NB ENT R,,,,0.00,Y,OTHER,N,Entrance/Exit Ramp Related,None,,,         ,George,Henry,Rain,Angle,no,no,no,no,yes,False
101467175,METROPOLITAN NASHVILLE POLICE DEPT,20161072954,Davidson,Nashville,12/4/2016 8:15:00 AM,2,0,0,36.096440,-86.656060,MURFREESBORO PKE,,,,0.00,,,SMITH SPRINGS RD,,,,0.00,Y,T-Intersection,N,Intersection,None,,,         ,John,Nicholson,Rain,Angle,no,no,no,no,yes,False
101467181,METROPOLITAN NASHVILLE POLICE DEPT,20161073058,Davidson,Nashville,12/4/2016 9:14:00 AM,1,1,0,36.041780,-86.782400,I 65,,,,0.00,,,,,,,74.80,N,Not at Intersection,N,Non-Junction,None,,,         ,Earl,Davis,Rain,Not Collision with Motor Vehicle in Transport,no,no,no,no,no,False
101467185,METROPOLITAN NASHVILLE POLICE DEPT,20161073034,Davidson,Nashville,12/4/2016 9:03:00 AM,1,0,0,36.070920,-86.690420,I 24,,,,0.00,Feet,East,I 24,,,,0.00,N,Not at Intersection,N,Non-Junction,None,,,         ,Thomas,White,Rain,Not Collision with Motor Vehicle in Transport,no,no,no,no,yes,False
101467211,METROPOLITAN NASHVILLE POLICE DEPT,20161073169,Davidson,Nashville,12/4/2016 10:30:00 AM,1,1,0,36.125450,-86.813680,I 440,,,,0.00,,,,,,,2.35,N,Not at Intersection,N,Non-Junction,None,,,         ,Citlaly,Juarez,Rain,Not Collision with Motor Vehicle in Transport,no,no,no,no,no,False
101467216,METROPOLITAN NASHVILLE POLICE DEPT,20161073152,Davidson,Nashville,12/4/2016 10:07:00 AM,1,0,0,36.145430,-86.646060,I 40,,,,0.00,,,,,,,217.15,N,Not at Intersection, ,,None,,,         ,Steven,Rowlett,,,no,no,no,no,no,False
101467217,METROPOLITAN NASHVILLE POLICE DEPT,20161073079,Davidson,Nashville,12/4/2016 9:35:00 AM,2,0,0,36.038970,-86.782800,I 65,,,,0.00,,,,,,,74.60,N,Not at Intersection,N,Non-Junction,None,,,         ,Ronald,Raynore,Rain,Front to Rear,no,no,no,no,no,False
101467222,METROPOLITAN NASHVILLE POLICE DEPT,20161073146,Davidson,Nashville,12/4/2016 10:15:00 AM,2,0,0,36.089270,-86.732830,NOLENSVILLE PKE,,,,366.00,Feet,South,ZOO RD,,,,0.00,N,Not at Intersection,N,Non-Junction,None,,,         ,David,Smith,Rain,"Sideswipe, Opposite Direction",no,no,no,no,yes,False
101467226,THP District 3 - Nashville,316066205,Davidson,Not in City Limit,12/1/2016 6:27:00 AM,2,0,0,36.076980,-87.029310,I 40,,,,0.00,,,,,,,192.00,N,Not at Intersection,N,Non-Junction,None,,,         ,Mariah,Harden,Clear,Front to Rear,no,no,no,no,no,False
101467231,METROPOLITAN NASHVILLE POLICE DEPT,20161073196,Davidson,Nashville,12/4/2016 10:55:00 AM,1,1,0,36.073980,-86.769100,I 65,,,,0.00,,,,,,,77.20,N,Not at Intersection,N,Non-Junction,None,,,         ,Earl,Davis,Rain,Not Collision with Motor Vehicle in Transport,no,no,no,no,no,False
101467232,METROPOLITAN NASHVILLE POLICE DEPT,2016-1073069,Davidson,Nashville,12/4/2016 9:17:00 AM,3,0,0,36.039740,-86.782690,I 65,,,,0.00,,,,,,,74.65,N,Not at Intersection,N,Non-Junction,None,,,         ,Timothy,Edwards,Rain,Front to Rear,no,no,no,no,no,False
101467249,METROPOLITAN NASHVILLE POLICE DEPT,2016-1073204,Davidson,Nashville,12/4/2016 10:50:00 AM,2,0,0,36.127810,-86.794370,LINDEN AV,,,,19.00,Feet,East,BELMONT BLVD,,,,0.00,N,Not at Intersection, ,Non-Junction,None,,,         ,David,Anderson,Rain,Angle,no,no,no,no,no,False
101467254,METROPOLITAN NASHVILLE POLICE DEPT,20161073162,Davidson,Nashville,12/4/2016 10:28:00 AM,3,4,0,36.163640,-86.612930,BELL RD,,,,129.00,Feet,North,DODSON CHAPEL RD,,,,0.00,N,Not at Intersection,N,Non-Junction,None,,,         ,MIchael,Mihajlov,Rain,Angle,no,no,no,no,no,False
101467255,METROPOLITAN NASHVILLE POLICE DEPT,20161073128,Davidson,Nashville,12/4/2016 10:15:00 AM,2,2,0,36.068590,-86.623730,OWENDALE DR,,,,0.00,,,KINWOOD DR,,,,0.00,Y,Four-Way,N,Intersection,None,,,         ,Steven,Snitzer,Rain,Angle,no,no,no,no,no,False
101467256,METROPOLITAN NASHVILLE POLICE DEPT,20161073259,Davidson,Nashville,12/4/2016 11:46:00 AM,1,0,0,36.153490,-86.812260,25TH AVN,,,,46.00,Feet,North,PARMAN PL,,,,0.00,N,Not at Intersection,N,Non-Junction,None,,,         ,Citlaly,Juarez,Rain,Not Collision with Motor Vehicle in Transport,no,no,no,no,no,False
101467275,METROPOLITAN NASHVILLE POLICE DEPT,20161073260,Davidson,Nashville,12/4/2016 11:52:00 AM,1,1,0,36.169040,-86.606650,I40 E EXT RAMP,,,,8.00,Feet,South,I 40,,,,0.00,N,Not at Intersection,Y,Non-Junction,None,,,         ,MIchael,Mihajlov,Clear,Not Collision with Motor Vehicle in Transport,no,no,no,no,no,False
101467304,METROPOLITAN NASHVILLE POLICE DEPT,2016-1073003,Davidson,Nashville,12/4/2016 8:30:00 AM,2,2,0,36.073990,-86.735030,BLACKMAN RD,,,,20.00,Feet,West,OVERCREST DR,,,,0.00,N,Not at Intersection,Y,Non-Junction,None,,,         ,Sean,Williams,Rain,Angle,no,no,no,no,no,False
101467305,METROPOLITAN NASHVILLE POLICE DEPT,20161073279,Davidson,Nashville,12/4/2016 12:00:00 PM,3,2,0,36.041520,-86.782490,I65 S EXT RAMP,,,,0.00,,,I 65,,,,0.00,Y,OTHER,N,Non-Junction,None,,,         ,Earl,Davis,Cloudy,Angle,no,no,no,no,yes,False
101467310,METROPOLITAN NASHVILLE POLICE DEPT,20161073324,Davidson,Nashville,12/4/2016 12:28:00 PM,2,0,0,36.168040,-86.777650,JAMES ROBERTSON PKWY,,,,323.00,Feet,East,2ND AVN,,,,0.00,N,Not at Intersection, ,Non-Junction,None,,,         ,Seth,Quiles,Rain,Front to Rear,no,no,no,no,no,False
101467312,METROPOLITAN NASHVILLE POLICE DEPT,20161073335,Davidson,Nashville,12/4/2016 12:40:00 PM,2,0,0,36.085400,-86.702140,I24 E EXT RAMP,,,,0.00,,,HARDING PL,,,,0.00,Y,OTHER, ,Entrance/Exit Ramp Related,None,,,         ,David,Simmonds,Cloudy,Front to Rear,no,no,no,no,no,False
101467319,METROPOLITAN NASHVILLE POLICE DEPT,20161073313,Davidson,Nashville,12/4/2016 12:25:00 PM,1,0,0,36.152780,-86.854240,I40 E ENT RAMP,,,,0.00,Feet,East,I 40,,,,0.00,N,Not at Intersection,Y,Non-Junction,None,,,         ,Gregory,McDaniel,Rain,Not Collision with Motor Vehicle in Transport,no,no,no,no,no,False
101467328,METROPOLITAN NASHVILLE POLICE DEPT,20161073283,Davidson,Nashville,12/4/2016 12:00:00 PM,2,0,0,36.158870,-86.789700,CHURCH ST,,,,318.00,Feet,East,12TH AVN,,,,0.00,N,Not at Intersection, ,Non-Junction,None,,,         ,William,Gibbs,Cloudy,Front to Rear,no,no,no,no,no,False
101467337,METROPOLITAN NASHVILLE POLICE DEPT,2016-1073347,Davidson,Nashville,12/4/2016 1:00:00 PM,1,0,0,36.040630,-86.782780,I65 S EXT RAMP,,,,0.00,Feet,East,I 65,,,,0.00,N,Not at Intersection,N,Entrance/Exit Ramp Related,None,,,         ,Timothy,Edwards,Rain,Not Collision with Motor Vehicle in Transport,no,no,no,no,no,False
101467340,BERRY HILL POLICE DEPT,16-4164,Davidson,Berry Hill,12/1/2016 11:57:00 AM,2,0,0,36.126970,-86.777350,FRANKLIN PKE,,,,0.00,,,HILLVIEW HTS,,,,0.00,Y,T-Intersection,N,Non-Junction,None,,,         ,Ronnie,Hill,Clear,Front to Rear,no,no,no,no,no,False
101467341,METROPOLITAN NASHVILLE POLICE DEPT,20161073280,Davidson,Not in City Limit,12/4/2016 11:54:00 AM,2,0,0,36.264450,-86.732280,OLD HICKORY BLVDW,,,,0.00,,,N GRAYCROFT AV,,,,0.00,Y,Four-Way, ,Intersection,None,,,         ,Spencer,Pittman,Rain,Angle,no,no,no,no,no,False
101467342,METROPOLITAN NASHVILLE POLICE DEPT,20161073349,Davidson,Madison,12/4/2016 1:00:00 PM,2,0,0,36.263870,-86.711900,OLD TIME VILLAGE PVTDR,,,,75.00,Feet,West,GALLATIN PKEN,,,,0.00,N,Not at Intersection, ,Non-Junction,None,,,         ,Terrence,Bradley,Rain,Angle,no,no,no,no,no,False
101467350,METROPOLITAN NASHVILLE POLICE DEPT,2016-1073333,Davidson,Nashville,12/4/2016 12:33:00 PM,2,0,0,36.076520,-86.726890,EDMONDSON PKE,,,,446.00,Feet,West,WALLACE RD,,,,0.00,N,Not at Intersection, ,Non-Junction,None,,,         ,Sean,Williams,Cloudy,Angle,no,no,no,no,no,False
101467354,METROPOLITAN NASHVILLE POLICE DEPT,20161073407,Davidson,Nashville,12/4/2016 1:45:00 PM,2,0,0,36.058740,-86.670010,MT VIEW RD,,,,135.00,Feet,East,HICKORY HOLLOW PKWY,,,,0.00,N,Not at Intersection,N,Non-Junction,None,,,         ,Thomas,White,Rain,"Sideswipe, Opposite Direction",no,no,no,no,yes,False
101467357,METROPOLITAN NASHVILLE POLICE DEPT,20161073371,Davidson,Nashville,12/4/2016 1:33:00 PM,2,0,0,36.151150,-86.794500,DIVISION ST,,,,64.00,Feet,West,18TH AVS,,,,0.00,N,Not at Intersection, ,Non-Junction,None,,,         ,Kevin,Crawford,Rain,Front to Rear,no,no,no,no,no,False
101467358,METROPOLITAN NASHVILLE POLICE DEPT,20161073341,Davidson,Nashville,12/4/2016 12:51:00 PM,2,2,0,36.091360,-86.828510,HARDING PL,,,,0.00,,,HILLSBORO PKE,,,,0.00,Y,Four-Way,N,Intersection-Related,None,,,         ,Nathan,Smith,Rain,Front to Rear,no,no,no,no,no,False
101467373,METROPOLITAN NASHVILLE POLICE DEPT,20161073406,Davidson,Nashville,12/4/2016 1:45:00 PM,1,0,0,36.125820,-86.904670,I 40,,,,0.00,,,,,,,200.60,N,Not at Intersection,N,Non-Junction,None,,,         ,Christopher,Taylor,Rain,Not Collision with Motor Vehicle in Transport,no,no,no,no,no,False
101467376,METROPOLITAN NASHVILLE POLICE DEPT,20161073382,Davidson,Nashville,12/4/2016 1:42:00 PM,1,0,0,36.241110,-86.750130,I65 S EXT RAMP,,,,0.63,Miles,South,I 65,,,,0.00,N,Not at Intersection,N,Entrance/Exit Ramp Related,None,,,         ,Doyle,Price,Rain,Not Collision with Motor Vehicle in Transport,no,no,no,no,yes,False
101467391,METROPOLITAN NASHVILLE POLICE DEPT,20161073394,Davidson,Nashville,12/4/2016 1:35:00 PM,2,0,0,36.078890,-86.645210,MARTWAY DR,,,,0.00,Feet,West,EDGE O LAKE DR,,,,0.00,N,Not at Intersection, ,Non-Junction,None,,,         ,Kevin,Caperton,Rain,Angle,no,no,no,no,no,False
101467392,METROPOLITAN NASHVILLE POLICE DEPT,20161073391,Davidson,Nashville,12/4/2016 1:51:00 PM,2,2,0,36.150870,-86.782410,DIVISION ST,,,,14.00,Feet,East,OVERTON ST,,,,0.00,N,Not at Intersection,Y,Non-Junction,None,,,         ,Christian,Martin,Rain,HeadOn,no,no,no,no,no,False
101467403,METROPOLITAN NASHVILLE POLICE DEPT,20161073445,Davidson,Nashville,12/4/2016 2:03:00 PM,1,0,0,36.125150,-86.729190,I24 E ENT RAMP,,,,0.00,Feet,East,I 440,,,,0.00,N,Not at Intersection,N,Non-Junction,None,,,         ,Alyson,Cook,Rain,Not Collision with Motor Vehicle in Transport,no,no,no,no,no,False
101467419,VANDERBILT UNIVERSITY POLICE,16-1073443,Davidson,Nashville,12/4/2016 2:25:00 PM,2,0,0,36.108850,-86.766110,POWELL AV,,,,0.00,,,,,,,0.00,,, ,"Driveway, Alley Access, etc",None,,,         ,William,Amburn,Rain,Angle,no,no,no,no,no,False
101467420,METROPOLITAN NASHVILLE POLICE DEPT,20161073373,Davidson,Not in City Limit,12/4/2016 1:36:00 PM,1,1,0,36.333050,-86.824890,UNION HILL RD,,,,110.00,Feet,West,CROCKER SPRINGS RD,,,,0.00,N,Not at Intersection,N,Non-Junction,None,,,         ,Carlos,angulo,Rain,Not Collision with Motor Vehicle in Transport,no,no,no,no,no,False
101467426,METROPOLITAN NASHVILLE POLICE DEPT,20161073374,Davidson,Nashville,12/4/2016 1:36:00 PM,1,1,0,36.024300,-86.742390,EDMONDSON PKE,,,,0.00,,,BANBURY STA,,,,0.00,Y,Four-Way,N,Non-Junction,None,,,         ,Nicholas,Carroll,Rain,Not Collision with Motor Vehicle in Transport,no,no,no,no,no,False
101467432,METROPOLITAN NASHVILLE POLICE DEPT,20161073480,Davidson,Nashville,12/4/2016 2:05:00 PM,2,0,0,36.190290,-86.606850,ANDREW JACKSON PKWY,,,,889.00,Feet,South,STONERS GLEN DR,,,,0.00,N,Not at Intersection,N,Non-Junction,None,,,         ,Codey,Mullins,Rain,Front to Rear,no,no,no,no,no,False
101467451,GOODLETTSVILLE POLICE DEPT,16-42080,Davidson,Goodlettsville,12/4/2016 3:30:00 PM,2,0,0,36.306790,-86.694650,VIETNAM VETERANS BLVD NB EXT R,,,,85.00,Feet,West,CONFERENCE DR,,,,0.00,N,Not at Intersection,Y,Entrance/Exit Ramp Related,None,,,         ,Jeremy,Baker,Rain,Front to Rear,no,no,no,no,no,False
101467453,METROPOLITAN NASHVILLE POLICE DEPT,20161073425,Davidson,Nashville,12/4/2016 1:00:00 AM,2,0,0,36.144290,-86.666700,DONELSON PKE,,,,345.00,Feet,South,SHACKLETT DR,,,,0.00,N,Not at Intersection,N,Non-Junction,None,,,         ,Jaby,Djabbarov,Rain,Rear to Rear,no,no,no,yes,yes,False
101467463,METROPOLITAN NASHVILLE POLICE DEPT,20161073459,Davidson,Nashville,12/4/2016 2:53:00 PM,2,0,0,36.041780,-86.782400,I 65,,,,0.00,,,,,,,74.80,N,Not at Intersection,N,Non-Junction,None,,,         ,Jacob,Masteller,Rain,Front to Rear,no,no,no,no,no,False
101467464,METROPOLITAN NASHVILLE POLICE DEPT,20161073538,Davidson,Nashville,12/4/2016 2:09:00 PM,2,0,0,36.156450,-86.631320,I40 W ENT RAMP,,,,0.00,,,I 40,,,,0.00,Y,Four-Way, ,Non-Junction,None,,,         ,Patrick,Taylor,Rain,Front to Rear,no,no,no,no,no,False
101467473,METROPOLITAN NASHVILLE POLICE DEPT,20161073468,Davidson,Nashville,12/4/2016 2:45:00 PM,2,0,0,36.143530,-86.687720,I40 W EXT RAMP,,,,51.00,Feet,East,I 40,,,,0.00,N,Not at Intersection,N,Non-Junction,None,,,         ,Thomas,Barnes,Rain,"Sideswipe, Same Direction",no,no,no,no,no,False
101467478,METROPOLITAN NASHVILLE POLICE DEPT,20161073543,Davidson,Nashville,12/4/2016 3:50:00 PM,1,1,0,36.177860,-86.695220,BRILEY PKWYS,,,,0.59,Miles,North,BRILEY PKWY S EXT RAMP,,,,0.00,N,Not at Intersection,N,Non-Junction,None,,,         ,Brent,Hedgcoth,Rain,Not Collision with Motor Vehicle in Transport,no,no,no,no,no,False
101467480,METROPOLITAN NASHVILLE POLICE DEPT,20161073486,Davidson,Antioch,12/4/2016 2:53:00 PM,2,0,0,36.047840,-86.612050,MURFREESBORO PKE,,,,1284.00,Feet,North,MOUNTAIN SPRINGS RD,,,,0.00,N,Not at Intersection,N,Non-Junction,None,,,         ,Tamara,Zurawski,Rain,Angle,no,no,no,no,no,False
101467482,METROPOLITAN NASHVILLE POLICE DEPT,20161073578,Davidson,Nashville,12/4/2016 3:20:00 PM,1,0,0,36.161700,-86.599420,BELL RD,,,,689.00,Feet,West,OLD HICKORY BLVD,,,,0.00,N,Not at Intersection, ,Non-Junction,None,,,         ,Codey,Mullins,Rain,Not Collision with Motor Vehicle in Transport,no,no,no,no,no,False
101467483,METROPOLITAN NASHVILLE POLICE DEPT,2016-1073567,Davidson,Nashville,12/4/2016 4:13:00 PM,2,0,0,36.102160,-86.818210,HILLSBORO DR,,,,172.00,Feet,West,HILLSBORO PKE,,,,0.00,N,Not at Intersection,N,Non-Junction,None,,,         ,Ryan,Allen,Rain,Angle,no,no,no,no,yes,False
101467498,METROPOLITAN NASHVILLE POLICE DEPT,20161073497,Davidson,Nashville,12/4/2016 2:53:00 PM,1,0,0,36.041780,-86.782400,I 65,,,,0.00,,,,,,,74.80,N,Not at Intersection, ,Non-Junction,None,,,         ,Jacob,Masteller,Rain,Not Collision with Motor Vehicle in Transport,no,no,no,no,no,False
101467499,METROPOLITAN NASHVILLE POLICE DEPT,20161073526,Davidson,Nashville,12/4/2016 4:45:00 PM,2,0,0,36.041780,-86.782400,I 65,,,,0.00,,,,,,,74.80,N,Not at Intersection, ,Non-Junction,None,,,         ,Jacob,Masteller,Rain,Front to Rear,no,no,no,no,no,False
101467502,METROPOLITAN NASHVILLE POLICE DEPT,20161073427,Davidson,Nashville,12/4/2016 2:15:00 PM,2,1,0,36.038470,-86.783450,OLD HICKORY BLVD,,,,0.00,,,I65 S EXT RAMP,,,,0.00,Y,Four-Way,N,Non-Junction,None,,,         ,David,Collins,Rain,Front to Rear,no,no,no,no,no,False
101467509,METROPOLITAN NASHVILLE POLICE DEPT,2016-1073576,Davidson,Nashville,12/4/2016 4:00:00 PM,2,0,0,36.151670,-86.789520,DIVISION ST,,,,0.00,,,MUSIC CIRE,,,,0.00,Y,Four-Way,N,Intersection-Related,None,,,         ,Emily,Mulready,Rain,Angle,no,no,no,no,no,False
101467513,METROPOLITAN NASHVILLE POLICE DEPT,20161073600,Davidson,Nashville,12/4/2016 4:32:00 PM,2,0,0,36.079970,-86.791870,TYNE BLVD,,,,0.00,,,LEALAND LN,,,,0.00,Y,Four-Way, ,Intersection,None,,,         ,David,Collins,Rain,Front to Rear,no,no,no,no,no,False
101467519,METROPOLITAN NASHVILLE POLICE DEPT,20161073607,Davidson,Nashville,12/4/2016 4:37:00 PM,2,0,0,36.140240,-86.700250,BRILEY PKWY,,,,266.00,Feet,North,KAREN DR,,,,0.00,N,Not at Intersection,N,Non-Junction,None,,,         ,Jaby,Djabbarov,Rain,"Sideswipe, Same Direction",no,no,no,no,yes,False
101467528,METROPOLITAN NASHVILLE POLICE DEPT,20161073545,Davidson,Nashville,12/4/2016 3:09:00 PM,2,0,0,36.052850,-86.674660,BLUE LAKE CIR,,,,0.00,Feet,,SHACKLETT LANE CT,,,,0.00,Y,Four-Way, ,Intersection,None,,,         ,Alyson,Cook,Rain,Angle,no,no,no,no,no,False
101467532,METROPOLITAN NASHVILLE POLICE DEPT,20161073645,Davidson,Nashville,12/4/2016 4:30:00 PM,2,0,0,36.083400,-86.727470,WELCH RD,,,,0.00,,,NOLENSVILLE PKE,,,,0.00,Y,T-Intersection,N,OtherLocation,None,,,         ,Benjamin,Froehlich,Rain,Front to Rear,no,no,no,no,no,False
101467535,METROPOLITAN NASHVILLE POLICE DEPT,20161073424,Davidson,Nashville,12/4/2016 2:07:00 PM,2,2,0,36.112090,-86.723010,I 24,,,,0.00,,,,,,,53.50,N,Not at Intersection,Y,Entrance/Exit Ramp Related,None,,,         ,Andrew,Mullen,Rain,Front to Rear,no,no,no,no,no,False
101467542,METROPOLITAN NASHVILLE POLICE DEPT,20161073564,Davidson,Nashville,12/4/2016 4:10:00 PM,2,0,0,36.068760,-86.716280,HAYWOOD LN,,,,0.00,,,HOPEDALE DR,,,,0.00,Y,T-Intersection,N,Intersection,None,,,         ,Alyson,Cook,Rain,Angle,no,no,no,no,no,False
101467543,METROPOLITAN NASHVILLE POLICE DEPT,20161073591,Davidson,Nashville,12/4/2016 4:21:00 PM,2,0,0,36.238670,-86.779090,BRILEY PKWYW,,,,130.00,Feet,West,BRILEY PKWY W EXT RAMP,,,,0.00,N,Not at Intersection, ,Non-Junction,None,,,         ,Harold,Willmore IV,Rain,Front to Rear,no,no,no,no,no,False
101467544,METROPOLITAN NASHVILLE POLICE DEPT,20161073665,Davidson,Nashville,12/4/2016 5:00:00 PM,3,0,0,36.143450,-86.702780,I 40,,,,0.00,,,,,,,214.60,N,Not at Intersection,N,Non-Junction,None,,,         ,Thomas,Barnes,Rain,"Sideswipe, Same Direction",no,no,no,no,no,False
101467546,METROPOLITAN NASHVILLE POLICE DEPT,20161073746,Davidson,Nashville,12/4/2016 5:45:00 PM,2,0,0,36.119820,-86.766020,I 440,,,,0.00,,,,,,,5.40,N,Not at Intersection,N,Non-Junction,None,,,         ,Edin,Plancic,Rain,Front to Rear,no,no,no,no,no,False
101467549,METROPOLITAN NASHVILLE POLICE DEPT,20161073647,Davidson,Nashville,12/4/2016 4:44:00 PM,1,0,0,36.112640,-86.723320,I 24,,,,0.00,,,,,,,53.45,N,Not at Intersection,N,Non-Junction,None,,,         ,Alyson,Cook,Rain,Not Collision with Motor Vehicle in Transport,no,no,no,no,no,False