master_record_number,agency,agency_tracking_number,county,city,collision_date,vehicles_involved,number_injured,number_dead,latitude,longitude,roadway_name,roadway_suffix,roadway_number,roadway_local_id,distance_from_reference,miles-feet_indicator,direction_from_reference,intersection_road_name,intersection_road_name_suffix,intersection_road_number,intersection_local_id,mile_marker,intersection_indicator,intersect_type,interchange_related_indicator,relation_to_junction,work_zone_type,construction_maintenance_zone,construction_maintenance_zone_location,fatal_case_number,officer_first_name,officer_last_name,weather_condition(s),manner_of_crash,pedestrian,bicycle,scooter,parking,hitrun,mou
101468762,METROPOLITAN NASHVILLE POLICE DEPT,20161078476,Davidson,Not in City Limit,12/6/2016 7:30:00 AM,2,0,0,35.995990,-86.688620,NOLENSVILLE PKE,,,,289.00,Feet,West,PETTUS RD,,,,0.00,N,Not at Intersection,N,Non-Junction,None,,,         ,Steven,Williams,Rain,Front to Rear,no,no,no,no,no,False
101468763,METROPOLITAN NASHVILLE POLICE DEPT,20161078384,Davidson,Nashville,12/6/2016 6:47:00 AM,2,0,0,36.088740,-86.649800,MURFREESBORO PKE,,,,133.00,Feet,South,RANSOM PL,,,,0.00,N,Not at Intersection, ,Non-Junction,None,,,         ,Roderic,Williams,Rain,Front to Rear,no,no,no,no,no,False
101468764,METROPOLITAN NASHVILLE POLICE DEPT,20161078392,Davidson,Nashville,12/6/2016 6:51:00 AM,2,1,0,36.101950,-86.712850,I 24,,,,0.00,,,,,,,54.45,N,Not at Intersection,N,Non-Junction,None,,,         ,Paul,Ellis,Rain,Front to Rear,no,no,no,no,no,False
101468771,METROPOLITAN NASHVILLE POLICE DEPT,20161078489,Davidson,Not in City Limit,12/6/2016 7:45:00 AM,1,1,0,36.077860,-86.993180,I 40,,,,0.00,,,,,,,194.00,N,Not at Intersection,N,Non-Junction,None,,,         ,Wesley,Tilley,Rain,Not Collision with Motor Vehicle in Transport,no,no,no,no,no,False
101468772,METROPOLITAN NASHVILLE POLICE DEPT,20161078366,Davidson,Nashville,12/6/2016 6:30:00 AM,2,0,0,36.174910,-86.771430,I24 E ENT RAMP,,,,0.00,Feet,East,I 24,,,,0.00,N,Not at Intersection, ,Entrance/Exit Ramp Related,None,,,         ,Kelcey,Bell,Rain,Front to Rear,no,no,no,no,no,False
101468784,THP District 7 - Lawrenceburg,316067084,Davidson,Nashville,12/5/2016 5:26:00 PM,2,0,0,36.091840,-86.704790,I 24,,,,0.00,,,,,,,55.25,N,Not at Intersection, ,Non-Junction,None,,,         ,Barry,Qualls,Cloudy,Front to Rear,no,no,no,no,no,False
101468786,METROPOLITAN NASHVILLE POLICE DEPT,20161076225,Davidson,Nashville,12/5/2016 2:20:00 PM,2,0,0,36.129490,-86.903310,CHARLOTTE PKE,,,,0.00,,,DAVIDSON DR,,,,0.00,Y,T-Intersection, ,,None,,,         ,Timothy,Mead,,,no,no,no,no,no,False
101468787,METROPOLITAN NASHVILLE POLICE DEPT,16-1078377,Davidson,Nashville,12/6/2016 6:38:00 AM,3,0,0,36.174430,-86.770980,I 24,,,,0.00,,,,,,,48.10,N,Not at Intersection, ,Entrance/Exit Ramp Related,None,,,         ,Frank,Campbell,Rain,Front to Rear,no,no,no,no,no,False
101468792,METROPOLITAN NASHVILLE POLICE DEPT,20161078494,Davidson,Nashville,12/6/2016 7:45:00 AM,1,0,0,36.165100,-86.794170,I 40,,,,0.00,,,,,,,208.40,N,Not at Intersection,N,Non-Junction,None,,,         ,Garren,Hoskins,Rain,Not Collision with Motor Vehicle in Transport,no,no,no,no,no,False
101468799,METROPOLITAN NASHVILLE POLICE DEPT,20161078576,Davidson,Nashville,12/6/2016 8:23:00 AM,2,0,0,36.052090,-86.743110,EDMONDSON PKE,,,,40.00,Feet,South,HUNTINGTON PKWY,,,,0.00,N,Not at Intersection, ,,None,,,         ,Gary,Sneed,,,no,no,no,no,no,False
101468808,METROPOLITAN NASHVILLE POLICE DEPT,20161078526,Davidson,Nashville,12/6/2016 7:16:00 AM,2,0,0,36.168630,-86.608080,I 40,,,,0.00,,,,,,,220.50,N,Not at Intersection,N,Non-Junction,None,,,         ,Johnathan,Carlisle,Rain,Front to Rear,no,no,no,no,no,False
101468813,METROPOLITAN NASHVILLE POLICE DEPT,20161078429,Davidson,Nashville,12/6/2016 7:00:00 AM,2,4,0,36.062320,-86.904630,HIGHWAY 100,,,,0.00,,,OLD HICKORY BLVD,,,,0.00,Y,T-Intersection,N,Intersection,None,,,         ,Curtis,Rich,Rain,Angle,no,no,no,no,no,False
101468815,METROPOLITAN NASHVILLE POLICE DEPT,20161078530,Davidson,Nashville,12/6/2016 8:02:00 AM,2,0,0,36.108700,-86.744070,NOLENSVILLE PKE,,,,0.00,,,TANKSLEY AV,,,,0.00,Y,Four-Way, ,Non-Junction,None,,,         ,Shedie,Herbert III,Rain,Angle,no,no,no,no,no,False
101468816,METROPOLITAN NASHVILLE POLICE DEPT,20161078495,Davidson,Nashville,12/6/2016 7:45:00 AM,3,0,0,36.109170,-86.769720,I 65,,,,0.00,,,,,,,79.70,N,Not at Intersection,N,Non-Junction,None,,,         ,Justin,Pinkelton,Rain,Front to Rear,no,no,no,no,yes,False
101468821,METROPOLITAN NASHVILLE POLICE DEPT,20161078646,Davidson,Nashville,12/6/2016 8:52:00 AM,2,2,0,36.134740,-86.784080,WEDGEWOOD AV,,,,0.00,,,HILLSIDE AV,,,,0.00,Y,T-Intersection,N,Intersection,None,,,         ,Nathan,Kemp,Rain,Angle,no,no,no,no,no,False
101468824,METROPOLITAN NASHVILLE POLICE DEPT,20161078561,Davidson,Nashville,12/6/2016 8:08:00 AM,2,0,0,36.178170,-86.800950,I 65,,,,0.00,,,,,,,84.90,N,Not at Intersection, ,Non-Junction,None,,,         ,Darryl,Morton,Rain,Front to Rear,no,no,no,no,no,False
101468828,METROPOLITAN NASHVILLE POLICE DEPT,20161078521,Davidson,Nashville,12/6/2016 8:01:00 AM,2,0,0,36.124940,-86.734370,I 440,,,,0.00,,,,,,,7.15,N,Not at Intersection,N,Non-Junction,None,,,         ,Brian,Penny,Rain,Front to Rear,no,no,no,no,no,False
101468830,METROPOLITAN NASHVILLE POLICE DEPT,20161078604,Davidson,Nashville,12/6/2016 8:25:00 AM,2,0,0,36.239990,-86.770220,BRILEY PKWYW,,,,210.00,Feet,South,BRILEY PKWYE,,,,0.00,N,Not at Intersection, ,Non-Junction,None,,,         ,Coleman,McKellar,Rain,Front to Rear,no,no,no,no,no,False
101468836,METROPOLITAN NASHVILLE POLICE DEPT,2016-1078472,Davidson,Nashville,12/6/2016 7:35:00 AM,2,0,0,36.092470,-86.705020,I 24,,,,0.00,,,,,,,55.20,N,Not at Intersection, ,Non-Junction,None,,,         ,William,Whitworth,Rain,Front to Rear,no,no,no,no,no,False
101468843,METROPOLITAN NASHVILLE POLICE DEPT,20161078383,Davidson,Nashville,12/6/2016 6:49:00 AM,1,0,0,36.170270,-86.772860,N 1ST ST,,,,0.00,,,MAIN ST,,,,0.00,Y,Four-Way, ,Intersection,None,,,         ,Catherine,Poole,Rain,Not Collision with Motor Vehicle in Transport,no,no,no,no,no,False
101468848,METROPOLITAN NASHVILLE POLICE DEPT,2016-1078548,Davidson,Nashville,12/6/2016 8:11:00 AM,2,1,0,36.094540,-86.706710,I 24,,,,0.00,,,,,,,55.00,N,Not at Intersection,N,Non-Junction,None,,,         ,Stanley,Collins,Rain,Front to Rear,no,no,no,no,no,False
101468849,THP District 3 - Nashville,316067145,Davidson,Nashville,12/6/2016 7:16:00 AM,2,0,0,36.169890,-86.592600,I 40,,,,0.00,,,,,,,221.30,N,Not at Intersection, ,Non-Junction,None,,,         ,Gerald,Buchanan Jr.,Rain,Front to Rear,no,no,no,no,no,False
101468850,METROPOLITAN NASHVILLE POLICE DEPT,20161078506,Davidson,Nashville,12/6/2016 7:54:00 AM,2,0,0,36.117430,-86.699220,MURFREESBORO PKE,,,,0.00,,,BRILEY PKWY N ENT RAMP,,,,0.00,Y,Four-Way,N,Intersection-Related,None,,,         ,William,Mckay,Rain,"Sideswipe, Same Direction",no,no,no,no,no,False
101468851,METROPOLITAN NASHVILLE POLICE DEPT,20161078682,Davidson,Nashville,12/6/2016 9:07:00 AM,2,0,0,36.158290,-86.771890,HERMITAGE AV,,,,0.00,,,KOREAN VETERANS BLVD,,,,0.00,Y,Four-Way, ,,None,,,         ,Christian,Martin,,,no,no,no,no,no,False
101468861,METROPOLITAN NASHVILLE POLICE DEPT,20161078513,Davidson,Nashville,12/6/2016 7:56:00 AM,1,0,0,36.053310,-86.672720,I 24,,,,0.00,,,,,,,58.45,N,Not at Intersection,N,Non-Junction,None,,,         ,Paul,Ellis,Rain,Not Collision with Motor Vehicle in Transport,no,no,no,no,no,False
101468862,METROPOLITAN NASHVILLE POLICE DEPT,20161078633,Davidson,Nashville,12/6/2016 8:20:00 AM,1,0,0,36.240820,-86.766720,BRILEY PKWYE,,,,51.00,Feet,West,OAKVIEW DR,,,,0.00,N,Not at Intersection, ,Non-Junction,None,,,         ,Jack,Crouch,Rain,Not Collision with Motor Vehicle in Transport,no,no,no,no,no,False
101468869,METROPOLITAN NASHVILLE POLICE DEPT,20161078647,Davidson,Nashville,12/6/2016 8:10:00 AM,2,0,0,36.025230,-86.632460,I 24,,,,0.00,,,,,,,61.60,N,Not at Intersection, ,,None,,,         ,Randall,Combs,,,no,no,no,no,no,False
101468872,METROPOLITAN NASHVILLE POLICE DEPT,20161078618,Davidson,Nashville,12/6/2016 8:29:00 AM,2,0,0,36.141930,-86.734930,I 40,,,,0.00,,,,,,,212.80,N,Not at Intersection,N,Non-Junction,None,,,         ,Tyler,Adcock,Rain,Angle,no,no,no,no,no,False
101468894,METROPOLITAN NASHVILLE POLICE DEPT,20161078573,Davidson,Nashville,12/6/2016 8:15:00 AM,2,0,0,36.154490,-86.840960,DELAWARE AV,,,,0.00,,,I40 W EXT RAMP,,,,0.00,Y,Y-Intersection, ,Intersection-Related,None,,,         ,Michael,Phelps,Rain,Front to Rear,no,no,no,no,yes,False
101468898,METROPOLITAN NASHVILLE POLICE DEPT,20161078783,Davidson,Nashville,12/6/2016 9:40:00 AM,2,0,0,36.041310,-86.782500,I 65,,,,0.00,,,,,,,74.75,N,Not at Intersection, ,Non-Junction,None,,,         ,Gary,Sneed,Cloudy,Angle,no,no,no,no,no,False
101468907,METROPOLITAN NASHVILLE POLICE DEPT,20161078774,Davidson,Nashville,12/6/2016 9:35:00 AM,2,0,0,36.032500,-86.768100,CLOVERLAND DR,,,,180.00,Feet,East,JONES PKWY,,,,0.00,N,Not at Intersection,N,Non-Junction,None,,,         ,Brian,Murphy,Rain,Front to Rear,no,no,no,no,no,False
101468913,METROPOLITAN NASHVILLE POLICE DEPT,20161078739,Davidson,Nashville,12/6/2016 9:02:00 AM,2,0,0,36.137780,-86.820640,I440 W EXT RAMP,,,,0.00,Feet,East,I 440,,,,0.00,N,Not at Intersection,N,Non-Junction,None,,,         ,Nathan,Kemp,Rain,Front to Rear,no,no,no,no,no,False
101468916,METROPOLITAN NASHVILLE POLICE DEPT,2016-1078602,Davidson,Nashville,12/6/2016 8:31:00 AM,2,0,0,36.161200,-86.792680,GEORGE L DAVIS BLVD,,,,0.00,,,CHARLOTTE AV,,,,0.00,Y,Four-Way, ,Intersection,None,,,         ,William,Vincion,Rain,"Sideswipe, Same Direction",no,no,no,no,no,False
101468919,METROPOLITAN NASHVILLE POLICE DEPT,20161078449,Davidson,Nashville,12/6/2016 7:21:00 AM,2,2,0,36.197900,-86.623170,BONNASPRING DR,,,,0.00,,,BONNACREEK DR,,,,0.00,Y,T-Intersection,N,Non-Junction,None,,,         ,James,Curtis,Cloudy,Angle,no,no,no,no,no,False
101468921,METROPOLITAN NASHVILLE POLICE DEPT,2016-1078809,Davidson,Not in City Limit,12/6/2016 9:25:00 AM,2,1,0,36.011830,-86.617470,I 24,,,,0.00,,,,,,,62.80,N,Not at Intersection,N,Non-Junction,None,,,         ,William,Whitworth,Cloudy,Front to Rear,no,no,no,no,no,False
101468924,METROPOLITAN NASHVILLE POLICE DEPT,20161078781,Davidson,Nashville,12/6/2016 9:25:00 AM,2,0,0,36.087720,-86.649190,MURFREESBORO PKE,,,,329.00,Feet,North,RANSOM PL,,,,0.00,N,Not at Intersection,N,Non-Junction,None,,,         ,Brian,Ewing,Cloudy,Front to Rear,no,no,no,no,no,False
101468928,METROPOLITAN NASHVILLE POLICE DEPT,20161078487,Davidson,Madison,12/6/2016 7:41:00 AM,2,0,0,36.249110,-86.733750,DUE WEST AVW,,,,210.00,Feet,East,S GRAYCROFT AV,,,,0.00,N,Not at Intersection, ,Non-Junction,None,,,         ,Michelle,Steidl,Rain,Rear to Rear,no,no,no,no,no,False
101468943,GOODLETTSVILLE POLICE DEPT,16-42262,Davidson,Goodlettsville,12/6/2016 7:35:00 AM,2,3,0,36.324950,-86.702080,LONG HOLLOW PKE,,,,111.00,Feet,West,CONFERENCE DR,,,,0.00,N,Not at Intersection,N,Non-Junction,None,,,         ,John,Spencer,Rain,Front to Rear,no,no,no,no,no,False
101468947,METROPOLITAN NASHVILLE POLICE DEPT,20161078859,Davidson,Nashville,12/6/2016 8:00:00 AM,3,0,0,36.033080,-86.711370,LABRADOR LN,,,,50.00,Feet,South,BARNES RD,,,,0.00,N,Not at Intersection, ,Non-Junction,None,,,         ,Randall,Combs,Rain,Angle,no,no,no,no,yes,False
101468963,METROPOLITAN NASHVILLE POLICE DEPT,20161052066,Davidson,Nashville,11/27/2016 4:27:00 PM,1,0,1,36.267360,-86.666620,ROBINSON RD,,,,650.00,Feet,East,BRIDGEWAY AV,,,,0.00,N,Not at Intersection,N,Non-Junction,None,,,16-0888  ,Donald,Davidson,Clear,Not Collision with Motor Vehicle in Transport,no,no,no,no,no,False
101468965,METROPOLITAN NASHVILLE POLICE DEPT,20161078658,Davidson,Nashville,12/6/2016 8:45:00 AM,2,0,0,36.079410,-86.644500,MURFREESBORO PKE,,,,42.00,Feet,East,EDGE O LAKE DR,,,,0.00,N,Not at Intersection,N,Non-Junction,None,,,         ,Scott,Toney,Rain,Front to Rear,no,no,no,no,no,False
101468967,GOODLETTSVILLE POLICE DEPT,16-42267,Davidson,Goodlettsville,12/6/2016 8:35:00 AM,1,1,0,36.298640,-86.713040,I 65,,,,0.00,,,,,,,95.00,N,Not at Intersection,N,Non-Junction,None,,,         ,John,Spencer,Rain,Not Collision with Motor Vehicle in Transport,no,no,no,no,no,False
101468970,METROPOLITAN NASHVILLE POLICE DEPT,2016-1079028,Davidson,Nashville,12/6/2016 11:18:00 AM,2,0,0,36.061770,-86.676150,ANTIOCH PKE,,,,861.00,Feet,West,MILL CREEK BLUE HOLE GRNWY,,,,0.00,N,Not at Intersection,N,"Driveway, Alley Access, etc",None,,,         ,William,Whitworth,Cloudy,Front to Rear,no,no,no,no,no,False
101468981,METROPOLITAN NASHVILLE POLICE DEPT,20161079116,Davidson,Nashville,12/6/2016 11:48:00 AM,2,0,0,36.112560,-86.747520,GRANDVIEW AV,,,,0.00,,,MCCLAIN AV,,,,0.00,Y,Four-Way,N,Intersection,None,,,         ,Nathan,Kemp,Rain,Not Collision with Motor Vehicle in Transport,no,no,no,no,no,False
101468982,BELLE MEADE POLICE DEPT,16-0345,Davidson,Belle Meade,12/6/2016 7:11:00 AM,2,0,0,36.122310,-86.851320,HARDING PKE,,,,0.00,,,LYNNWOOD BLVD,,,,0.00,Y,Four-Way,N,Intersection,None,,,         ,Norm,Shelton,Rain,HeadOn,no,no,no,no,no,False
101468989,METROPOLITAN NASHVILLE POLICE DEPT,20161079049,Davidson,Nashville,12/6/2016 11:27:00 AM,2,0,0,36.154490,-86.854520,URBANDALE AV,,,,50.00,Feet,East,CONWAY ST,,,,0.00,N,Not at Intersection, ,Non-Junction,Maintenance Zone,,,         ,Walter,Gray II,Cloudy,Other,no,no,no,no,no,False
101468990,METROPOLITAN NASHVILLE POLICE DEPT,20161079098,Davidson,Nashville,12/6/2016 11:41:00 AM,1,0,0,36.162330,-86.618870,I 40,,,,0.00,,,,,,,219.75,N,Not at Intersection, ,,None,,,         ,James,Curtis,,,no,no,no,no,no,False
101469009,METROPOLITAN NASHVILLE POLICE DEPT,20161078433,Davidson,Nashville,12/6/2016 7:05:00 AM,5,0,0,36.097960,-86.709490,I 24,,,,0.00,,,,,,,54.75,N,Not at Intersection,N,Non-Junction,None,,,         ,Brandon,O'Guin,Rain,Front to Rear,no,no,no,no,no,False
101469014,METROPOLITAN NASHVILLE POLICE DEPT,20161078862,Davidson,Nashville,12/6/2016 10:10:00 AM,1,1,0,36.236020,-86.762660,EXIT 90A-B,,,,0.00,,,I 65,,,,0.00,Y,OTHER,N,Entrance/Exit Ramp Related,None,,,         ,Doyle,Price,Rain,Not Collision with Motor Vehicle in Transport,no,no,no,no,no,False
101469023,METROPOLITAN NASHVILLE POLICE DEPT,20161079240,Davidson,Nashville,12/6/2016 12:46:00 PM,2,0,0,36.151370,-86.799330,20TH AVS,,,,0.00,,,WEST END AV,,,,0.00,Y,Four-Way, ,Intersection,None,,,         ,Nathan,Kemp,Rain,"Sideswipe, Same Direction",no,no,no,no,no,Campus
101469032,METROPOLITAN NASHVILLE POLICE DEPT,20161079025,Davidson,Nashville,12/6/2016 11:18:00 AM,2,2,0,36.178860,-86.773580,I 24,,,,0.00,,,,,,,47.80,N,Not at Intersection,N,Non-Junction,None,,,         ,Jared,Eaves,Cloudy,Front to Rear,no,no,no,no,no,False
101469036,METROPOLITAN NASHVILLE POLICE DEPT,20161078659,Davidson,Nashville,12/6/2016 8:50:00 AM,2,0,0,36.239830,-86.774350,BRILEY PKWYW,,,,222.00,Feet,South,BRILEY PKWYE,,,,0.00,N,Not at Intersection,N,Non-Junction,None,,,         ,Jack,Crouch,Rain,"Sideswipe, Same Direction",no,no,no,no,no,False
101469048,METROPOLITAN NASHVILLE POLICE DEPT,20161079361,Davidson,Nashville,12/6/2016 1:00:00 PM,2,0,0,36.143690,-86.814200,WEST END AV,,,,0.00,,,30TH AVN,,,,0.00,Y,T-Intersection,N,Intersection,None,,,         ,Nathan,Kemp,Clear,Angle,no,no,no,no,no,Campus
101469055,METROPOLITAN NASHVILLE POLICE DEPT,20161078710,Davidson,Nashville,12/6/2016 9:13:00 AM,3,1,0,36.097960,-86.709490,I 24,,,,0.00,,,,,,,54.75,N,Not at Intersection,N,Non-Junction,None,,,         ,Brandon,O'Guin,Cloudy,"Sideswipe, Same Direction",no,no,no,no,no,False
101469070,METROPOLITAN NASHVILLE POLICE DEPT,20161079131,Davidson,Nashville,12/6/2016 12:01:00 PM,2,0,0,36.214130,-86.727740,STRATFORD AV,,,,0.00,,,KATHERINE ST,,,,0.00,Y,OTHER, ,Non-Junction,None,,,         ,Alex,Moore,Cloudy,Not Collision with Motor Vehicle in Transport,no,no,no,no,no,False
101469088,VANDERBILT UNIVERSITY POLICE,16-1078814,Davidson,Nashville,12/6/2016 9:30:00 AM,2,0,0,36.142530,-86.805040,HIGHLAND,AVE,SR2400,,0.00,,,HIGHLAND AV,,,,0.00,,Not at Intersection, ,"Driveway, Alley Access, etc",Construction Zone,,,         ,Yasemine,Lomax,Rain,"Sideswipe, Opposite Direction",no,no,no,no,no,Campus
101469089,METROPOLITAN NASHVILLE POLICE DEPT,20161079257,Davidson,Nashville,12/6/2016 12:41:00 PM,2,0,0,36.130160,-86.800380,20TH AVS,,,,0.00,,,BLAIR BLVD,,,,0.00,Y,Four-Way,N,Intersection,None,,,         ,Nathan,Smith,Cloudy,"Sideswipe, Opposite Direction",no,no,no,no,no,False
101469097,METROPOLITAN NASHVILLE POLICE DEPT,20161079315,Davidson,Nashville,12/6/2016 1:14:00 PM,2,0,0,36.025050,-86.742430,EDMONDSON PKE,,,,250.00,Feet,North,MT PISGAH RD,,,,0.00,N,Not at Intersection,N,Non-Junction,None,,,         ,Earl,Davis,Rain,"Sideswipe, Opposite Direction",no,no,no,no,no,False
101469098,METROPOLITAN NASHVILLE POLICE DEPT,20161079427,Davidson,Nashville,12/6/2016 2:00:00 PM,2,0,0,36.148310,-86.857900,WHITE BRIDGE PKE,,,,40.00,Feet,South,LENOX AV,,,,0.00,N,Not at Intersection, ,Non-Junction,None,,,         ,Curtis,Rich,Cloudy,Front to Rear,no,no,no,no,no,False
101469099,METROPOLITAN NASHVILLE POLICE DEPT,20161078918,Davidson,Nashville,12/6/2016 10:30:00 AM,2,0,0,36.241980,-86.749930,I 65,,,,0.00,,,,,,,90.50,N,Not at Intersection, ,Non-Junction,None,,,         ,Jack,Crouch,Rain,Not Collision with Motor Vehicle in Transport,no,no,no,no,no,False
101469115,METROPOLITAN NASHVILLE POLICE DEPT,20161079368,Davidson,Nashville,12/6/2016 1:29:00 PM,2,0,0,36.160900,-86.760600,I 24,,,,0.00,,,,,,,49.40,N,Not at Intersection, ,,None,,,         ,Christian,Martin,,,no,no,no,no,no,False
101469124,METROPOLITAN NASHVILLE POLICE DEPT,20161079397,Davidson,Nashville,12/6/2016 1:19:00 PM,2,0,0,36.052240,-86.743090,EDMONDSON PKE,,,,0.00,,,HUNTINGTON PKWY,,,,0.00,Y,T-Intersection, ,,None,,,         ,Brian,Murphy,,,no,no,no,no,no,False
101469125,METROPOLITAN NASHVILLE POLICE DEPT,20161079367,Davidson,Nashville,12/6/2016 1:30:00 PM,2,1,0,36.140330,-86.666400,I40 E EXT RAMP,,,,0.00,,,DONELSON PKE,,,,0.00,Y,OTHER,N,Entrance/Exit Ramp Related,None,,,         ,James,Curtis,Cloudy,Front to Rear,no,no,no,no,no,False
101469137,METROPOLITAN NASHVILLE POLICE DEPT,20161078773,Davidson,Nashville,12/6/2016 9:22:00 AM,1,0,0,36.146420,-86.714420,MASSMAN DR,,,,0.00,,,,,,,0.00,,, ,Non-Junction,None,,,         ,Kevin,Coleman,Clear,Not Collision with Motor Vehicle in Transport,no,no,no,yes,no,False
101469157,METROPOLITAN NASHVILLE POLICE DEPT,20161079178,Davidson,Nashville,12/6/2016 11:45:00 AM,2,0,0,36.166000,-86.777770,UNION ST EXT RAMP,,,,0.00,Feet,,UNION ST,,,,0.00,Y,T-Intersection,N,Intersection,None,,,         ,Steven,Spillers,Rain,Angle,no,no,no,no,yes,False
101469177,METROPOLITAN NASHVILLE POLICE DEPT,20161079342,Davidson,Nashville,12/6/2016 1:23:00 PM,2,1,0,36.255610,-86.707040,NEELYS BEND RD,,,,67.00,Feet,East,IDLEWILD AV,,,,0.00,N,Not at Intersection,N,Non-Junction,None,,,         ,Byron,Dewalt,Rain,"Sideswipe, Opposite Direction",no,no,no,no,no,False
101469189,METROPOLITAN NASHVILLE POLICE DEPT,20161078829,Davidson,Nashville,12/6/2016 9:59:00 AM,2,0,0,36.083730,-86.689070,EZELL PKE,,,,107.00,Feet,North,ANTIOCH PKE,,,,0.00,N,Not at Intersection, ,Non-Junction,None,,,         ,Jessie,Meadows,Rain,Front to Rear,no,no,no,no,no,False
101469190,METROPOLITAN NASHVILLE POLICE DEPT,20161078910,Davidson,Nashville,12/6/2016 11:31:00 AM,2,0,0,36.107120,-86.720780,NEESE DR,,,,38.00,Feet,West,GLENCLIFF RD,,,,0.00,N,Not at Intersection, ,Non-Junction,None,,,         ,Jessie,Meadows,Rain,"Sideswipe, Opposite Direction",no,no,no,no,no,False
101469191,METROPOLITAN NASHVILLE POLICE DEPT,20161079212,Davidson,Nashville,12/6/2016 12:54:00 PM,1,0,0,36.083160,-86.653290,PICCADILLY ROW,,,,344.00,Feet,West,WHITE MOUNTAIN LN,,,,0.00,N,Not at Intersection,N,Non-Junction,None,,,         ,Jessie,Meadows,Rain,Not Collision with Motor Vehicle in Transport,no,no,no,no,yes,False
101469192,METROPOLITAN NASHVILLE POLICE DEPT,20161079469,Davidson,Antioch,12/6/2016 2:25:00 PM,2,0,0,36.015490,-86.620150,I24 W EXT RAMP,,,,0.00,Feet,East,I 24,,,,0.00,N,Not at Intersection, ,Entrance/Exit Ramp Related,None,,,         ,Jessie,Meadows,Rain,Front to Rear,no,no,no,no,no,False
101469194,METROPOLITAN NASHVILLE POLICE DEPT,20161079513,Davidson,Nashville,12/6/2016 1:37:00 PM,2,0,0,36.152380,-86.800060,20TH AVN,,,,0.00,,,HAYES ST,,,,0.00,Y,Four-Way,N,Intersection-Related,None,,,         ,Tien,Nguyen,Cloudy,Angle,no,no,no,no,no,Campus
101469202,METROPOLITAN NASHVILLE POLICE DEPT,20161079487,Davidson,Nashville,12/6/2016 2:17:00 PM,3,1,0,36.137460,-86.821210,WEST END AV,,,,0.00,Feet,East,I440 E EXT RAMP,,,,0.00,N,Not at Intersection,N,Non-Junction,None,,,         ,Walter,Gray II,Cloudy,Front to Rear,no,no,no,no,no,False
101469213,METROPOLITAN NASHVILLE POLICE DEPT,20161077139,Davidson,Nashville,12/5/2016 9:10:00 PM,2,0,0,36.044770,-86.661530,CANE RIDGE RD,,,,0.00,,,BELL RD,,,,0.00,Y,Four-Way,N,Intersection,None,,,         ,Nakia,Reid,Rain,"Sideswipe, Opposite Direction",no,no,no,no,no,False
101469264,METROPOLITAN NASHVILLE POLICE DEPT,20161079616,Davidson,Nashville,12/6/2016 3:05:00 PM,2,0,0,36.249110,-86.719610,GALLATIN PKES,,,,119.00,Feet,South,E PALESTINE AV,,,,0.00,N,Not at Intersection,N,Non-Junction,None,,,         ,Harold,Willmore IV,Cloudy,Angle,no,no,no,no,yes,False
101469267,METROPOLITAN NASHVILLE POLICE DEPT,20161079713,Davidson,Nashville,12/6/2016 1:30:00 PM,1,0,0,36.123520,-86.903690,DOWNEY DR,,,,355.00,Feet,North,SHAWNEE DR,,,,0.00,N,Not at Intersection, ,,None,,,         ,Walter,Gray II,,,no,no,no,no,no,False
101469272,METROPOLITAN NASHVILLE POLICE DEPT,20161079694,Davidson,Nashville,12/6/2016 4:18:00 PM,2,0,0,36.049520,-86.651000,BELL RD,,,,231.00,Feet,East,HICKORY HOLLOW MALL PVTDR PL,,,,0.00,N,Not at Intersection,N,Non-Junction,None,,,         ,Jessie,Meadows,Rain,Front to Rear,no,no,no,no,yes,False
101469283,METROPOLITAN NASHVILLE POLICE DEPT,20161079754,Davidson,Nashville,12/6/2016 3:54:00 PM,2,0,0,36.100370,-86.711700,I 24,,,,0.00,,,,,,,54.50,N,Not at Intersection, ,Non-Junction,None,,,         ,Alyson,Cook,Clear,Front to Rear,no,no,no,no,no,False
101469287,METROPOLITAN NASHVILLE POLICE DEPT,20161079194,Davidson,Nashville,12/6/2016 12:24:00 PM,2,0,0,36.110940,-86.745220,NOLENSVILLE PKE,,,,0.00,,,THOMPSON LN,,,,0.00,Y,Four-Way,N,Intersection-Related,None,,,         ,Phillip,Murphy,Cloudy,Front to Rear,no,no,no,no,yes,False
101469288,METROPOLITAN NASHVILLE POLICE DEPT,20161079373,Davidson,Nashville,12/6/2016 1:19:00 PM,2,0,0,36.040010,-86.743470,OLD HICKORY BLVD,,,,0.00,,,EDMONDSON PKE,,,,0.00,Y,Four-Way,N,Intersection-Related,None,,,         ,Phillip,Murphy,Cloudy,Front to Rear,no,no,no,no,no,False
101469289,METROPOLITAN NASHVILLE POLICE DEPT,20161079495,Davidson,Nashville,12/6/2016 2:24:00 PM,1,0,0,36.033140,-86.774500,CHURCH STE,,,,1109.00,Feet,East,CLOVERLAND DR,,,,0.00,N,Not at Intersection,N,Non-Junction,None,,,         ,Phillip,Murphy,Rain,Not Collision with Motor Vehicle in Transport,no,no,no,no,no,False
101469301,METROPOLITAN NASHVILLE POLICE DEPT,20161079797,Davidson,Nashville,12/6/2016 4:18:00 PM,2,1,0,36.086580,-86.771970,FRANKLIN PKE,,,,0.00,,,HARDING PL,,,,0.00,Y,Four-Way,N,Intersection-Related,None,,,         ,Tien,Nguyen,Cloudy,Front to Rear,no,no,no,no,no,False