master_record_number,agency,agency_tracking_number,county,city,collision_date,vehicles_involved,number_injured,number_dead,latitude,longitude,roadway_name,roadway_suffix,roadway_number,roadway_local_id,distance_from_reference,miles-feet_indicator,direction_from_reference,intersection_road_name,intersection_road_name_suffix,intersection_road_number,intersection_local_id,mile_marker,intersection_indicator,intersect_type,interchange_related_indicator,relation_to_junction,work_zone_type,construction_maintenance_zone,construction_maintenance_zone_location,fatal_case_number,officer_first_name,officer_last_name,weather_condition(s),manner_of_crash,pedestrian,bicycle,scooter,parking,hitrun,mou
101469306,METROPOLITAN NASHVILLE POLICE DEPT,20161079843,Davidson,Nashville,12/6/2016 4:32:00 PM,1,0,0,36.079270,-86.664070,PICCADILLY ROW,,,,106.00,Feet,North,PICCADILLY SAC,,,,0.00,N,Not at Intersection, ,Non-Junction,None,,,         ,Alyson,Cook,Cloudy,Not Collision with Motor Vehicle in Transport,no,no,no,yes,yes,False
101469307,METROPOLITAN NASHVILLE POLICE DEPT,2016-1079889,Davidson,Nashville,12/6/2016 3:50:00 PM,2,0,0,36.040780,-86.779590,OLD HICKORY BLVD,,,,75.00,Feet,West,STONE BROOK DR,,,,0.00,N,Not at Intersection, ,Non-Junction,None,,,         ,William,King,Cloudy,Front to Rear,no,no,no,no,no,False
101469308,METROPOLITAN NASHVILLE POLICE DEPT,20161079856,Davidson,Nashville,12/6/2016 4:26:00 PM,2,0,0,36.155650,-86.789720,BROADWAY,,,,0.00,,,14TH AVN,,,,0.00,Y,Four-Way, ,Intersection,None,,,         ,Charles,Griffin,Clear,Angle,no,no,no,no,no,False
101469314,METROPOLITAN NASHVILLE POLICE DEPT,20161079829,Davidson,Nashville,12/6/2016 4:26:00 PM,2,1,0,36.177050,-86.764750,ELLINGTON PKWY N ENT RAMP,,,,0.00,,,ELLINGTON PKWYS,,,,0.00,Y,Y-Intersection,Y,Entrance/Exit Ramp Related,None,,,         ,Christopher,Valdez,Cloudy,Front to Rear,no,no,no,no,no,False
101469320,METROPOLITAN NASHVILLE POLICE DEPT,20161079886,Davidson,Nashville,12/6/2016 4:42:00 PM,2,0,0,36.100870,-86.728040,ANTIOCH PKE,,,,0.00,Feet,,COLBY DR,,,,0.00,Y,T-Intersection,N,Intersection,None,,,         ,Alyson,Cook,Clear,Angle,no,no,no,no,no,False
101469321,VANDERBILT UNIVERSITY POLICE,16-1079874,Davidson,Nashville,12/6/2016 4:15:00 PM,1,0,0,36.141320,-86.800250,21ST AVS,,,,215.00,Feet,North,DIXIE PL,,,,0.00,N,Not at Intersection, ,,None,,,         ,Casey,Clark,,,no,no,no,yes,no,Campus
101469328,METROPOLITAN NASHVILLE POLICE DEPT,20161080043,Davidson,Nashville,12/6/2016 5:29:00 PM,2,0,0,36.038990,-86.782580,OLD HICKORY BLVD,,,,0.00,,,I65 N EXT RAMP,,,,0.00,Y,Four-Way, ,Intersection-Related,None,,,         ,Tien,Nguyen,Cloudy,Front to Rear,no,no,no,no,no,False
101469334,METROPOLITAN NASHVILLE POLICE DEPT,20161080024,Davidson,Nashville,12/6/2016 5:24:00 PM,2,3,0,36.165610,-86.820240,28TH AVN,,,,0.00,,,ALAMEDA ST,,,,0.00,Y,T-Intersection,N,Non-Junction,None,,,         ,Michael,Brooks,Cloudy,Angle,no,no,no,no,no,False
101469336,METROPOLITAN NASHVILLE POLICE DEPT,20161079988,Davidson,Nashville,12/6/2016 4:54:00 PM,2,0,0,36.141510,-86.740440,MURFREESBORO PKE,,,,37.00,Feet,East,FOSTER AV,,,,0.00,N,Not at Intersection, ,,None,,,         ,Jarret,Sonnenberg,,,no,no,no,no,no,False
101469337,METROPOLITAN NASHVILLE POLICE DEPT,20161079904,Davidson,Nashville,12/6/2016 5:48:00 PM,3,2,0,36.122240,-86.752950,I 440,,,,0.00,,,,,,,6.20,N,Not at Intersection,N,Non-Junction,None,,,         ,Jessie,Meadows,Clear,Front to Rear,no,no,no,no,no,False
101469341,METROPOLITAN NASHVILLE POLICE DEPT,20161079561,Davidson,Nashville,12/6/2016 2:57:00 PM,2,0,0,36.195310,-86.772200,DICKERSON PKE,,,,0.00,,,FERN AV,,,,0.00,Y,T-Intersection,N,Intersection,None,,,         ,Charles,Wakefield,Clear,Angle,no,no,no,no,yes,False
101469347,METROPOLITAN NASHVILLE POLICE DEPT,20161080013,Davidson,Nashville,12/6/2016 5:14:00 PM,2,0,0,36.141030,-86.628010,BELL RD,,,,38.00,Feet,South,ELM HILL PKE,,,,0.00,N,Not at Intersection, ,,None,,,         ,Marcus,Mitchell,,,no,no,no,no,no,False
101469350,METROPOLITAN NASHVILLE POLICE DEPT,20161079966,Davidson,Nashville,12/6/2016 5:15:00 PM,2,0,0,36.176040,-86.772200,I 24,,,,0.00,,,,,,,48.00,N,Not at Intersection, ,Non-Junction,None,,,         ,Darrien,Spann,Clear,Angle,no,no,no,no,no,False
101469352,METROPOLITAN NASHVILLE POLICE DEPT,20161079512,Davidson,Not in City Limit,12/6/2016 2:27:00 PM,2,1,0,36.276950,-86.796190,OLD HICKORY BLVD,,,,0.00,,,HICKORY HILLS BLVD,,,,0.00,Y,T-Intersection,Y,Intersection,None,,,         ,Samuel,Miller,Cloudy,Angle,no,no,no,no,no,False
101469353,METROPOLITAN NASHVILLE POLICE DEPT,20161080016,Davidson,Nashville,12/6/2016 5:03:00 PM,2,0,0,36.236180,-86.732040,LEMONT DR,,,,0.00,,,SAUNDERS AV,,,,0.00,Y,Four-Way,Y,Intersection-Related,None,,,         ,Samuel,Miller,Cloudy,Front to Rear,no,no,no,no,yes,False
101469354,METROPOLITAN NASHVILLE POLICE DEPT,20161080096,Davidson,Not in City Limit,12/6/2016 5:49:00 PM,2,0,0,36.264210,-86.734630,OLD HICKORY BLVDW,,,,170.00,Feet,East,BOYDS HILLTOP DR,,,,0.00,N,Not at Intersection, ,Non-Junction,None,,,         ,Samuel,Miller,Cloudy,Front to Rear,no,no,no,no,no,False
101469359,METROPOLITAN NASHVILLE POLICE DEPT,20161080194,Davidson,Nashville,12/6/2016 6:14:00 PM,2,0,0,36.168000,-86.821400,29TH AVN,,,,0.00,,,JOHN A MERRITT BLVD,,,,0.00,Y,OTHER,N,Intersection-Related,None,,,         ,Michael,Brooks,Cloudy,"Sideswipe, Same Direction",no,no,no,no,yes,False
101469370,METROPOLITAN NASHVILLE POLICE DEPT,20161080157,Davidson,Nashville,12/6/2016 5:33:00 PM,2,0,0,36.087430,-86.692210,ANTIOCH PKE,,,,0.00,,,HARDING PL,,,,0.00,Y,Four-Way,N,Intersection,None,,,         ,Alyson,Cook,Clear,Angle,no,no,no,no,yes,False
101469373,METROPOLITAN NASHVILLE POLICE DEPT,20161080225,Davidson,Nashville,12/6/2016 6:29:00 PM,2,1,0,36.115900,-86.785270,I 440,,,,0.00,,,,,,,4.25,N,Not at Intersection,N,Non-Junction,None,,,         ,Charles,Griffin,Clear,Front to Rear,no,no,no,no,no,False
101469390,METROPOLITAN NASHVILLE POLICE DEPT,20161080062,Davidson,Nashville,12/6/2016 5:31:00 PM,2,0,0,36.099370,-86.763830,I 65,,,,0.00,,,,,,,79.00,N,Not at Intersection,N,Non-Junction,None,,,         ,Charles,Griffin,Clear,Front to Rear,no,no,no,no,no,False
101469392,METROPOLITAN NASHVILLE POLICE DEPT,20161080158,Davidson,Nashville,12/6/2016 5:48:00 PM,2,0,0,36.110400,-86.782970,WOODMONT BLVD,,,,203.00,Feet,East,GENERAL BATE DR,,,,0.00,N,Not at Intersection,N,Non-Junction,None,,,         ,Tien,Nguyen,Cloudy,Front to Rear,no,no,no,no,no,False
101469393,METROPOLITAN NASHVILLE POLICE DEPT,20161080243,Davidson,Nashville,12/6/2016 6:30:00 PM,2,0,0,36.128990,-86.773030,I 65,,,,0.00,,,,,,,81.00,N,Not at Intersection, ,Non-Junction,None,,,         ,Tien,Nguyen,Cloudy,"Sideswipe, Same Direction",no,no,no,no,no,False
101469395,METROPOLITAN NASHVILLE POLICE DEPT,20161080212,Davidson,Nashville,12/6/2016 6:17:00 PM,2,0,0,36.045420,-86.712660,OLD HICKORY BLVD,,,,177.00,Feet,East,NOLENSVILLE PKE,,,,0.00,N,Not at Intersection, ,Non-Junction,None,,,         ,Joseph,Progar,Cloudy,"Sideswipe, Same Direction",no,no,no,no,no,False
101469396,METROPOLITAN NASHVILLE POLICE DEPT,20161080227,Davidson,Nashville,12/6/2016 4:44:00 PM,3,1,0,36.174460,-86.751940,S 10TH ST,,,,96.00,Feet,North,FATHERLAND ST,,,,0.00,N,Not at Intersection,N,Non-Junction,None,,,         ,Rachael,Sacco,Cloudy,Front to Rear,no,no,no,no,no,False
101469402,METROPOLITAN NASHVILLE POLICE DEPT,20161079997,Davidson,Nashville,12/6/2016 5:17:00 PM,1,1,0,36.159380,-86.780990,BROADWAY,,,,0.00,,,7TH AVS,,,,0.00,Y,Four-Way,N,Intersection,None,,,         ,Jason,King,Clear,Not Collision with Motor Vehicle in Transport,yes,no,no,no,no,False
101469408,METROPOLITAN NASHVILLE POLICE DEPT,20161080285,Davidson,Nashville,12/6/2016 7:09:00 PM,1,1,0,36.180830,-86.796510,ROSA L PARKS BLVD,,,,99.00,Feet,North,GARFIELD ST,,,,0.00,N,Not at Intersection,N,Non-Junction,None,,,         ,Adam,Crutcher,Clear,Not Collision with Motor Vehicle in Transport,yes,no,no,no,no,False
101469415,VANDERBILT UNIVERSITY POLICE,16-1080136,Davidson,Nashville,12/6/2016 5:07:00 PM,2,0,0,36.142880,-86.796300,18TH AVS,,,,0.00,,,,,,,0.00,,Not at Intersection, ,Non-Junction,None,,,         ,Jonathan,McAllister,Clear,"Sideswipe, Same Direction",no,no,no,yes,no,Campus
101469417,METROPOLITAN NASHVILLE POLICE DEPT,20161080046,Davidson,Nashville,12/6/2016 5:30:00 PM,2,1,0,36.143750,-86.730450,ARLINGTON AV,,,,0.00,,,ELM HILL PKE,,,,0.00,Y,T-Intersection,N,Intersection-Related,None,,,         ,John,Daugherty,Cloudy,"Sideswipe, Same Direction",no,no,no,no,no,False
101469419,METROPOLITAN NASHVILLE POLICE DEPT,20161080230,Davidson,Nashville,12/6/2016 6:00:00 PM,2,0,0,36.090330,-86.626500,BELL RD,,,,0.00,Feet,,SMITH SPRINGS RD,,,,0.00,Y,Four-Way, ,Intersection-Related,None,,,         ,Marcus,Mitchell,Cloudy,"Sideswipe, Opposite Direction",no,no,no,no,no,False
101469424,METROPOLITAN NASHVILLE POLICE DEPT,20161080129,Davidson,Not in City Limit,12/6/2016 6:03:00 PM,2,1,0,36.295280,-86.811120,I 24,,,,0.00,,,,,,,39.10,N,Not at Intersection,N,Non-Junction,None,,,         ,Victor,Alexander,Cloudy,Front to Rear,no,no,no,no,no,False
101469428,METROPOLITAN NASHVILLE POLICE DEPT,20161080382,Davidson,Nashville,12/6/2016 5:38:00 PM,2,0,0,36.123760,-86.716640,EAST THOMPSON LN,,,,596.00,Feet,North,LAWNDALE DR,,,,0.00,N,Not at Intersection, ,Non-Junction,None,,,         ,Alyson,Cook,Clear,"Sideswipe, Same Direction",no,no,no,no,no,False
101469429,METROPOLITAN NASHVILLE POLICE DEPT,20161080040,Davidson,Nashville,12/6/2016 5:31:00 PM,2,0,0,36.112700,-86.723350,I 24,,,,0.00,,,,,,,53.45,N,Not at Intersection,N,Non-Junction,None,,,         ,Jarret,Sonnenberg,Clear,Front to Rear,no,no,no,no,yes,False
101469451,METROPOLITAN NASHVILLE POLICE DEPT,20161080420,Davidson,Not in City Limit,12/6/2016 7:33:00 PM,1,0,0,36.152230,-86.950300,RIVER ROAD PKE,,,,616.00,Feet,South,RIVER ROAD PKE PVTDR,,,,0.00,N,Not at Intersection,N,Non-Junction,None,,,         ,Brandon,Pedigo,Cloudy,Not Collision with Motor Vehicle in Transport,no,no,no,no,no,False
101469456,METROPOLITAN NASHVILLE POLICE DEPT,20161080113,Davidson,Goodlettsville,12/6/2016 5:53:00 PM,3,1,0,36.291940,-86.720810,I 65,,,,0.00,,,,,,,94.40,N,Not at Intersection,N,Non-Junction,None,,,         ,Michael,Wilson,Clear,Front to Rear,no,no,no,no,yes,False
101469457,VANDERBILT UNIVERSITY POLICE,16-1080214,Davidson,Nashville,12/6/2016 5:43:00 PM,1,0,0,36.107670,-86.762110,POWELL AV,,,,0.00,,,,,,,0.00,,, ,Non-Junction,None,,,         ,Nancy,Douglas,Clear,Not Collision with Motor Vehicle in Transport,no,no,no,yes,yes,OHO
101469459,METROPOLITAN NASHVILLE POLICE DEPT,20161080463,Davidson,Nashville,12/6/2016 7:28:00 PM,2,2,0,36.139830,-86.666320,DONELSON PKE,,,,0.00,,,I40 E ENT RAMP,,,,0.00,Y,OTHER,N,Non-Junction,None,,,         ,Patrick,Taylor,Clear,Angle,no,no,no,no,no,False
101469462,METROPOLITAN NASHVILLE POLICE DEPT,20161080262,Davidson,Nashville,12/6/2016 6:54:00 PM,2,0,0,36.105530,-86.814100,HILLSBORO PKE,,,,134.00,Feet,South,ABBOTT MARTIN RD,,,,0.00,N,Not at Intersection, ,,None,,,         ,Barrett,Teague,,,no,no,no,no,no,False
101469485,METROPOLITAN NASHVILLE POLICE DEPT,20161080483,Davidson,Nashville,12/6/2016 8:16:00 PM,2,0,0,36.082100,-86.761700,HARDING PL,,,,0.00,,,SIDCO DR,,,,0.00,Y,Four-Way,N,Entrance/Exit Ramp Related,None,,,         ,Tien,Nguyen,Cloudy,Front to Rear,no,no,no,no,yes,False
101469506,METROPOLITAN NASHVILLE POLICE DEPT,20161080349,Davidson,Nashville,12/6/2016 7:35:00 PM,2,0,0,36.160470,-86.778440,5TH AVS,,,,0.00,,,BROADWAY,,,,0.00,Y,Four-Way, ,Intersection,None,,,         ,Michael,Osuna,Cloudy,"Sideswipe, Same Direction",no,no,no,no,no,False
101469515,METROPOLITAN NASHVILLE POLICE DEPT,20161080465,Davidson,Nashville,12/6/2016 8:00:00 PM,1,1,0,36.234430,-86.719160,BRILEY PKWYW,,,,339.00,Feet,East,BRILEY PKWYE,,,,0.00,N,Not at Intersection,N,Non-Junction,None,,,         ,Jerry,Pirtle,Cloudy,Not Collision with Motor Vehicle in Transport,no,no,no,no,no,False
101469548,METROPOLITAN NASHVILLE POLICE DEPT,20161079786,Davidson,Nashville,12/6/2016 4:09:00 PM,2,0,0,36.089070,-86.649990,MURFREESBORO PKE,,,,0.00,,,RANSOM PL,,,,0.00,Y,Four-Way,N,Intersection,None,,,         ,Nakia,Reid,Rain,Front to Rear,no,no,no,no,no,False
101469558,METROPOLITAN NASHVILLE POLICE DEPT,20161080055,Davidson,Not in City Limit,12/6/2016 5:36:00 PM,1,1,0,36.157070,-86.569050,EARHART RD,,,,152.00,Feet,South,JOHN HAGAR RD,,,,0.00,,Not at Intersection,N,Non-Junction,None,,,         ,Codey,Mullins,Cloudy,Not Collision with Motor Vehicle in Transport,no,no,no,no,no,False
101469563,METROPOLITAN NASHVILLE POLICE DEPT,20161080599,Davidson,Nashville,12/6/2016 8:50:00 PM,1,0,0,36.209790,-86.846490,W HAMILTON RD,,,,111.00,Feet,West,MILFORD RD,,,,0.00,N,Not at Intersection,N,Non-Junction,None,,,         ,Thomas,Burns,Cloudy,Unknown,no,no,no,no,yes,False
101469566,METROPOLITAN NASHVILLE POLICE DEPT,20161080289,Davidson,Not in City Limit,12/6/2016 7:12:00 PM,2,3,0,36.263580,-86.716870,OLD HICKORY BLVDW,,,,80.00,Feet,West,PEGGY ST,,,,0.00,N,Not at Intersection,N,Non-Junction,None,,,         ,Samuel,Miller,Cloudy,Front to Rear,no,no,no,no,no,False
101469567,METROPOLITAN NASHVILLE POLICE DEPT,20161080792,Davidson,Nashville,12/6/2016 8:35:00 PM,2,0,0,36.215780,-86.695790,OPRYLAND DR,,,,504.00,Feet,South,OPRYLAND DR EXT RAMP,,,,0.00,N,Not at Intersection,N,Non-Junction,None,,,         ,Mikala,Moore,Clear,"Sideswipe, Same Direction",no,no,no,no,yes,False
101469621,METROPOLITAN NASHVILLE POLICE DEPT,20161080940,Davidson,Nashville,12/6/2016 12:00:00 AM,2,0,0,36.183040,-86.740490,EASTLAND AV,,,,147.00,Feet,East,N 16TH ST,,,,0.00,N,Not at Intersection, ,Non-Junction,None,,,         ,Michael,Wolterbeek,Clear,Front to Rear,no,no,no,no,yes,False
101469624,METROPOLITAN NASHVILLE POLICE DEPT,20161081038,Davidson,Nashville,12/6/2016 11:19:00 PM,1,0,0,36.159560,-86.774640,DEMONBREUN ST,,,,0.00,,,3RD AVS,,,,0.00,Y,Four-Way,Y,Intersection,None,,,         ,Joshua,Hollins,Clear,Not Collision with Motor Vehicle in Transport,no,yes,no,no,yes,False
101469627,METROPOLITAN NASHVILLE POLICE DEPT,20161078258,Davidson,Nashville,12/6/2016 5:36:00 AM,2,0,0,36.137850,-86.857710,KNOB RD,,,,0.00,,,WHITE BRIDGE PKE,,,,0.00,Y,Four-Way, ,Non-Junction,None,,,         ,Albert,Wilson,Clear,Front to Rear,no,no,no,no,no,False
101469628,METROPOLITAN NASHVILLE POLICE DEPT,20161081020,Davidson,Nashville,12/6/2016 11:20:00 PM,2,1,0,36.069590,-86.693910,HAYWOOD LN,,,,0.00,,,EZELL RD,,,,0.00,Y,Four-Way,N,Intersection,None,,,         ,Justin,McCormick,Clear,Angle,no,no,no,no,yes,False
101469647,METROPOLITAN NASHVILLE POLICE DEPT,20161080972,Davidson,Nashville,12/6/2016 11:05:00 PM,2,2,0,36.187920,-86.798480,DOMINICAN DR,,,,0.00,,,ROSA L PARKS BLVD,,,,0.00,Y,Four-Way,N,Intersection-Related,None,,,         ,Kevin,Frei,Cloudy,HeadOn,no,no,no,no,no,False
101469648,METROPOLITAN NASHVILLE POLICE DEPT,20161081148,Davidson,Nashville,12/7/2016 12:05:00 AM,2,0,0,36.030690,-86.638920,I 24,,,,0.00,,,,,,,60.95,N,Not at Intersection, ,Non-Junction,None,,,         ,William,Coy,Clear,"Sideswipe, Same Direction",no,no,no,no,no,False
101469654,METROPOLITAN NASHVILLE POLICE DEPT,20161081156,Davidson,Nashville,12/6/2016 11:50:00 PM,3,0,0,36.181670,-86.842380,CROWE DR,,,,0.00,,,,,,,0.00,,,N,Non-Junction,None,,,         ,Geoffrey,Daugherty,Clear,HeadOn,no,no,no,yes,yes,False
101469657,METROPOLITAN NASHVILLE POLICE DEPT,20161081459,Davidson,Nashville,12/7/2016 2:14:00 AM,1,1,0,36.071520,-86.646000,EDGE O LAKE DR,,,,142.00,Feet,North,PEBBLE CREEK DR,,,,0.00,N,Not at Intersection,N,Non-Junction,None,,,         ,William,Williams,Clear,Not Collision with Motor Vehicle in Transport,no,no,no,no,no,False
101469667,METROPOLITAN NASHVILLE POLICE DEPT,20161080961,Davidson,Nashville,12/6/2016 11:01:00 PM,4,2,0,36.191300,-86.811810,18TH AVN,,,,76.00,Feet,South,18TH AV N CT,,,,0.00,N,Not at Intersection,N,Non-Junction,None,,,         ,Troy,Loewen,Clear,Not Collision with Motor Vehicle in Transport,no,no,no,no,yes,False
101469670,METROPOLITAN NASHVILLE POLICE DEPT,20161081512,Davidson,Nashville,12/7/2016 2:45:00 AM,2,0,0,36.182380,-86.754740,MCFERRIN AV,,,,43.00,Feet,North,MANSFIELD ST,,,,0.00,N,Not at Intersection,N,Non-Junction,None,,,         ,Audrean,Manquero,Clear,Front to Rear,no,no,no,no,no,False
101469673,METROPOLITAN NASHVILLE POLICE DEPT,20161081686,Davidson,Nashville,12/7/2016 4:09:00 AM,1,0,0,36.217320,-86.819080,ROWAN DR,,,,70.00,Feet,South,BOATNER DR,,,,0.00,N,Not at Intersection,N,Non-Junction,None,,,         ,Anthony,Cavis,Clear,Not Collision with Motor Vehicle in Transport,no,no,no,no,yes,False
101469680,METROPOLITAN NASHVILLE POLICE DEPT,20161081736,Davidson,Nashville,12/7/2016 4:40:00 AM,2,0,0,36.066500,-86.686360,I 24,,,,0.00,,,,,,,57.30,N,Not at Intersection, ,Non-Junction,None,,,         ,Dale,Dameron,Clear,"Sideswipe, Same Direction",no,no,no,no,yes,False
101469706,METROPOLITAN NASHVILLE POLICE DEPT,20161081861,Davidson,Nashville,12/7/2016 5:50:00 AM,2,0,0,36.198620,-86.776420,I 65,,,,0.00,,,,,,,86.80,N,Not at Intersection, ,Non-Junction,None,,,         ,Geoffrey,Daugherty,Clear,Front to Rear,no,no,no,no,no,False
101469717,METROPOLITAN NASHVILLE POLICE DEPT,20161081864,Davidson,Nashville,12/7/2016 5:55:00 AM,2,0,0,36.138650,-86.775990,I 65,,,,0.00,,,,,,,81.70,N,Not at Intersection, ,Non-Junction,None,,,         ,Ryan,Worstall,Clear,"Sideswipe, Same Direction",no,no,no,no,no,False
101469728,METROPOLITAN NASHVILLE POLICE DEPT,20161081790,Davidson,Nashville,12/7/2016 5:19:00 AM,1,1,0,36.172660,-86.601910,OLD HICKORY BLVD,,,,0.00,,,PRINCETON PL,,,,0.00,Y,OTHER,N,Non-Junction,None,,,         ,Blake,Giles,Clear,Not Collision with Motor Vehicle in Transport,yes,no,no,no,no,False
101469729,METROPOLITAN NASHVILLE POLICE DEPT,20161081825,Davidson,Nashville,12/7/2016 5:35:00 AM,2,0,0,36.077830,-86.766200,I 65,,,,0.00,,,,,,,77.50,N,Not at Intersection, ,Non-Junction,None,,,         ,William,Hamblen,Clear,Not Collision with Motor Vehicle in Transport,no,no,no,no,no,False
101469737,METROPOLITAN NASHVILLE POLICE DEPT,20161081862,Davidson,Not in City Limit,12/7/2016 5:50:00 AM,2,0,0,36.325380,-86.915310,CLARKSVILLE PKE,,,,0.00,,,HARPER RD,,,,0.00,Y,Four-Way,N,Non-Junction,None,,,         ,Matthew,Lachance,Clear,Angle,no,no,no,no,no,False
101469762,METROPOLITAN NASHVILLE POLICE DEPT,20161081930,Davidson,Not in City Limit,12/7/2016 6:31:00 AM,1,0,0,36.000950,-86.642620,OLD HICKORY BLVD,,,,2000.00,Feet,West,CANE RIDGE RD,,,,0.00,N,Not at Intersection, ,Non-Junction,None,,,         ,Randall,Combs,Clear,Not Collision with Motor Vehicle in Transport,no,no,no,no,no,False
101469767,METROPOLITAN NASHVILLE POLICE DEPT,20161081958,Davidson,Nashville,12/7/2016 7:10:00 AM,2,0,0,36.215120,-86.597670,LEBANON PKE,,,,0.00,,,ANDREW JACKSON PKWY,,,,0.00,Y,Four-Way, ,Intersection,None,,,         ,William,Mckay,Clear,Front to Rear,no,no,no,no,no,False
101469772,METROPOLITAN NASHVILLE POLICE DEPT,20161081971,Davidson,Nashville,12/7/2016 7:22:00 AM,2,2,0,36.232810,-86.768890,I 65,,,,0.00,,,,,,,89.20,N,Not at Intersection,N,Non-Junction,None,,,         ,Michael,Agee,Clear,Front to Rear,no,no,no,no,no,False
101469794,METROPOLITAN NASHVILLE POLICE DEPT,20161082086,Davidson,Nashville,12/7/2016 6:30:00 AM,1,1,0,36.067410,-86.631250,MURFREESBORO PKE,,,,0.00,,,FOREST VIEW DR,,,,0.00,Y,Four-Way,Y,Intersection,None,,,         ,Steven,Williams,Clear,Not Collision with Motor Vehicle in Transport,yes,no,no,no,yes,False
101469800,METROPOLITAN NASHVILLE POLICE DEPT,20161082039,Davidson,Nashville,12/7/2016 7:37:00 AM,2,0,0,36.173830,-86.698170,DEARBORN DR,,,,0.00,,,BARKER RD,,,,0.00,Y,Four-Way,N,Intersection,None,,,         ,Michael,Dance,Cloudy,Angle,no,no,no,no,no,False
101469825,METROPOLITAN NASHVILLE POLICE DEPT,20161082230,Davidson,Nashville,12/7/2016 8:50:00 AM,2,0,0,36.040900,-86.779380,STONE BROOK DR,,,,0.00,,,OLD HICKORY BLVD,,,,0.00,Y,Four-Way, ,Intersection,None,,,         ,Earl,Davis,Cloudy,Front to Rear,no,no,no,no,no,False
101469828,METROPOLITAN NASHVILLE POLICE DEPT,20161081944,Davidson,Nashville,12/7/2016 6:47:00 AM,2,0,0,36.141510,-86.732620,I 40,,,,0.00,,,,,,,212.95,N,Not at Intersection,N,Non-Junction,None,,,         ,Johnathan,Carlisle,Cloudy,Not Collision with Motor Vehicle in Transport,no,no,no,no,yes,False
101469833,METROPOLITAN NASHVILLE POLICE DEPT,20161082096,Davidson,Nashville,12/7/2016 8:10:00 AM,2,1,0,36.201870,-86.776850,I 65,,,,0.00,,,,,,,87.00,N,Not at Intersection,Y,Non-Junction,None,,,         ,Michael,McCord,Cloudy,Front to Rear,no,no,no,no,no,False
101469835,METROPOLITAN NASHVILLE POLICE DEPT,20161082214,Davidson,Not in City Limit,12/6/2016 12:00:00 AM,2,0,0,36.274400,-86.695140,MAY DR,,,,200.00,Feet,South,MAYVIEW DR,,,,0.00,N,Not at Intersection, ,Non-Junction,None,,,         ,Michelle,Steidl,Unknown,Unknown,no,no,no,no,yes,False
101469838,METROPOLITAN NASHVILLE POLICE DEPT,20161082150,Davidson,Nashville,12/7/2016 8:29:00 AM,2,2,0,36.206620,-86.777900,BRICK CHURCH PKE,,,,0.00,,,W TRINITY LN,,,,0.00,Y,Four-Way,N,Intersection,None,,,         ,Darryl,Morton,Cloudy,Angle,no,no,no,no,no,False
101469840,METROPOLITAN NASHVILLE POLICE DEPT,20161082165,Davidson,Nashville,12/7/2016 8:20:00 AM,2,0,0,36.186110,-86.798370,ROSA L PARKS BLVD,,,,0.00,,,I65 S EXT RAMP,,,,0.00,Y,OTHER, ,Entrance/Exit Ramp Related,None,,,         ,Joshua,Baker,Clear,Front to Rear,no,no,no,no,no,False
101469841,METROPOLITAN NASHVILLE POLICE DEPT,20161082055,Davidson,Nashville,12/7/2016 7:52:00 AM,2,0,0,36.153800,-86.841800,I 40,,,,0.00,,,,,,,204.85,N,Not at Intersection, ,Non-Junction,None,,,         ,Michael,Hunnicutt,Clear,Front to Rear,no,no,no,no,no,False
101469847,METROPOLITAN NASHVILLE POLICE DEPT,20161082109,Davidson,Nashville,12/7/2016 8:12:00 AM,2,0,0,36.206330,-86.776500,I 65,,,,0.00,,,,,,,87.30,N,Not at Intersection, ,Non-Junction,None,,,         ,Royce,McLester,Cloudy,Front to Rear,no,no,no,no,no,False
101469848,METROPOLITAN NASHVILLE POLICE DEPT,2016-1082204,Davidson,Nashville,12/7/2016 8:47:00 AM,2,0,0,36.084160,-86.705890,LINBAR DR,,,,0.00,,,HARDING PL,,,,0.00,Y,Four-Way,N,Intersection,None,,,         ,Stanley,Collins,Cloudy,Front to Rear,no,no,no,no,no,False
101469854,METROPOLITAN NASHVILLE POLICE DEPT,20161079887,Davidson,Nashville,12/6/2016 4:41:00 PM,2,0,0,36.110930,-86.922000,I40 E ENT RAMP,,,,0.00,Feet,East,I 40,,,,0.00,N,Not at Intersection,N,Non-Junction,None,,,         ,Walter,Gray II,Cloudy,"Sideswipe, Same Direction",no,no,no,no,no,False
101469859,METROPOLITAN NASHVILLE POLICE DEPT,20161082020,Davidson,Nashville,12/7/2016 7:44:00 AM,2,4,0,36.145310,-86.822360,I 440,,,,0.00,,,,,,,1.10,N,Not at Intersection,N,Non-Junction,None,,,         ,Curtis,Rich,Cloudy,Angle,no,no,no,no,no,False
101469869,VANDERBILT UNIVERSITY POLICE,16-1082125,Davidson,Nashville,12/7/2016 7:45:00 AM,2,0,0,36.142670,-86.806560,HIGHLAND AV,,,,0.00,,,25TH AVS,,,,0.00,Y,Four-Way, ,Intersection,None,,,         ,Linda,Jennings,Clear,Front to Rear,no,no,no,no,yes,Campus
101469875,VANDERBILT UNIVERSITY POLICE,161082136,Davidson,Nashville,12/7/2016 8:30:00 AM,1,0,0,36.140400,-86.808840,CHILDRENS WAY,,,,0.00,,,,,,,0.00,,Not at Intersection, ,,None,,,         ,Yasemine,Lomax,,,no,no,no,yes,no,Campus
101469876,METROPOLITAN NASHVILLE POLICE DEPT,20161082388,Davidson,Nashville,12/7/2016 9:50:00 AM,3,0,0,36.170470,-86.758230,BOSCOBEL ST,,,,82.00,Feet,East,S 7TH ST,,,,0.00,N,Not at Intersection, ,Non-Junction,None,,,         ,Andrew,Ivey,Clear,Other,no,no,no,no,no,False