master_record_number,agency,agency_tracking_number,county,city,collision_date,vehicles_involved,number_injured,number_dead,latitude,longitude,roadway_name,roadway_suffix,roadway_number,roadway_local_id,distance_from_reference,miles-feet_indicator,direction_from_reference,intersection_road_name,intersection_road_name_suffix,intersection_road_number,intersection_local_id,mile_marker,intersection_indicator,intersect_type,interchange_related_indicator,relation_to_junction,work_zone_type,construction_maintenance_zone,construction_maintenance_zone_location,fatal_case_number,officer_first_name,officer_last_name,weather_condition(s),manner_of_crash,pedestrian,bicycle,scooter,parking,hitrun,mou
101471168,METROPOLITAN NASHVILLE POLICE DEPT,20161087176,Davidson,Nashville,12/8/2016 3:54:00 PM,2,0,0,36.187060,-86.631070,LEBANON PKE,,,,0.00,,,CENTRAL PKE,,,,0.00,Y,Four-Way, ,Intersection,None,,,         ,Codey,Mullins,Cloudy,"Sideswipe, Same Direction",no,no,no,no,no,False
101471171,METROPOLITAN NASHVILLE POLICE DEPT,20161086995,Davidson,Nashville,12/8/2016 2:38:00 PM,2,1,0,36.154480,-86.779460,8TH AVS,,,,0.00,,,LAFAYETTE ST,,,,0.00,Y,Roundabout,N,Intersection-Related,None,,,         ,Jason,Thomas,Cloudy,Angle,no,no,no,no,no,False
101471172,METROPOLITAN NASHVILLE POLICE DEPT,20161087084,Davidson,Nashville,12/8/2016 3:13:00 PM,2,1,0,36.114430,-86.918730,I40 W EXT RAMP,,,,0.00,Feet,East,I 40,,,,0.00,N,Not at Intersection,N,Non-Junction,None,,,         ,Jeremy,Huffine,Clear,Not Collision with Motor Vehicle in Transport,no,no,no,no,no,False
101471179,Bicentennial Capitol Mall State Park,72120716JS01,Davidson,Nashville,12/7/2016 1:20:00 PM,2,0,0,36.169030,-86.785540,6TH AVN,,,,183.00,Feet,North,JAMES ROBERTSON PKWY,,,,0.00,N,Not at Intersection,N,Non-Junction,None,,,         ,Jennifer,Smith,Clear,Front to Rear,no,no,no,no,no,False
101471186,VANDERBILT UNIVERSITY POLICE,16-1087225,Davidson,Nashville,12/8/2016 3:45:00 PM,2,0,0,36.138460,-86.802820,23RD AVS,,,,0.00,,,,,,,0.00,,, ,Non-Junction,None,,,         ,Christopher,Dion,Clear,Angle,no,no,no,yes,no,Campus
101471191,METROPOLITAN NASHVILLE POLICE DEPT,20161087285,Davidson,Nashville,12/8/2016 4:31:00 PM,2,0,0,36.163680,-86.778980,4TH AVN,,,,0.00,Feet,East,CHURCH ST,,,,0.00,N,Not at Intersection, ,,Work Zone,,,         ,Joshua,Hausman,,,no,no,no,no,no,False
101471198,METROPOLITAN NASHVILLE POLICE DEPT,20161087362,Davidson,Nashville,12/8/2016 5:01:00 PM,2,0,0,36.109710,-86.730850,THOMPSON LN,,,,70.00,Feet,East,MASHBURN RD,,,,0.00,N,Not at Intersection, ,Non-Junction,None,,,         ,Alyson,Cook,Clear,Front to Rear,no,no,no,no,no,False
101471209,METROPOLITAN NASHVILLE POLICE DEPT,20161087334,Davidson,Nashville,12/8/2016 5:20:00 PM,2,0,0,36.107900,-86.720230,I 24,,,,0.00,,,,,,,53.85,N,Not at Intersection, ,Non-Junction,None,,,         ,Jessie,Meadows,Clear,Front to Rear,no,no,no,no,no,False
101471210,METROPOLITAN NASHVILLE POLICE DEPT,20161087374,Davidson,Nashville,12/8/2016 4:48:00 PM,2,0,0,36.193370,-86.775940,I 65,,,,0.00,,,,,,,86.55,N,Not at Intersection, ,Entrance/Exit Ramp Related,None,,,         ,Joshua,Lippert,Clear,Front to Rear,no,no,no,no,yes,False
101471219,METROPOLITAN NASHVILLE POLICE DEPT,20161087238,Davidson,Madison,12/8/2016 4:16:00 PM,2,0,0,36.264070,-86.690290,MYATT DR,,,,0.00,,,STATE RT 45,,,,0.00,Y,Four-Way, ,Intersection-Related,None,,,         ,George,Oden,Clear,Angle,no,no,no,no,no,False
101471221,METROPOLITAN NASHVILLE POLICE DEPT,20161087343,Davidson,Nashville,12/8/2016 4:55:00 PM,2,0,0,36.149670,-86.769810,4TH AVS,,,,0.00,,,MCCANN ST,,,,0.00,Y,T-Intersection,N,Intersection,None,,,         ,Charles,Griffin,Clear,Angle,no,no,no,no,no,False
101471222,METROPOLITAN NASHVILLE POLICE DEPT,20161087386,Davidson,Nashville,12/8/2016 5:00:00 PM,2,0,0,36.143200,-86.704480,I 40,,,,0.00,,,,,,,214.50,N,Not at Intersection, ,Non-Junction,None,,,         ,Jaby,Djabbarov,Clear,Front to Rear,no,no,no,no,no,False
101471225,METROPOLITAN NASHVILLE POLICE DEPT,20161087236,Davidson,Nashville,12/8/2016 4:11:00 PM,2,1,0,36.145530,-86.752530,MURFREESBORO PKE,,,,0.00,,,LESTER AV,,,,0.00,Y,T-Intersection,N,Intersection-Related,None,,,         ,Victoria,Cunningham,Cloudy,Rear to Side,no,no,no,no,no,False
101471226,METROPOLITAN NASHVILLE POLICE DEPT,20161087279,Davidson,Nashville,12/8/2016 4:31:00 PM,4,1,0,36.143340,-86.686610,I 40,,,,0.00,,,,,,,215.50,N,Not at Intersection,N,Non-Junction,None,,,         ,Mikala,Moore,Clear,Front to Rear,no,no,no,no,no,False
101471233,METROPOLITAN NASHVILLE POLICE DEPT,20161087436,Davidson,Nashville,12/8/2016 5:28:00 PM,1,1,0,36.199960,-86.777150,BRICK CHURCH PKE,,,,36.00,Feet,South,READ AV,,,,0.00,N,Not at Intersection,N,Non-Junction,None,,,         ,Michael,Brooks,Clear,Not Collision with Motor Vehicle in Transport,no,no,no,no,no,False
101471234,METROPOLITAN NASHVILLE POLICE DEPT,20161087338,Davidson,Nashville,12/8/2016 4:40:00 PM,2,0,0,36.239000,-86.802630,BROOK MANOR DR,,,,0.00,,,KNIGHT DR,,,,0.00,Y,T-Intersection, ,Intersection,None,,,         ,Michael,Brooks,Clear,Angle,no,no,no,no,no,False
101471239,METROPOLITAN NASHVILLE POLICE DEPT,20161087541,Davidson,Nashville,12/8/2016 6:05:00 PM,2,0,0,36.115910,-86.668820,DONELSON PKE,,,,348.00,Feet,South,HANGAR LN,,,,0.00,N,Not at Intersection, ,,None,,,         ,Thomas,Barnes,,,no,no,no,no,no,False
101471240,METROPOLITAN NASHVILLE POLICE DEPT,20161087501,Davidson,Nashville,12/8/2016 4:50:00 PM,2,0,0,36.164290,-86.785590,CHARLOTTE AV,,,,0.00,,,6TH AVN,,,,0.00,Y,T-Intersection, ,Non-Junction,None,,,         ,Kendra,Cowper,Clear,Front to Rear,no,no,no,no,no,False
101471242,METROPOLITAN NASHVILLE POLICE DEPT,20161087332,Davidson,Not in City Limit,12/8/2016 4:52:00 PM,2,1,0,36.012380,-86.703610,NOLENSVILLE PKE,,,,0.00,,,HOLT RD,,,,0.00,Y,T-Intersection,N,Intersection-Related,None,,,         ,Tien,Nguyen,Clear,Front to Rear,no,no,no,no,no,False
101471256,METROPOLITAN NASHVILLE POLICE DEPT,20161087474,Davidson,Nashville,12/8/2016 5:37:00 PM,2,0,0,36.159750,-86.776380,4TH AVS,,,,313.00,Feet,North,DEMONBREUN ST,,,,0.00,N,Not at Intersection,N,Non-Junction,None,,,         ,Jason,Thomas,Clear,Angle,no,no,no,no,no,False
101471257,METROPOLITAN NASHVILLE POLICE DEPT,20161087451,Davidson,Nashville,12/8/2016 5:29:00 PM,2,0,0,36.109970,-86.735000,THOMPSON LN,,,,117.00,Feet,West,WINGATE AV,,,,0.00,N,Not at Intersection, ,Non-Junction,None,,,         ,Alyson,Cook,Clear,Front to Rear,no,no,no,no,no,False
101471258,METROPOLITAN NASHVILLE POLICE DEPT,20161087550,Davidson,Nashville,12/8/2016 5:38:00 PM,2,0,0,36.086830,-86.695730,HARDING PL,,,,67.00,Feet,East,S PERIMETER PARK DR,,,,0.00,N,Not at Intersection, ,Non-Junction,None,,,         ,Alyson,Cook,Clear,"Sideswipe, Opposite Direction",no,no,no,no,no,False
101471259,METROPOLITAN NASHVILLE POLICE DEPT,20161087649,Davidson,Nashville,12/8/2016 6:48:00 PM,2,0,0,36.082060,-86.761730,I65 N EXT RAMP,,,,0.00,,,SIDCO DR,,,,0.00,Y,T-Intersection, ,Non-Junction,None,,,         ,Miguel,Garcia,Clear,Front to Rear,no,no,no,no,no,False
101471268,METROPOLITAN NASHVILLE POLICE DEPT,20161087419,Davidson,Nashville,12/8/2016 5:22:00 PM,2,0,0,36.215400,-86.588510,LEBANON PKE,,,,0.00,,,TULIP GROVE RD,,,,0.00,Y,Four-Way,N,Intersection,None,,,         ,Kyle,Burks,Clear,Front to Rear,no,no,no,no,no,False
101471269,METROPOLITAN NASHVILLE POLICE DEPT,20161087644,Davidson,Nashville,12/8/2016 6:42:00 PM,2,0,0,36.203700,-86.621840,OLD HICKORY BLVD,,,,638.00,Feet,North,WRIGHT AV,,,,0.00,N,Not at Intersection,N,Non-Junction,None,,,         ,Noah,Melton,Clear,Front to Rear,no,no,no,no,yes,False
101471271,METROPOLITAN NASHVILLE POLICE DEPT,20161087517,Davidson,Nashville,12/8/2016 5:42:00 PM,2,0,0,36.038990,-86.782580,OLD HICKORY BLVD,,,,0.00,,,I65 N EXT RAMP,,,,0.00,Y,T-Intersection, ,Intersection-Related,None,,,         ,Tien,Nguyen,Clear,"Sideswipe, Same Direction",no,no,no,no,no,False
101471272,METROPOLITAN NASHVILLE POLICE DEPT,20161087549,Davidson,Nashville,12/8/2016 5:18:00 PM,2,0,0,36.152060,-86.787240,I40 E ENT RAMP,,,,0.00,Feet,East,I 40,,,,0.00,N,Not at Intersection,N,Entrance/Exit Ramp Related,None,,,         ,Edin,Plancic,Clear,Front to Rear,no,no,no,no,no,False
101471280,METROPOLITAN NASHVILLE POLICE DEPT,20161087533,Davidson,Not in City Limit,12/8/2016 6:08:00 PM,1,2,0,36.295460,-86.921520,MARROWBONE LAKE RD,,,,0.50,Miles,North,LAKE RD,,,,0.00,N,Not at Intersection,N,Non-Junction,None,,,         ,Brandon,Rardin,Clear,Not Collision with Motor Vehicle in Transport,no,no,no,no,no,False
101471281,METROPOLITAN NASHVILLE POLICE DEPT,20161087526,Davidson,Nashville,12/8/2016 5:53:00 PM,2,0,0,36.118650,-86.726340,I 24,,,,0.00,,,,,,,53.00,N,Not at Intersection,N,Non-Junction,None,,,         ,Andrew,Mullen,Clear,Front to Rear,no,no,no,no,yes,False
101471290,METROPOLITAN NASHVILLE POLICE DEPT,20161087483,Davidson,Nashville,12/8/2016 5:22:00 PM,3,2,0,36.113290,-86.772400,I 65,,,,0.00,,,,,,,80.00,N,Not at Intersection,N,Non-Junction,None,,,         ,Charles,Griffin,Clear,Front to Rear,no,no,no,no,no,False
101471297,METROPOLITAN NASHVILLE POLICE DEPT,20161087654,Davidson,Nashville,12/8/2016 5:41:00 PM,3,0,0,36.111510,-86.791700,WOODMONT BLVD,,,,262.00,Feet,East,GRANNY WHITE PKE,,,,0.00,N,Not at Intersection, ,Non-Junction,None,,,         ,Charles,Griffin,Clear,Front to Rear,no,no,no,no,no,False
101471322,METROPOLITAN NASHVILLE POLICE DEPT,20161087593,Davidson,Nashville,12/8/2016 6:34:00 PM,2,0,0,36.242300,-86.760100,DOVERSIDE DR,,,,0.00,,,SKYLINE COMMONS PVTDR,,,,0.00,Y,T-Intersection, ,Intersection,None,,,         ,Bradley,Campbell,Clear,"Sideswipe, Same Direction",no,no,no,no,yes,False
101471330,METROPOLITAN NASHVILLE POLICE DEPT,20161087397,Davidson,Nashville,12/8/2016 5:09:00 PM,2,0,0,36.082580,-86.698000,I 24,,,,0.00,,,,,,,56.00,N,Not at Intersection,N,Non-Junction,None,,,         ,Victoria,Cunningham,Clear,Front to Rear,no,no,no,no,no,False
101471331,METROPOLITAN NASHVILLE POLICE DEPT,20161087804,Davidson,Nashville,12/8/2016 7:38:00 PM,2,0,0,36.157840,-86.822580,I 40,,,,0.00,,,,,,,206.00,N,Not at Intersection, ,Non-Junction,None,,,         ,Michael,Brooks,Clear,Front to Rear,no,no,no,no,no,False
101471344,METROPOLITAN NASHVILLE POLICE DEPT,20161087061,Davidson,Nashville,12/8/2016 12:00:00 AM,3,1,0,36.187920,-86.798480,DOMINICAN DR,,,,0.00,,,ROSA L PARKS BLVD,,,,0.00,Y,Four-Way,Y,Intersection-Related,None,,,         ,Adam,Gartner,Clear,Front to Rear,no,no,no,no,no,False
101471346,METROPOLITAN NASHVILLE POLICE DEPT,2016-1087886,Davidson,Nashville,12/8/2016 8:00:00 PM,2,0,0,36.092710,-86.839130,HARDING PL,,,,179.00,Feet,East,ESTES RD,,,,0.00,N,Not at Intersection, ,Non-Junction,None,,,         ,Ryan,Allen,Clear,Front to Rear,no,no,no,no,no,False
101471350,METROPOLITAN NASHVILLE POLICE DEPT,20161087756,Davidson,Nashville,12/8/2016 7:26:00 PM,2,0,0,36.162230,-86.774360,1ST AVS,,,,0.00,,,1ST AVN,,,,0.00,Y,T-Intersection, ,Intersection,None,,,         ,Caleb,Rogan,Clear,Angle,no,no,no,no,no,False
101471357,METROPOLITAN NASHVILLE POLICE DEPT,20161087302,Davidson,Not in City Limit,12/8/2016 4:40:00 PM,2,0,0,36.264120,-86.725150,OLD HICKORY BLVDW,,,,0.00,Feet,,BEVERLY DR,,,,0.00,Y,T-Intersection,Y,Intersection-Related,None,,,         ,Samuel,Miller,Clear,Angle,no,no,no,no,no,False
101471370,METROPOLITAN NASHVILLE POLICE DEPT,20161087522,Davidson,Nashville,12/8/2016 5:58:00 PM,2,0,0,36.141540,-86.715270,I 40,,,,0.00,,,,,,,213.90,N,Not at Intersection, ,Non-Junction,None,,,         ,John,Daugherty,Clear,Front to Rear,no,no,no,no,no,False
101471371,METROPOLITAN NASHVILLE POLICE DEPT,20161087524,Davidson,Nashville,12/8/2016 5:59:00 PM,2,0,0,36.140750,-86.726760,I 40,,,,0.00,,,,,,,213.30,N,Not at Intersection, ,Non-Junction,None,,,         ,John,Daugherty,Clear,Front to Rear,no,no,no,no,no,False
101471372,METROPOLITAN NASHVILLE POLICE DEPT,20161087036,Davidson,Nashville,12/8/2016 2:22:00 PM,2,0,0,36.153440,-86.721590,SPENCE LN,,,,102.00,Feet,South,LEBANON PKE,,,,0.00,N,Not at Intersection, ,Non-Junction,None,,,         ,John,Daugherty,Clear,Front to Rear,no,no,no,no,no,False
101471390,METROPOLITAN NASHVILLE POLICE DEPT,20161088023,Davidson,Not in City Limit,12/8/2016 8:35:00 PM,2,0,0,36.325910,-86.868970,I24 W EXT RAMP,,,,0.00,,,I 24,,,,0.00,Y,OTHER, ,Entrance/Exit Ramp Related,None,,,         ,Brandon,Rardin,Clear,Front to Rear,no,no,no,no,no,False
101471391,METROPOLITAN NASHVILLE POLICE DEPT,20161087727,Davidson,Nashville,12/8/2016 7:00:00 PM,1,0,0,36.174190,-86.790140,MADISON ST,,,,95.00,Feet,East,7TH AVN,,,,0.00,N,Not at Intersection,N,Non-Junction,None,,,         ,Keiara,Ward,Clear,Not Collision with Motor Vehicle in Transport,no,no,no,yes,yes,False
101471393,METROPOLITAN NASHVILLE POLICE DEPT,20161088055,Davidson,Nashville,12/8/2016 8:31:00 PM,2,0,0,36.115250,-86.862780,DAVIDSON RD,,,,0.00,Feet,,POST RD,,,,0.00,Y,Four-Way,N,Intersection,None,,,         ,Ethan,Usherwood,Clear,Angle,no,no,no,no,no,False
101471421,METROPOLITAN NASHVILLE POLICE DEPT,20161088208,Davidson,Nashville,12/8/2016 9:22:00 PM,2,0,0,36.149930,-86.857940,WHITE BRIDGE PKE,,,,81.00,Feet,South,CHARLOTTE PKE,,,,0.00,N,Not at Intersection, ,Non-Junction,None,,,         ,Benny,Pittman,Clear,Front to Rear,no,no,no,no,yes,False
101471427,METROPOLITAN NASHVILLE POLICE DEPT,20161088231,Davidson,Nashville,12/8/2016 9:18:00 PM,2,0,0,36.253990,-86.772040,WESTCHESTER DR,,,,0.00,,,,,,,0.00,,, ,Non-Junction,None,,,         ,Bradley,Campbell,Clear,"Sideswipe, Same Direction",no,no,no,yes,yes,False
101471429,METROPOLITAN NASHVILLE POLICE DEPT,20161087845,Davidson,Antioch,12/8/2016 6:16:00 PM,2,0,0,35.992000,-86.656090,BURKITT RD,,,,373.00,Feet,West,WHITTEMORE LN,,,,0.00,N,Not at Intersection,N,Non-Junction,None,,,         ,Victoria,Cunningham,Clear,Not Collision with Motor Vehicle in Transport,no,no,no,no,no,False
101471437,METROPOLITAN NASHVILLE POLICE DEPT,20161088282,Davidson,Nashville,12/8/2016 9:50:00 PM,2,0,0,36.165450,-86.818390,I40 W ENT RAMP,,,,0.00,,,I 40,,,,0.00,Y,Y-Intersection, ,Non-Junction,None,,,         ,Andy,Esqueda,Clear,Front to Rear,no,no,no,no,no,False
101471465,METROPOLITAN NASHVILLE POLICE DEPT,20161088089,Davidson,Antioch,12/8/2016 6:05:00 PM,2,0,0,36.044400,-86.647050,CROSSINGS BLVD,,,,0.00,,,CROSSINGS PL,,,,0.00,Y,T-Intersection,N,Intersection-Related,None,,,         ,Victoria,Cunningham,Clear,Front to Rear,no,no,no,no,yes,False
101471484,METROPOLITAN NASHVILLE POLICE DEPT,20161088547,Davidson,Nashville,12/8/2016 11:38:00 PM,1,0,0,36.045180,-86.657870,I24 W EXT RAMP,,,,0.00,Feet,East,I 24,,,,0.00,N,Not at Intersection,N,Entrance/Exit Ramp Related,None,,,         ,William,Williams,Clear,Not Collision with Motor Vehicle in Transport,no,no,no,no,no,False
101471496,GOODLETTSVILLE POLICE DEPT,16-42539,Davidson,Goodlettsville,12/8/2016 5:17:00 PM,4,1,0,36.309510,-86.694590,VIETNAM VETERANS EXIT RAMP,,SR386,,356.00,Feet,East,CONFERENCE,DR,,,0.00,N,Not at Intersection,N,Entrance/Exit Ramp Related,None,,,         ,Charles,Hauskin,Clear,Front to Rear,no,no,no,no,no,False
101471503,METROPOLITAN NASHVILLE POLICE DEPT,20161088470,Davidson,Nashville,12/8/2016 11:00:00 PM,2,1,0,36.042850,-86.606550,HOBSON PKE,,,,0.00,Feet,,MURFREESBORO PKE,,,,0.00,Y,Four-Way,N,Intersection,None,,,         ,Aimee,Ortiz,Clear,Angle,no,no,no,no,no,False
101471514,METROPOLITAN NASHVILLE POLICE DEPT,20161088827,Davidson,Nashville,12/9/2016 1:31:00 AM,1,0,0,36.069120,-86.683840,ANTIOCH PKE,,,,0.00,,,RICHARDS RD,,,,0.00,Y,T-Intersection,N,Intersection-Related,None,,,         ,Caleb,Jernigan,Clear,Not Collision with Motor Vehicle in Transport,no,no,no,no,no,False
101471537,METROPOLITAN NASHVILLE POLICE DEPT,20161088671,Davidson,Nashville,12/9/2016 12:28:00 AM,2,0,0,36.152720,-86.790240,DEMONBREUN ST,,,,382.00,Feet,East,DIVISION ST,,,,0.00,N,Not at Intersection, ,Non-Junction,None,,,         ,Stephen,Waterman,Clear,"Sideswipe, Same Direction",no,no,no,no,no,False
101471544,VANDERBILT UNIVERSITY POLICE,16-1088866,Davidson,Nashville,12/9/2016 1:46:00 AM,1,1,0,36.138840,-86.800590,CAPERS AV,,,,0.00,,,21ST AVS,,,,0.00,Y,T-Intersection,N,Intersection,None,,,         ,Michael,Knupp,Clear,Not Collision with Motor Vehicle in Transport,yes,no,no,no,no,Campus
101471578,METROPOLITAN NASHVILLE POLICE DEPT,20161089364,Davidson,Nashville,12/9/2016 5:32:00 AM,2,1,0,36.150480,-86.770350,4TH AVS,,,,0.00,,,I40 E EXT RAMP,,,,0.00,Y,Four-Way,N,Intersection-Related,None,,,         ,Steven,Wiser,Clear,Angle,no,no,no,no,no,False
101471586,METROPOLITAN NASHVILLE POLICE DEPT,20161088911,Davidson,Nashville,12/9/2016 2:00:00 AM,1,1,0,36.154010,-86.758470,I40 E ENT RAMP,,,,0.00,,,I 40,,,,0.00,Y,Y-Intersection,N,Non-Junction,None,,,         ,Anthony,Russo,Clear,Not Collision with Motor Vehicle in Transport,no,no,no,no,no,False
101471588,METROPOLITAN NASHVILLE POLICE DEPT,20161089393,Davidson,Nashville,12/9/2016 5:51:00 AM,2,1,0,36.186770,-86.631640,CENTRAL PKE,,,,0.00,,,LEBANON PKE,,,,0.00,Y,Four-Way,N,Intersection,None,,,         ,Bo,Branum,Clear,Angle,no,no,no,no,no,False
101471625,THP District 3 - Nashville,316067255,Davidson,Not in City Limit,12/6/2016 4:30:00 PM,1,0,0,36.341800,-86.871650,WHITES CREEK PKE,,,,1970.00,Feet,North,MORGAN RD,,,,0.00,N,Not at Intersection,N,Non-Junction,None,,,         ,Christopher,Brooks,Cloudy,Not Collision with Motor Vehicle in Transport,no,no,no,no,no,False
101471630,METROPOLITAN NASHVILLE POLICE DEPT,20161089384,Davidson,Nashville,12/9/2016 5:47:00 AM,2,1,0,36.113050,-86.800030,WOODMONT BLVD,,,,0.00,,,BELMONT BLVD,,,,0.00,Y,Four-Way,N,Intersection,None,,,         ,Joshua,Billotte,Clear,Angle,no,no,no,no,no,False
101471658,METROPOLITAN NASHVILLE POLICE DEPT,20161089446,Davidson,Not in City Limit,12/9/2016 6:29:00 AM,3,3,0,36.011380,-86.609380,FIRESTONE PKWY,,,,29.00,Feet,North,J P HENNESSY DR,,,,0.00,N,Not at Intersection,N,Non-Junction,None,,,         ,Autumn,Manning,Cloudy,Front to Rear,no,no,no,no,no,False
101471666,METROPOLITAN NASHVILLE POLICE DEPT,20161089500,Davidson,Nashville,12/9/2016 7:00:00 AM,2,0,0,36.094420,-86.706610,I 24,,,,0.00,,,,,,,55.00,N,Not at Intersection,N,Non-Junction,None,,,         ,David,Smith,Cloudy,Front to Rear,no,no,no,no,no,False
101471667,METROPOLITAN NASHVILLE POLICE DEPT,20161089456,Davidson,Nashville,12/9/2016 7:00:00 AM,3,1,0,36.167990,-86.765830,I 24,,,,0.00,,,,,,,48.85,N,Not at Intersection,N,Non-Junction,None,,,         ,Daniel,Russett,Cloudy,Front to Rear,no,no,no,no,no,False
101471681,METROPOLITAN NASHVILLE POLICE DEPT,20161089617,Davidson,Nashville,12/9/2016 7:57:00 AM,2,1,0,36.106210,-86.673060,MURFREESBORO PKE,,,,0.00,,,DONELSON PKE,,,,0.00,Y,Four-Way,N,Intersection,None,,,         ,MIchael,Mihajlov,Clear,Front to Rear,no,no,no,no,yes,False
101471686,METROPOLITAN NASHVILLE POLICE DEPT,20161089556,Davidson,Nashville,12/9/2016 5:43:00 AM,2,0,0,36.116080,-86.784180,I 440,,,,0.00,,,,,,,4.30,N,Not at Intersection, ,Non-Junction,None,,,         ,Cody,Jaworski,Clear,"Sideswipe, Same Direction",no,no,no,no,yes,False
101471707,METROPOLITAN NASHVILLE POLICE DEPT,20161089612,Davidson,Nashville,12/9/2016 7:45:00 AM,2,0,0,36.044980,-86.670960,BELL RD,,,,162.00,Feet,West,HICKORY PARK DR,,,,0.00,N,Not at Intersection, ,Non-Junction,None,,,         ,Brandon,O'Guin,Cloudy,Front to Rear,no,no,no,no,no,False
101471721,METROPOLITAN NASHVILLE POLICE DEPT,20161089534,Davidson,Nashville,12/9/2016 7:23:00 AM,1,1,0,36.055120,-86.662330,MT VIEW RD,,,,606.00,Feet,West,KEVINWOOD CT,,,,0.00,N,Not at Intersection,N,Non-Junction,None,,,         ,David,Simmonds,Clear,Not Collision with Motor Vehicle in Transport,no,no,no,no,no,False
101471724,METROPOLITAN NASHVILLE POLICE DEPT,20161089548,Davidson,Nashville,12/9/2016 7:25:00 AM,2,0,0,36.062530,-86.626020,MURFREESBORO PKE,,,,1098.00,Feet,South,HAMILTON CHURCH RD,,,,0.00,N,Not at Intersection, ,Non-Junction,None,,,         ,Jason,Dudley,Clear,Angle,no,no,no,no,no,False
101471730,METROPOLITAN NASHVILLE POLICE DEPT,20161089714,Davidson,Nashville,12/9/2016 8:25:00 AM,2,0,0,36.167750,-86.820540,JEFFERSON ST,,,,60.00,Feet,East,28TH AVN,,,,0.00,N,Not at Intersection, ,Non-Junction,None,,,         ,Garren,Hoskins,Cloudy,"Sideswipe, Same Direction",no,no,no,no,yes,False
101471735,METROPOLITAN NASHVILLE POLICE DEPT,20161089822,Davidson,Nashville,12/9/2016 9:22:00 AM,2,2,0,36.152240,-86.840830,CHARLOTTE AV,,,,23.00,Feet,East,45TH AVN,,,,0.00,N,Not at Intersection,N,Non-Junction,None,,,         ,Curtis,Rich,Cloudy,Angle,no,no,no,no,no,False
101471736,METROPOLITAN NASHVILLE POLICE DEPT,20161089775,Davidson,Nashville,12/9/2016 12:00:00 AM,1,0,0,36.052380,-86.673110,BLUE HOLE RD,,,,0.00,,,,,,,0.00,,,N,Non-Junction,None,,,         ,Robert,Erickson,Unknown,Not Collision with Motor Vehicle in Transport,no,no,no,yes,yes,False
101471740,METROPOLITAN NASHVILLE POLICE DEPT,20161087070,Davidson,Nashville,12/8/2016 3:07:00 PM,2,0,0,36.131650,-86.833560,WEST END AV,,,,0.00,Feet,East,WILSON BLVDN,,,,0.00,N,Not at Intersection,N,Non-Junction,None,,,         ,Walter,Gray II,Clear,Angle,no,no,no,no,no,False
101471743,METROPOLITAN NASHVILLE POLICE DEPT,20161087001,Davidson,Nashville,12/7/2016 3:04:00 PM,2,0,0,36.160270,-86.782210,COMMERCE ST,,,,0.00,,,,,,,0.00,,Not at Intersection,N,Non-Junction,None,,,         ,Christopher,Higdon,Cloudy,Angle,no,no,no,yes,yes,False
101471744,METROPOLITAN NASHVILLE POLICE DEPT,20161089461,Davidson,Nashville,12/9/2016 5:55:00 AM,1,0,0,36.168520,-86.602280,MILLS RD,,,,535.00,Feet,West,OLD HICKORY BLVD,,,,0.00,N,Not at Intersection, ,Non-Junction,None,,,         ,William,Walls,Clear,Not Collision with Motor Vehicle in Transport,no,no,no,no,no,False
101471746,METROPOLITAN NASHVILLE POLICE DEPT,20161089674,Davidson,Nashville,12/9/2016 8:22:00 AM,2,0,0,36.218860,-86.748310,ELLINGTON PKWY S EXT RAMP,,,,156.00,Feet,South,HART LN,,,,0.00,N,Not at Intersection, ,Entrance/Exit Ramp Related,None,,,         ,Jared,Eaves,Clear,Front to Rear,no,no,no,no,yes,False
101471750,METROPOLITAN NASHVILLE POLICE DEPT,20161087464,Davidson,Not in City Limit,12/8/2016 4:00:00 PM,2,0,0,36.034540,-86.974920,HIGHWAY 100,,,,275.00,Feet,West,MCCRORY LN,,,,0.00,N,Not at Intersection,N,Non-Junction,None,,,         ,Walter,Gray II,Clear,"Sideswipe, Opposite Direction",no,no,no,no,yes,False
101471760,VANDERBILT UNIVERSITY POLICE,16-1089801,Davidson,Nashville,12/9/2016 9:15:00 AM,2,0,0,36.143050,-86.810120,JESS NEELY DR,,,,0.00,,,NATCHEZ TRC,,,,0.00,Y,Four-Way, ,Intersection,None,,,         ,Brent,Clark,Clear,Angle,no,no,no,no,no,Campus
101471767,METROPOLITAN NASHVILLE POLICE DEPT,20161089458,Davidson,Nashville,12/9/2016 6:33:00 AM,2,1,0,36.173350,-86.602090,OLD HICKORY BLVD,,,,91.00,Feet,South,CENTRAL PKE,,,,0.00,N,Not at Intersection,N,Non-Junction,None,,,         ,James,Curtis,Clear,Front to Rear,no,no,no,no,no,False
101471768,METROPOLITAN NASHVILLE POLICE DEPT,20161089768,Davidson,Nashville,12/9/2016 9:05:00 AM,2,2,0,36.199740,-86.592040,CHANDLER RD,,,,0.00,,,TULIP GROVE RD,,,,0.00,Y,Four-Way,N,Intersection,None,,,         ,James,Curtis,Clear,HeadOn,no,no,no,no,no,False