master_record_number,agency,agency_tracking_number,county,city,collision_date,vehicles_involved,number_injured,number_dead,latitude,longitude,roadway_name,roadway_suffix,roadway_number,roadway_local_id,distance_from_reference,miles-feet_indicator,direction_from_reference,intersection_road_name,intersection_road_name_suffix,intersection_road_number,intersection_local_id,mile_marker,intersection_indicator,intersect_type,interchange_related_indicator,relation_to_junction,work_zone_type,construction_maintenance_zone,construction_maintenance_zone_location,fatal_case_number,officer_first_name,officer_last_name,weather_condition(s),manner_of_crash,pedestrian,bicycle,scooter,parking,hitrun,mou
101472363,METROPOLITAN NASHVILLE POLICE DEPT,20161091106,Davidson,Nashville,12/9/2016 6:25:00 PM,2,0,0,36.180430,-86.811210,DR D B TODD JR BLVD,,,,141.00,Feet,North,BUCHANAN ST,,,,0.00,N,Not at Intersection,N,Non-Junction,None,,,         ,Clayton,Lewis,Clear,Front to Rear,no,no,no,no,no,False
101472368,GOODLETTSVILLE POLICE DEPT,16-42667,Davidson,Goodlettsville,12/9/2016 6:08:00 PM,3,0,0,36.305920,-86.701900,VIETNAM VETERANS BLVDN,,,,2182.00,Feet,West,CONFERENCE DR,,,,0.00,N,Not at Intersection,N,Non-Junction,None,,,         ,Stephen,Hodges,Clear,Front to Rear,no,no,no,no,no,False
101472382,METROPOLITAN NASHVILLE POLICE DEPT,20161091213,Davidson,Nashville,12/9/2016 6:42:00 PM,2,0,0,36.077320,-86.714970,HUMBER DR,,,,364.00,Feet,South,TORBAY DR,,,,0.00,N,Not at Intersection, ,Non-Junction,None,,,         ,Victoria,Cunningham,Clear,Other,no,no,no,no,no,False
101472387,METROPOLITAN NASHVILLE POLICE DEPT,20161091066,Davidson,Nashville,12/9/2016 6:11:00 PM,2,1,0,36.140730,-86.732280,I 40,,,,0.00,,,,,,,213.00,N,Not at Intersection,N,Non-Junction,None,,,         ,Jonathan,Cavezza,Cloudy,Front to Rear,no,no,no,no,no,False
101472395,METROPOLITAN NASHVILLE POLICE DEPT,20161091079,Davidson,Nashville,12/9/2016 6:19:00 PM,2,0,0,36.180960,-86.811460,DR D B TODD JR BLVD,,,,45.00,Feet,South,ST LOUIS ST,,,,0.00,N,Not at Intersection,N,Non-Junction,None,,,         ,Michael,Brooks,Clear,Front to Rear,no,no,no,no,no,False
101472396,METROPOLITAN NASHVILLE POLICE DEPT,20161091165,Davidson,Nashville,12/9/2016 7:02:00 PM,1,1,0,36.197060,-86.828130,BUENA VISTA PKE,,,,0.00,,,CLIFF DR,,,,0.00,Y,Four-Way,N,Intersection,None,,,         ,Michael,Brooks,Clear,Not Collision with Motor Vehicle in Transport,yes,no,no,no,no,False
101472413,METROPOLITAN NASHVILLE POLICE DEPT,20161091265,Davidson,Antioch,12/9/2016 7:35:00 PM,3,2,0,36.028350,-86.590470,MURFREESBORO PKE,,,,0.00,,,LAVERGNE COUCHVILLE PKE,,,,0.00,Y,Four-Way,N,Intersection-Related,None,,,         ,Kevin,Keating,Clear,Front to Rear,no,no,no,no,no,False
101472415,METROPOLITAN NASHVILLE POLICE DEPT,20161090943,Davidson,Nashville,12/9/2016 5:21:00 PM,2,0,0,36.129140,-86.772860,I 65,,,,0.00,,,,,,,81.00,N,Not at Intersection,N,Non-Junction,None,,,         ,Charles,Griffin,Clear,Angle,no,no,no,no,yes,False
101472417,METROPOLITAN NASHVILLE POLICE DEPT,20161091308,Davidson,Nashville,12/9/2016 7:35:00 PM,3,0,0,36.028600,-86.590750,MURFREESBORO PKE,,,,122.00,Feet,North,LAVERGNE COUCHVILLE PKE,,,,0.00,N,Not at Intersection, ,Non-Junction,None,,,         ,Alyson,Cook,Clear,Front to Rear,no,no,no,no,yes,False
101472427,METROPOLITAN NASHVILLE POLICE DEPT,20161090920,Davidson,Nashville,12/9/2016 4:45:00 PM,4,0,0,36.105210,-86.767030,I 65,,,,0.00,,,,,,,79.45,N,Not at Intersection,N,Non-Junction,None,,,         ,Nicholas,Berens,Clear,Front to Rear,no,no,no,no,yes,False
101472428,METROPOLITAN NASHVILLE POLICE DEPT,20161091305,Davidson,Nashville,12/9/2016 7:08:00 PM,2,0,0,36.100700,-86.819010,HILLSBORO PKE,,,,122.00,Feet,South,HOBBS RD,,,,0.00,N,Not at Intersection, ,Non-Junction,None,,,         ,Barrett,Teague,Clear,"Sideswipe, Same Direction",no,no,no,no,no,False
101472429,METROPOLITAN NASHVILLE POLICE DEPT,20161090694,Davidson,Nashville,12/9/2016 3:35:00 PM,2,2,0,36.152820,-86.683410,ELM HILL PKE,,,,0.00,,,MCGAVOCK PKE,,,,0.00,Y,Four-Way,N,Intersection,None,,,         ,Brent,Hedgcoth,Clear,Angle,no,no,no,no,no,False
101472430,METROPOLITAN NASHVILLE POLICE DEPT,20161090763,Davidson,Nashville,12/9/2016 4:05:00 PM,2,1,0,36.189150,-86.627950,LEBANON PKE,,,,525.00,Feet,East,HICKORY HILL LN,,,,0.00,N,Not at Intersection,N,Non-Junction,None,,,         ,Brent,Hedgcoth,Clear,Angle,no,no,no,no,no,False
101472444,METROPOLITAN NASHVILLE POLICE DEPT,2016-1091063,Davidson,Nashville,12/9/2016 6:08:00 PM,2,1,0,36.100940,-86.870830,HARDING PKE,,,,235.00,Feet,North,PAGE RD,,,,0.00,N,Not at Intersection,N,Non-Junction,None,,,         ,Ryan,Allen,Clear,Angle,no,no,no,no,yes,False
101472456,METROPOLITAN NASHVILLE POLICE DEPT,20161091434,Davidson,Nashville,12/9/2016 8:50:00 PM,2,0,0,36.211190,-86.700020,OPRY MILLS DR,,,,172.00,Feet,South,OPRYLAND DR,,,,0.00,N,Not at Intersection, ,Non-Junction,None,,,         ,Kevin,Caperton,Clear,Front to Rear,no,no,no,no,no,False
101472457,VANDERBILT UNIVERSITY POLICE,16-1091233,Davidson,Nashville,12/9/2016 6:56:00 PM,2,0,0,36.142030,-86.800770,MEDICAL CENTER DR,,,,0.00,,,,,,,0.00,,, ,OtherLocation,None,,,         ,Cameron,Hoppe,Clear,Front to Rear,no,no,no,yes,no,Campus
101472458,METROPOLITAN NASHVILLE POLICE DEPT,20161091275,Davidson,Nashville,12/9/2016 5:10:00 PM,2,0,0,36.139220,-86.762810,4TH AVS,,,,191.00,Feet,North,CARNEY ST,,,,0.00,N,Not at Intersection, ,"Driveway, Alley Access, etc",None,,,         ,Emily,Mulready,Clear,Angle,no,no,no,no,no,False
101472472,METROPOLITAN NASHVILLE POLICE DEPT,20161091349,Davidson,Nashville,12/9/2016 6:08:00 PM,2,0,0,36.190890,-86.615190,OLD HICKORY BLVD,,,,0.00,,,OLD LEBANON DIRT RD,,,,0.00,Y,Four-Way,N,Intersection,None,,,         ,Michael,Apsey,Clear,Front to Rear,no,no,no,no,no,False
101472474,METROPOLITAN NASHVILLE POLICE DEPT,20161091473,Davidson,Nashville,12/9/2016 9:11:00 PM,1,0,0,36.142040,-86.627530,BELL RD,,,,359.00,Feet,North,ELM HILL PKE,,,,0.00,N,Not at Intersection, ,Non-Junction,None,,,         ,Jaby,Djabbarov,Clear,Not Collision with Motor Vehicle in Transport,no,no,no,no,no,False
101472476,METROPOLITAN NASHVILLE POLICE DEPT,2016-1091366,Davidson,Nashville,12/9/2016 8:28:00 PM,1,2,0,36.137260,-86.886940,CHARLOTTE PKE,,,,0.00,,,,,,,0.00,,Not at Intersection,N,Non-Junction,None,,,         ,Michael,Rogers,Clear,Not Collision with Motor Vehicle in Transport,yes,no,no,yes,no,False
101472482,METROPOLITAN NASHVILLE POLICE DEPT,20161061782,Davidson,Nashville,11/30/2016 4:05:00 PM,3,6,0,36.098370,-86.720390,MCCALL ST,,,,0.00,,,GLENCLIFF RD,,,,0.00,Y,T-Intersection,N,Intersection,None,,,         ,Christopher,Augustin,Clear,HeadOn,no,no,no,no,no,False
101472489,METROPOLITAN NASHVILLE POLICE DEPT,2016-1091085,Davidson,Nashville,12/9/2016 5:57:00 PM,2,0,0,36.111060,-86.747360,THOMPSON LN,,,,0.00,,,LOUISE DR,,,,0.00,Y,T-Intersection,N,Intersection-Related,None,,,         ,William,King,Clear,Angle,no,no,no,no,yes,False
101472492,METROPOLITAN NASHVILLE POLICE DEPT,20161090945,Davidson,Nashville,12/9/2016 5:25:00 PM,2,1,0,36.239700,-86.773280,BRILEY PKWYE,,,,71.00,Feet,West,MOOREWOOD DR,,,,0.00,N,Not at Intersection,N,Non-Junction,None,,,         ,Bradley,Campbell,Clear,"Sideswipe, Same Direction",no,no,no,no,no,False
101472493,METROPOLITAN NASHVILLE POLICE DEPT,20161091005,Davidson,Nashville,12/9/2016 5:25:00 PM,2,0,0,36.239700,-86.773280,BRILEY PKWYE,,,,71.00,Feet,West,MOOREWOOD DR,,,,0.00,N,Not at Intersection,N,Non-Junction,None,,,         ,Bradley,Campbell,Clear,Front to Rear,no,no,no,no,yes,False
101472525,METROPOLITAN NASHVILLE POLICE DEPT,20161091436,Davidson,Nashville,12/9/2016 8:53:00 PM,1,0,0,36.059430,-86.645240,RURAL HILL RD,,,,833.00,Feet,South,HICKORY HIGHLANDS DR,,,,0.00,N,Not at Intersection,N,Non-Junction,None,,,         ,Victoria,Cunningham,Clear,Not Collision with Motor Vehicle in Transport,no,no,no,no,yes,False
101472526,METROPOLITAN NASHVILLE POLICE DEPT,20161090985,Davidson,Nashville,12/9/2016 5:05:00 PM,3,0,0,36.122490,-86.727380,I 24,,,,0.00,,,,,,,52.75,N,Not at Intersection,N,Non-Junction,None,,,         ,Brent,Hedgcoth,Clear,Front to Rear,no,no,no,no,no,False
101472527,METROPOLITAN NASHVILLE POLICE DEPT,20161091484,Davidson,Nashville,12/9/2016 9:15:00 PM,1,1,0,36.148570,-86.743330,FESSLERS LN,,,,200.00,Feet,North,BONDS AV,,,,0.00,N,Not at Intersection,N,Non-Junction,None,,,         ,Brent,Hedgcoth,Clear,Not Collision with Motor Vehicle in Transport,no,no,no,no,no,False
101472528,METROPOLITAN NASHVILLE POLICE DEPT,20161090931,Davidson,Nashville,12/9/2016 5:14:00 PM,2,0,0,36.152030,-86.752900,I 40,,,,0.00,,,,,,,211.40,N,Not at Intersection,Y,Non-Junction,None,,,         ,Bryan,Byrnes,Clear,"Sideswipe, Same Direction",no,no,no,no,no,False
101472529,METROPOLITAN NASHVILLE POLICE DEPT,20161090791,Davidson,Nashville,12/9/2016 4:09:00 PM,2,0,0,36.153120,-86.764680,I 40,,,,0.00,,,,,,,210.70,N,Not at Intersection, ,,None,,,         ,Bryan,Byrnes,,,no,no,no,no,no,False
101472530,METROPOLITAN NASHVILLE POLICE DEPT,20161090543,Davidson,Nashville,12/9/2016 2:33:00 PM,2,1,0,36.153890,-86.742220,FESSLERS LN,,,,161.00,Feet,South,LEBANON PKE,,,,0.00,N,Not at Intersection,N,Non-Junction,None,,,         ,Bryan,Byrnes,Clear,Angle,no,no,no,no,no,False
101472553,METROPOLITAN NASHVILLE POLICE DEPT,20161091601,Davidson,Nashville,12/9/2016 10:04:00 PM,2,0,0,36.045370,-86.713260,NOLENSVILLE PKE,,,,0.00,,,OLD HICKORY BLVD,,,,0.00,Y,Four-Way, ,Intersection,None,,,         ,Charles,Griffin,Clear,Angle,no,no,no,no,yes,False
101472583,METROPOLITAN NASHVILLE POLICE DEPT,20161091683,Davidson,Nashville,12/9/2016 10:15:00 PM,2,0,0,36.142660,-86.815550,31ST AVN,,,,0.00,,,WEST END AV,,,,0.00,Y,Four-Way, ,Intersection-Related,None,,,         ,Eric,Westbrook,Clear,Front to Rear,no,no,no,no,no,Campus
101472592,VANDERBILT UNIVERSITY POLICE,16-1091532,Davidson,Nashville,12/9/2016 9:15:00 PM,2,0,0,36.138010,-86.804900,BLAKEMORE AV,,,,0.00,,,24TH AVS,,,,0.00,Y,Four-Way,N,Intersection-Related,None,,,         ,Erich,Stogner,Clear,Front to Rear,no,no,no,no,no,Campus
101472624,METROPOLITAN NASHVILLE POLICE DEPT,20161091554,Davidson,Nashville,12/9/2016 9:40:00 PM,1,1,0,36.160470,-86.778440,5TH AVS,,,,0.00,,,BROADWAY,,,,0.00,Y,Four-Way,N,Intersection-Related,None,,,         ,Jonathan,Weeks,Clear,Not Collision with Motor Vehicle in Transport,yes,no,no,no,no,False
101472626,METROPOLITAN NASHVILLE POLICE DEPT,20161091796,Davidson,Nashville,12/9/2016 11:40:00 PM,2,0,0,36.186770,-86.631640,CENTRAL PKE,,,,0.00,,,LEBANON PKE,,,,0.00,Y,Four-Way, ,Intersection,None,,,         ,Bo,Branum,Clear,Angle,no,no,no,no,no,False
101472628,METROPOLITAN NASHVILLE POLICE DEPT,20161091843,Davidson,Nashville,12/10/2016 12:05:00 AM,2,0,0,36.172100,-86.764090,WOODLAND ST,,,,221.00,Feet,East,S 5TH ST,,,,0.00,N,Not at Intersection, ,Non-Junction,None,,,         ,Steven,Frazier Jr.,Clear,Front to Rear,no,no,no,no,no,False
101472629,METROPOLITAN NASHVILLE POLICE DEPT,20161091681,Davidson,Nashville,12/9/2016 7:30:00 PM,2,0,0,36.142760,-86.682630,I 40,,,,0.00,,,,,,,215.70,N,Not at Intersection,N,Non-Junction,None,,,         ,Austin,Childress,Clear,Front to Rear,no,no,no,no,yes,False
101472630,METROPOLITAN NASHVILLE POLICE DEPT,20161091793,Davidson,Nashville,12/9/2016 11:41:00 PM,1,0,0,36.172080,-86.800550,I 40,,,,0.00,,,,,,,207.80,N,Not at Intersection,N,Non-Junction,None,,,         ,John,Deiterick,Clear,Not Collision with Motor Vehicle in Transport,no,no,no,no,no,False
101472641,METROPOLITAN NASHVILLE POLICE DEPT,20161091666,Davidson,Nashville,12/9/2016 10:43:00 PM,2,1,0,36.136230,-86.629790,BELL RD,,,,0.00,,,REELFOOT DR,,,,0.00,Y,T-Intersection,N,Intersection-Related,None,,,         ,Bridget,Griepentrog,Clear,Front to Rear,no,no,no,no,no,False
101472643,METROPOLITAN NASHVILLE POLICE DEPT,20161091736,Davidson,Not in City Limit,12/9/2016 11:15:00 PM,2,1,0,36.264450,-86.732250,OLD HICKORY BLVDW,,,,9.00,Feet,East,N GRAYCROFT AV,,,,0.00,N,Not at Intersection,N,Non-Junction,None,,,         ,Devon,Morgan,Clear,HeadOn,no,no,no,no,no,False
101472660,METROPOLITAN NASHVILLE POLICE DEPT,20161091881,Davidson,Nashville,12/10/2016 12:10:00 AM,2,0,0,36.113510,-86.699680,PINEWAY DR,,,,0.00,,,MCGAVOCK PKE,,,,0.00,Y,T-Intersection,Y,Intersection-Related,None,,,         ,Andrew,Swint,Clear,"Sideswipe, Opposite Direction",no,no,no,no,yes,False
101472664,METROPOLITAN NASHVILLE POLICE DEPT,20161091810,Davidson,Nashville,12/9/2016 11:48:00 PM,4,0,0,36.154690,-86.797260,18TH AVN,,,,149.00,Feet,South,CHURCH ST,,,,0.00,N,Not at Intersection,N,Non-Junction,None,,,         ,Craig,Oakley,Clear,"Sideswipe, Opposite Direction",no,no,no,no,no,False
101472673,METROPOLITAN NASHVILLE POLICE DEPT,20161092038,Davidson,Nashville,12/9/2016 11:35:00 PM,1,0,0,36.130580,-86.778580,8TH AVS,,,,33.00,Feet,North,PRENTICE AV,,,,0.00,N,Not at Intersection,N,"Driveway, Alley Access, etc",None,,,         ,Steven,Wiser,Clear,Not Collision with Motor Vehicle in Transport,no,no,no,yes,no,False
101472695,METROPOLITAN NASHVILLE POLICE DEPT,20161092275,Davidson,Nashville,12/10/2016 3:15:00 AM,2,0,0,36.160250,-86.782960,COMMERCE ST,,,,0.00,,,ROSA L PARKS BLVD,,,,0.00,Y,Four-Way,Y,Intersection,None,,,         ,Brian,Zullo,Clear,Angle,no,no,no,no,no,False
101472699,METROPOLITAN NASHVILLE POLICE DEPT,20161092095,Davidson,Nashville,12/10/2016 1:51:00 AM,1,0,0,36.203760,-86.754670,EDWIN ST,,,,490.00,Feet,South,E TRINITY LN,,,,0.00,N,Not at Intersection,N,Non-Junction,None,,,         ,Steven,Henry Jr.,Clear,Not Collision with Motor Vehicle in Transport,no,no,no,no,yes,False
101472703,METROPOLITAN NASHVILLE POLICE DEPT,20161092307,Davidson,Nashville,12/10/2016 2:20:00 AM,2,0,0,36.087830,-86.649260,MURFREESBORO PKE,,,,375.00,Feet,North,RANSOM PL,,,,0.00,N,Not at Intersection,N,Non-Junction,None,,,         ,Sandra,Fly,Clear,"Sideswipe, Opposite Direction",no,no,no,no,yes,False
101472720,METROPOLITAN NASHVILLE POLICE DEPT,20161092344,Davidson,Nashville,12/10/2016 3:55:00 AM,2,1,0,36.042862,-86.606561,MURFREESBORO PIKE,PIKE,,,0.00,,,HOBSON PIKE,PIKE,,,0.00,Y,Four-Way,N,Intersection-Related,None,,,         ,William,Coy,Clear,Front to Rear,no,no,no,no,yes,False
101472723,METROPOLITAN NASHVILLE POLICE DEPT,20161092295,Davidson,Nashville,12/10/2016 3:20:00 AM,2,0,0,36.201310,-86.776840,I 65,,,,0.00,,,,,,,87.00,N,Not at Intersection,N,Non-Junction,None,,,         ,Geoffrey,Daugherty,Clear,"Sideswipe, Same Direction",no,no,no,no,yes,False
101472731,METROPOLITAN NASHVILLE POLICE DEPT,20161092468,Davidson,Nashville,12/10/2016 5:42:00 AM,2,2,0,36.233560,-86.724820,GALLATIN PKE,,,,0.00,,,JOYCE LN,,,,0.00,Y,Four-Way,Y,Intersection-Related,None,,,         ,Ky,Luu,Clear,Angle,no,no,no,no,no,False
101472773,METROPOLITAN NASHVILLE POLICE DEPT,20161092587,Davidson,Nashville,12/10/2016 7:15:00 AM,2,0,0,36.127660,-86.851400,WHITE BRIDGE PKE,,,,120.00,Feet,West,SAINT MARYS CAMPUS PVTDR,,,,0.00,N,Not at Intersection, ,Non-Junction,None,,,         ,Paul,Junkmann,Clear,Angle,no,no,no,no,no,False
101472774,GOODLETTSVILLE POLICE DEPT,16-42716,Davidson,Goodlettsville,12/10/2016 7:24:00 AM,2,0,0,36.324240,-86.704070,LONG HOLLOW PKE,,,,0.00,,,I 65,,,,0.00,Y,Four-Way, ,Intersection,None,,,         ,John,Spencer,Clear,Angle,no,no,no,no,no,False
101472801,METROPOLITAN NASHVILLE POLICE DEPT,20161092573,Davidson,Not in City Limit,12/10/2016 7:20:00 AM,1,1,0,36.148710,-86.950940,RIVER ROAD PKE,,,,117.00,Feet,South,RIVER ROAD PKE PVTDR,,,,0.00,N,Not at Intersection,N,Non-Junction,None,,,         ,Andrew,Maholland,Clear,Not Collision with Motor Vehicle in Transport,no,no,no,no,no,False
101472804,METROPOLITAN NASHVILLE POLICE DEPT,20161092558,Davidson,Nashville,12/10/2016 7:00:00 AM,2,0,0,36.152340,-86.771580,4TH AVS,,,,0.00,,,ASH ST,,,,0.00,Y,Four-Way,Y,Intersection,None,,,         ,William,Gibbs,Clear,Angle,no,no,no,no,no,False
101472807,METROPOLITAN NASHVILLE POLICE DEPT,20161092601,Davidson,Nashville,12/10/2016 12:00:00 AM,2,0,0,36.229670,-86.698540,BRILEY PKWYN,,,,919.00,Feet,South,BRILEY PKWYW,,,,0.00,N,Not at Intersection,N,Non-Junction,None,,,         ,Michael,Dance,Clear,Front to Rear,no,no,no,no,yes,False
101472810,METROPOLITAN NASHVILLE POLICE DEPT,20161092644,Davidson,Nashville,12/10/2016 8:00:00 AM,2,2,0,36.089520,-86.629260,NASHBORO BLVD,,,,0.00,,,FAIRWAY POINTE PVTDR,,,,0.00,Y,T-Intersection,N,Intersection,None,,,         ,Scott,Toney,Clear,Angle,no,no,no,no,no,False
101472819,METROPOLITAN NASHVILLE POLICE DEPT,16-1092638,Davidson,Nashville,12/10/2016 8:05:00 AM,2,1,0,36.160250,-86.782960,COMMERCE ST,,,,0.00,,,ROSA L PARKS BLVD,,,,0.00,Y,Four-Way,N,Intersection,None,,,         ,Frank,Campbell,Clear,Angle,no,no,no,no,no,False
101472821,METROPOLITAN NASHVILLE POLICE DEPT,20161092607,Davidson,Nashville,12/10/2016 7:05:00 AM,2,0,0,36.046150,-86.731080,VILLAGE WAY,,,,87.00,Feet,West,ENGLISH VILLAGE DR,,,,0.00,N,Not at Intersection,N,Non-Junction,None,,,         ,Ryan,Cagle,Clear,Front to Rear,no,no,no,no,no,False
101472822,METROPOLITAN NASHVILLE POLICE DEPT,20161092605,Davidson,Nashville,12/10/2016 7:42:00 AM,2,0,0,36.084750,-86.706100,EISENHOWER DR,,,,0.00,,,LINBAR DR,,,,0.00,Y,OTHER, ,Intersection,None,,,         ,David,Simmonds,Clear,Angle,no,no,no,no,no,False
101472841,METROPOLITAN NASHVILLE POLICE DEPT,20161092760,Davidson,Nashville,12/10/2016 9:19:00 AM,2,0,0,36.149870,-86.817970,PARK PLZ,,,,18.00,Feet,South,28TH AVN,,,,0.00,N,Not at Intersection,N,Non-Junction,None,,,         ,Cody,Jaworski,Clear,Angle,no,no,no,no,yes,False
101472856,METROPOLITAN NASHVILLE POLICE DEPT,20161092807,Davidson,Nashville,12/10/2016 10:00:00 AM,2,1,0,0.000000,0.000000,HOBSON,PIKE,SR1,,0.00,,,SMITH SPRINGS,PKWY,SR2,,0.00,Y,Four-Way,Y,Intersection,None,,,         ,Steven,Williams,Clear,Angle,no,no,no,no,no,False
101472860,METROPOLITAN NASHVILLE POLICE DEPT,20161092783,Davidson,Nashville,12/10/2016 8:53:00 AM,2,0,0,36.063340,-86.916970,OLD HICKORY BLVD,,,,78.00,Feet,North,BELLEVUE RD,,,,0.00,N,Not at Intersection, ,,None,,,         ,Andrew,Maholland,,,no,no,no,yes,no,False
101472875,METROPOLITAN NASHVILLE POLICE DEPT,20161092861,Davidson,Not in City Limit,12/10/2016 9:50:00 AM,2,0,0,36.079990,-86.954220,HIGHWAY 70S,,,,209.00,Feet,East,I40 E ENT RAMP,,,,0.00,N,Not at Intersection, ,Non-Junction,None,,,         ,Wesley,Tilley,Clear,Angle,no,no,no,no,no,False
101472889,METROPOLITAN NASHVILLE POLICE DEPT,20161092759,Davidson,Nashville,12/10/2016 12:00:00 AM,1,0,0,36.072340,-86.646850,EDGE O LAKE DR,,,,0.00,,,RICE RD,,,,0.00,Y,T-Intersection,N,Intersection,None,,,         ,Brian,Lamb,Clear,Not Collision with Motor Vehicle in Transport,no,no,no,no,yes,False
101472895,METROPOLITAN NASHVILLE POLICE DEPT,2016-1092876,Davidson,Nashville,12/10/2016 10:37:00 AM,2,1,0,36.106080,-86.808530,HILLMONT DR,,,,343.00,Feet,South,GLEN WEST DR,,,,0.00,N,Not at Intersection,N,Non-Junction,None,,,         ,Timothy,Edwards,Clear,Not Collision with Motor Vehicle in Transport,no,no,no,no,no,False
101472912,METROPOLITAN NASHVILLE POLICE DEPT,20161092982,Davidson,Not in City Limit,12/10/2016 11:00:00 AM,2,0,0,36.068860,-86.941390,BAUGH RD,,,,22.00,Feet,East,BELLEVUE RD,,,,0.00,N,Not at Intersection, ,Non-Junction,None,,,         ,Wesley,Tilley,Clear,Angle,no,no,no,no,no,False
101472921,METROPOLITAN NASHVILLE POLICE DEPT,20161092946,Davidson,Nashville,12/10/2016 10:57:00 AM,2,0,0,36.124610,-86.855580,HILLWOOD BLVD,,,,0.00,,,POST RD,,,,0.00,Y,Four-Way,N,Non-Junction,None,,,         ,Andrew,Maholland,Clear,Angle,no,no,no,no,no,False
101472927,METROPOLITAN NASHVILLE POLICE DEPT,20161093068,Davidson,Nashville,12/10/2016 12:15:00 PM,2,0,0,36.155550,-86.789640,I40 E ENT RAMP,,,,0.00,Feet,East,BROADWAY,,,,0.00,N,Not at Intersection, ,Non-Junction,None,,,         ,Citlaly,Juarez,Clear,HeadOn,no,no,no,no,no,False
101472934,METROPOLITAN NASHVILLE POLICE DEPT,20161093058,Davidson,Nashville,12/10/2016 11:15:00 AM,2,0,0,36.176870,-86.796520,CHEATHAM PL,,,,0.00,,,9TH AVN,,,,0.00,Y,Four-Way, ,Intersection,None,,,         ,Chase,Burnett,Clear,"Sideswipe, Opposite Direction",no,no,no,no,no,False
101472949,METROPOLITAN NASHVILLE POLICE DEPT,20161093029,Davidson,Nashville,12/10/2016 11:41:00 AM,2,0,0,36.149190,-86.773790,I 40,,,,0.00,,,,,,,210.20,N,Not at Intersection, ,Non-Junction,None,,,         ,Kevin,Crawford,Clear,"Sideswipe, Same Direction",no,no,no,no,no,False
101472967,GOODLETTSVILLE POLICE DEPT,16-42625,Davidson,Goodlettsville,12/9/2016 9:50:00 AM,3,1,0,36.301518,-86.710183,VIETNAM VETERANS BLVD.,,SR386,BY PASS,200.00,Feet,East,,,I65,,95.00,N,Not at Intersection,Y,Entrance/Exit Ramp Related,None,,,         ,John,Spencer,Clear,Front to Rear,no,no,no,no,no,False
101472991,METROPOLITAN NASHVILLE POLICE DEPT,20161093092,Davidson,Nashville,12/10/2016 11:59:00 AM,2,0,0,36.066740,-86.718000,NOLENSVILLE PKE,,,,33.00,Feet,North,NORTHCREST DR,,,,0.00,N,Not at Intersection, ,Non-Junction,None,,,         ,Ryan,Cagle,Clear,Angle,no,no,no,no,yes,False
101472993,METROPOLITAN NASHVILLE POLICE DEPT,20161093076,Davidson,Nashville,12/10/2016 12:24:00 PM,2,0,0,36.046980,-86.662120,I 24,,,,0.00,,,,,,,59.20,N,Not at Intersection,N,Non-Junction,None,,,         ,Jason,Dudley,Clear,"Sideswipe, Same Direction",no,no,no,no,no,False
101473020,METROPOLITAN NASHVILLE POLICE DEPT,20161093053,Davidson,Nashville,12/10/2016 12:25:00 PM,2,0,0,36.165660,-86.761140,SUMMER PL,,,,0.00,,,S 5TH ST,,,,0.00,Y,T-Intersection,N,Intersection,None,,,         ,Casey,Tomes,Clear,Angle,no,no,no,no,no,False
101473030,METROPOLITAN NASHVILLE POLICE DEPT,20161093082,Davidson,Nashville,12/10/2016 12:25:00 PM,2,0,0,36.144890,-86.855810,BURGESS AV,,,,161.00,Feet,West,BURGES DR,,,,0.00,N,Not at Intersection, ,,None,,,         ,Brian,Myatt,,,no,no,no,no,no,False
101473034,METROPOLITAN NASHVILLE POLICE DEPT,20161093138,Davidson,Nashville,12/10/2016 1:11:00 PM,4,0,0,36.131820,-86.895680,CHARLOTTE PKE,,,,48.00,Feet,West,I40 E ENT RAMP,,,,0.00,N,Not at Intersection,N,Non-Junction,None,,,         ,Andrew,Maholland,Clear,Front to Rear,no,no,no,no,no,False
101473038,METROPOLITAN NASHVILLE POLICE DEPT,20161093186,Davidson,Nashville,12/10/2016 1:40:00 PM,2,1,0,36.139660,-86.879820,CHARLOTTE PKE,,,,248.00,Feet,West,RUSSLEO DR,,,,0.00,N,Not at Intersection,N,Non-Junction,None,,,         ,Wesley,Tilley,Clear,Front to Rear,no,no,no,no,no,False
101473040,METROPOLITAN NASHVILLE POLICE DEPT,20161093137,Davidson,Nashville,12/10/2016 12:20:00 PM,2,0,0,36.081420,-86.759560,HARDING PL,,,,374.00,Feet,West,TROUSDALE DR,,,,0.00,N,Not at Intersection, ,Non-Junction,None,,,         ,Ryan,Cagle,Clear,Angle,no,no,no,no,no,False
101473043,METROPOLITAN NASHVILLE POLICE DEPT,20161093202,Davidson,Nashville,12/10/2016 1:51:00 PM,2,1,0,36.120820,-86.779280,KIRKWOOD AV,,,,0.00,Feet,East,VAULX LN,,,,0.00,N,Not at Intersection,N,Non-Junction,None,,,         ,Kevin,Crawford,Clear,Front to Rear,no,no,no,no,no,False
101473051,METROPOLITAN NASHVILLE POLICE DEPT,20161093115,Davidson,Antioch,12/10/2016 12:52:00 PM,3,0,0,36.037390,-86.586390,MAXWELL RD,,,,0.00,,,LAVERGNE COUCHVILLE PKE,,,,0.00,Y,Four-Way,Y,Intersection,None,,,         ,Steven,Williams,Clear,Angle,no,no,no,no,no,False
101473059,METROPOLITAN NASHVILLE POLICE DEPT,20161093218,Davidson,Nashville,12/10/2016 2:05:00 PM,2,0,0,36.190000,-86.771730,EVANSTON AV,,,,0.00,,,JOSEPH AV,,,,0.00,Y,Four-Way,N,Intersection,None,,,         ,Jared,Eaves,Clear,Angle,no,no,no,no,no,False