master_record_number,agency,agency_tracking_number,county,city,collision_date,vehicles_involved,number_injured,number_dead,latitude,longitude,roadway_name,roadway_suffix,roadway_number,roadway_local_id,distance_from_reference,miles-feet_indicator,direction_from_reference,intersection_road_name,intersection_road_name_suffix,intersection_road_number,intersection_local_id,mile_marker,intersection_indicator,intersect_type,interchange_related_indicator,relation_to_junction,work_zone_type,construction_maintenance_zone,construction_maintenance_zone_location,fatal_case_number,officer_first_name,officer_last_name,weather_condition(s),manner_of_crash,pedestrian,bicycle,scooter,parking,hitrun,mou
101473071,METROPOLITAN NASHVILLE POLICE DEPT,20161093275,Davidson,Nashville,12/10/2016 2:30:00 PM,2,0,0,36.168820,-86.684550,LEBANON PKE,,,,0.00,,,THE CROSSINGS PVTDR,,,,0.00,Y,T-Intersection, ,,None,,,         ,Mikala,Moore,,,no,no,no,no,no,False
101473075,BERRY HILL POLICE DEPT,16-4252,Davidson,Berry Hill,12/9/2016 6:02:00 PM,2,0,0,36.126970,-86.777350,HILLVIEW HTS,,,,0.00,,,FRANKLIN PKE,,,,0.00,Y,T-Intersection, ,Intersection,None,,,         ,Roy,Morris,Clear,Angle,no,no,no,no,no,False
101473077,METROPOLITAN NASHVILLE POLICE DEPT,20161093176,Davidson,Nashville,12/10/2016 1:35:00 PM,2,0,0,36.195580,-86.621710,LEBANON PKE,,,,0.00,,,BONNASPRING DR,,,,0.00,Y,T-Intersection,N,Intersection-Related,None,,,         ,William,Mckay,Clear,Front to Rear,no,no,no,no,no,False
101473119,METROPOLITAN NASHVILLE POLICE DEPT,20161093300,Davidson,Nashville,12/10/2016 12:00:00 PM,2,0,0,36.167620,-86.772500,RUSSELL ST,,,,548.00,Feet,East,TITANS WAY,,,,0.00,N,Not at Intersection, ,Non-Junction,None,,,         ,Darrien,Spann,Clear,Angle,no,no,no,no,yes,False
101473141,METROPOLITAN NASHVILLE POLICE DEPT,20161093332,Davidson,Nashville,12/10/2016 3:27:00 PM,2,0,0,36.190740,-86.789240,I 65,,,,0.00,,,,,,,85.80,N,Not at Intersection, ,,None,,,         ,Derek,Betty,,,no,no,no,no,no,False
101473150,METROPOLITAN NASHVILLE POLICE DEPT,20161093383,Davidson,Nashville,12/10/2016 2:02:00 PM,2,0,0,36.138210,-86.857640,WHITE BRIDGE PKE,,,,133.00,Feet,North,KNOB RD,,,,0.00,N,Not at Intersection,N,Non-Junction,None,,,         ,Ethan,Usherwood,Clear,Front to Rear,no,no,no,no,yes,False
101473162,METROPOLITAN NASHVILLE POLICE DEPT,20161093382,Davidson,Nashville,12/10/2016 3:35:00 PM,2,0,0,36.085120,-86.702840,HARDING PL,,,,0.00,,,I24 E ENT RAMP,,,,0.00,Y,OTHER, ,Intersection,None,,,         ,Jeffrey,Livingston,Clear,Front to Rear,no,no,no,no,yes,False
101473172,METROPOLITAN NASHVILLE POLICE DEPT,20161093389,Davidson,Nashville,12/10/2016 3:57:00 PM,2,0,0,36.141950,-86.816230,32ND AVS,,,,0.00,,,WEST END AV,,,,0.00,Y,T-Intersection,N,Intersection,None,,,         ,Ralph,Smith IV,Clear,Angle,no,no,no,no,no,Campus
101473199,METROPOLITAN NASHVILLE POLICE DEPT,20161093438,Davidson,Nashville,12/10/2016 4:20:00 PM,2,1,0,36.194300,-86.622610,LEBANON PKE,,,,467.00,Feet,South,BONNAFORD DR,,,,0.00,N,Not at Intersection,N,OtherLocation,None,,,         ,Christopher,Mackey,Clear,Other,no,no,no,no,no,False
101473214,METROPOLITAN NASHVILLE POLICE DEPT,20161093531,Davidson,Not in City Limit,12/10/2016 4:40:00 PM,2,0,0,36.264160,-86.735610,I65 N EXT RAMP,,,,0.00,Feet,East,OLD HICKORY BLVDW,,,,0.00,N,Not at Intersection, ,Entrance/Exit Ramp Related,None,,,         ,Jordan,Vrbas,Clear,Front to Rear,no,no,no,no,no,False
101473216,METROPOLITAN NASHVILLE POLICE DEPT,20161093502,Davidson,Nashville,12/10/2016 4:58:00 PM,2,0,0,36.177130,-86.694660,BRILEY PKWYS,,,,844.00,Feet,East,BRILEY PKWYN,,,,0.00,N,Not at Intersection,N,Non-Junction,None,,,         ,Mikala,Moore,Cloudy,"Sideswipe, Same Direction",no,no,no,no,no,False
101473223,METROPOLITAN NASHVILLE POLICE DEPT,20161093299,Davidson,Nashville,12/10/2016 1:24:00 PM,2,0,0,36.111210,-86.811310,GRAYBAR LN,,,,0.00,,,HILLSBORO PKE,,,,0.00,Y,T-Intersection, ,Non-Junction,None,,,         ,Akira,McSwain,Clear,Front to Rear,no,no,no,no,no,False
101473225,METROPOLITAN NASHVILLE POLICE DEPT,20161093333,Davidson,Nashville,12/10/2016 3:35:00 PM,2,0,0,36.170670,-86.679670,MCGAVOCK PKE,,,,300.00,Feet,North,LEBANON PKE,,,,0.00,N,Not at Intersection, ,Non-Junction,None,,,         ,Jonathan,Cavezza,Clear,Angle,no,no,no,no,no,False
101473230,METROPOLITAN NASHVILLE POLICE DEPT,20161093303,Davidson,Nashville,12/10/2016 3:02:00 PM,2,0,0,36.048120,-86.664040,I 24,,,,0.00,,,,,,,59.10,N,Not at Intersection,N,Non-Junction,None,,,         ,Alyson,Cook,Clear,Front to Rear,no,no,no,no,no,False
101473231,METROPOLITAN NASHVILLE POLICE DEPT,20161093284,Davidson,Nashville,12/10/2016 3:02:00 PM,4,1,0,36.048120,-86.664040,I 24,,,,0.00,,,,,,,59.10,N,Not at Intersection,N,Non-Junction,None,,,         ,Alyson,Cook,Clear,Front to Rear,no,no,no,no,no,False
101473237,METROPOLITAN NASHVILLE POLICE DEPT,20161093551,Davidson,Nashville,12/10/2016 5:10:00 PM,2,1,0,36.114860,-86.719560,DRUMMOND DR,,,,0.00,Feet,,EAST THOMPSON LN,,,,0.00,Y,Four-Way,Y,Intersection-Related,None,,,         ,William,McDaniel,Clear,Angle,no,no,no,no,yes,False
101473238,METROPOLITAN NASHVILLE POLICE DEPT,20161093603,Davidson,Nashville,12/10/2016 5:49:00 PM,2,0,0,36.102180,-86.870250,HARDING PL,,,,0.00,,,HARDING PKE,,,,0.00,Y,T-Intersection, ,,None,,,         ,Benjamin,Spees,,,no,no,no,no,no,False
101473239,METROPOLITAN NASHVILLE POLICE DEPT,20161093517,Davidson,Nashville,12/10/2016 5:07:00 PM,2,1,0,36.132780,-86.726870,I24E,,,,904.00,Feet,North,I24 W EXT RAMP,,,,0.00,N,Not at Intersection,N,Non-Junction,None,,,         ,Jarret,Sonnenberg,Clear,Front to Rear,no,no,no,no,no,False
101473240,METROPOLITAN NASHVILLE POLICE DEPT,2016-1093647,Davidson,Nashville,12/10/2016 5:43:00 PM,1,1,0,36.127810,-86.901470,I 40,,,,0.00,,,,,,,200.80,N,Not at Intersection,N,Non-Junction,None,,,         ,Michael,Rogers,Clear,Not Collision with Motor Vehicle in Transport,no,no,no,no,no,False
101473241,METROPOLITAN NASHVILLE POLICE DEPT,20161093345,Davidson,Nashville,12/10/2016 3:35:00 PM,2,0,0,36.200960,-86.776780,I 65,,,,0.00,,,,,,,86.95,N,Not at Intersection,N,OtherLocation,None,,,         ,Jessie,Freeland,Clear,Front to Rear,no,no,no,no,no,False
101473244,METROPOLITAN NASHVILLE POLICE DEPT,20161093483,Davidson,Nashville,12/10/2016 4:30:00 PM,2,0,0,36.109630,-86.722240,BRILEY PKWYS,,,,64.00,Feet,East,I24 E ENT RAMP,,,,0.00,N,Not at Intersection, ,Entrance/Exit Ramp Related,None,,,         ,Nakia,Reid,Clear,"Sideswipe, Same Direction",no,no,no,no,no,False
101473251,METROPOLITAN NASHVILLE POLICE DEPT,20161093609,Davidson,Nashville,12/10/2016 5:21:00 PM,3,0,0,36.143200,-86.704470,I 40,,,,0.00,,,,,,,214.50,N,Not at Intersection,N,Non-Junction,None,,,         ,Noah,Melton,Clear,Front to Rear,no,no,no,no,yes,False
101473253,METROPOLITAN NASHVILLE POLICE DEPT,20161093362,Davidson,Nashville,12/10/2016 3:37:00 PM,1,0,0,36.048120,-86.664040,I 24,,,,0.00,,,,,,,59.10,N,Not at Intersection, ,Non-Junction,None,,,         ,Alyson,Cook,Clear,Not Collision with Motor Vehicle in Transport,no,no,no,no,no,False
101473255,METROPOLITAN NASHVILLE POLICE DEPT,20161093499,Davidson,Nashville,12/10/2016 4:55:00 PM,2,0,0,36.068220,-86.632140,MURFREESBORO PKE,,,,395.00,Feet,North,FOREST VIEW DR,,,,0.00,N,Not at Intersection,N,Non-Junction,None,,,         ,Tamara,Zurawski,Clear,Angle,no,no,no,no,no,False
101473261,METROPOLITAN NASHVILLE POLICE DEPT,20161093578,Davidson,Nashville,12/10/2016 5:30:00 PM,3,1,0,36.143140,-86.704850,I 40,,,,0.00,,,,,,,214.50,N,Not at Intersection,N,Non-Junction,None,,,         ,Jaby,Djabbarov,Clear,Front to Rear,no,no,no,no,no,False
101473262,METROPOLITAN NASHVILLE POLICE DEPT,20161093481,Davidson,Nashville,12/10/2016 4:50:00 PM,2,0,0,36.113250,-86.723930,I 24,,,,0.00,,,,,,,53.40,N,Not at Intersection, ,Non-Junction,None,,,         ,Alyson,Cook,Clear,Front to Rear,no,no,no,no,no,False
101473263,METROPOLITAN NASHVILLE POLICE DEPT,20161093567,Davidson,Nashville,12/10/2016 5:20:00 PM,2,0,0,36.153710,-86.721560,SPENCE LN,,,,0.00,,,LEBANON PKE,,,,0.00,Y,Four-Way,Y,Intersection,None,,,         ,John,Kelley,Clear,Angle,no,no,no,no,no,False
101473267,METROPOLITAN NASHVILLE POLICE DEPT,20161093652,Davidson,Not in City Limit,12/10/2016 6:10:00 PM,1,1,0,36.265140,-86.682210,NASHWOOD PARK APTS PVTDR,,,,477.00,Feet,East,N DUPONT AV,,,,0.00,N,Not at Intersection,N,Non-Junction,None,,,         ,Christopher,Littles,Clear,Not Collision with Motor Vehicle in Transport,yes,no,no,yes,no,False
101473271,METROPOLITAN NASHVILLE POLICE DEPT,20161093676,Davidson,Nashville,12/10/2016 6:11:00 PM,3,0,0,36.200380,-86.744800,DELMAS AV,,,,443.00,Feet,North,FAIRWIN AV,,,,0.00,N,Not at Intersection, ,Non-Junction,None,,,         ,James,Smith,Clear,Other,no,no,no,no,no,False
101473274,METROPOLITAN NASHVILLE POLICE DEPT,20161093645,Davidson,Nashville,12/10/2016 6:05:00 PM,2,2,0,36.209510,-86.869870,ASHLAND CITY HWY,,,,13.00,Feet,East,ASHLAND CITY HWY EB ENT RAMP,,,,0.00,N,Not at Intersection,N,Entrance/Exit Ramp Related,None,,,         ,Brandon,Rardin,Clear,Front to Rear,no,no,no,no,no,False
101473277,METROPOLITAN NASHVILLE POLICE DEPT,20161093256,Davidson,Goodlettsville,12/10/2016 12:00:00 AM,2,0,0,36.295990,-86.698450,RIVERGATE STATION PVTDR,,,,0.00,,,MYATT DR,,,,0.00,Y,T-Intersection,N,OtherLocation,None,,,         ,Joel,Callies,Clear,Other,no,no,no,yes,yes,False
101473278,METROPOLITAN NASHVILLE POLICE DEPT,20161093159,Davidson,Not in City Limit,12/10/2016 12:00:00 AM,2,0,0,36.374290,-86.791350,GREER RD,,,,0.00,,,GREER RD PVTDR,,,,0.00,Y,T-Intersection,N,Intersection,None,,,         ,Joel,Callies,Clear,"Sideswipe, Same Direction",no,no,no,no,no,False
101473281,METROPOLITAN NASHVILLE POLICE DEPT,20161093310,Davidson,Nashville,12/10/2016 12:00:00 AM,2,0,0,36.105850,-86.813870,HILLSBORO PKE,,,,0.00,,,ABBOTT MARTIN RD,,,,0.00,Y,Four-Way,N,Intersection,None,,,         ,Emily,Mulready,Smog/Smoke,Unknown,no,no,no,no,yes,False
101473283,METROPOLITAN NASHVILLE POLICE DEPT,20161093547,Davidson,Nashville,12/10/2016 5:40:00 PM,2,0,0,36.056150,-86.672420,BLUE HOLE RD,,,,17.00,Feet,South,ANTIOCH COMMUNITY CTR PVTDR,,,,0.00,N,Not at Intersection, ,Non-Junction,None,,,         ,Alyson,Cook,Clear,Front to Rear,no,no,no,no,yes,False
101473284,METROPOLITAN NASHVILLE POLICE DEPT,20161093702,Davidson,Nashville,12/10/2016 6:45:00 PM,2,0,0,36.093620,-86.652730,MURFREESBORO PKE,,,,101.00,Feet,South,OLD MURFREESBORO PKE,,,,0.00,N,Not at Intersection,N,Non-Junction,None,,,         ,Tyler,Maupin,Clear,Front to Rear,no,no,no,no,no,False
101473285,METROPOLITAN NASHVILLE POLICE DEPT,20161093815,Davidson,Nashville,12/10/2016 6:50:00 PM,2,0,0,36.151290,-86.750950,I 40,,,,0.00,,,,,,,211.55,N,Not at Intersection, ,Non-Junction,None,,,         ,John,Kelley,Clear,Front to Rear,no,no,no,no,no,False
101473292,VANDERBILT UNIVERSITY POLICE,16-1093731,Davidson,Nashville,12/10/2016 6:20:00 PM,2,0,0,36.149650,-86.801870,WEST END AV,,,,0.00,,,,,,,0.00,,, ,Non-Junction,None,,,         ,William,West,Clear,"Sideswipe, Same Direction",no,no,no,yes,no,Campus
101473294,METROPOLITAN NASHVILLE POLICE DEPT,20161093801,Davidson,Nashville,12/10/2016 7:21:00 PM,2,0,0,36.045000,-86.649250,CROSSINGS BLVD,,,,8.00,Feet,West,CROSSINGS PL,,,,0.00,N,Not at Intersection,N,Non-Junction,None,,,         ,Tamara,Zurawski,Clear,Angle,no,no,no,no,no,False
101473302,METROPOLITAN NASHVILLE POLICE DEPT,2016-1093754,Davidson,Nashville,12/10/2016 6:49:00 PM,2,0,0,36.142550,-86.736080,I 40,,,,0.00,,,,,,,212.75,N,Not at Intersection, ,OtherLocation,None,,,         ,Sandra,Talavera,Clear,"Sideswipe, Same Direction",no,no,no,no,no,False
101473312,METROPOLITAN NASHVILLE POLICE DEPT,20161093679,Davidson,Nashville,12/10/2016 6:32:00 PM,3,0,0,36.048120,-86.664040,I 24,,,,0.00,,,,,,,59.10,N,Not at Intersection, ,Non-Junction,None,,,         ,Alyson,Cook,Clear,Front to Rear,no,no,no,no,yes,False
101473313,METROPOLITAN NASHVILLE POLICE DEPT,20161093576,Davidson,Nashville,12/10/2016 5:31:00 PM,2,1,0,36.086880,-86.696770,HARDING PL,,,,241.00,Feet,West,S PERIMETER PARK DR,,,,0.00,N,Not at Intersection,N,Non-Junction,None,,,         ,Andrew,Mullen,Clear,Angle,no,no,no,no,no,False
101473318,METROPOLITAN NASHVILLE POLICE DEPT,20161093464,Davidson,Nashville,12/10/2016 4:35:00 PM,1,2,0,36.191020,-86.788470,I 65,,,,0.00,,,,,,,85.85,N,Not at Intersection,N,Non-Junction,None,,,         ,Darrien,Spann,Clear,Not Collision with Motor Vehicle in Transport,no,no,no,no,no,False
101473322,METROPOLITAN NASHVILLE POLICE DEPT,20161093648,Davidson,Nashville,12/10/2016 6:10:00 PM,4,1,0,36.044600,-86.657290,I24 W EXT RAMP,,,,0.00,Feet,East,I 24,,,,0.00,N,Not at Intersection,N,Entrance/Exit Ramp Related,None,,,         ,Candice,Soper,Clear,Front to Rear,no,no,no,no,no,False
101473323,THP District 3 - Nashville,316067670,Davidson,Nashville,12/8/2016 5:04:00 PM,2,0,0,36.026000,-86.784900,I 65,,,,0.00,,,,,,,73.65,N,Not at Intersection, ,Non-Junction,None,,,         ,Samuel,Outlaw,Clear,Front to Rear,no,no,no,no,no,False
101473350,METROPOLITAN NASHVILLE POLICE DEPT,20161093821,Davidson,Nashville,12/10/2016 7:09:00 PM,3,0,0,36.234550,-86.716680,BRILEY PKWYE,,,,2000.00,Feet,West,PENNINGTON BEND RD,,,,0.00,N,Not at Intersection,N,Non-Junction,None,,,         ,Jonathan,Cavezza,Clear,Front to Rear,no,no,no,no,no,False
101473354,METROPOLITAN NASHVILLE POLICE DEPT,20161093896,Davidson,Goodlettsville,12/10/2016 8:16:00 PM,2,0,0,36.297550,-86.698660,GALLATIN PKEN,,,,273.00,Feet,North,RIVERGATE PKWY,,,,0.00,N,Not at Intersection, ,Non-Junction,None,,,         ,Cecilia,Gomez,Clear,Front to Rear,no,no,no,no,no,False
101473387,METROPOLITAN NASHVILLE POLICE DEPT,20161094018,Davidson,Nashville,12/10/2016 8:56:00 PM,2,0,0,36.060360,-86.640280,BELL RD,,,,117.00,Feet,South,HICKORY HIGHLANDS DR,,,,0.00,N,Not at Intersection, ,Non-Junction,None,,,         ,Alyson,Cook,Clear,Front to Rear,no,no,no,no,no,False
101473400,METROPOLITAN NASHVILLE POLICE DEPT,20161093670,Davidson,Nashville,12/10/2016 6:25:00 PM,1,1,0,36.153700,-86.756750,I 40,,,,0.00,,,,,,,211.20,N,Not at Intersection,N,Non-Junction,None,,,         ,Mikala,Moore,Clear,Not Collision with Motor Vehicle in Transport,no,no,no,no,no,False
101473446,METROPOLITAN NASHVILLE POLICE DEPT,20161094152,Davidson,Nashville,12/10/2016 10:00:00 PM,2,0,0,36.206260,-86.773510,I65 N EXT RAMP,,,,0.00,,,W TRINITY LN,,,,0.00,Y,Four-Way, ,Intersection,None,,,         ,Edward,Conrads,Clear,Front to Rear,no,no,no,no,yes,False
101473457,METROPOLITAN NASHVILLE POLICE DEPT,20161093595,Davidson,Nashville,12/10/2016 5:06:00 PM,3,0,0,36.045750,-86.708650,OLD HICKORY BLVD,,,,658.00,Feet,West,HICKORY VALLEY CONDOS PVTDR,,,,0.00,N,Not at Intersection, ,Non-Junction,None,,,         ,Darryl,Williams,Clear,Front to Rear,no,no,no,no,yes,False
101473473,METROPOLITAN NASHVILLE POLICE DEPT,20161094141,Davidson,Nashville,12/10/2016 10:07:00 PM,3,0,0,36.213590,-86.750640,BETHWOOD DR,,,,867.00,Feet,East,ALLENWOOD DR,,,,0.00,N,Not at Intersection,N,Non-Junction,None,,,         ,Steven,Henry Jr.,Clear,Not Collision with Motor Vehicle in Transport,no,no,no,no,yes,False
101473479,METROPOLITAN NASHVILLE POLICE DEPT,20161094195,Davidson,Nashville,12/10/2016 9:53:00 PM,2,0,0,36.225260,-86.695370,MUSIC VALLEY DR,,,,396.00,Feet,North,MUSIC CITY CIR,,,,0.00,N,Not at Intersection, ,,None,,,         ,Bo,Branum,,,no,no,no,no,no,False
101473490,METROPOLITAN NASHVILLE POLICE DEPT,20161094169,Davidson,Nashville,12/10/2016 12:00:00 AM,2,0,0,36.112230,-86.742880,FOSTER AV,,,,526.00,Feet,North,THOMPSON LN,,,,0.00,N,Not at Intersection,N,"Driveway, Alley Access, etc",None,,,         ,Brian,Mclarty,Clear,"Sideswipe, Same Direction",no,no,no,yes,yes,False
101473507,THP District 3 - Nashville,316068031,Davidson,Not in City Limit,12/10/2016 4:50:00 PM,2,0,0,36.262360,-86.679130,STATE RT 45,,,,0.00,,,EAGAN CIR,,,,0.00,Y,T-Intersection, ,Intersection-Related,None,,,         ,Randall retired,Cole retired,Cloudy,Angle,no,no,no,no,no,False
101473514,METROPOLITAN NASHVILLE POLICE DEPT,20161094219,Davidson,Nashville,12/10/2016 10:11:00 PM,2,0,0,36.157210,-86.793080,CHURCH ST,,,,114.00,Feet,East,MCMILLIN ST,,,,0.00,N,Not at Intersection, ,Non-Junction,None,,,         ,Craig,Oakley,Clear,"Sideswipe, Opposite Direction",no,no,no,no,no,False
101473520,METROPOLITAN NASHVILLE POLICE DEPT,20161094494,Davidson,Nashville,12/11/2016 2:06:00 AM,1,1,0,36.096830,-86.883310,BROOK HOLLOW RD,,,,736.00,Feet,South,EAST VALLEY RD,,,,0.00,N,Not at Intersection,N,Non-Junction,None,,,         ,Albert,Wilson,Clear,Not Collision with Motor Vehicle in Transport,no,no,no,no,no,False
101473544,METROPOLITAN NASHVILLE POLICE DEPT,20161094549,Davidson,Nashville,12/11/2016 2:45:00 AM,1,0,0,36.162280,-86.793400,I 40,,,,0.00,,,,,,,208.65,N,Not at Intersection,N,Non-Junction,None,,,         ,Raymond,Heymann,Clear,Unknown,no,no,no,no,yes,False
101473545,METROPOLITAN NASHVILLE POLICE DEPT,20161094567,Davidson,Nashville,12/11/2016 2:50:00 AM,1,0,0,36.103950,-86.666400,FAIRCLOTH LN,,,,119.00,Feet,North,OLD MURFREESBORO PKE,,,,0.00,N,Not at Intersection, ,Non-Junction,None,,,         ,Bridget,Griepentrog,Clear,Not Collision with Motor Vehicle in Transport,no,no,no,no,no,False
101473546,METROPOLITAN NASHVILLE POLICE DEPT,20161094550,Davidson,Nashville,12/11/2016 2:45:00 AM,2,1,0,36.150480,-86.770350,4TH AVS,,,,0.00,,,I40 E EXT RAMP,,,,0.00,Y,T-Intersection,N,Entrance/Exit Ramp Related,None,,,         ,John,Anderson,Clear,Angle,no,no,no,no,yes,False
101473550,METROPOLITAN NASHVILLE POLICE DEPT,20161094162,Davidson,Not in City Limit,12/10/2016 10:38:00 PM,2,0,0,36.073910,-86.926270,HIGHWAY 70S,,,,0.00,,,HICKS RD,,,,0.00,Y,Four-Way, ,Intersection,None,,,         ,Kristen,Morgan,Clear,Angle,no,no,no,no,no,False
101473554,METROPOLITAN NASHVILLE POLICE DEPT,20161094310,Davidson,Nashville,12/11/2016 12:16:00 AM,2,0,0,36.156580,-86.787480,12TH AVS,,,,0.00,,,BROADWAY,,,,0.00,Y,Four-Way, ,,None,,,         ,Brian,Zullo,,,no,no,no,no,no,False
101473556,METROPOLITAN NASHVILLE POLICE DEPT,20161094510,Davidson,Nashville,12/11/2016 12:00:00 AM,2,0,0,36.033800,-86.641960,I 24,,,,0.00,,,,,,,60.70,N,Not at Intersection,N,Non-Junction,None,,,         ,Brian,Mclarty,Clear,Front to Rear,no,no,no,no,no,False
101473565,METROPOLITAN NASHVILLE POLICE DEPT,20161094577,Davidson,Nashville,12/11/2016 1:36:00 AM,2,0,0,36.162900,-86.776860,3RD AVN,,,,0.00,,,COMMERCE ST,,,,0.00,Y,Four-Way,N,Intersection-Related,None,,,         ,Melvin,Foster,Clear,Front to Rear,no,no,no,no,yes,False
101473566,METROPOLITAN NASHVILLE POLICE DEPT,20161094288,Davidson,Nashville,12/10/2016 4:30:00 AM,2,0,0,36.147890,-86.673440,ROYAL PKWY,,,,509.00,Feet,West,RACHEL DR,,,,0.00,N,Not at Intersection,N,OtherLocation,None,,,         ,Leonard,Spadavecchia,Unknown,Unknown,no,no,no,yes,yes,False
101473568,METROPOLITAN NASHVILLE POLICE DEPT,20161094749,Davidson,Nashville,12/11/2016 5:02:00 AM,2,0,0,36.203190,-86.776650,I 65,,,,0.00,,,,,,,87.10,N,Not at Intersection, ,Non-Junction,None,,,         ,Steven,Henry Jr.,Clear,"Sideswipe, Same Direction",no,no,no,no,no,False
101473576,METROPOLITAN NASHVILLE POLICE DEPT,20161094781,Davidson,Nashville,12/11/2016 5:16:00 AM,1,0,0,36.185550,-86.612990,OLD HICKORY BLVD,,,,973.00,Feet,North,ANDREW JACKSON PKWY,,,,0.00,N,Not at Intersection, ,Non-Junction,None,,,         ,Sean,Wuethrich,Clear,Not Collision with Motor Vehicle in Transport,no,no,no,no,no,False
101473578,METROPOLITAN NASHVILLE POLICE DEPT,20161094729,Davidson,Nashville,12/11/2016 4:38:00 AM,1,0,0,36.076590,-86.635140,RURAL HILL RD,,,,0.00,,,,,,,0.00,,,N,Non-Junction,None,,,         ,Bridget,Griepentrog,Clear,Not Collision with Motor Vehicle in Transport,no,no,no,no,yes,False
101473580,METROPOLITAN NASHVILLE POLICE DEPT,20161094645,Davidson,Nashville,12/11/2016 4:01:00 AM,1,1,0,36.068520,-86.674200,RICHARDS RD,,,,0.00,,,ARTELIA DR,,,,0.00,,T-Intersection,N,Non-Junction,None,,,         ,Dezmond,Hughes,Clear,Not Collision with Motor Vehicle in Transport,no,no,no,no,no,False
101473582,METROPOLITAN NASHVILLE POLICE DEPT,20161094470,Davidson,Nashville,12/11/2016 1:37:00 AM,2,0,0,36.140110,-86.821500,FAIRMONT DR,,,,187.00,Feet,North,FAIRMONT PL,,,,0.00,N,Not at Intersection,N,Non-Junction,None,,,         ,Joshua,Billotte,Clear,Front to Rear,no,no,no,yes,yes,False
101473609,METROPOLITAN NASHVILLE POLICE DEPT,20161094748,Davidson,Nashville,12/11/2016 4:50:00 AM,2,0,0,36.151460,-86.857740,WHITE BRIDGE PKE,,,,0.00,,,I40 E ENT RAMP,,,,0.00,Y,OTHER,N,Non-Junction,None,,,         ,Kenneth,Bray,Clear,Front to Rear,no,no,no,yes,yes,False
101473611,METROPOLITAN NASHVILLE POLICE DEPT,20161094808,Davidson,Not in City Limit,12/11/2016 5:40:00 AM,2,1,0,36.262450,-86.737500,I65 N EXT RAMP,,,,0.00,Feet,East,I 65,,,,0.00,N,Not at Intersection,Y,Entrance/Exit Ramp Related,None,,,         ,Patrick,Lancaster,Clear,"Sideswipe, Same Direction",no,no,no,no,yes,False
101473613,METROPOLITAN NASHVILLE POLICE DEPT,20161094706,Davidson,Nashville,12/11/2016 4:38:00 AM,2,4,0,36.155650,-86.789720,I40 E ENT RAMP,,,,0.00,Feet,,BROADWAY,,,,0.00,Y,Four-Way,N,Intersection,None,,,         ,Eugene,Martino,Clear,Angle,no,no,no,no,no,False
101473617,GOODLETTSVILLE POLICE DEPT,16-42752,Davidson,Goodlettsville,12/10/2016 3:51:00 PM,2,0,0,36.309480,-86.695660,VIETNAM VETERANS BLVD SB EXT R,,,,0.00,,,CONFERENCE DR,,,,0.00,Y,T-Intersection, ,Entrance/Exit Ramp Related,None,,,         ,John,Spencer,Clear,Front to Rear,no,no,no,no,no,False
101473717,METROPOLITAN NASHVILLE POLICE DEPT,20161095063,Davidson,Nashville,12/11/2016 8:31:00 AM,2,0,0,36.039980,-86.782450,I 65,,,,0.00,,,,,,,74.65,N,Not at Intersection, ,Non-Junction,None,,,         ,Earl,Davis,Cloudy,"Sideswipe, Same Direction",no,no,no,no,no,False
101473756,METROPOLITAN NASHVILLE POLICE DEPT,20161095211,Davidson,Nashville,12/11/2016 12:00:00 AM,1,0,0,36.049680,-86.650080,BELL RD,,,,0.00,,,,,,,0.00,,,N,Non-Junction,None,,,         ,Robert,Erickson,Clear,Not Collision with Motor Vehicle in Transport,no,no,no,no,yes,False
101473772,METROPOLITAN NASHVILLE POLICE DEPT,20161095186,Davidson,Nashville,12/11/2016 9:22:00 AM,2,0,0,36.171790,-86.773950,N 1ST ST,,,,0.00,,,,,,,0.00,,OTHER, ,Non-Junction,None,,,         ,Seth,Quiles,Clear,Angle,no,no,no,yes,no,False
101473775,METROPOLITAN NASHVILLE POLICE DEPT,20161095237,Davidson,Nashville,12/11/2016 9:49:00 AM,1,0,0,36.052190,-86.751830,SAN MARCOS DR,,,,0.00,,,SONGWRITER CIR,,,,0.00,Y,Y-Intersection, ,Intersection,None,,,         ,Earl,Davis,Clear,Not Collision with Motor Vehicle in Transport,no,no,no,no,no,False
101473781,METROPOLITAN NASHVILLE POLICE DEPT,20161095319,Davidson,Nashville,12/11/2016 10:35:00 AM,1,0,0,36.093500,-86.658220,FRANKLIN LIMESTONE RD,,,,390.00,Feet,West,FORGE RIDGE CIR,,,,0.00,N,Not at Intersection,N,Non-Junction,None,,,         ,Thomas,White,Clear,Not Collision with Motor Vehicle in Transport,no,no,no,no,no,False
101473795,METROPOLITAN NASHVILLE POLICE DEPT,20161095278,Davidson,Nashville,12/11/2016 10:12:00 AM,3,2,0,36.045400,-86.853800,OLD HICKORY BLVD,,,,150.00,Feet,East,CROMWELL DR,,,,0.00,N,Not at Intersection,N,Non-Junction,None,,,         ,Earl,Davis,Clear,HeadOn,no,no,no,no,no,False