master_record_number,agency,agency_tracking_number,county,city,collision_date,vehicles_involved,number_injured,number_dead,latitude,longitude,roadway_name,roadway_suffix,roadway_number,roadway_local_id,distance_from_reference,miles-feet_indicator,direction_from_reference,intersection_road_name,intersection_road_name_suffix,intersection_road_number,intersection_local_id,mile_marker,intersection_indicator,intersect_type,interchange_related_indicator,relation_to_junction,work_zone_type,construction_maintenance_zone,construction_maintenance_zone_location,fatal_case_number,officer_first_name,officer_last_name,weather_condition(s),manner_of_crash,pedestrian,bicycle,scooter,parking,hitrun,mou
101475105,METROPOLITAN NASHVILLE POLICE DEPT,20161099125,Davidson,Nashville,12/12/2016 7:51:00 PM,2,0,0,36.046230,-86.660840,I 24,,,,0.00,,,,,,,59.30,N,Not at Intersection,N,Non-Junction,None,,,         ,Kevin,Keating,Clear,"Sideswipe, Same Direction",no,no,no,no,no,False
101475115,METROPOLITAN NASHVILLE POLICE DEPT,20161099200,Davidson,Nashville,12/12/2016 8:20:00 PM,2,1,0,36.102020,-86.763530,ARMORY DR,,,,33.00,Feet,West,ARMORY DR ENT RAMP,,,,0.00,N,Not at Intersection,N,Non-Junction,None,,,         ,William,Taylor,Cloudy,Front to Rear,no,no,no,no,no,False
101475119,METROPOLITAN NASHVILLE POLICE DEPT,20161099240,Davidson,Nashville,12/12/2016 8:45:00 PM,2,0,0,36.089460,-86.688720,HARDING PL,,,,75.00,Feet,West,HARDING INDUSTRIAL DR,,,,0.00,N,Not at Intersection,N,Non-Junction,None,,,         ,Brandon,Vance,Clear,Front to Rear,no,no,no,no,no,False
101475123,METROPOLITAN NASHVILLE POLICE DEPT,20161099223,Davidson,Nashville,12/12/2016 8:29:00 PM,2,0,0,36.167010,-86.763730,S 4TH ST,,,,0.00,,,SHELBY AV,,,,0.00,Y,Four-Way, ,,None,,,         ,Cressie,Prill,,,no,no,no,no,no,False
101475124,METROPOLITAN NASHVILLE POLICE DEPT,20161099305,Davidson,Nashville,12/12/2016 9:18:00 PM,2,0,0,36.178010,-86.744020,FORREST AV,,,,355.00,Feet,North,N 14TH ST,,,,0.00,N,Not at Intersection, ,Non-Junction,None,,,         ,Cressie,Prill,Clear,Front to Rear,no,no,no,no,yes,False
101475129,METROPOLITAN NASHVILLE POLICE DEPT,20161099239,Davidson,Not in City Limit,12/12/2016 8:30:00 AM,2,0,0,36.282030,-86.706030,WELWORTH ST,,,,439.00,Feet,East,GALLATIN PKEN,,,,0.00,N,Not at Intersection, ,"Driveway, Alley Access, etc",None,,,         ,Cecilia,Gomez,Clear,"Sideswipe, Opposite Direction",no,no,no,yes,yes,False
101475130,METROPOLITAN NASHVILLE POLICE DEPT,20161099357,Davidson,Nashville,12/12/2016 8:30:00 PM,2,0,0,36.183650,-86.610660,OLD HICKORY BLVD,,,,0.00,,,ANDREW JACKSON PKWY,,,,0.00,Y,Four-Way,N,Intersection,None,,,         ,Christopher,Mackey,Clear,Front to Rear,no,no,no,no,yes,False
101475157,METROPOLITAN NASHVILLE POLICE DEPT,20161099437,Davidson,Nashville,12/12/2016 10:15:00 PM,2,0,0,36.170400,-86.768450,INTERSTATE DR,,,,0.00,,,WOODLAND ST,,,,0.00,Y,Four-Way, ,Intersection,None,,,         ,Michael,Baron,Clear,Angle,no,no,no,no,no,False
101475158,METROPOLITAN NASHVILLE POLICE DEPT,20161098530,Davidson,Nashville,12/12/2016 3:10:00 PM,2,0,0,36.151920,-86.849900,CHARLOTTE AV,,,,0.00,Feet,,52ND AVN,,,,0.00,Y,OTHER, ,Non-Junction,None,,,         ,Torian,Cox,Clear,Angle,no,no,no,no,no,False
101475172,METROPOLITAN NASHVILLE POLICE DEPT,20161099252,Davidson,Nashville,12/12/2016 8:50:00 PM,2,1,0,36.131560,-86.717420,MURFREESBORO PKE,,,,211.00,Feet,West,FOOTHILL CT,,,,0.00,N,Not at Intersection,N,Non-Junction,None,,,         ,Tyler,Maupin,Clear,Front to Rear,no,no,no,no,no,False
101475192,METROPOLITAN NASHVILLE POLICE DEPT,20161098809,Davidson,Nashville,12/12/2016 5:30:00 PM,2,2,0,36.142500,-86.680900,I 40,,,,0.00,,,,,,,215.80,N,Not at Intersection,N,Non-Junction,None,,,         ,John,Daugherty,Clear,Front to Rear,no,no,no,no,no,False
101475206,METROPOLITAN NASHVILLE POLICE DEPT,20161099533,Davidson,Nashville,12/12/2016 12:00:00 AM,1,0,0,36.076550,-86.647430,EDGE O LAKE DR,,,,341.00,Feet,North,DOVER GLEN PVTDR,,,,0.00,N,Not at Intersection,N,Unknown,None,,,         ,Daniel,Garrett,Clear,Unknown,no,no,no,no,yes,False
101475236,METROPOLITAN NASHVILLE POLICE DEPT,20161099925,Davidson,Nashville,12/13/2016 1:50:00 AM,2,0,0,36.064660,-86.628620,HAMILTON CHURCH RD,,,,65.00,Feet,South,MURFREESBORO PKE,,,,0.00,N,Not at Intersection, ,,None,,,         ,Autumn,Manning,,,no,no,no,no,no,False
101475240,METROPOLITAN NASHVILLE POLICE DEPT,20161099904,Davidson,Nashville,12/12/2016 10:52:00 PM,2,0,0,36.231770,-86.624630,OLD HICKORY BLVD,,,,190.00,Feet,South,SHUTE LN,,,,0.00,N,Not at Intersection, ,Non-Junction,None,,,         ,Daniel,Caruth,Clear,Front to Rear,no,no,no,no,yes,False
101475270,METROPOLITAN NASHVILLE POLICE DEPT,2016-1100322,Davidson,Nashville,12/13/2016 4:50:00 AM,1,3,0,36.045190,-86.715650,OLD HICKORY BLVD,,,,253.00,Feet,West,BRENTWOOD EAST DR,,,,0.00,N,Not at Intersection,N,Non-Junction,None,,,         ,David,Barras,Clear,Not Collision with Motor Vehicle in Transport,no,no,no,no,no,False
101475275,METROPOLITAN NASHVILLE POLICE DEPT,20161100210,Davidson,Nashville,12/13/2016 4:13:00 AM,1,0,0,36.117240,-86.799690,I 440,,,,0.00,,,,,,,3.25,N,Not at Intersection,N,Non-Junction,None,,,         ,Eugene,Martino,Clear,Not Collision with Motor Vehicle in Transport,no,no,no,no,no,False
101475284,GOODLETTSVILLE POLICE DEPT,16-43101,Davidson,Goodlettsville,12/13/2016 6:15:00 AM,2,0,0,36.295110,-86.717020,I 65,,,,0.00,,,,,,,94.70,N,Not at Intersection,N,Non-Junction,None,,,         ,Jeremy,Baker,Cloudy,"Sideswipe, Same Direction",no,no,no,no,no,False
101475285,METROPOLITAN NASHVILLE POLICE DEPT,20161100426,Davidson,Nashville,12/13/2016 5:54:00 AM,1,0,0,36.046200,-86.778250,I 65,,,,0.00,,,,,,,75.15,N,Not at Intersection, ,Non-Junction,None,,,         ,William,Hamblen,Clear,Not Collision with Motor Vehicle in Transport,no,no,no,no,no,False
101475287,METROPOLITAN NASHVILLE POLICE DEPT,20161100409,Davidson,Nashville,12/13/2016 5:55:00 AM,1,1,0,36.193100,-86.624240,JACKSONIAN DR,,,,145.00,Feet,West,LEBANON PKE,,,,0.00,N,Not at Intersection,Y,Non-Junction,None,,,         ,Blake,Giles,Clear,Not Collision with Motor Vehicle in Transport,yes,no,no,no,no,False
101475293,METROPOLITAN NASHVILLE POLICE DEPT,20161100425,Davidson,Nashville,12/13/2016 6:13:00 AM,1,1,0,36.070110,-86.689920,I 24,,,,0.00,,,,,,,57.00,N,Not at Intersection,N,Non-Junction,None,,,         ,Daniel,Garrett,Clear,Not Collision with Motor Vehicle in Transport,no,no,no,no,no,False
101475295,THP District 3 - Nashville,316067228,Davidson,Nashville,12/6/2016 1:50:00 PM,2,0,0,36.092600,-86.676840,HARDING PL,,,,0.00,,,EZELL PKE,,,,0.00,Y,OTHER,N,Non-Junction,None,,,         ,Allen,Leverette,Clear,Angle,no,no,no,no,no,False
101475328,METROPOLITAN NASHVILLE POLICE DEPT,20161100503,Davidson,Nashville,12/13/2016 7:10:00 AM,2,0,0,36.051100,-86.882450,OLD HICKORY BLVD,,,,225.00,Feet,West,CHICKERING CIR,,,,0.00,N,Not at Intersection, ,Non-Junction,None,,,         ,Curtis,Rich,Rain,Front to Rear,no,no,no,no,no,False
101475340,METROPOLITAN NASHVILLE POLICE DEPT,20161100530,Davidson,Nashville,12/13/2016 7:29:00 AM,2,0,0,36.153290,-86.750260,HERMITAGE AV,,,,122.00,Feet,West,EDGAR ST,,,,0.00,N,Not at Intersection, ,Non-Junction,None,,,         ,Michael,Dance,Rain,"Sideswipe, Same Direction",no,no,no,no,no,False
101475350,BELLE MEADE POLICE DEPT,16-0353,Davidson,Belle Meade,12/13/2016 7:58:00 AM,2,0,0,36.120880,-86.853230,HARDING PKE,,,,0.00,,,GARDNER DR,,,,0.00,Y,T-Intersection, ,Non-Junction,None,,,         ,Dennis,Goins,Rain,Front to Rear,no,no,no,no,no,False
101475356,METROPOLITAN NASHVILLE POLICE DEPT,20161100585,Davidson,Nashville,12/13/2016 7:49:00 AM,2,0,0,36.161130,-86.784920,CHURCH ST,,,,11.00,Feet,West,YMCA WAY,,,,0.00,N,Not at Intersection,N,Non-Junction,None,,,         ,Christian,Martin,Rain,Front to Rear,no,no,no,no,no,False
101475369,METROPOLITAN NASHVILLE POLICE DEPT,20161100590,Davidson,Nashville,12/13/2016 7:55:00 AM,2,0,0,36.153930,-86.857490,URBANDALE AV,,,,0.00,,,BRILEY PKWYN,,,,0.00,Y,Four-Way, ,Intersection,None,,,         ,Michael,Hunnicutt,Rain,Front to Rear,no,no,no,no,no,False
101475388,METROPOLITAN NASHVILLE POLICE DEPT,20161100559,Davidson,Nashville,12/13/2016 7:43:00 AM,2,1,0,36.082120,-86.646590,MURFREESBORO PKE,,,,217.00,Feet,South,SCOTT VALLEY DR,,,,0.00,N,Not at Intersection,N,Non-Junction,None,,,         ,MIchael,Mihajlov,Rain,Front to Rear,no,no,no,no,no,False
101475393,METROPOLITAN NASHVILLE POLICE DEPT,20161100549,Davidson,Antioch,12/13/2016 7:30:00 AM,2,0,0,36.016320,-86.620010,OLD HICKORY BLVD,,,,197.00,Feet,South,FIRESTONE PKWY,,,,0.00,N,Not at Intersection, ,Non-Junction,None,,,         ,Kenneth,Alexandrow,Rain,"Sideswipe, Opposite Direction",no,no,no,no,yes,False
101475394,METROPOLITAN NASHVILLE POLICE DEPT,20161100638,Davidson,Nashville,12/13/2016 8:11:00 AM,2,0,0,36.124410,-86.812790,I 440,,,,0.00,,,,,,,2.45,N,Not at Intersection, ,Non-Junction,None,,,         ,Curtis,Rich,Rain,Front to Rear,no,no,no,no,no,False
101475397,METROPOLITAN NASHVILLE POLICE DEPT,20161100574,Davidson,Nashville,12/13/2016 7:35:00 AM,2,0,0,36.169620,-86.584700,I 40,,,,0.00,,,,,,,221.70,N,Not at Intersection, ,,None,,,         ,William,Mckay,,,no,no,no,no,no,False
101475404,METROPOLITAN NASHVILLE POLICE DEPT,2016-1100598,Davidson,Goodlettsville,12/13/2016 8:00:00 AM,2,0,0,36.287470,-86.726210,I 65,,,,0.00,,,,,,,94.00,N,Not at Intersection,N,Non-Junction,None,,,         ,Arthur,Hipp,Rain,Front to Rear,no,no,no,no,no,False
101475416,METROPOLITAN NASHVILLE POLICE DEPT,20161100480,Davidson,Nashville,12/13/2016 6:40:00 AM,2,0,0,36.180940,-86.677920,LINCOYA CT,,,,0.00,,,MCGAVOCK PKE,,,,0.00,Y,T-Intersection,N,Intersection,None,,,         ,William,Walls,Cloudy,"Sideswipe, Opposite Direction",no,no,no,no,yes,False
101475420,METROPOLITAN NASHVILLE POLICE DEPT,20161100740,Davidson,Nashville,12/13/2016 9:00:00 AM,2,0,0,36.037400,-86.786570,FRANKLIN PKE,,,,0.00,,,OLD HICKORY BLVD,,,,0.00,Y,Four-Way, ,Intersection,None,,,         ,Earl,Davis,Rain,"Sideswipe, Same Direction",no,no,no,no,no,False
101475422,METROPOLITAN NASHVILLE POLICE DEPT,2016-1100616,Davidson,Nashville,12/13/2016 8:07:00 AM,2,0,0,36.076630,-86.640790,MURFREESBORO PKE,,,,268.00,Feet,East,LAKEVILLA DR,,,,0.00,N,Not at Intersection,N,Non-Junction,None,,,         ,Stanley,Collins,Rain,Angle,no,no,no,no,yes,False
101475424,METROPOLITAN NASHVILLE POLICE DEPT,20161100680,Davidson,Nashville,12/13/2016 8:20:00 AM,2,0,0,36.110940,-86.745220,THOMPSON LN,,,,0.00,,,NOLENSVILLE PKE,,,,0.00,Y,Four-Way, ,Intersection,None,,,         ,Brian,Penny,Rain,Front to Rear,no,no,no,no,yes,False
101475428,METROPOLITAN NASHVILLE POLICE DEPT,20161100669,Davidson,Nashville,12/13/2016 8:25:00 AM,2,0,0,36.062660,-86.630800,HAMILTON CHURCH RD,,,,0.00,,,HAMILTON CROSSINGS,,,,0.00,Y,T-Intersection,N,Intersection,None,,,         ,Randall,Combs,Rain,Front to Rear,no,no,no,no,no,False
101475429,METROPOLITAN NASHVILLE POLICE DEPT,20161100452,Davidson,Nashville,12/13/2016 6:45:00 AM,2,0,0,36.182560,-86.751730,BAILEY ST,,,,0.00,,,MAXWELL AV,,,,0.00,Y,T-Intersection, ,Non-Junction,None,,,         ,Jeremy,Stricklin,Rain,"Sideswipe, Opposite Direction",no,no,no,no,no,False
101475432,METROPOLITAN NASHVILLE POLICE DEPT,20161100672,Davidson,Nashville,12/13/2016 8:36:00 AM,2,0,0,36.124810,-86.772860,I 65,,,,0.00,,,,,,,80.70,N,Not at Intersection, ,Non-Junction,None,,,         ,Nathan,Smith,Rain,Front to Rear,no,no,no,no,no,False
101475439,METROPOLITAN NASHVILLE POLICE DEPT,20161100556,Davidson,Nashville,12/13/2016 7:30:00 AM,2,1,0,0.000000,0.000000,PIN HOOK,RD,,,100.00,Feet,West,BRADBURN VILLAGE,DR,,,0.00,N,Not at Intersection,N,Non-Junction,None,,,         ,Steven,Snitzer,Rain,Front to Rear,no,no,no,no,no,False
101475459,METROPOLITAN NASHVILLE POLICE DEPT,20161100588,Davidson,Nashville,12/13/2016 7:55:00 AM,2,0,0,36.160500,-86.803390,19TH AVN,,,,0.00,,,WARNER ST,,,,0.00,Y,T-Intersection, ,Intersection,None,,,         ,Isaac,Wood,Rain,Angle,no,no,no,no,no,False
101475465,METROPOLITAN NASHVILLE POLICE DEPT,20161100708,Davidson,Nashville,12/13/2016 8:50:00 AM,1,0,0,36.144110,-86.656270,ELM HILL PKE,,,,320.00,Feet,East,HURT DR,,,,0.00,N,Not at Intersection, ,Non-Junction,None,,,         ,William,Walls,Rain,Not Collision with Motor Vehicle in Transport,no,no,no,no,no,False
101475466,METROPOLITAN NASHVILLE POLICE DEPT,20161100755,Davidson,Nashville,12/13/2016 9:19:00 AM,2,0,0,36.140350,-86.814930,32ND AVS,,,,19.00,Feet,South,ORLEANS DR,,,,0.00,N,Not at Intersection, ,Non-Junction,None,,,         ,Paul,Joyner,Cloudy,Angle,no,no,no,no,no,Campus
101475471,VANDERBILT UNIVERSITY POLICE,16-1100714,Davidson,Nashville,12/13/2016 8:45:00 AM,1,0,0,36.139040,-86.799300,CAPERS AV,,,,0.00,,,,,,,0.00,,, ,Non-Junction,None,,,         ,Yasemine,Lomax,Rain,Not Collision with Motor Vehicle in Transport,no,no,no,yes,no,Campus
101475473,METROPOLITAN NASHVILLE POLICE DEPT,20161100763,Davidson,Nashville,12/13/2016 9:00:00 AM,2,0,0,36.250980,-86.718320,GALLATIN PKES,,,,57.00,Feet,South,BRINK HAVEN AV,,,,0.00,N,Not at Intersection,N,Non-Junction,None,,,         ,Michael,Agee,Rain,Front to Rear,no,no,no,no,no,False
101475479,METROPOLITAN NASHVILLE POLICE DEPT,20161100697,Davidson,Nashville,12/13/2016 8:44:00 AM,2,0,0,36.019270,-86.709250,NOLENSVILLE PKE,,,,0.00,,,SHANE POINT PL,,,,0.00,Y,T-Intersection,N,Intersection-Related,None,,,         ,Brian,Lamb,Rain,Front to Rear,no,no,no,no,no,False
101475481,METROPOLITAN NASHVILLE POLICE DEPT,20161100837,Davidson,Nashville,12/13/2016 10:02:00 AM,2,0,0,36.123400,-86.809550,I440 E EXT RAMP,,,,0.00,,,I 440,,,,0.00,Y,Y-Intersection, ,Non-Junction,None,,,         ,Nathan,Smith,Rain,Front to Rear,no,no,no,no,no,False
101475482,METROPOLITAN NASHVILLE POLICE DEPT,20161100835,Davidson,Nashville,12/13/2016 10:01:00 AM,2,1,0,36.115760,-86.695830,MURFREESBORO PKE,,,,511.00,Feet,East,MCGAVOCK PKE,,,,0.00,N,Not at Intersection,N,Non-Junction,None,,,         ,MIchael,Mihajlov,Cloudy,Angle,no,no,no,no,no,False
101475483,METROPOLITAN NASHVILLE POLICE DEPT,20161100906,Davidson,Nashville,12/13/2016 10:34:00 AM,2,0,0,36.169530,-86.604510,I40 E EXT RAMP,,,,0.00,,,I 40,,,,0.00,Y,Four-Way, ,Entrance/Exit Ramp Related,None,,,         ,Tien,Nguyen,Rain,Front to Rear,no,no,no,no,no,False
101475484,THP District 3 - Nashville,316067024,Davidson,Nashville,12/5/2016 11:50:00 AM,2,0,0,36.138560,-86.768630,HAMILTON AV,,,,323.00,Feet,East,MARTIN ST,,,,0.00,N,Not at Intersection, ,Non-Junction,None,,,         ,Charles,Achinger,Clear,Angle,no,no,no,no,no,False
101475486,METROPOLITAN NASHVILLE POLICE DEPT,20161100641,Davidson,Nashville,12/13/2016 8:10:00 AM,2,0,0,36.197860,-86.741610,GALLATIN PKE,,,,59.00,Feet,South,FAIRWIN AV,,,,0.00,N,Not at Intersection,N,Non-Junction,None,,,         ,Eric,Knight,Rain,Front to Rear,no,no,no,no,yes,False
101475501,METROPOLITAN NASHVILLE POLICE DEPT,2016-1100839,Davidson,Nashville,12/13/2016 9:58:00 AM,2,1,0,36.123010,-86.630470,BELL RD,,,,101.00,Feet,North,WOODLAND POINTE DR,,,,0.00,N,Not at Intersection,N,Non-Junction,None,,,         ,Calvin,Graham,Cloudy,Angle,no,no,no,no,no,False
101475508,METROPOLITAN NASHVILLE POLICE DEPT,20161100934,Davidson,Nashville,12/13/2016 10:54:00 AM,2,0,0,36.149790,-86.795830,19TH AVS,,,,203.00,Feet,South,DIVISION ST,,,,0.00,N,Not at Intersection, ,"Driveway, Alley Access, etc",None,,,         ,Darrell,Osment,Rain,Angle,no,no,no,no,no,False
101475517,METROPOLITAN NASHVILLE POLICE DEPT,20161100855,Davidson,Nashville,12/13/2016 10:13:00 AM,2,1,0,36.055680,-86.715600,NOLENSVILLE PKE,,,,100.00,Feet,South,APRIL LN,,,,0.00,N,Not at Intersection,N,Non-Junction,None,,,         ,Randall,Combs,Rain,Front to Rear,no,no,no,no,no,False
101475518,METROPOLITAN NASHVILLE POLICE DEPT,20161100843,Davidson,Nashville,12/13/2016 10:05:00 AM,2,0,0,36.114800,-86.693580,MURFREESBORO PKE,,,,217.00,Feet,East,PINEWAY DR,,,,0.00,N,Not at Intersection,N,Non-Junction,None,,,         ,Gerald,Gomes,Rain,Front to Rear,no,no,no,no,no,False
101475534,METROPOLITAN NASHVILLE POLICE DEPT,20161101046,Davidson,Nashville,12/13/2016 11:50:00 AM,2,0,0,36.137570,-86.800760,WEDGEWOOD AV,,,,0.00,,,21ST AVS,,,,0.00,Y,Four-Way, ,Intersection,None,,,         ,Justin,Pinkelton,Rain,Front to Rear,no,no,no,no,no,Campus
101475545,METROPOLITAN NASHVILLE POLICE DEPT,2016-1101057,Davidson,Nashville,12/13/2016 8:00:00 AM,2,0,0,36.122670,-86.628640,HAMPTONS APT PVTDR,,,,132.00,Feet,North,FAWN CREEK PASS,,,,0.00,N,Not at Intersection, ,Non-Junction,None,,,         ,Calvin,Graham,Rain,"Sideswipe, Same Direction",no,no,no,no,yes,False
101475550,METROPOLITAN NASHVILLE POLICE DEPT,20161100853,Davidson,Nashville,12/13/2016 10:05:00 AM,2,0,0,36.232110,-86.622810,SHUTE LN,,,,0.00,,,BRANDYWINE DR,,,,0.00,Y,T-Intersection, ,Intersection-Related,None,,,         ,William,Mckay,Clear,"Sideswipe, Same Direction",no,no,no,no,no,False
101475558,METROPOLITAN NASHVILLE POLICE DEPT,20161101038,Davidson,Nashville,12/13/2016 11:44:00 AM,2,0,0,36.141750,-86.778030,CHESTNUT ST,,,,0.00,,,,,,,0.00,,, ,Non-Junction,None,,,         ,Nathan,Smith,Cloudy,Front to Rear,no,no,no,no,no,False
101475560,METROPOLITAN NASHVILLE POLICE DEPT,20161101029,Davidson,Nashville,12/13/2016 11:40:00 AM,2,0,0,36.130350,-86.755220,NOLENSVILLE PKE,,,,82.00,Feet,North,POLK AV,,,,0.00,N,Not at Intersection, ,Non-Junction,None,,,         ,Brent,Bauer,Cloudy,Angle,no,no,no,no,no,False
101475561,METROPOLITAN NASHVILLE POLICE DEPT,20161100871,Davidson,Nashville,12/13/2016 10:22:00 AM,1,2,0,36.169590,-86.606530,I40 E EXT RAMP,,,,0.00,Feet,East,I 40,,,,0.00,N,Not at Intersection,N,Non-Junction,None,,,         ,James,Curtis,Cloudy,Not Collision with Motor Vehicle in Transport,no,no,no,no,no,False
101475562,METROPOLITAN NASHVILLE POLICE DEPT,20161101065,Davidson,Nashville,12/13/2016 11:29:00 AM,1,0,0,36.145800,-86.653620,MCCRORY CREEK RD,,,,917.00,Feet,North,ELM HILL PKE,,,,0.00,N,Not at Intersection, ,Non-Junction,None,,,         ,Michael,Dance,Rain,Not Collision with Motor Vehicle in Transport,no,no,no,no,no,False
101475563,METROPOLITAN NASHVILLE POLICE DEPT,20161100453,Davidson,Nashville,12/13/2016 6:43:00 AM,2,1,0,36.227570,-86.746970,ELLINGTON PKWYS,,,,80.00,Feet,South,ELLINGTON PKWY S ENT RAMP,,,,0.00,N,Not at Intersection,N,Non-Junction,None,,,         ,Doyle,Price,Cloudy,Front to Rear,no,no,no,no,no,False
101475570,METROPOLITAN NASHVILLE POLICE DEPT,20161100801,Davidson,Nashville,12/13/2016 9:46:00 AM,2,0,0,36.174090,-86.608160,CENTRAL PKE,,,,106.00,Feet,East,FRIST BLVD,,,,0.00,N,Not at Intersection, ,,None,,,         ,James,Curtis,,,no,no,no,no,no,False
101475574,METROPOLITAN NASHVILLE POLICE DEPT,20161100768,Davidson,Nashville,12/13/2016 9:15:00 AM,1,0,0,36.152040,-86.779270,8TH AVS,,,,91.00,Feet,North,GLEAVES ST,,,,0.00,N,Not at Intersection, ,Non-Junction,None,,,         ,Shawn,Taylor,Rain,Not Collision with Motor Vehicle in Transport,no,no,no,no,no,False
101475579,METROPOLITAN NASHVILLE POLICE DEPT,20161101042,Davidson,Nashville,12/13/2016 11:55:00 AM,2,0,0,36.151590,-86.849880,52ND AVN,,,,120.00,Feet,South,CHARLOTTE AV,,,,0.00,N,Not at Intersection, ,Non-Junction,None,,,         ,Walter,Gray II,Cloudy,Angle,no,no,no,no,no,False
101475585,METROPOLITAN NASHVILLE POLICE DEPT,20161100926,Davidson,Nashville,12/13/2016 10:49:00 AM,2,0,0,36.140640,-86.725260,I 40,,,,0.00,,,,,,,213.40,N,Not at Intersection, ,Non-Junction,None,,,         ,Larry,Benz,Rain,Front to Rear,no,no,no,no,no,False
101475625,METROPOLITAN NASHVILLE POLICE DEPT,20161100451,Davidson,Nashville,12/13/2016 6:40:00 AM,2,2,0,36.181800,-86.641570,LEBANON PKE,,,,0.00,,,JACKSON DOWNS BLVD,,,,0.00,Y,Four-Way,N,Intersection,None,,,         ,James,Curtis,Cloudy,Angle,no,no,no,no,no,False
101475630,METROPOLITAN NASHVILLE POLICE DEPT,20161101026,Davidson,Nashville,12/13/2016 12:00:00 AM,1,0,0,36.066720,-86.717980,NOLENSVILLE PKE,,,,22.00,Feet,North,NORTHCREST DR,,,,0.00,N,Not at Intersection, ,Non-Junction,None,,,         ,Brandon,O'Guin,Cloudy,Not Collision with Motor Vehicle in Transport,no,no,no,no,yes,False
101475638,METROPOLITAN NASHVILLE POLICE DEPT,20161100998,Davidson,Nashville,12/13/2016 11:26:00 AM,2,0,0,36.225590,-86.625520,OLD HICKORY BLVD,,,,138.00,Feet,North,CENTER ST,,,,0.00,N,Not at Intersection, ,Non-Junction,None,,,         ,Cassandra,Del Bosco,Cloudy,Front to Rear,no,no,no,no,no,False
101475640,METROPOLITAN NASHVILLE POLICE DEPT,20161100756,Davidson,Nashville,12/13/2016 9:18:00 AM,2,0,0,36.205890,-86.768610,E TRINITY LN,,,,0.00,,,DICKERSON PKE,,,,0.00,Y,Four-Way,N,Intersection-Related,None,,,         ,Doyle,Price,Rain,Front to Rear,no,no,no,no,no,False
101475641,METROPOLITAN NASHVILLE POLICE DEPT,20161101018,Davidson,Nashville,12/13/2016 11:37:00 AM,3,1,0,36.213220,-86.775630,I 65,,,,0.00,,,,,,,87.80,N,Not at Intersection,N,Non-Junction,None,,,         ,Garren,Hoskins,Cloudy,Angle,no,no,no,no,no,False
101475646,METROPOLITAN NASHVILLE POLICE DEPT,20161100765,Davidson,Nashville,12/13/2016 9:24:00 AM,2,1,0,36.140870,-86.817430,WEST END AV,,,,0.00,,,ACKLEN PARK DR,,,,0.00,Y,T-Intersection,N,Intersection,None,,,         ,Nathan,Kemp,Rain,Front to Rear,no,no,no,no,no,False
101475647,METROPOLITAN NASHVILLE POLICE DEPT,20161100833,Davidson,Nashville,12/13/2016 9:59:00 AM,2,0,0,36.116190,-86.794390,I 440,,,,0.00,,,,,,,3.70,N,Not at Intersection, ,Non-Junction,None,,,         ,Nathan,Kemp,Rain,Front to Rear,no,no,no,no,no,False
101475648,METROPOLITAN NASHVILLE POLICE DEPT,20161100912,Davidson,Nashville,12/13/2016 10:45:00 AM,1,1,0,36.040790,-86.782710,I65 S EXT RAMP,,,,0.00,Feet,East,I 65,,,,0.00,N,Not at Intersection,N,Non-Junction,None,,,         ,Nathan,Kemp,Rain,Not Collision with Motor Vehicle in Transport,no,no,no,no,no,False
101475649,METROPOLITAN NASHVILLE POLICE DEPT,20161101086,Davidson,Nashville,12/13/2016 12:14:00 PM,1,0,0,36.092910,-86.746960,MCNALLY DR,,,,0.00,,,VULCAN DR,,,,0.00,Y,T-Intersection, ,"Driveway, Alley Access, etc",None,,,         ,Nathan,Kemp,Clear,Not Collision with Motor Vehicle in Transport,no,no,no,yes,no,False
101475650,METROPOLITAN NASHVILLE POLICE DEPT,20161100949,Davidson,Nashville,12/13/2016 11:00:00 AM,2,3,0,36.170280,-86.768790,WOODLAND ST,,,,110.00,Feet,West,INTERSTATE DR,,,,0.00,N,Not at Intersection,N,Non-Junction,None,,,         ,Shawn,Taylor,Rain,Front to Rear,no,no,no,no,yes,False
101475658,METROPOLITAN NASHVILLE POLICE DEPT,20161101063,Davidson,Nashville,12/13/2016 11:51:00 AM,1,0,0,36.188830,-86.773160,WHITES CREEK PKE,,,,0.00,,,DICKERSON PKE,,,,0.00,Y,OTHER, ,Non-Junction,None,,,         ,Alex,Moore,Cloudy,Not Collision with Motor Vehicle in Transport,no,no,no,no,no,False
101475671,METROPOLITAN NASHVILLE POLICE DEPT,20161101159,Davidson,Nashville,12/13/2016 12:46:00 PM,2,0,0,36.133590,-86.791830,CALDWELL AV,,,,79.00,Feet,East,15TH AVS,,,,0.00,N,Not at Intersection,N,Non-Junction,None,,,         ,Paul,Joyner,Unknown,Unknown,no,no,no,no,yes,False
101475686,VANDERBILT UNIVERSITY POLICE,16- 01101107,Davidson,Nashville,12/13/2016 12:15:00 PM,2,0,0,36.142780,-86.800020,21ST AVS,,,,0.00,,,,,,,0.00,,,N,Non-Junction,None,,,         ,Charles,Payton,Clear,Rear to Rear,no,no,no,yes,yes,Campus
101475689,METROPOLITAN NASHVILLE POLICE DEPT,20161101222,Davidson,Nashville,12/13/2016 1:33:00 PM,2,0,0,36.073410,-86.924240,OLD HARDING PKE,,,,202.00,Feet,South,BELLE FOREST CIR,,,,0.00,N,Not at Intersection, ,Non-Junction,None,,,         ,Curtis,Rich,Cloudy,Angle,no,no,no,no,no,False