master_record_number,agency,agency_tracking_number,county,city,collision_date,vehicles_involved,number_injured,number_dead,latitude,longitude,roadway_name,roadway_suffix,roadway_number,roadway_local_id,distance_from_reference,miles-feet_indicator,direction_from_reference,intersection_road_name,intersection_road_name_suffix,intersection_road_number,intersection_local_id,mile_marker,intersection_indicator,intersect_type,interchange_related_indicator,relation_to_junction,work_zone_type,construction_maintenance_zone,construction_maintenance_zone_location,fatal_case_number,officer_first_name,officer_last_name,weather_condition(s),manner_of_crash,pedestrian,bicycle,scooter,parking,hitrun,mou
101475690,METROPOLITAN NASHVILLE POLICE DEPT,20161101157,Davidson,Madison,12/13/2016 12:40:00 PM,2,0,0,36.272010,-86.684590,RIO VISTA DR,,,,0.00,,,ANDERSON LN,,,,0.00,Y,OTHER,N,Non-Junction,None,,,         ,Coleman,McKellar,Rain,Angle,no,no,no,no,no,False
101475694,METROPOLITAN NASHVILLE POLICE DEPT,20161101207,Davidson,Nashville,12/13/2016 1:25:00 PM,2,1,0,36.147780,-86.743580,I40 W ENT RAMP,,,,0.00,,,I 40,,,,0.00,Y,Four-Way,N,Intersection-Related,None,,,         ,Jason,Smith,Cloudy,"Sideswipe, Same Direction",no,no,no,no,yes,False
101475695,METROPOLITAN NASHVILLE POLICE DEPT,20161101168,Davidson,Nashville,12/13/2016 12:50:00 PM,2,0,0,36.150790,-86.803310,HAYES ST,,,,298.00,Feet,East,LOUISE AV,,,,0.00,N,Not at Intersection, ,"Driveway, Alley Access, etc",None,,,         ,Darrell,Osment,Cloudy,"Sideswipe, Same Direction",no,no,no,no,no,Campus
101475812,METROPOLITAN NASHVILLE POLICE DEPT,20161101234,Davidson,Nashville,12/13/2016 1:25:00 PM,2,0,0,36.086130,-86.729410,NOLENSVILLE PKE,,,,0.00,,,ELYSIAN FIELDS RD,,,,0.00,Y,T-Intersection, ,Intersection,None,,,         ,Brian,Murphy,Cloudy,Angle,no,no,no,no,no,False
101475814,METROPOLITAN NASHVILLE POLICE DEPT,20161098669,Davidson,Nashville,12/12/2016 5:49:00 PM,2,0,0,36.082470,-86.711110,HARDING PL,,,,195.00,Feet,West,TAMPA DR,,,,0.00,N,Not at Intersection, ,Non-Junction,None,,,         ,Jessie,Meadows,Clear,Front to Rear,no,no,no,no,no,False
101475815,METROPOLITAN NASHVILLE POLICE DEPT,20161098668,Davidson,Nashville,12/12/2016 7:24:00 PM,2,0,0,36.088840,-86.689650,HARDING PL,,,,430.00,Feet,West,HARDING INDUSTRIAL DR,,,,0.00,N,Not at Intersection,N,Non-Junction,None,,,         ,Jessie,Meadows,Clear,Angle,no,no,no,no,yes,False
101475816,METROPOLITAN NASHVILLE POLICE DEPT,20161098769,Davidson,Nashville,12/12/2016 7:33:00 PM,2,0,0,36.069930,-86.693880,EZELL RD,,,,125.00,Feet,North,HAYWOOD LN,,,,0.00,N,Not at Intersection, ,Non-Junction,None,,,         ,Jessie,Meadows,Clear,Front to Rear,no,no,no,no,no,False
101475817,METROPOLITAN NASHVILLE POLICE DEPT,20161100979,Davidson,Antioch,12/13/2016 12:47:00 PM,2,0,0,36.024780,-86.615960,OLD HICKORY BLVD,,,,2224.00,Feet,South,LOGISTICS WAY,,,,0.00,N,Not at Intersection,N,Non-Junction,None,,,         ,Jessie,Meadows,Clear,Front to Rear,no,no,no,no,no,False
101475818,METROPOLITAN NASHVILLE POLICE DEPT,20161101206,Davidson,Nashville,12/13/2016 1:47:00 PM,1,0,0,36.058400,-86.677940,I 24,,,,0.00,,,,,,,58.00,N,Not at Intersection, ,Non-Junction,None,,,         ,Jessie,Meadows,Rain,Not Collision with Motor Vehicle in Transport,no,no,no,no,no,False
101475827,METROPOLITAN NASHVILLE POLICE DEPT,20161101266,Davidson,Nashville,12/13/2016 1:39:00 PM,3,0,0,36.117940,-86.921400,CHARLOTTE PKE,,,,704.00,Feet,East,OLD HICKORY BLVD,,,,0.00,N,Not at Intersection,N,Non-Junction,None,,,         ,Walter,Gray II,Cloudy,Front to Rear,no,no,no,no,no,False
101475863,METROPOLITAN NASHVILLE POLICE DEPT,20161100472,Davidson,Nashville,12/13/2016 6:55:00 AM,2,0,0,36.181800,-86.641570,LEBANON PKE,,,,0.00,,,JACKSON DOWNS BLVD,,,,0.00,Y,Four-Way, ,,None,,,         ,Jessie,Loy,,,no,no,no,no,no,False
101475864,METROPOLITAN NASHVILLE POLICE DEPT,20161100656,Davidson,Nashville,12/13/2016 7:50:00 AM,2,0,0,36.143780,-86.729680,ELM HILL PKE,,,,228.00,Feet,East,ARLINGTON AV,,,,0.00,N,Not at Intersection, ,Non-Junction,None,,,         ,Jessie,Loy,Rain,"Sideswipe, Same Direction",no,no,no,no,no,False
101475875,METROPOLITAN NASHVILLE POLICE DEPT,2016-1101270,Davidson,Nashville,12/13/2016 1:44:00 PM,1,1,0,36.044660,-86.650700,CROSSINGS BLVD,,,,105.00,Feet,East,HICKORY HOLLOW PKWY,,,,0.00,N,Not at Intersection,N,Non-Junction,None,,,         ,William,Whitworth,Cloudy,Not Collision with Motor Vehicle in Transport,no,no,no,no,no,False
101475885,METROPOLITAN NASHVILLE POLICE DEPT,20161101411,Davidson,Nashville,12/13/2016 3:00:00 PM,1,0,0,36.172920,-86.814250,HAMMOND DR,,,,0.00,,,,,,,0.00,,,N,Non-Junction,None,,,         ,Ryan,Caulfield,Cloudy,Not Collision with Motor Vehicle in Transport,no,no,no,yes,yes,False
101475895,METROPOLITAN NASHVILLE POLICE DEPT,20161101531,Davidson,Nashville,12/13/2016 3:29:00 PM,2,0,0,36.136030,-86.698680,BRILEY PKWYN,,,,0.00,,,CORPORATE DR,,,,0.00,Y,Four-Way, ,Non-Junction,None,,,         ,Patrick,Taylor,Clear,Front to Rear,no,no,no,no,no,False
101475903,METROPOLITAN NASHVILLE POLICE DEPT,20161101435,Davidson,Nashville,12/13/2016 3:11:00 PM,1,0,0,36.225620,-86.774970,I65 N ENT RAMP,,,,0.00,Feet,East,I 65,,,,0.00,N,Not at Intersection,Y,Non-Junction,None,,,         ,Phillip,Box,Cloudy,Not Collision with Motor Vehicle in Transport,no,no,no,no,no,False
101475905,METROPOLITAN NASHVILLE POLICE DEPT,20161101563,Davidson,Nashville,12/13/2016 3:50:00 PM,3,1,0,36.082200,-86.761970,HARDING PL,,,,87.00,Feet,West,SIDCO DR,,,,0.00,N,Not at Intersection,N,Non-Junction,None,,,         ,Miguel,Garcia,Clear,Front to Rear,no,no,no,no,no,False
101475923,METROPOLITAN NASHVILLE POLICE DEPT,20161101461,Davidson,Nashville,12/13/2016 3:16:00 PM,2,0,0,36.151670,-86.842180,46TH AVN,,,,193.00,Feet,South,CHARLOTTE AV,,,,0.00,N,Not at Intersection,N,"Driveway, Alley Access, etc",None,,,         ,Walter,Gray II,Cloudy,Angle,no,no,no,no,no,False
101475927,METROPOLITAN NASHVILLE POLICE DEPT,20161101558,Davidson,Nashville,12/13/2016 3:44:00 PM,2,0,0,36.127950,-86.803330,21ST AVS,,,,62.00,Feet,South,LINDEN AV,,,,0.00,N,Not at Intersection, ,Non-Junction,None,,,         ,Nicholas,Smith,Cloudy,"Sideswipe, Same Direction",no,no,no,no,no,False
101475930,METROPOLITAN NASHVILLE POLICE DEPT,20161101432,Davidson,Antioch,12/13/2016 3:00:00 PM,2,2,0,0.000000,0.000000,GONDOLA,DR,,,0.00,,,VICTORIA STATION,CT,,,0.00,Y,T-Intersection,N,Intersection-Related,None,,,         ,Victoria,Cunningham,Cloudy,HeadOn,no,no,no,no,yes,False
101475940,METROPOLITAN NASHVILLE POLICE DEPT,20161101019,Davidson,Nashville,12/13/2016 11:22:00 AM,2,0,0,36.151040,-86.811200,25TH AVN,,,,0.00,,,PATTERSON ST,,,,0.00,Y,Four-Way, ,Intersection-Related,None,,,         ,Phillip,Murphy,Cloudy,Front to Rear,no,no,no,no,no,False
101475941,METROPOLITAN NASHVILLE POLICE DEPT,20161101059,Davidson,Nashville,12/13/2016 11:46:00 AM,2,0,0,36.157690,-86.792080,CHURCH ST,,,,161.00,Feet,West,14TH AVN,,,,0.00,N,Not at Intersection, ,Non-Junction,None,,,         ,Phillip,Murphy,Cloudy,Front to Rear,no,no,no,no,no,False
101475942,METROPOLITAN NASHVILLE POLICE DEPT,20161101128,Davidson,Nashville,12/13/2016 12:20:00 PM,2,0,0,36.120430,-86.750610,MELROSE AV,,,,0.00,,,GRANDVIEW AV,,,,0.00,Y,T-Intersection,N,Intersection-Related,None,,,         ,Phillip,Murphy,Cloudy,Angle,no,no,no,no,no,False
101475951,GOODLETTSVILLE POLICE DEPT,16-43022,Davidson,Goodlettsville,12/12/2016 4:55:00 PM,5,1,0,36.309690,-86.688630,VIETNAM VETERANS BLVDS,,,,642.00,Feet,South,VIETNAM VETERANS BLVDN,,,,0.00,N,Not at Intersection,N,Non-Junction,None,,,         ,Joseph,Waldron,Cloudy,Front to Rear,no,no,no,no,yes,False
101475953,METROPOLITAN NASHVILLE POLICE DEPT,20161101709,Davidson,Nashville,12/13/2016 4:42:00 PM,2,0,0,36.121660,-86.750970,I440 E EXT RAMP,,,,0.00,,,I 440,,,,0.00,Y,OTHER, ,Intersection,None,,,         ,Ralph,Smith IV,Clear,Front to Rear,no,no,no,no,no,False
101475963,METROPOLITAN NASHVILLE POLICE DEPT,20161101657,Davidson,Nashville,12/13/2016 3:56:00 PM,2,0,0,36.156380,-86.795240,CHURCH ST,,,,214.00,Feet,West,16TH AVN,,,,0.00,N,Not at Intersection,N,OtherLocation,None,,,         ,Eric,Burford,Clear,Angle,no,no,no,yes,yes,False
101475966,METROPOLITAN NASHVILLE POLICE DEPT,20161101454,Davidson,Nashville,12/13/2016 3:17:00 PM,4,2,0,36.153000,-86.803090,21ST AVN,,,,148.00,Feet,South,STATE ST,,,,0.00,N,Not at Intersection,N,Non-Junction,None,,,         ,Charles,Griffin,Cloudy,Angle,no,no,no,yes,no,False
101475967,METROPOLITAN NASHVILLE POLICE DEPT,20161101688,Davidson,Nashville,12/13/2016 4:17:00 PM,2,0,0,36.154630,-86.779160,LAFAYETTE ST,,,,0.00,,,8TH AVS,,,,0.00,Y,Roundabout,N,Intersection,None,,,         ,Jason,King,Clear,Angle,no,no,no,no,yes,False
101475968,METROPOLITAN NASHVILLE POLICE DEPT,20161101774,Davidson,Nashville,12/13/2016 4:58:00 PM,1,0,0,36.171870,-86.887050,COCKRILL BEND BLVD,,,,50.00,Feet,West,TUNE AIRPORT DR,,,,0.00,N,Not at Intersection, ,Non-Junction,None,,,         ,Walter,Gray II,Cloudy,Not Collision with Motor Vehicle in Transport,no,no,no,no,no,False
101475976,METROPOLITAN NASHVILLE POLICE DEPT,20161101799,Davidson,Nashville,12/13/2016 1:50:00 PM,2,0,0,36.198380,-86.795240,GREAT CIRCLE RD,,,,708.00,Feet,South,METRO CENTER LEVEE GRNWY,,,,0.00,N,Not at Intersection,N,Non-Junction,None,,,         ,Adam,Crutcher,Rain,"Sideswipe, Same Direction",no,no,no,yes,yes,False
101475978,METROPOLITAN NASHVILLE POLICE DEPT,20161101672,Davidson,Nashville,12/13/2016 4:25:00 PM,2,0,0,36.229380,-86.759280,BROADMOOR DR,,,,0.00,,,DICKERSON PKE,,,,0.00,Y,Four-Way, ,Intersection,None,,,         ,Joshua,Reece,Cloudy,Front to Rear,no,no,no,no,no,False
101475980,METROPOLITAN NASHVILLE POLICE DEPT,20161101614,Davidson,Nashville,12/13/2016 4:08:00 PM,2,0,0,36.232790,-86.772280,BRICKDALE LN,,,,587.00,Feet,North,RICHMOND HILL DR,,,,0.00,N,Not at Intersection, ,Non-Junction,None,,,         ,Christopher,Littles,Clear,Angle,no,no,no,no,no,False
101475987,METROPOLITAN NASHVILLE POLICE DEPT,20161101701,Davidson,Nashville,12/13/2016 4:32:00 PM,2,0,0,36.229200,-86.780880,I 24,,,,0.00,,,,,,,44.25,N,Not at Intersection,N,Non-Junction,None,,,         ,Michael,Brooks,Clear,"Sideswipe, Same Direction",no,no,no,no,yes,False
101475995,METROPOLITAN NASHVILLE POLICE DEPT,20161101862,Davidson,Nashville,12/13/2016 5:22:00 PM,2,0,0,36.151530,-86.751990,I 40,,,,0.00,,,,,,,211.50,N,Not at Intersection,N,Non-Junction,None,,,         ,Noah,Melton,Cloudy,"Sideswipe, Same Direction",no,no,no,no,yes,False
101475997,METROPOLITAN NASHVILLE POLICE DEPT,20161101833,Davidson,Nashville,12/13/2016 5:14:00 PM,2,0,0,36.169810,-86.766940,I 24,,,,0.00,,,,,,,48.70,N,Not at Intersection, ,Non-Junction,None,,,         ,Brian,Woodard,Cloudy,Front to Rear,no,no,no,no,no,False
101476000,METROPOLITAN NASHVILLE POLICE DEPT,20161101928,Davidson,Nashville,12/13/2016 5:35:00 PM,1,1,0,36.171210,-86.752360,S 10TH ST,,,,58.00,Feet,South,SHELBY AV,,,,0.00,N,Not at Intersection,N,Non-Junction,None,,,         ,Cressie,Prill,Clear,Not Collision with Motor Vehicle in Transport,no,no,no,no,no,False
101476008,METROPOLITAN NASHVILLE POLICE DEPT,20161101766,Davidson,Nashville,12/13/2016 4:50:00 PM,2,1,0,36.065520,-86.685640,I 24,,,,0.00,,,,,,,57.35,N,Not at Intersection,N,Non-Junction,None,,,         ,Victoria,Cunningham,Cloudy,Front to Rear,no,no,no,no,no,False
101476014,METROPOLITAN NASHVILLE POLICE DEPT,20161101754,Davidson,Not in City Limit,12/13/2016 2:55:00 PM,2,0,0,36.079570,-86.953510,HIGHWAY 70S,,,,0.00,,,COLEY DAVIS RD,,,,0.00,Y,Four-Way, ,,None,,,         ,Adam,Reese,,,no,no,no,no,no,False
101476015,METROPOLITAN NASHVILLE POLICE DEPT,20161101303,Davidson,Nashville,12/13/2016 3:12:00 PM,3,0,0,36.065820,-86.685650,I 24,,,,0.00,,,,,,,57.35,N,Not at Intersection, ,Non-Junction,None,,,         ,Jessie,Meadows,Rain,Front to Rear,no,no,no,no,no,False
101476016,METROPOLITAN NASHVILLE POLICE DEPT,20161101369,Davidson,Nashville,12/13/2016 3:24:00 PM,2,0,0,36.070470,-86.641610,RICE RD,,,,834.00,Feet,North,RURAL HILL RD,,,,0.00,N,Not at Intersection, ,Non-Junction,None,,,         ,Jessie,Meadows,Rain,Angle,no,no,no,no,no,False
101476017,METROPOLITAN NASHVILLE POLICE DEPT,20161101504,Davidson,Antioch,12/13/2016 4:17:00 PM,2,0,0,36.047840,-86.612050,MURFREESBORO PKE,,,,1284.00,Feet,North,MOUNTAIN SPRINGS RD,,,,0.00,N,Not at Intersection, ,Non-Junction,None,,,         ,Jessie,Meadows,Rain,Angle,no,no,no,no,no,False
101476018,METROPOLITAN NASHVILLE POLICE DEPT,20161101828,Davidson,Nashville,12/13/2016 6:20:00 PM,2,0,0,36.085440,-86.690920,PERIMETER HILL DR,,,,59.00,Feet,West,ANTIOCH PKE,,,,0.00,N,Not at Intersection, ,Non-Junction,None,,,         ,Jessie,Meadows,Clear,Front to Rear,no,no,no,no,no,False
101476019,METROPOLITAN NASHVILLE POLICE DEPT,20161101836,Davidson,Nashville,12/13/2016 5:15:00 PM,2,0,0,36.150470,-86.785400,I 40,,,,0.00,,,,,,,209.50,N,Not at Intersection, ,Non-Junction,None,,,         ,Maria,Cortez,Cloudy,Angle,no,no,no,no,no,False
101476020,METROPOLITAN NASHVILLE POLICE DEPT,20161101948,Davidson,Nashville,12/13/2016 5:44:00 PM,2,0,0,36.144720,-86.777390,I 65,,,,0.00,,,,,,,82.15,N,Not at Intersection,N,Non-Junction,None,,,         ,Ralph,Smith IV,Clear,Angle,no,no,no,no,no,False
101476021,METROPOLITAN NASHVILLE POLICE DEPT,20161102066,Davidson,Nashville,12/13/2016 5:24:00 PM,2,0,0,36.136160,-86.788670,12TH AVS,,,,0.00,,,WEDGEWOOD AV,,,,0.00,Y,Four-Way, ,,None,,,         ,Charles,Griffin,,,no,no,no,no,no,False
101476029,METROPOLITAN NASHVILLE POLICE DEPT,2016-1100785,Davidson,Nashville,12/13/2016 9:35:00 AM,1,3,0,0.000000,0.000000,2ND AVE. N.,,,,300.00,Feet,South,STOCK YARD,ST,,,0.00,N,Not at Intersection,N,Non-Junction,None,,,         ,William,Vincion,Cloudy,Not Collision with Motor Vehicle in Transport,yes,no,no,no,no,False
101476032,METROPOLITAN NASHVILLE POLICE DEPT,20161102042,Davidson,Nashville,12/13/2016 6:06:00 PM,3,0,0,36.078680,-86.729020,HARDING PL,,,,484.00,Feet,East,COVENTRY DR,,,,0.00,N,Not at Intersection,N,Non-Junction,None,,,         ,Miguel,Garcia,Clear,Front to Rear,no,no,no,no,no,False
101476033,METROPOLITAN NASHVILLE POLICE DEPT,20161101943,Davidson,Nashville,12/13/2016 5:43:00 PM,2,0,0,36.176960,-86.751430,S 10TH ST,,,,0.00,,,WOODLAND ST,,,,0.00,Y,Four-Way, ,Intersection,None,,,         ,James,Smith,Clear,Front to Rear,no,no,no,no,no,False
101476034,METROPOLITAN NASHVILLE POLICE DEPT,20161102133,Davidson,Nashville,12/13/2016 6:42:00 PM,2,0,0,36.142740,-86.787030,EDGEHILL AV,,,,0.00,,,12TH AVS,,,,0.00,Y,Four-Way, ,,None,,,         ,Charles,Griffin,,,no,no,no,no,no,False
101476037,METROPOLITAN NASHVILLE POLICE DEPT,20161101984,Davidson,Nashville,12/13/2016 5:33:00 PM,2,0,0,36.155390,-86.861910,ROBERTSON AV,,,,137.00,Feet,East,NICHOL RD,,,,0.00,N,Not at Intersection,N,"Driveway, Alley Access, etc",None,,,         ,Barrett,Teague,Clear,Front to Rear,no,no,no,no,yes,False
101476038,METROPOLITAN NASHVILLE POLICE DEPT,20161101989,Davidson,Nashville,12/13/2016 5:40:00 PM,2,0,0,36.145260,-86.871750,CHARLOTTE PKE,,,,429.00,Feet,West,WESTBORO DR,,,,0.00,N,Not at Intersection,N,Non-Junction,None,,,         ,Adam,Reese,Clear,Front to Rear,no,no,no,no,no,False
101476039,METROPOLITAN NASHVILLE POLICE DEPT,20161101715,Davidson,Nashville,12/13/2016 4:40:00 PM,2,0,0,36.045280,-86.628400,ASHEFORD TRC,,,,0.00,,,MT VIEW RD,,,,0.00,Y,T-Intersection, ,Intersection-Related,None,,,         ,Kevin,Keating,Clear,"Sideswipe, Same Direction",no,no,no,no,no,False
101476040,GOODLETTSVILLE POLICE DEPT,16-43148,Davidson,Goodlettsville,12/13/2016 5:30:00 PM,2,0,0,36.324730,-86.702560,LONG HOLLOW PKE,,,,275.00,Feet,West,CONFERENCE DR,,,,0.00,N,Not at Intersection, ,Non-Junction,None,,,         ,Charles,Hauskin,Clear,Front to Rear,no,no,no,no,no,False
101476042,METROPOLITAN NASHVILLE POLICE DEPT,20161102059,Davidson,Nashville,12/13/2016 5:30:00 PM,2,0,0,36.080270,-86.643640,BROADVIEW DR,,,,84.00,Feet,North,EDGE O LAKE DR,,,,0.00,N,Not at Intersection, ,,None,,,         ,Thomas,Barnes,,,no,no,no,no,no,False
101476047,METROPOLITAN NASHVILLE POLICE DEPT,20161101752,Davidson,Nashville,12/13/2016 4:52:00 PM,2,0,0,36.154030,-86.787570,I40 W EXT RAMP,,,,0.00,,,I 40,,,,0.00,Y,OTHER, ,,None,,,         ,Jason,Thomas,,,no,no,no,no,no,False
101476055,METROPOLITAN NASHVILLE POLICE DEPT,20161101835,Davidson,Nashville,12/13/2016 5:10:00 PM,2,0,0,36.148690,-86.797840,CHET ATKINS PL,,,,31.00,Feet,East,20TH AVS,,,,0.00,N,Not at Intersection, ,Non-Junction,None,,,         ,Charles,Griffin,Clear,"Sideswipe, Same Direction",no,no,no,no,no,False
101476058,METROPOLITAN NASHVILLE POLICE DEPT,20161102054,Davidson,Nashville,12/13/2016 5:01:00 PM,2,0,0,36.215190,-86.588550,TULIP GROVE RD,,,,77.00,Feet,South,LEBANON PKE,,,,0.00,N,Not at Intersection,N,Non-Junction,None,,,         ,Patrick,Taylor,Clear,Angle,no,no,no,no,no,False
101476059,METROPOLITAN NASHVILLE POLICE DEPT,20161101888,Davidson,Nashville,12/13/2016 5:13:00 PM,2,2,0,36.130260,-86.865180,HILLWOOD BLVD,,,,299.00,Feet,West,PRICE CIRCLE RD,,,,0.00,N,Not at Intersection,N,Non-Junction,Work Zone,Lane Shift-Crossover,Unknown,         ,Anthony,Rizo,Clear,Front to Rear,no,no,no,no,no,False
101476060,METROPOLITAN NASHVILLE POLICE DEPT,20161101805,Davidson,Nashville,12/13/2016 5:10:00 PM,2,0,0,36.170340,-86.598030,I40 W EXT RAMP,,,,0.00,Feet,,I 40,,,,0.00,Y,T-Intersection,N,Intersection-Related,None,,,         ,David,Stanley,Clear,Angle,no,no,no,no,no,False
101476063,METROPOLITAN NASHVILLE POLICE DEPT,20161102184,Davidson,Nashville,12/13/2016 7:00:00 PM,1,0,0,36.129930,-86.714180,MILLWOOD DR,,,,220.00,Feet,North,MURFREESBORO PKE,,,,0.00,N,Not at Intersection, ,,None,,,         ,Marcus,Mitchell,,,no,no,no,no,no,False
101476074,METROPOLITAN NASHVILLE POLICE DEPT,20161101722,Davidson,Nashville,12/13/2016 4:20:00 PM,3,0,0,36.206680,-86.778730,W TRINITY LN,,,,89.00,Feet,West,HAMPTON ST,,,,0.00,N,Not at Intersection,N,Non-Junction,None,,,         ,Christopher,Templin,Cloudy,Front to Rear,no,no,no,no,no,False
101476079,METROPOLITAN NASHVILLE POLICE DEPT,20161102131,Davidson,Nashville,12/13/2016 6:45:00 PM,3,0,0,36.188880,-86.798540,ROSA L PARKS BLVD,,,,350.00,Feet,North,DOMINICAN DR,,,,0.00,N,Not at Intersection, ,Non-Junction,None,,,         ,Landon,Bagwell,Cloudy,Front to Rear,no,no,no,no,no,False
101476084,GOODLETTSVILLE POLICE DEPT,16-43150,Davidson,Goodlettsville,12/13/2016 5:45:00 PM,2,1,0,36.312208,-86.673600,VIETNAM VETERANS,BLVD,SR386,,0.10,Miles,West,VIETNAM VETERANS,BLVD,SR386,,2.00,N,Not at Intersection,N,Non-Junction,None,,,         ,Charles,Hauskin,Clear,Front to Rear,no,no,no,no,no,False
101476091,METROPOLITAN NASHVILLE POLICE DEPT,20161101380,Davidson,Not in City Limit,12/13/2016 1:54:00 PM,2,0,0,36.269460,-86.755630,DICKERSON PKE,,,,60.00,Feet,North,OLD HICKORY BLVD,,,,0.00,N,Not at Intersection, ,Non-Junction,None,,,         ,Samuel,Miller,Cloudy,Front to Rear,no,no,no,no,no,False
101476092,METROPOLITAN NASHVILLE POLICE DEPT,20161102155,Davidson,Nashville,12/13/2016 6:40:00 PM,2,0,0,36.152560,-86.802540,CHURCH ST,,,,40.00,Feet,East,21ST AVN,,,,0.00,N,Not at Intersection,N,Non-Junction,None,,,         ,Maria,Cortez,Cloudy,Front to Rear,no,no,no,no,no,Campus
101476098,METROPOLITAN NASHVILLE POLICE DEPT,20161101802,Davidson,Not in City Limit,12/13/2016 5:00:00 PM,3,0,0,36.334090,-86.905450,I 24,,,,0.00,,,,,,,32.70,N,Not at Intersection,N,Non-Junction,None,,,         ,Kevin,Reynolds,Clear,Front to Rear,no,no,no,no,no,False
101476100,METROPOLITAN NASHVILLE POLICE DEPT,20161102146,Davidson,Nashville,12/13/2016 6:57:00 PM,3,0,0,36.145580,-86.777520,I 65,,,,0.00,,,,,,,82.20,N,Not at Intersection,N,Non-Junction,None,,,         ,Ralph,Smith IV,Clear,Front to Rear,no,no,no,no,no,False
101476104,METROPOLITAN NASHVILLE POLICE DEPT,20161101521,Davidson,Nashville,12/13/2016 3:34:00 PM,1,0,0,36.246680,-86.721170,GALLATIN PKES,,,,0.00,,,BERKLEY DR,,,,0.00,Y,Four-Way, ,Intersection,None,,,         ,Samuel,Miller,Cloudy,Not Collision with Motor Vehicle in Transport,no,no,no,no,yes,False
101476106,METROPOLITAN NASHVILLE POLICE DEPT,20161101977,Davidson,Nashville,12/13/2016 5:39:00 PM,3,0,0,36.185600,-86.635960,LEBANON PKE,,,,0.00,,,,,,,0.00,,,N,Non-Junction,None,,,         ,Brian,Smith,Clear,Front to Rear,no,no,no,no,yes,False
101476107,METROPOLITAN NASHVILLE POLICE DEPT,20161102013,Davidson,Nashville,12/13/2016 5:58:00 PM,2,3,0,36.056370,-86.665070,MT VIEW RD,,,,965.00,Feet,South,OTTENVILLE AV,,,,0.00,N,Not at Intersection,N,Non-Junction,None,,,         ,Marcus,Darden,Clear,Angle,no,no,no,no,no,False
101476108,METROPOLITAN NASHVILLE POLICE DEPT,2016-1101957,Davidson,Nashville,12/13/2016 4:53:00 PM,2,0,0,36.037540,-86.786540,FRANKLIN PKE,,,,50.00,Feet,North,OLD HICKORY BLVD,,,,0.00,N,Not at Intersection, ,Non-Junction,None,,,         ,William,King,Clear,Angle,no,no,no,no,no,False
101476112,METROPOLITAN NASHVILLE POLICE DEPT,20161102209,Davidson,Antioch,12/13/2016 7:20:00 PM,2,0,0,36.067410,-86.631250,MURFREESBORO PKE,,,,0.00,,,FOREST VIEW DR,,,,0.00,Y,Four-Way,N,Intersection-Related,None,,,         ,Victoria,Cunningham,Clear,Front to Rear,no,no,no,no,no,False
101476118,METROPOLITAN NASHVILLE POLICE DEPT,20161102298,Davidson,Nashville,12/13/2016 7:46:00 PM,1,2,0,36.080670,-86.900280,HARDING PKE,,,,49.00,Feet,East,BROOKMONT TER,,,,0.00,N,Not at Intersection,N,Non-Junction,None,,,         ,Jessica,Scott,Clear,Not Collision with Motor Vehicle in Transport,no,no,no,no,no,False
101476149,METROPOLITAN NASHVILLE POLICE DEPT,20161101630,Davidson,Goodlettsville,12/13/2016 3:52:00 PM,3,0,0,36.302140,-86.692720,RIVERGATE MALL PVTDR,,,,0.00,,,TWIN HILLS DR,,,,0.00,Y,Four-Way,Y,Intersection,None,,,         ,Samuel,Miller,Cloudy,Angle,no,no,no,no,yes,False
101476180,METROPOLITAN NASHVILLE POLICE DEPT,20161102094,Davidson,Not in City Limit,12/13/2016 6:36:00 PM,2,0,0,36.324020,-86.865700,I 24,,,,0.00,,,,,,,35.10,N,Not at Intersection, ,Non-Junction,None,,,         ,Michael,Brooks,Clear,"Sideswipe, Same Direction",no,no,no,no,no,False
101476182,METROPOLITAN NASHVILLE POLICE DEPT,20161101956,Davidson,Nashville,12/13/2016 4:55:00 PM,2,0,0,36.124130,-86.742970,I 440,,,,0.00,,,,,,,6.70,N,Not at Intersection, ,Non-Junction,None,,,         ,Victoria,Cunningham,Cloudy,Front to Rear,no,no,no,no,no,False
101476184,METROPOLITAN NASHVILLE POLICE DEPT,20161102291,Davidson,Nashville,12/13/2016 7:44:00 PM,1,0,0,36.097350,-86.786400,GENERAL BATE DR,,,,0.00,,,CRESTRIDGE DR,,,,0.00,Y,T-Intersection,N,Non-Junction,None,,,         ,Charles,Griffin,Clear,Not Collision with Motor Vehicle in Transport,no,no,no,no,yes,False
101476219,METROPOLITAN NASHVILLE POLICE DEPT,20161101970,Davidson,Not in City Limit,12/13/2016 4:57:00 PM,1,0,0,36.270460,-86.710220,GALLATIN PKEN,,,,0.00,,,,,,,0.00,,, ,Non-Junction,None,,,         ,Samuel,Miller,Cloudy,Not Collision with Motor Vehicle in Transport,no,no,no,yes,no,False
101476246,METROPOLITAN NASHVILLE POLICE DEPT,20161102189,Davidson,Not in City Limit,12/13/2016 6:15:00 PM,2,0,0,36.282300,-86.731420,I 65,,,,0.00,,,,,,,93.55,N,Not at Intersection, ,Non-Junction,None,,,         ,Samuel,Miller,Cloudy,Front to Rear,no,no,no,no,no,False