master_record_number,agency,agency_tracking_number,county,city,collision_date,vehicles_involved,number_injured,number_dead,latitude,longitude,roadway_name,roadway_suffix,roadway_number,roadway_local_id,distance_from_reference,miles-feet_indicator,direction_from_reference,intersection_road_name,intersection_road_name_suffix,intersection_road_number,intersection_local_id,mile_marker,intersection_indicator,intersect_type,interchange_related_indicator,relation_to_junction,work_zone_type,construction_maintenance_zone,construction_maintenance_zone_location,fatal_case_number,officer_first_name,officer_last_name,weather_condition(s),manner_of_crash,pedestrian,bicycle,scooter,parking,hitrun,mou
101476247,METROPOLITAN NASHVILLE POLICE DEPT,20161102538,Davidson,Nashville,12/13/2016 9:12:00 PM,2,0,0,36.192350,-86.741970,DOUGLAS AV,,,,145.00,Feet,West,N 14TH ST,,,,0.00,N,Not at Intersection,N,Non-Junction,None,,,         ,James,Smith,Clear,"Sideswipe, Same Direction",no,no,no,no,yes,False
101476253,METROPOLITAN NASHVILLE POLICE DEPT,20161102532,Davidson,Nashville,12/13/2016 9:00:00 PM,2,0,0,36.156530,-86.787240,BROADWAY,,,,0.00,,,,,,,0.00,,, ,Non-Junction,None,,,         ,Michael,Baron,Clear,Angle,no,no,no,yes,yes,False
101476256,METROPOLITAN NASHVILLE POLICE DEPT,20161102270,Davidson,Goodlettsville,12/13/2016 6:53:00 PM,3,0,0,36.286950,-86.726550,I 65,,,,0.00,,,,,,,93.95,N,Not at Intersection,N,Non-Junction,None,,,         ,Samuel,Miller,Cloudy,Front to Rear,no,no,no,no,yes,False
101476261,METROPOLITAN NASHVILLE POLICE DEPT,20161102516,Davidson,Nashville,12/13/2016 8:59:00 PM,1,0,0,36.055380,-86.856310,HILLSBORO PKE,,,,1640.00,Feet,North,LITCHFIELD WAY,,,,0.00,N,Not at Intersection,N,Non-Junction,None,,,         ,Charles,Griffin,Clear,Not Collision with Motor Vehicle in Transport,no,no,no,no,no,False
101476263,METROPOLITAN NASHVILLE POLICE DEPT,20161102579,Davidson,Nashville,12/13/2016 8:13:00 PM,2,4,0,36.148200,-86.805910,WEST END AV,,,,193.00,Feet,East,24TH AVS,,,,0.00,N,Not at Intersection,N,Non-Junction,None,,,         ,Nicholas,Smith,Cloudy,Front to Rear,no,no,no,no,no,Campus
101476268,METROPOLITAN NASHVILLE POLICE DEPT,20161101937,Davidson,Nashville,12/13/2016 5:00:00 PM,4,0,0,36.107640,-86.769050,I 65,,,,0.00,,,,,,,79.55,N,Not at Intersection,N,Non-Junction,None,,,         ,Eric,Thomas,Cloudy,Front to Rear,no,no,no,no,yes,False
101476273,METROPOLITAN NASHVILLE POLICE DEPT,20161102652,Davidson,Nashville,12/13/2016 10:00:00 PM,2,0,0,36.115590,-86.669170,DONELSON PKE,,,,499.00,Feet,South,HANGAR CT,,,,0.00,N,Not at Intersection, ,Non-Junction,None,,,         ,Marcus,Mitchell,Clear,"Sideswipe, Same Direction",no,no,no,no,no,False
101476279,METROPOLITAN NASHVILLE POLICE DEPT,20161102586,Davidson,Nashville,12/13/2016 7:49:00 PM,2,0,0,36.141690,-86.814820,31ST AVS,,,,385.00,Feet,South,WEST END AV,,,,0.00,N,Not at Intersection, ,Non-Junction,None,,,         ,Eric,Burford,Clear,Front to Rear,no,no,no,no,no,Campus
101476319,METROPOLITAN NASHVILLE POLICE DEPT,20161102609,Davidson,Not in City Limit,12/13/2016 8:34:00 PM,2,0,0,36.261670,-86.712380,GALLATIN PKES,,,,150.00,Feet,North,MAPLE ST,,,,0.00,N,Not at Intersection, ,Non-Junction,None,,,         ,Christopher,Littles,Clear,Angle,no,no,no,no,no,False
101476321,METROPOLITAN NASHVILLE POLICE DEPT,1102644,Davidson,Nashville,12/13/2016 9:59:00 PM,2,0,0,36.153390,-86.788280,DEMONBREUN ST,,,,0.00,,,14TH AVS,,,,0.00,Y,Four-Way, ,,None,,,         ,Matthew,Moses,,,no,no,no,no,no,False
101476338,BELLE MEADE POLICE DEPT,16-0354,Davidson,Belle Meade,12/13/2016 10:07:00 PM,2,0,0,36.095850,-86.856780,HARDING PL,,,,0.00,,,BELLE MEADE BLVD,,,,0.00,Y,Four-Way, ,Intersection,None,,,         ,Wes,Bowker,Fog,Angle,no,no,no,no,no,False
101476343,GOODLETTSVILLE POLICE DEPT,16-43206,Davidson,Goodlettsville,12/14/2016 1:33:00 AM,2,0,0,36.311560,-86.701710,I 65,,,,0.00,,,,,,,96.15,N,Not at Intersection,N,Non-Junction,Work Zone,Intermittent Moving Work,Activity Area,         ,Daniel,Knalls,Clear,"Sideswipe, Same Direction",no,no,no,no,yes,False
101476360,METROPOLITAN NASHVILLE POLICE DEPT,20161103304,Davidson,Nashville,12/14/2016 3:20:00 AM,1,0,0,36.098000,-86.924880,OLD HICKORY BLVD,,,,211.00,Feet,North,RIDGELAKE PKWY,,,,0.00,N,Not at Intersection,N,Non-Junction,None,,,         ,Ethan,Luffman,Clear,Not Collision with Motor Vehicle in Transport,no,no,no,yes,no,False
101476361,METROPOLITAN NASHVILLE POLICE DEPT,20161103325,Davidson,Nashville,12/14/2016 3:30:00 AM,2,1,0,36.094420,-86.653390,FRANKLIN LIMESTONE RD,,,,0.00,Feet,,MURFREESBORO PKE,,,,0.00,Y,Four-Way,Y,Intersection,None,,,         ,Daniel,Garrett,Clear,Angle,no,no,no,no,no,False
101476378,METROPOLITAN NASHVILLE POLICE DEPT,2016-1102722,Davidson,Nashville,12/13/2016 10:53:00 PM,2,2,0,36.203900,-86.840650,CLARKSVILLE PKE,,,,262.00,Feet,North,ABERNATHY RD,,,,0.00,N,Not at Intersection,N,Non-Junction,None,,,         ,Anthony,Cavis,Clear,"Sideswipe, Opposite Direction",no,no,no,no,no,False
101476431,METROPOLITAN NASHVILLE POLICE DEPT,20161101164,Davidson,Nashville,12/13/2016 12:53:00 PM,2,0,0,36.206620,-86.777900,W TRINITY LN,,,,0.00,,,BRICK CHURCH PKE,,,,0.00,Y,Four-Way,N,Intersection,None,,,         ,Carlos,angulo,Cloudy,Angle,no,no,no,no,no,False
101476445,METROPOLITAN NASHVILLE POLICE DEPT,20161103784,Davidson,Nashville,12/14/2016 7:22:00 AM,2,0,0,36.058440,-86.921320,HIGHWAY 100,,,,295.00,Feet,West,BEDFORDSHIRE CT,,,,0.00,N,Not at Intersection, ,Non-Junction,None,,,         ,Curtis,Rich,Cloudy,Front to Rear,no,no,no,no,no,False
101476453,METROPOLITAN NASHVILLE POLICE DEPT,20161103795,Davidson,Nashville,12/14/2016 7:00:00 AM,2,0,0,36.046560,-86.657230,BELL RD,,,,285.00,Feet,East,COLLINS PARK DR,,,,0.00,N,Not at Intersection, ,Non-Junction,None,,,         ,Roy,McElwee,Cloudy,Front to Rear,no,no,no,no,no,False
101476454,METROPOLITAN NASHVILLE POLICE DEPT,20161103797,Davidson,Nashville,12/14/2016 7:23:00 AM,2,0,0,36.149110,-86.862860,CHARLOTTE PKE,,,,392.00,Feet,South,LELLYETT ST,,,,0.00,N,Not at Intersection, ,Non-Junction,None,,,         ,Douglas,Atwood,Cloudy,"Sideswipe, Same Direction",no,no,no,no,no,False
101476460,METROPOLITAN NASHVILLE POLICE DEPT,20161103659,Davidson,Nashville,12/14/2016 5:35:00 AM,2,1,0,36.099870,-86.739570,NOLENSVILLE PKE,,,,0.00,,,ELGIN ST,,,,0.00,Y,T-Intersection,N,Intersection,None,,,         ,William,Hamblen,Clear,Rear to Side,no,no,no,no,no,False
101476465,METROPOLITAN NASHVILLE POLICE DEPT,20161103723,Davidson,Nashville,12/14/2016 6:49:00 AM,2,3,0,36.161340,-86.597130,BELL RD,,,,0.00,,,OLD HICKORY BLVD,,,,0.00,Y,Four-Way,N,Intersection,None,,,         ,James,Curtis,Cloudy,HeadOn,no,no,no,no,no,False
101476466,METROPOLITAN NASHVILLE POLICE DEPT,2016-1103769,Davidson,Nashville,12/14/2016 7:12:00 AM,2,0,0,36.155010,-86.779630,8TH AVS,,,,0.00,,,KOREAN VETERANS BLVD,,,,0.00,Y,Roundabout,Y,Intersection,None,,,         ,William,Vincion,Cloudy,"Sideswipe, Same Direction",no,no,no,no,yes,False
101476472,METROPOLITAN NASHVILLE POLICE DEPT,20161103741,Davidson,Nashville,12/14/2016 6:39:00 AM,2,0,0,36.078890,-86.645210,MARTWAY DR,,,,0.00,,,EDGE O LAKE DR,,,,0.00,Y,Four-Way, ,Intersection,None,,,         ,Roderic,Williams,Cloudy,Angle,no,no,no,no,no,False
101476474,METROPOLITAN NASHVILLE POLICE DEPT,20161103800,Davidson,Nashville,12/14/2016 7:32:00 AM,2,0,0,36.045190,-86.715860,OLD HICKORY BLVD,,,,314.00,Feet,West,BRENTWOOD EAST DR,,,,0.00,N,Not at Intersection,N,Non-Junction,None,,,         ,Brian,Murphy,Cloudy,Front to Rear,no,no,no,no,no,False
101476475,METROPOLITAN NASHVILLE POLICE DEPT,20161103927,Davidson,Nashville,12/14/2016 8:00:00 AM,2,0,0,36.105240,-86.922130,OLD HICKORY BLVD,,,,238.00,Feet,South,BELLE VALLEY DR,,,,0.00,N,Not at Intersection, ,Non-Junction,None,,,         ,Curtis,Rich,Cloudy,Front to Rear,no,no,no,no,no,False
101476485,METROPOLITAN NASHVILLE POLICE DEPT,2016-1103859,Davidson,Nashville,12/14/2016 7:54:00 AM,2,0,0,36.237920,-86.757500,I 65,,,,0.00,,,,,,,90.00,N,Not at Intersection, ,Non-Junction,None,,,         ,Arthur,Hipp,Cloudy,Angle,no,no,no,no,no,False
101476507,METROPOLITAN NASHVILLE POLICE DEPT,20161103808,Davidson,Nashville,12/14/2016 7:37:00 AM,3,0,0,36.131250,-86.897110,CHARLOTTE PKE,,,,70.00,Feet,West,I40 E EXT RAMP,,,,0.00,N,Not at Intersection, ,Entrance/Exit Ramp Related,None,,,         ,Charles,Boles,Cloudy,Front to Rear,no,no,no,no,no,False
101476511,METROPOLITAN NASHVILLE POLICE DEPT,20161103730,Davidson,Nashville,12/14/2016 6:46:00 AM,2,2,0,36.239110,-86.754090,I 65,,,,0.00,,,,,,,90.20,N,Not at Intersection,N,Non-Junction,None,,,         ,Faye,Denson,Clear,Front to Rear,no,no,no,no,no,False
101476514,Nashville Airport Police,2016-03688,Davidson,Nashville,12/13/2016 6:55:00 AM,1,0,0,36.129140,-86.665380,AIRPORT SERVICE RD,,,,0.00,,,AIRPORT SERVICE RD,,,,0.00,Y,OTHER, ,,None,,,         ,Kristina,Morrow,,,no,no,no,no,no,False
101476529,METROPOLITAN NASHVILLE POLICE DEPT,20161104027,Davidson,Nashville,12/14/2016 12:00:00 AM,1,0,0,36.055020,-86.856590,HILLSBORO PKE,,,,1484.00,Feet,North,LITCHFIELD WAY,,,,0.00,N,Not at Intersection, ,Non-Junction,None,,,         ,Curtis,Rich,Unknown,Not Collision with Motor Vehicle in Transport,no,no,no,no,yes,False
101476534,METROPOLITAN NASHVILLE POLICE DEPT,20161103862,Davidson,Not in City Limit,12/14/2016 7:02:00 AM,2,0,0,36.323020,-86.910560,OLD CLARKSVILLE PIKE,,,,17.00,Feet,East,US HWY 41 ALT,,,,0.00,N,Not at Intersection, ,,None,,,         ,Carlos,angulo,,,no,no,no,no,no,False
101476541,METROPOLITAN NASHVILLE POLICE DEPT,20161103754,Davidson,Nashville,12/14/2016 7:03:00 AM,3,0,0,36.055990,-86.675440,I 24,,,,0.00,,,,,,,58.20,N,Not at Intersection,N,Non-Junction,None,,,         ,Brian,Penny,Clear,Front to Rear,no,no,no,no,no,False
101476546,METROPOLITAN NASHVILLE POLICE DEPT,20161103880,Davidson,Madison,12/14/2016 8:00:00 AM,2,0,0,36.252700,-86.715710,EMMITT AV,,,,102.00,Feet,West,E MEADE AV,,,,0.00,N,Not at Intersection,N,Non-Junction,None,,,         ,Brian,Otto,Cloudy,Front to Rear,no,no,no,no,no,False
101476550,METROPOLITAN NASHVILLE POLICE DEPT,20161103735,Davidson,Nashville,12/14/2016 6:53:00 AM,4,1,0,36.044790,-86.724870,OLD HICKORY BLVD,,,,0.00,,,AMALIE DR,,,,0.00,Y,Four-Way,N,Intersection,None,,,         ,Nathan,Kemp,Clear,Angle,no,no,no,no,no,False
101476551,METROPOLITAN NASHVILLE POLICE DEPT,20161103728,Davidson,Nashville,12/14/2016 6:37:00 AM,2,0,0,36.136860,-86.795760,WEDGEWOOD AV,,,,0.00,,,17TH AVS,,,,0.00,Y,Four-Way, ,Intersection,None,,,         ,Nathan,Kemp,Clear,Front to Rear,no,no,no,no,no,Campus
101476552,METROPOLITAN NASHVILLE POLICE DEPT,20161104119,Davidson,Nashville,12/14/2016 9:34:00 AM,2,0,0,36.112330,-86.767020,THOMPSON LN,,,,0.00,,,BRANSFORD AV,,,,0.00,Y,Four-Way, ,Intersection,None,,,         ,Nathan,Kemp,Clear,"Sideswipe, Same Direction",no,no,no,no,no,False
101476568,METROPOLITAN NASHVILLE POLICE DEPT,20161104162,Davidson,Nashville,12/14/2016 10:00:00 AM,2,0,0,36.111580,-86.825490,VALLEY BROOK RD,,,,117.00,Feet,South,VALLEY BROOK PL,,,,0.00,N,Not at Intersection, ,Non-Junction,None,,,         ,Curtis,Rich,Cloudy,Not Collision with Motor Vehicle in Transport,no,no,no,no,no,False
101476571,METROPOLITAN NASHVILLE POLICE DEPT,2016-1104004,Davidson,Nashville,12/14/2016 8:56:00 AM,2,1,0,36.049100,-86.661690,HICKORY HOLLOW PKWY,,,,782.00,Feet,West,HICKORY HOLLOW MALL PVTDR PL,,,,0.00,N,Not at Intersection,N,"Driveway, Alley Access, etc",None,,,         ,William,Whitworth,Cloudy,Front to Rear,no,no,no,no,no,False
101476573,METROPOLITAN NASHVILLE POLICE DEPT,20161104048,Davidson,Madison,12/14/2016 9:00:00 AM,2,0,0,36.267800,-86.690060,MYATT DR,,,,463.00,Feet,North,N DUPONT AV,,,,0.00,N,Not at Intersection, ,Non-Junction,None,,,         ,Michael,Agee,Cloudy,Angle,no,no,no,no,no,False
101476579,METROPOLITAN NASHVILLE POLICE DEPT,20161095666,Davidson,Nashville,12/11/2016 2:04:00 PM,1,0,0,36.155950,-86.780240,8TH AVS,,,,59.00,Feet,North,CLARK PL,,,,0.00,N,Not at Intersection, ,Non-Junction,Construction Zone,,,         ,Darren,Key,Severe Cross-Winds,Not Collision with Motor Vehicle in Transport,no,no,no,no,no,False
101476604,METROPOLITAN NASHVILLE POLICE DEPT,2016-01104307,Davidson,Nashville,12/14/2016 10:43:00 AM,1,0,0,36.125180,-86.810950,27TH AVS,,,,256.00,Feet,South,WOODLAWN DR,,,,0.00,N,Not at Intersection, ,Non-Junction,None,,,         ,Jonathan,Seidl,Cloudy,Not Collision with Motor Vehicle in Transport,no,no,no,no,no,False
101476619,METROPOLITAN NASHVILLE POLICE DEPT,20161103867,Davidson,Nashville,12/14/2016 7:28:00 AM,2,0,0,36.229380,-86.759280,BROADMOOR DR,,,,0.00,,,DICKERSON PKE,,,,0.00,Y,Four-Way,N,Non-Junction,None,,,         ,Randal,Owsley,Cloudy,Front to Rear,no,no,no,no,yes,False
101476644,METROPOLITAN NASHVILLE POLICE DEPT,20161104417,Davidson,Not in City Limit,12/14/2016 11:26:00 AM,2,0,0,35.996360,-86.689150,NOLENSVILLE PKE,,,,285.00,Feet,East,CONCORD RD,,,,0.00,N,Not at Intersection,N,Non-Junction,None,,,         ,Jessie,Meadows,Clear,Angle,no,no,no,no,no,False
101476646,METROPOLITAN NASHVILLE POLICE DEPT,20161104029,Davidson,Nashville,12/14/2016 9:07:00 AM,2,0,0,36.131330,-86.726790,I 24,,,,0.00,,,,,,,52.10,N,Not at Intersection, ,Non-Junction,None,,,         ,Paul,Ellis,Cloudy,"Sideswipe, Same Direction",no,no,no,no,no,False
101476667,GOODLETTSVILLE POLICE DEPT,16-42303,Davidson,Goodlettsville,12/6/2016 2:10:00 PM,1,1,0,36.325963,-86.699105,NORTH CREEK BLVD,,,,0.00,,,NONE,,,,0.00,Y,T-Intersection,N,"Driveway, Alley Access, etc",None,,,         ,John,Spencer,Cloudy,Not Collision with Motor Vehicle in Transport,yes,no,no,yes,no,False
101476668,METROPOLITAN NASHVILLE POLICE DEPT,20161104441,Davidson,Nashville,12/14/2016 11:29:00 AM,2,1,0,36.194100,-86.831910,CLARKSVILLE PKE,,,,261.00,Feet,West,BUENA VISTA PKE,,,,0.00,N,Not at Intersection,N,Non-Junction,None,,,         ,Michael,Parman,Cloudy,Angle,no,no,no,yes,no,False
101476671,METROPOLITAN NASHVILLE POLICE DEPT,20161104458,Davidson,Nashville,12/14/2016 11:30:00 AM,2,0,0,36.102250,-86.756260,SIDCO DR,,,,25.00,Feet,North,ARMORY DR,,,,0.00,N,Not at Intersection, ,,None,,,         ,Paul,Joyner,,,no,no,no,no,no,False
101476676,METROPOLITAN NASHVILLE POLICE DEPT,20161104532,Davidson,Nashville,12/14/2016 12:19:00 PM,2,0,0,36.125820,-86.846490,KENNER AV,,,,0.00,,,HARDING PKE,,,,0.00,Y,Four-Way, ,Intersection,None,,,         ,Curtis,Rich,Cloudy,Angle,no,no,no,no,no,False
101476678,METROPOLITAN NASHVILLE POLICE DEPT,20161104360,Davidson,Nashville,12/14/2016 11:13:00 AM,2,0,0,36.150820,-86.749870,I 40,,,,0.00,,,,,,,211.60,N,Not at Intersection, ,Non-Junction,None,,,         ,Terry,Denton,Cloudy,Front to Rear,no,no,no,no,no,False
101476679,METROPOLITAN NASHVILLE POLICE DEPT,20161104407,Davidson,Nashville,12/14/2016 11:15:00 AM,2,0,0,36.140580,-86.723980,I 40,,,,0.00,,,,,,,213.45,N,Not at Intersection, ,Non-Junction,None,,,         ,Scott,Toney,Cloudy,Front to Rear,no,no,no,no,no,False
101476690,METROPOLITAN NASHVILLE POLICE DEPT,20161104651,Davidson,Nashville,12/14/2016 1:00:00 PM,2,0,0,36.156730,-86.842450,46TH AVN,,,,0.00,,,INDIANA AV,,,,0.00,Y,Four-Way, ,Intersection,None,,,         ,Curtis,Rich,Cloudy,Angle,no,no,no,no,yes,False
101476743,METROPOLITAN NASHVILLE POLICE DEPT,20161104347,Davidson,Nashville,12/14/2016 10:59:00 AM,2,2,0,36.154620,-86.759280,I 40,,,,0.00,,,,,,,211.00,N,Not at Intersection,N,Non-Junction,None,,,         ,James,Curtis,Cloudy,Front to Rear,no,no,no,no,no,False
101476759,METROPOLITAN NASHVILLE POLICE DEPT,20161104619,Davidson,Nashville,12/14/2016 12:32:00 PM,2,1,0,36.215400,-86.588510,LEBANON PKE,,,,0.00,,,BIG HORN DR,,,,0.00,Y,Four-Way,N,Intersection-Related,None,,,         ,Johnathan,Carlisle,Cloudy,Front to Rear,no,no,no,no,no,False
101476805,METROPOLITAN NASHVILLE POLICE DEPT,20161104709,Davidson,Madison,12/14/2016 1:31:00 PM,1,0,0,36.255630,-86.707270,NEELYS BEND RD,,,,0.00,,,IDLEWILD AV,,,,0.00,Y,OTHER,N,Non-Junction,None,,,         ,Eric,Richardson,Cloudy,Not Collision with Motor Vehicle in Transport,no,no,no,no,yes,False
101476809,METROPOLITAN NASHVILLE POLICE DEPT,20161104730,Davidson,Nashville,12/14/2016 1:46:00 PM,2,0,0,36.146720,-86.743760,FESSLERS LN,,,,0.00,,,RUNDLE AV,,,,0.00,Y,T-Intersection, ,Intersection,None,,,         ,Terry,Denton,Cloudy,Front to Rear,no,no,no,no,no,False
101476810,METROPOLITAN NASHVILLE POLICE DEPT,20161104405,Davidson,Nashville,12/14/2016 11:15:00 AM,3,3,0,36.154080,-86.784420,LAUREL ST,,,,0.00,,,11TH AVS,,,,0.00,Y,OTHER,N,Non-Junction,None,,,         ,William,Gibbs,Clear,HeadOn,no,no,no,no,no,False
101476813,METROPOLITAN NASHVILLE POLICE DEPT,20161104745,Davidson,Nashville,12/14/2016 1:52:00 PM,2,1,0,36.101450,-86.818180,HILLSBORO PKE,,,,192.00,Feet,South,HILLSBORO DR,,,,0.00,N,Not at Intersection,N,"Driveway, Alley Access, etc",None,,,         ,Michael,Hunnicutt,Cloudy,Angle,no,no,no,no,no,False
101476826,METROPOLITAN NASHVILLE POLICE DEPT,2016-1100442,Davidson,Nashville,12/13/2016 6:29:00 AM,3,2,0,36.177840,-86.773370,I24 E ENT RAMP,,,,0.00,,,I 24,,,,0.00,Y,OTHER,N,Non-Junction,None,,,         ,William,Vincion,Cloudy,Angle,no,no,no,no,yes,False
101476863,METROPOLITAN NASHVILLE POLICE DEPT,2016-1103738,Davidson,Nashville,12/14/2016 6:49:00 AM,2,0,0,36.079910,-86.725170,HARDING PL,,,,98.00,Feet,West,NOLENSVILLE PKE,,,,0.00,N,Not at Intersection, ,"Driveway, Alley Access, etc",None,,,         ,William,Whitworth,Cloudy,Angle,no,no,no,no,no,False
101476873,METROPOLITAN NASHVILLE POLICE DEPT,20161104782,Davidson,Nashville,12/14/2016 2:32:00 PM,2,0,0,36.141460,-86.740310,MURFREESBORO PKE,,,,78.00,Feet,East,FOSTER AV,,,,0.00,N,Not at Intersection,N,Non-Junction,None,,,         ,Jessie,Meadows,Clear,"Sideswipe, Same Direction",no,no,no,no,yes,False
101476906,METROPOLITAN NASHVILLE POLICE DEPT,20161104804,Davidson,Nashville,12/14/2016 2:22:00 PM,2,0,0,36.081350,-86.759290,HARDING PL,,,,290.00,Feet,West,TROUSDALE DR,,,,0.00,N,Not at Intersection,N,"Driveway, Alley Access, etc",None,,,         ,Charles,Griffin,Cloudy,Angle,no,no,no,no,no,False
101476908,GOODLETTSVILLE POLICE DEPT,16-43277,Davidson,Goodlettsville,12/14/2016 2:55:00 PM,2,0,0,36.326300,-86.700520,LONG HOLLOW PKE,,,,31.00,Feet,North,NORTHCREEK BLVD,,,,0.00,N,Not at Intersection, ,Non-Junction,None,,,         ,George,Forbes,Cloudy,Front to Rear,no,no,no,no,no,False
101476924,METROPOLITAN NASHVILLE POLICE DEPT,20161104861,Davidson,Nashville,12/14/2016 2:58:00 PM,2,0,0,36.151890,-86.882520,SCHOLARSHIP DR,,,,217.00,Feet,East,ANNEX AV,,,,0.00,N,Not at Intersection, ,Non-Junction,None,,,         ,Benjamin,Spees,Clear,Other,no,no,no,yes,no,False
101476930,METROPOLITAN NASHVILLE POLICE DEPT,20161104825,Davidson,Goodlettsville,12/14/2016 2:34:00 PM,2,1,0,36.303520,-86.692410,CONFERENCE DR,,,,140.00,Feet,South,THE SHOPPES AT RIVERGATE PVTDR,,,,0.00,N,Not at Intersection,N,Non-Junction,None,,,         ,Samuel,Miller,Cloudy,Front to Rear,no,no,no,no,no,False
101476941,METROPOLITAN NASHVILLE POLICE DEPT,20161104907,Davidson,Nashville,12/14/2016 3:12:00 PM,2,0,0,36.126400,-86.804580,21ST AVS,,,,0.00,,,WESTWOOD AV,,,,0.00,Y,T-Intersection,N,Intersection-Related,None,,,         ,Tien,Nguyen,Clear,Angle,no,no,no,no,no,False
101476946,METROPOLITAN NASHVILLE POLICE DEPT,20161104807,Davidson,Nashville,12/14/2016 2:25:00 PM,2,0,0,36.160250,-86.782960,COMMERCE ST,,,,0.00,,,ROSA L PARKS BLVD,,,,0.00,Y,Four-Way,N,Intersection,None,,,         ,Ruben,Mariano,Cloudy,Angle,no,no,no,no,no,False
101476947,METROPOLITAN NASHVILLE POLICE DEPT,20161104896,Davidson,Nashville,12/14/2016 3:13:00 PM,2,0,0,36.079600,-86.726320,NOLENSVILLE PKE,,,,0.00,,,HARDING PL,,,,0.00,Y,Four-Way, ,Intersection,None,,,         ,Alyson,Cook,Clear,Front to Rear,no,no,no,no,no,False
101476950,METROPOLITAN NASHVILLE POLICE DEPT,20161105015,Davidson,Nashville,12/14/2016 3:31:00 PM,2,0,0,36.078270,-86.835570,TYNE BLVD,,,,463.00,Feet,East,LAURA HILL RD,,,,0.00,N,Not at Intersection, ,Non-Junction,None,,,         ,Charles,Griffin,Cloudy,Front to Rear,no,no,no,no,no,False
101476957,METROPOLITAN NASHVILLE POLICE DEPT,20161104947,Davidson,Nashville,12/14/2016 3:25:00 PM,2,1,0,36.075210,-86.918710,HIGHWAY 70S,,,,0.00,Feet,North,BELLEVUE VALLEY PLAZA PVTDR,,,,0.00,N,Not at Intersection,N,Non-Junction,None,,,         ,Anthony,Rizo,Cloudy,Front to Rear,no,no,no,no,no,False
101476960,METROPOLITAN NASHVILLE POLICE DEPT,20161105019,Davidson,Nashville,12/14/2016 3:35:00 PM,2,0,0,36.155890,-86.802670,20TH AVN,,,,246.00,Feet,North,PATTERSON ST,,,,0.00,N,Not at Intersection, ,Non-Junction,None,,,         ,Nicholas,Smith,Cloudy,"Sideswipe, Same Direction",no,no,no,no,no,False
101476967,Nashville Airport Police,2016-03645,Davidson,Nashville,12/14/2016 3:37:00 PM,2,0,0,36.116700,-86.668180,DONELSON PKE,,,,0.00,,,HANGAR LN,,,,0.00,Y,T-Intersection, ,Intersection,None,,,         ,Ronald,Allen,,Front to Rear,no,no,no,no,no,False
101476973,METROPOLITAN NASHVILLE POLICE DEPT,20161104978,Davidson,Nashville,12/14/2016 3:38:00 PM,1,0,0,36.206440,-86.822170,TUCKER RD,,,,788.00,Feet,South,ST MARYS LN,,,,0.00,N,Not at Intersection, ,Non-Junction,None,,,         ,Christopher,Templin,Clear,Not Collision with Motor Vehicle in Transport,no,no,no,no,no,False
101476976,METROPOLITAN NASHVILLE POLICE DEPT,20161104849,Davidson,Antioch,12/14/2016 3:59:00 PM,2,0,0,36.015990,-86.620090,OLD HICKORY BLVD,,,,162.00,Feet,North,I24 W EXT RAMP,,,,0.00,N,Not at Intersection, ,Non-Junction,None,,,         ,Jessie,Meadows,Clear,"Sideswipe, Opposite Direction",no,no,no,no,no,False
101476979,METROPOLITAN NASHVILLE POLICE DEPT,20161104897,Davidson,Nashville,12/14/2016 3:10:00 PM,2,0,0,36.177940,-86.616040,JAMES KAY LN,,,,0.00,,,,,,,0.00,,, ,,None,,,         ,John,Daugherty,,,no,no,no,yes,no,False
101476981,METROPOLITAN NASHVILLE POLICE DEPT,20161104843,Davidson,Nashville,12/14/2016 2:26:00 PM,2,0,0,36.206530,-86.823430,TUCKER RD,,,,0.00,,,,,,,0.00,,, ,,None,,,         ,Michael,Brooks,,,no,no,no,yes,no,False
101476996,METROPOLITAN NASHVILLE POLICE DEPT,20161105102,Davidson,Not in City Limit,12/14/2016 4:01:00 PM,2,0,0,36.017810,-87.030470,HIGHWAY 100,,,,186.00,Feet,East,HIGHWAY 96,,,,0.00,N,Not at Intersection, ,,None,,,         ,Benjamin,Spees,,,no,no,no,no,no,False
101477001,METROPOLITAN NASHVILLE POLICE DEPT,2016-1105193,Davidson,Nashville,12/14/2016 4:30:00 PM,2,0,0,36.109560,-86.811650,HILLSBORO PKE,,,,164.00,Feet,North,CRESTMOOR RD,,,,0.00,N,Not at Intersection, ,Non-Junction,None,,,         ,Ryan,Allen,Clear,"Sideswipe, Same Direction",no,no,no,no,no,False
101477010,METROPOLITAN NASHVILLE POLICE DEPT,20161105070,Davidson,Nashville,12/14/2016 4:00:00 PM,2,0,0,36.179200,-86.787640,TAYLOR ST,,,,74.00,Feet,West,3RD AVN,,,,0.00,N,Not at Intersection, ,Non-Junction,None,,,         ,Roy,Sain Jr.,Clear,"Sideswipe, Same Direction",no,no,no,no,yes,False
101477013,METROPOLITAN NASHVILLE POLICE DEPT,20161105209,Davidson,Nashville,12/14/2016 4:38:00 PM,2,1,0,36.230780,-86.749070,BROADMOOR DR,,,,38.00,Feet,East,ELLINGTON PKWY S ENT RAMP,,,,0.00,N,Not at Intersection,N,Non-Junction,None,,,         ,Cressie,Prill,Cloudy,Unknown,no,no,no,no,no,False
101477022,METROPOLITAN NASHVILLE POLICE DEPT,20161105322,Davidson,Nashville,12/14/2016 4:55:00 PM,2,1,0,36.161380,-86.793190,I 40,,,,0.00,,,,,,,208.70,N,Not at Intersection,N,Non-Junction,None,,,         ,Wesley,Feinstein,Clear,Front to Rear,no,no,no,no,no,False