master_record_number,agency,agency_tracking_number,county,city,collision_date,vehicles_involved,number_injured,number_dead,latitude,longitude,roadway_name,roadway_suffix,roadway_number,roadway_local_id,distance_from_reference,miles-feet_indicator,direction_from_reference,intersection_road_name,intersection_road_name_suffix,intersection_road_number,intersection_local_id,mile_marker,intersection_indicator,intersect_type,interchange_related_indicator,relation_to_junction,work_zone_type,construction_maintenance_zone,construction_maintenance_zone_location,fatal_case_number,officer_first_name,officer_last_name,weather_condition(s),manner_of_crash,pedestrian,bicycle,scooter,parking,hitrun,mou
101478413,METROPOLITAN NASHVILLE POLICE DEPT,20161109864,Davidson,Nashville,12/16/2016 1:55:00 AM,1,1,0,36.234450,-86.804200,BRILEY PKWYW,,,,200.00,Feet,West,KNIGHT DR,,,,0.00,N,Not at Intersection,N,Non-Junction,None,,,         ,Matthew,Lachance,Clear,Not Collision with Motor Vehicle in Transport,no,no,no,no,no,False
101478432,METROPOLITAN NASHVILLE POLICE DEPT,20161110135,Davidson,Nashville,12/16/2016 4:43:00 AM,2,0,0,36.087740,-86.607190,SMITH SPRINGS RD,,,,0.00,,,ANDERSON RD,,,,0.00,Y,T-Intersection, ,Non-Junction,None,,,         ,Charles,Shaw,Clear,"Sideswipe, Same Direction",no,no,no,no,no,False
101478472,METROPOLITAN NASHVILLE POLICE DEPT,20161110302,Davidson,Nashville,12/16/2016 6:13:00 AM,1,1,0,36.082580,-86.698000,I 24,,,,0.00,,,,,,,56.00,N,Not at Intersection,N,Non-Junction,None,,,         ,Caleb,Jernigan,Clear,Not Collision with Motor Vehicle in Transport,no,no,no,no,no,False
101478507,METROPOLITAN NASHVILLE POLICE DEPT,2016-1110397,Davidson,Nashville,12/16/2016 7:23:00 AM,2,1,0,36.069120,-86.683840,RICHARDS RD,,,,0.00,,,ANTIOCH PKE,,,,0.00,Y,T-Intersection,N,Intersection,None,,,         ,William,Whitworth,Cloudy,Front to Rear,no,no,no,no,no,False
101478509,METROPOLITAN NASHVILLE POLICE DEPT,20161110332,Davidson,Nashville,12/16/2016 6:22:00 AM,3,1,0,36.130780,-86.726740,I24 W ENT RAMP,,,,0.00,,,I 24,,,,0.00,Y,OTHER,N,Entrance/Exit Ramp Related,None,,,         ,Stephen,Soule,Clear,Front to Rear,no,no,no,no,yes,False
101478530,METROPOLITAN NASHVILLE POLICE DEPT,20161110503,Davidson,Nashville,12/16/2016 8:12:00 AM,2,0,0,36.180330,-86.762720,ELLINGTON PKWYS,,,,871.00,Feet,North,ELLINGTON PKWYN,,,,0.00,N,Not at Intersection,N,Non-Junction,None,,,         ,Jared,Eaves,Clear,Front to Rear,no,no,no,no,no,False
101478556,METROPOLITAN NASHVILLE POLICE DEPT,20161110574,Davidson,Nashville,12/16/2016 8:40:00 AM,2,0,0,36.139890,-86.822730,I 440,,,,0.00,,,,,,,0.25,N,Not at Intersection,N,Non-Junction,None,,,         ,Ryan,Cagle,Clear,Front to Rear,no,no,no,no,yes,False
101478562,METROPOLITAN NASHVILLE POLICE DEPT,20161110333,Davidson,Not in City Limit,12/16/2016 6:42:00 AM,4,0,0,36.256540,-86.738490,I 65,,,,0.00,,,,,,,91.70,N,Not at Intersection,N,Non-Junction,None,,,         ,Spencer,Pittman,Cloudy,Front to Rear,no,no,no,no,no,False
101478605,METROPOLITAN NASHVILLE POLICE DEPT,2016-1110682,Davidson,Nashville,12/15/2016 12:00:00 AM,2,0,0,36.034700,-86.670580,SILVERMOON DR,,,,341.00,Feet,North,ANDUIN AV,,,,0.00,N,Not at Intersection,N,Non-Junction,None,,,         ,William,Whitworth,Cloudy,"Sideswipe, Same Direction",no,no,no,no,yes,False
101478621,GOODLETTSVILLE POLICE DEPT,16-43529,Davidson,Goodlettsville,12/16/2016 9:20:00 AM,1,1,0,36.301330,-86.710370,I 65,,,,0.00,,,,,,,95.30,N,Not at Intersection,Y,Entrance/Exit Ramp Related,None,,,         ,Jeremy,Baker,Cloudy,Not Collision with Motor Vehicle in Transport,no,no,no,no,no,False
101478624,METROPOLITAN NASHVILLE POLICE DEPT,20161110741,Davidson,Nashville,12/16/2016 7:05:00 AM,2,0,0,36.160380,-86.760500,I 24,,,,0.00,,,,,,,49.45,N,Not at Intersection, ,,None,,,         ,Brian,Murphy,,,no,no,no,no,no,False
101478630,VANDERBILT UNIVERSITY POLICE,16-1110522,Davidson,Nashville,12/16/2016 8:30:00 AM,2,0,0,36.139360,-86.804940,24TH AVS,,,,0.00,,,,,,,0.00,,, ,Non-Junction,None,,,         ,Stephen,Adams,Clear,Front to Rear,no,no,no,yes,no,Campus
101478658,METROPOLITAN NASHVILLE POLICE DEPT,20161110975,Davidson,Nashville,12/16/2016 11:13:00 AM,2,0,0,0.000000,0.000000,MURFREESBORO,PIKE,SR1,,200.00,Feet,North,HOBSON,PIKE,SR2,,0.00,N,Not at Intersection, ,Non-Junction,None,,,         ,Steven,Williams,Clear,Angle,no,no,no,no,no,False
101478659,METROPOLITAN NASHVILLE POLICE DEPT,20161110428,Davidson,Nashville,12/16/2016 7:35:00 AM,2,0,0,36.144190,-86.698780,I 40,,,,0.00,,,,,,,214.80,N,Not at Intersection, ,Non-Junction,None,,,         ,Cody,O'Quinn,Cloudy,"Sideswipe, Same Direction",no,no,no,no,no,False
101478662,METROPOLITAN NASHVILLE POLICE DEPT,20161111006,Davidson,Nashville,12/16/2016 11:17:00 AM,2,0,0,36.111370,-86.792620,GRANNY WHITE PKE,,,,92.00,Feet,South,WOODMONT BLVD,,,,0.00,N,Not at Intersection, ,Non-Junction,None,,,         ,Justin,Pinkelton,Cloudy,Front to Rear,no,no,no,no,no,False
101478669,METROPOLITAN NASHVILLE POLICE DEPT,20161110988,Davidson,Nashville,12/16/2016 11:07:00 AM,2,0,0,36.043930,-86.693300,BELL RD,,,,0.00,,,BROOK VIEW ESTATES DR,,,,0.00,Y,T-Intersection, ,Intersection-Related,None,,,         ,Jason,Dudley,Cloudy,Front to Rear,no,no,no,no,no,False
101478670,METROPOLITAN NASHVILLE POLICE DEPT,20161111001,Davidson,Nashville,12/16/2016 11:10:00 AM,2,0,0,36.150390,-86.856970,CHARLOTTE PKE,,,,122.00,Feet,East,ORLANDO AV,,,,0.00,N,Not at Intersection, ,Non-Junction,None,,,         ,Curtis,Rich,Cloudy,Angle,no,no,no,no,no,False
101478693,METROPOLITAN NASHVILLE POLICE DEPT,20161110941,Davidson,Nashville,12/16/2016 10:54:00 AM,2,0,0,36.059640,-86.679520,I 24,,,,0.00,,,,,,,57.90,N,Not at Intersection,N,Non-Junction,None,,,         ,Rickie,Corman,Clear,Front to Rear,no,no,no,no,no,False
101478712,METROPOLITAN NASHVILLE POLICE DEPT,20161110899,Davidson,Nashville,12/16/2016 10:37:00 AM,1,0,0,36.154160,-86.757810,I 40,,,,0.00,,,,,,,211.10,N,Not at Intersection,N,Entrance/Exit Ramp Related,None,,,         ,Cody,O'Quinn,Cloudy,Not Collision with Motor Vehicle in Transport,no,no,no,no,no,False
101478719,METROPOLITAN NASHVILLE POLICE DEPT,20161111125,Davidson,Nashville,12/16/2016 11:45:00 AM,1,0,0,36.055080,-86.900730,OLD HICKORY BLVD,,,,0.55,Miles,South,HIGHWAY 100,,,,0.00,N,Not at Intersection, ,Non-Junction,None,,,         ,Michael,Phelps,Cloudy,Not Collision with Motor Vehicle in Transport,no,no,no,no,no,False
101478725,METROPOLITAN NASHVILLE POLICE DEPT,20161111126,Davidson,Nashville,12/16/2016 12:25:00 PM,2,0,0,36.047510,-86.863480,OLD HICKORY BLVD,,,,231.00,Feet,West,HILLSBORO PKE,,,,0.00,N,Not at Intersection, ,Non-Junction,None,,,         ,Curtis,Rich,Cloudy,Front to Rear,no,no,no,no,no,False
101478733,METROPOLITAN NASHVILLE POLICE DEPT,20161111194,Davidson,Nashville,12/16/2016 12:25:00 PM,2,0,0,36.187970,-86.798260,DOMINICAN DR,,,,64.00,Feet,East,ROSA L PARKS BLVD,,,,0.00,N,Not at Intersection, ,Non-Junction,None,,,         ,Chase,Burnett,Clear,"Sideswipe, Same Direction",no,no,no,no,no,False
101478734,METROPOLITAN NASHVILLE POLICE DEPT,20161111033,Davidson,Nashville,12/16/2016 11:45:00 AM,2,0,0,36.171110,-86.873910,CENTENNIAL BLVD,,,,3.00,Feet,North,COCKRILL BEND BLVD,,,,0.00,N,Not at Intersection,N,Entrance/Exit Ramp Related,None,,,         ,George,Spencer,Clear,Front to Rear,no,no,no,no,no,False
101478735,METROPOLITAN NASHVILLE POLICE DEPT,20161110924,Davidson,Nashville,12/16/2016 10:30:00 AM,2,0,0,36.138460,-86.737380,MENZLER RD,,,,0.00,,,,,,,0.00,,, ,Non-Junction,None,,,         ,Todd,Watson,Cloudy,Angle,no,no,no,yes,no,False
101478752,METROPOLITAN NASHVILLE POLICE DEPT,20161110972,Davidson,Goodlettsville,12/16/2016 11:06:00 AM,1,0,0,36.299470,-86.731390,OLD DICKERSON PKE,,,,248.00,Feet,West,DRY CREEK RD,,,,0.00,N,Not at Intersection,N,Non-Junction,None,,,         ,Spencer,Pittman,Cloudy,Not Collision with Motor Vehicle in Transport,no,no,no,no,no,False
101478778,METROPOLITAN NASHVILLE POLICE DEPT,20161111322,Davidson,Nashville,12/16/2016 1:00:00 PM,2,1,0,36.140490,-86.878800,CHARLOTTE PKE,,,,178.00,Feet,East,RUSSLEO DR,,,,0.00,N,Not at Intersection,N,Non-Junction,None,,,         ,Curtis,Rich,Cloudy,Angle,no,no,no,no,yes,False
101478779,METROPOLITAN NASHVILLE POLICE DEPT,20161111110,Davidson,Nashville,12/16/2016 11:54:00 AM,2,1,0,36.066350,-86.630120,MURFREESBORO PKE,,,,510.00,Feet,South,FOREST VIEW DR,,,,0.00,N,Not at Intersection,N,Non-Junction,None,,,         ,Stephen,Soule,Clear,Front to Rear,no,no,no,no,no,False
101478780,METROPOLITAN NASHVILLE POLICE DEPT,20161111010,Davidson,Nashville,12/16/2016 11:07:00 AM,2,0,0,36.140740,-86.793640,16TH AVS,,,,0.00,,,HORTON AV,,,,0.00,Y,Four-Way, ,Intersection,None,,,         ,Nathan,Kemp,Clear,"Sideswipe, Same Direction",no,no,no,no,no,False
101478781,METROPOLITAN NASHVILLE POLICE DEPT,20161111089,Davidson,Nashville,12/16/2016 11:47:00 AM,2,0,0,36.155810,-86.788740,13TH AVS,,,,85.00,Feet,South,BROADWAY,,,,0.00,N,Not at Intersection,N,Non-Junction,None,,,         ,Nathan,Kemp,Clear,"Sideswipe, Same Direction",no,no,no,no,yes,False
101478782,METROPOLITAN NASHVILLE POLICE DEPT,20161111214,Davidson,Nashville,12/16/2016 12:28:00 PM,2,0,0,36.089650,-86.806020,HARDING PL,,,,0.00,,,BELMONT PARK TER,,,,0.00,Y,Four-Way,N,Intersection,None,,,         ,Nathan,Kemp,Clear,Angle,no,no,no,no,no,False
101478784,METROPOLITAN NASHVILLE POLICE DEPT,20161111321,Davidson,Nashville,12/16/2016 1:12:00 PM,2,1,0,36.143960,-86.722570,ELM HILL PKE,,,,0.00,,,SPENCE LN,,,,0.00,Y,Four-Way,N,Intersection,None,,,         ,Cody,O'Quinn,Cloudy,"Sideswipe, Opposite Direction",no,no,no,no,no,False
101478793,METROPOLITAN NASHVILLE POLICE DEPT,20161111287,Davidson,Nashville,12/16/2016 12:50:00 PM,2,0,0,36.152000,-86.852140,MORROW RD,,,,151.00,Feet,South,RICHLAND CREEK SHOPPING CENTER,,,,0.00,N,Not at Intersection, ,Non-Junction,None,,,         ,Michael,Pyle,Cloudy,Angle,no,no,no,no,no,False
101478794,METROPOLITAN NASHVILLE POLICE DEPT,20161111004,Davidson,Nashville,12/16/2016 11:17:00 AM,2,0,0,36.172840,-86.765340,MAIN ST,,,,0.00,,,S 5TH ST,,,,0.00,Y,Four-Way, ,Intersection,None,,,         ,Alex,Moore,Cloudy,"Sideswipe, Same Direction",no,no,no,no,no,False
101478830,METROPOLITAN NASHVILLE POLICE DEPT,20161094535,Davidson,Nashville,12/11/2016 2:32:00 AM,1,0,1,36.125460,-86.729900,I24 E ENT RAMP,,,,0.00,,,I 440,,,,0.00,Y,Y-Intersection,Y,Entrance/Exit Ramp Related,None,,,16-0924  ,Erika,Bowden,Clear,Not Collision with Motor Vehicle in Transport,no,no,no,no,no,False
101478856,METROPOLITAN NASHVILLE POLICE DEPT,20161111129,Davidson,Madison,12/16/2016 12:25:00 PM,1,1,0,0.000000,0.000000,MOOREWOOD DRIVE,,US0,,0.10,Feet,South,,,,,0.01,N,Not at Intersection,N,Non-Junction,None,,,         ,Faye,Denson,Clear,Not Collision with Motor Vehicle in Transport,no,no,no,no,no,False
101478862,METROPOLITAN NASHVILLE POLICE DEPT,20161111396,Davidson,Nashville,12/16/2016 1:20:00 PM,2,0,0,36.134150,-86.774730,I65 N EXT RAMP,,,,0.00,Feet,East,I 65,,,,0.00,N,Not at Intersection, ,Entrance/Exit Ramp Related,None,,,         ,Justin,Pinkelton,Cloudy,Other,no,no,no,no,no,False
101478885,METROPOLITAN NASHVILLE POLICE DEPT,20161111324,Davidson,Nashville,12/16/2016 12:36:00 PM,2,0,0,36.127380,-86.844170,HARDING PKE,,,,135.00,Feet,West,WOODLAWN DR,,,,0.00,N,Not at Intersection,N,Non-Junction,None,,,         ,Brandon,Helms,Cloudy,Angle,no,no,no,yes,yes,False
101478912,METROPOLITAN NASHVILLE POLICE DEPT,20161111460,Davidson,Nashville,12/16/2016 1:35:00 PM,2,0,0,36.135450,-86.801020,21ST AVS,,,,63.00,Feet,South,ACKLEN AV,,,,0.00,N,Not at Intersection, ,Non-Junction,None,,,         ,Ryan,Cagle,Cloudy,Front to Rear,no,no,no,no,no,Campus
101478925,METROPOLITAN NASHVILLE POLICE DEPT,20161111516,Davidson,Nashville,12/16/2016 1:50:00 PM,2,0,0,36.136580,-86.795150,WEDGEWOOD AV,,,,0.00,,,MAGNOLIA BLVD,,,,0.00,Y,Four-Way, ,Intersection-Related,None,,,         ,Tien,Nguyen,Clear,Front to Rear,no,no,no,no,no,False
101478926,METROPOLITAN NASHVILLE POLICE DEPT,20161110962,Davidson,Nashville,12/16/2016 11:04:00 AM,2,0,0,36.051510,-86.714360,NOLENSVILLE PKE,,,,0.00,,,OCALA DR,,,,0.00,Y,OTHER,N,OtherLocation,None,,,         ,Paul,Goebel,Clear,Front to Rear,no,no,no,no,yes,False
101478968,METROPOLITAN NASHVILLE POLICE DEPT,20161111429,Davidson,Nashville,12/16/2016 1:30:00 PM,2,0,0,36.127620,-86.843800,HARDING PKE,,,,0.00,,,WOODLAWN DR,,,,0.00,Y,T-Intersection, ,Intersection-Related,None,,,         ,Michael,Phelps,Cloudy,Angle,no,no,no,no,no,False
101478976,METROPOLITAN NASHVILLE POLICE DEPT,20161111521,Davidson,Nashville,12/16/2016 12:00:00 PM,2,0,0,36.245400,-86.751230,SKYLINE MEMORIAL CT,,,,860.00,Feet,North,I65 S EXT RAMP,,,,0.00,N,Not at Intersection, ,Non-Junction,None,,,         ,Michael,Moss,Clear,Angle,no,no,no,yes,yes,False
101478987,METROPOLITAN NASHVILLE POLICE DEPT,20161111270,Davidson,Nashville,12/16/2016 12:54:00 PM,2,1,0,36.217970,-86.746450,ELLINGTON PKWY N ENT RAMP,,,,0.00,,,HART LN,,,,0.00,Y,Four-Way,Y,Entrance/Exit Ramp Related,None,,,         ,Michael,Thompson,Cloudy,Angle,no,no,no,no,no,False
101478998,METROPOLITAN NASHVILLE POLICE DEPT,20161111545,Davidson,Nashville,12/16/2016 2:35:00 PM,2,0,0,36.153270,-86.769560,2ND AVS,,,,0.00,,,ASH ST,,,,0.00,Y,T-Intersection,N,Intersection,None,,,         ,Ryan,Caulfield,Cloudy,"Sideswipe, Same Direction",no,no,no,no,no,False
101479009,METROPOLITAN NASHVILLE POLICE DEPT,20161111590,Davidson,Not in City Limit,12/16/2016 2:53:00 PM,2,0,0,36.077830,-87.021390,MCCRORY LN,,,,34.00,Feet,South,I40 W ENT RAMP,,,,0.00,N,Not at Intersection, ,,None,,,         ,Benjamin,Spees,,,no,no,no,no,no,False
101479010,METROPOLITAN NASHVILLE POLICE DEPT,2016-1111524,Davidson,Nashville,12/16/2016 2:22:00 PM,2,0,0,36.098890,-86.871890,HEADY DR,,,,0.00,,,HIGHWAY 100,,,,0.00,Y,Four-Way,N,Intersection,None,,,         ,Ryan,Allen,Cloudy,"Sideswipe, Same Direction",no,no,no,no,no,False
101479012,METROPOLITAN NASHVILLE POLICE DEPT,20161111540,Davidson,Nashville,12/16/2016 2:58:00 PM,2,0,0,36.192630,-86.815110,ROSA L PARKS BLVD,,,,185.00,Feet,East,MAINSTREAM DR,,,,0.00,N,Not at Intersection,N,Non-Junction,None,,,         ,Michael,Brooks,Cloudy,"Sideswipe, Same Direction",no,no,no,no,no,False
101479014,METROPOLITAN NASHVILLE POLICE DEPT,20161111601,Davidson,Nashville,12/16/2016 3:03:00 PM,1,1,0,36.189620,-86.584580,OLD LEBANON DIRT RD,,,,341.00,Feet,East,CHESNEY GLEN DR,,,,0.00,N,Not at Intersection,N,Non-Junction,None,,,         ,Noah,Melton,Cloudy,Not Collision with Motor Vehicle in Transport,no,no,no,no,no,False
101479015,METROPOLITAN NASHVILLE POLICE DEPT,20161111600,Davidson,Nashville,12/16/2016 3:10:00 PM,1,1,0,36.151070,-86.784340,DIVISION ST,,,,0.00,,,12TH AVS,,,,0.00,Y,Four-Way,N,Intersection,None,,,         ,Kendra,Cowper,Cloudy,Not Collision with Motor Vehicle in Transport,yes,no,no,no,yes,False
101479051,METROPOLITAN NASHVILLE POLICE DEPT,20161111728,Davidson,Nashville,12/16/2016 4:07:00 PM,2,0,0,36.196870,-86.687630,BRILEY PKWY N EXT RAMP,,,,0.00,,,,,,,0.00,,, ,,None,,,         ,Brian,Smith,,,no,no,no,no,no,False
101479055,Nashville Airport Police,16-03682,Davidson,Nashville,12/12/2016 5:40:00 PM,3,0,0,36.116700,-86.668180,DONELSON PKE,,,,0.00,,,HANGAR LN,,,,0.00,Y,T-Intersection, ,Intersection,None,,,         ,Eric,Dipzinski,Clear,Front to Rear,no,no,no,no,no,False
101479060,METROPOLITAN NASHVILLE POLICE DEPT,20161110856,Davidson,Nashville,12/16/2016 11:05:00 AM,3,1,0,36.038830,-86.648230,I 24,,,,0.00,,,,,,,60.15,N,Not at Intersection,N,Non-Junction,None,,,         ,Jessie,Meadows,Clear,"Sideswipe, Same Direction",no,no,no,no,yes,False
101479061,METROPOLITAN NASHVILLE POLICE DEPT,20161111246,Davidson,Nashville,12/16/2016 1:46:00 PM,3,0,0,36.138980,-86.732800,MURFREESBORO PKE,,,,67.00,Feet,East,ARLINGTON AV,,,,0.00,N,Not at Intersection,N,Non-Junction,None,,,         ,Jessie,Meadows,Clear,Angle,no,no,no,no,no,False
101479062,METROPOLITAN NASHVILLE POLICE DEPT,20161111327,Davidson,Nashville,12/16/2016 3:14:00 PM,2,2,0,36.124740,-86.739030,GLENROSE AV,,,,447.00,Feet,East,EVELYN DR,,,,0.00,N,Not at Intersection,N,Non-Junction,None,,,         ,Jessie,Meadows,Clear,HeadOn,no,no,no,no,no,False
101479063,VANDERBILT UNIVERSITY POLICE,16-1111648,Davidson,Nashville,12/16/2016 3:05:00 PM,2,0,0,36.141830,-86.796680,APPLETON PL,,,,0.00,,,,,,,0.00,,, ,,None,,,         ,William,West,,,no,no,no,yes,no,Campus
101479081,METROPOLITAN NASHVILLE POLICE DEPT,20161111704,Davidson,Nashville,12/16/2016 4:00:00 PM,2,0,0,36.167250,-86.791350,10TH AVN,,,,0.00,Feet,East,HARRISON ST,,,,0.00,N,Not at Intersection, ,Non-Junction,None,,,         ,Darrien,Spann,Clear,Angle,no,no,no,no,yes,False
101479082,METROPOLITAN NASHVILLE POLICE DEPT,20161111711,Davidson,Nashville,12/16/2016 12:00:00 AM,2,0,0,36.241310,-86.764010,BRILEY PKWYE,,,,390.00,Feet,West,BRILEY PKWYW,,,,0.00,N,Not at Intersection, ,Non-Junction,None,,,         ,Brittani,Campbell,Clear,Front to Rear,no,no,no,no,no,False
101479084,METROPOLITAN NASHVILLE POLICE DEPT,20161111582,Davidson,Nashville,12/16/2016 3:11:00 PM,1,1,0,36.156340,-86.787330,12TH AVS,,,,100.00,Feet,South,BROADWAY,,,,0.00,N,Not at Intersection,N,"Driveway, Alley Access, etc",None,,,         ,Jason,King,Cloudy,Not Collision with Motor Vehicle in Transport,yes,no,no,no,yes,False
101479087,METROPOLITAN NASHVILLE POLICE DEPT,20161111681,Davidson,Nashville,12/16/2016 3:50:00 PM,2,0,0,36.117110,-86.791550,GALE LN,,,,0.00,,,GRANNY WHITE PKE,,,,0.00,Y,Four-Way,N,Intersection,None,,,         ,Ralph,Smith IV,Clear,Angle,no,no,no,no,no,False
101479088,METROPOLITAN NASHVILLE POLICE DEPT,20161111465,Davidson,Antioch,12/16/2016 2:00:00 PM,2,0,0,36.026500,-86.616100,OLD HICKORY,BLVD,US12848,,0.00,Feet,,OLD HICKORY,BLVD,US,,0.00,Y,OTHER,N,Non-Junction,None,,,         ,Phouthasone,Phantakou,Cloudy,Front to Rear,no,no,no,yes,no,False
101479095,METROPOLITAN NASHVILLE POLICE DEPT,20161111571,Davidson,Not in City Limit,12/16/2016 3:07:00 PM,2,0,0,36.375420,-86.764990,BAKER RD,,,,816.00,Feet,North,OLD BAKER RD,,,,0.00,N,Not at Intersection, ,Non-Junction,None,,,         ,Samuel,Miller,Cloudy,"Sideswipe, Opposite Direction",no,no,no,no,no,False
101479096,METROPOLITAN NASHVILLE POLICE DEPT,20161111705,Davidson,Nashville,12/16/2016 3:35:00 PM,3,0,0,36.162190,-86.793520,I 40,,,,0.00,,,,,,,208.65,N,Not at Intersection, ,Non-Junction,None,,,         ,Landon,Bagwell,Cloudy,Front to Rear,no,no,no,no,no,False
101479102,METROPOLITAN NASHVILLE POLICE DEPT,20161111902,Davidson,Nashville,12/16/2016 5:10:00 PM,2,0,0,36.170510,-86.688540,BRILEY PKWYN,,,,236.00,Feet,South,BRILEY PKWYS,,,,0.00,N,Not at Intersection, ,Non-Junction,None,,,         ,Jonathan,Cavezza,Clear,Front to Rear,no,no,no,no,no,False
101479111,METROPOLITAN NASHVILLE POLICE DEPT,20161111833,Davidson,Nashville,12/16/2016 4:24:00 PM,2,0,0,36.081930,-86.758300,TROUSDALE DR,,,,300.00,Feet,North,HARDING PL,,,,0.00,N,Not at Intersection, ,,None,,,         ,Charles,Griffin,,,no,no,no,no,no,False
101479114,METROPOLITAN NASHVILLE POLICE DEPT,20161111901,Davidson,Nashville,12/16/2016 4:44:00 PM,2,0,0,36.131880,-86.895530,CHARLOTTE PKE,,,,0.00,,,I40 E ENT RAMP,,,,0.00,Y,Four-Way, ,,None,,,         ,Benjamin,Spees,,,no,no,no,no,no,False
101479128,METROPOLITAN NASHVILLE POLICE DEPT,20161111915,Davidson,Nashville,12/16/2016 5:19:00 PM,2,0,0,36.077520,-86.732360,HARDING PL,,,,250.00,Feet,West,MILNER DR,,,,0.00,N,Not at Intersection, ,,None,,,         ,Charles,Griffin,,,no,no,no,no,no,False
101479139,METROPOLITAN NASHVILLE POLICE DEPT,20161112028,Davidson,Nashville,12/16/2016 5:56:00 PM,2,0,0,36.157700,-86.772460,2ND AVS,,,,115.00,Feet,South,KOREAN VETERANS BLVD,,,,0.00,N,Not at Intersection,N,Non-Junction,None,,,         ,Pedro,Rivera Chaparro,Clear,Front to Rear,no,no,no,no,yes,False
101479142,METROPOLITAN NASHVILLE POLICE DEPT,20161112029,Davidson,Nashville,12/16/2016 12:00:00 AM,2,0,0,36.207020,-86.791600,BAPTIST WORLD CENTER DR,,,,0.00,,,W TRINITY LN,,,,0.00,Y,Four-Way, ,Intersection,None,,,         ,Adam,Gartner,Clear,Angle,no,no,no,no,yes,False
101479143,METROPOLITAN NASHVILLE POLICE DEPT,20161111856,Davidson,Nashville,12/16/2016 4:45:00 PM,2,0,0,36.143580,-86.777230,I 65,,,,0.00,,,,,,,82.05,N,Not at Intersection,N,Non-Junction,None,,,         ,Nicholas,Carroll,Clear,Front to Rear,no,no,no,no,no,False
101479145,METROPOLITAN NASHVILLE POLICE DEPT,20161111864,Davidson,Nashville,12/16/2016 4:56:00 PM,3,0,0,36.141950,-86.816230,32ND AVS,,,,0.00,,,WEST END AV,,,,0.00,Y,T-Intersection,N,Intersection-Related,None,,,         ,Tien,Nguyen,Clear,Angle,no,no,no,no,no,Campus
101479146,METROPOLITAN NASHVILLE POLICE DEPT,20161111975,Davidson,Nashville,12/16/2016 5:40:00 PM,2,1,0,36.150000,-86.802200,WEST END AV,,,,337.00,Feet,West,21ST AVN,,,,0.00,N,Not at Intersection,N,Non-Junction,None,,,         ,Ralph,Smith IV,Clear,Angle,no,no,no,no,no,Campus
101479150,METROPOLITAN NASHVILLE POLICE DEPT,20161111805,Davidson,Nashville,12/16/2016 3:34:00 PM,2,2,0,36.175230,-86.805430,16TH AVN,,,,0.00,Feet,,COCKRILL ST,,,,0.00,Y,Four-Way,Y,Intersection-Related,None,,,         ,Michael,Brooks,Clear,Angle,no,no,no,no,no,False
101479151,METROPOLITAN NASHVILLE POLICE DEPT,20161111906,Davidson,Nashville,12/16/2016 3:40:00 PM,2,0,0,36.188300,-86.796840,DOMINICAN DR,,,,0.00,,,FRENCH LANDING DR,,,,0.00,Y,T-Intersection, ,Intersection,None,,,         ,Michael,Brooks,Cloudy,Angle,no,no,no,no,no,False
101479154,METROPOLITAN NASHVILLE POLICE DEPT,20161111882,Davidson,Nashville,12/16/2016 5:04:00 PM,2,1,0,36.240380,-86.752340,I 65,,,,0.00,,,,,,,90.30,N,Not at Intersection,N,Non-Junction,None,,,         ,Samuel,Miller,Cloudy,Front to Rear,no,no,no,no,no,False
101479168,METROPOLITAN NASHVILLE POLICE DEPT,20161112108,Davidson,Nashville,12/16/2016 5:14:00 PM,2,1,0,36.156010,-86.788850,BROADWAY,,,,0.00,,,I40 W ENT RAMP,,,,0.00,Y,Four-Way,N,Intersection,None,,,         ,Ralph,Smith IV,Clear,Angle,no,no,no,no,no,False
101479175,GOODLETTSVILLE POLICE DEPT,16-43568,Davidson,Goodlettsville,12/16/2016 5:56:00 PM,1,0,0,36.315263,-86.694370,WINDSOR GREEN BLVD,,,,0.00,,,WINDSOR TRC,,,,0.00,Y,Roundabout, ,Intersection-Related,None,,,         ,Shane,Farrell,Clear,Not Collision with Motor Vehicle in Transport,no,no,no,no,no,False
101479176,METROPOLITAN NASHVILLE POLICE DEPT,20161112136,Davidson,Nashville,12/16/2016 5:47:00 PM,2,0,0,36.142930,-86.815750,31ST AVN,,,,141.00,Feet,North,WEST END AV,,,,0.00,N,Not at Intersection, ,Non-Junction,None,,,         ,Tien,Nguyen,Clear,"Sideswipe, Same Direction",no,no,no,no,no,Campus
101479188,METROPOLITAN NASHVILLE POLICE DEPT,20161111985,Davidson,Nashville,12/16/2016 12:00:00 AM,2,0,0,36.219970,-86.762290,DICKERSON PKE,,,,0.00,,,ALHAMBRA CIR,,,,0.00,Y,T-Intersection,N,Intersection-Related,None,,,         ,Gordon,Stovall,Clear,"Sideswipe, Same Direction",no,no,no,no,yes,False
101479204,METROPOLITAN NASHVILLE POLICE DEPT,20161111724,Davidson,Nashville,12/16/2016 4:03:00 PM,2,0,0,36.150370,-86.857050,CHARLOTTE PKE,,,,50.00,Feet,East,ORLANDO AV,,,,0.00,N,Not at Intersection,N,"Driveway, Alley Access, etc",None,,,         ,Barrett,Teague,Clear,Angle,no,no,no,no,yes,False