master_record_number,agency,agency_tracking_number,county,city,collision_date,vehicles_involved,number_injured,number_dead,latitude,longitude,roadway_name,roadway_suffix,roadway_number,roadway_local_id,distance_from_reference,miles-feet_indicator,direction_from_reference,intersection_road_name,intersection_road_name_suffix,intersection_road_number,intersection_local_id,mile_marker,intersection_indicator,intersect_type,interchange_related_indicator,relation_to_junction,work_zone_type,construction_maintenance_zone,construction_maintenance_zone_location,fatal_case_number,officer_first_name,officer_last_name,weather_condition(s),manner_of_crash,pedestrian,bicycle,scooter,parking,hitrun,mou
101479209,METROPOLITAN NASHVILLE POLICE DEPT,20161112208,Davidson,Nashville,12/16/2016 7:06:00 PM,2,0,0,36.147460,-86.744290,I 40,,,,0.00,,,,,,,212.00,N,Not at Intersection, ,Non-Junction,None,,,         ,Jonathan,Cavezza,Clear,"Sideswipe, Same Direction",no,no,no,no,no,False
101479212,METROPOLITAN NASHVILLE POLICE DEPT,20161111642,Davidson,Nashville,12/16/2016 3:37:00 PM,3,3,0,36.081140,-86.646080,MURFREESBORO PKE,,,,160.00,Feet,South,SCOTT VALLEY DR,,,,0.00,N,Not at Intersection,N,Non-Junction,None,,,         ,Alyson,Cook,Clear,Angle,no,no,no,no,yes,False
101479215,METROPOLITAN NASHVILLE POLICE DEPT,20161112153,Davidson,Nashville,12/16/2016 6:27:00 PM,2,0,0,36.085280,-86.728560,NOLENSVILLE PKE,,,,200.00,Feet,North,PARAGON MILLS RD,,,,0.00,N,Not at Intersection, ,Non-Junction,None,,,         ,Charles,Griffin,Clear,Front to Rear,no,no,no,no,no,False
101479224,METROPOLITAN NASHVILLE POLICE DEPT,20161112094,Davidson,Nashville,12/16/2016 7:33:00 PM,2,0,0,36.123230,-86.749710,I 440,,,,0.00,,,,,,,6.40,N,Not at Intersection, ,Non-Junction,None,,,         ,Marcus,Darden,Clear,Front to Rear,no,no,no,no,no,False
101479228,METROPOLITAN NASHVILLE POLICE DEPT,20161111815,Davidson,Nashville,12/16/2016 4:39:00 PM,2,0,0,36.149190,-86.747120,I 40,,,,0.00,,,,,,,211.80,N,Not at Intersection, ,Non-Junction,None,,,         ,Dontaveous,Eubanks,Clear,"Sideswipe, Same Direction",no,no,no,no,no,False
101479229,METROPOLITAN NASHVILLE POLICE DEPT,20161111948,Davidson,Nashville,12/16/2016 5:29:00 PM,2,0,0,36.148250,-86.745520,I 40,,,,0.00,,,,,,,211.90,N,Not at Intersection, ,Non-Junction,None,,,         ,Dontaveous,Eubanks,Clear,Angle,no,no,no,no,no,False
101479231,METROPOLITAN NASHVILLE POLICE DEPT,20161111880,Davidson,Nashville,12/16/2016 5:04:00 PM,4,2,0,36.154060,-86.838070,I 40,,,,0.00,,,,,,,205.05,N,Not at Intersection,N,Non-Junction,None,,,         ,Justin,Coyle,Clear,Front to Rear,no,no,no,no,no,False
101479234,METROPOLITAN NASHVILLE POLICE DEPT,20161112192,Davidson,Not in City Limit,12/16/2016 5:21:00 PM,2,0,0,35.990770,-86.683110,NOLENSVILLE RD,,,,195.00,Feet,South,BURKITT RD,,,,0.00,N,Not at Intersection,N,Non-Junction,None,,,         ,Joseph,Progar,Cloudy,Front to Rear,no,no,no,no,no,False
101479236,METROPOLITAN NASHVILLE POLICE DEPT,20161111950,Davidson,Antioch,12/16/2016 6:00:00 PM,3,0,0,36.047840,-86.612050,MURFREESBORO PKE,,,,1284.00,Feet,North,MOUNTAIN SPRINGS RD,,,,0.00,N,Not at Intersection,N,Non-Junction,None,,,         ,Jessie,Meadows,Clear,Front to Rear,no,no,no,no,no,False
101479243,METROPOLITAN NASHVILLE POLICE DEPT,20161111969,Davidson,Nashville,12/16/2016 5:30:00 PM,2,0,0,36.154220,-86.873900,IVY ST,,,,400.00,Feet,East,CROLEY DR,,,,0.00,N,Not at Intersection, ,"Driveway, Alley Access, etc",None,,,         ,Nathan,Dungan,Clear,Angle,no,no,no,no,no,False
101479245,METROPOLITAN NASHVILLE POLICE DEPT,20161111871,Davidson,Nashville,12/16/2016 5:01:00 PM,2,1,0,36.091380,-86.704420,I 24,,,,0.00,,,,,,,55.25,N,Not at Intersection,N,Non-Junction,None,,,         ,Nakia,Reid,Clear,Front to Rear,no,no,no,no,no,False
101479274,METROPOLITAN NASHVILLE POLICE DEPT,20161111954,Davidson,Nashville,12/16/2016 5:32:00 PM,3,3,0,36.156510,-86.848820,51ST AVN,,,,0.00,,,INDIANA AV,,,,0.00,Y,Four-Way,Y,Intersection,None,,,         ,Barrett,Teague,Clear,Angle,no,no,no,no,no,False
101479282,METROPOLITAN NASHVILLE POLICE DEPT,2016-1112091,Davidson,Nashville,12/16/2016 6:21:00 PM,3,1,0,36.124980,-86.847640,HARDING PKE,,,,0.00,,,WHITE BRIDGE PKE,,,,0.00,Y,Four-Way,N,Intersection,None,,,         ,Ryan,Allen,Clear,Angle,no,no,no,no,no,False
101479286,METROPOLITAN NASHVILLE POLICE DEPT,20161112038,Davidson,Nashville,12/16/2016 6:00:00 PM,2,1,0,36.232530,-86.758750,DICKERSON PKE,,,,225.00,Feet,South,MAPLEWOOD TRC,,,,0.00,N,Not at Intersection,N,Non-Junction,None,,,         ,Charles,Wakefield,Clear,"Sideswipe, Same Direction",no,no,no,no,no,False
101479287,METROPOLITAN NASHVILLE POLICE DEPT,20161112266,Davidson,Nashville,12/16/2016 7:30:00 PM,2,0,0,36.146670,-86.808980,WEST END AV,,,,120.00,Feet,West,25TH AVN,,,,0.00,N,Not at Intersection, ,Non-Junction,None,,,         ,Eric,Burford,Clear,"Sideswipe, Same Direction",no,no,no,no,no,Campus
101479291,METROPOLITAN NASHVILLE POLICE DEPT,20161112170,Davidson,Nashville,12/16/2016 6:55:00 PM,2,4,0,36.170990,-86.601600,OLD HICKORY BLVD,,,,62.00,Feet,North,I40 W EXT RAMP,,,,0.00,N,Not at Intersection,N,OtherLocation,None,,,         ,Christopher,Mackey,Clear,Other,no,no,no,no,no,False
101479302,METROPOLITAN NASHVILLE POLICE DEPT,20161112459,Davidson,Nashville,12/16/2016 7:43:00 PM,1,0,0,36.072190,-86.625140,KINWOOD DR,,,,0.00,Feet,East,FOREST VIEW DR,,,,0.00,N,Not at Intersection,N,Non-Junction,None,,,         ,Alyson,Cook,Clear,Not Collision with Motor Vehicle in Transport,no,no,no,yes,yes,False
101479321,METROPOLITAN NASHVILLE POLICE DEPT,20161112433,Davidson,Not in City Limit,12/16/2016 8:15:00 PM,2,0,0,36.261530,-86.712430,GALLATIN PKES,,,,109.00,Feet,North,MAPLE ST,,,,0.00,N,Not at Intersection, ,Non-Junction,None,,,         ,Cecilia,Gomez,Clear,"Sideswipe, Opposite Direction",no,no,no,yes,yes,False
101479326,METROPOLITAN NASHVILLE POLICE DEPT,20161112303,Davidson,Nashville,12/16/2016 6:00:00 PM,2,0,0,36.173030,-86.792400,9TH AVN,,,,0.00,,,JEFFERSON ST,,,,0.00,Y,OTHER,N,Non-Junction,None,,,         ,Landon,Bagwell,Cloudy,Other,no,no,no,yes,yes,False
101479339,METROPOLITAN NASHVILLE POLICE DEPT,20161111986,Davidson,Nashville,12/16/2016 5:30:00 PM,2,6,0,36.169080,-86.809630,JEFFERSON ST,,,,7.00,Feet,West,21ST AVN,,,,0.00,N,Not at Intersection,N,Non-Junction,None,,,         ,Charles,Holmes,Clear,HeadOn,no,no,no,no,no,False
101479368,METROPOLITAN NASHVILLE POLICE DEPT,20161112321,Davidson,Nashville,12/16/2016 8:03:00 PM,2,0,0,36.120320,-86.666700,DONELSON PKE,,,,1390.00,Feet,North,HANGAR LN,,,,0.00,N,Not at Intersection,N,Non-Junction,None,,,         ,Michael,Apsey,Clear,Front to Rear,no,no,no,no,no,False
101479369,METROPOLITAN NASHVILLE POLICE DEPT,2016-1112539,Davidson,Nashville,12/16/2016 8:37:00 PM,1,0,0,36.061210,-86.911760,HIGHWAY 100,,,,243.00,Feet,West,WARNER NATURE CTR PVTDR,,,,0.00,N,Not at Intersection, ,Non-Junction,None,,,         ,Ryan,Allen,Clear,Not Collision with Motor Vehicle in Transport,no,no,no,no,no,False
101479370,METROPOLITAN NASHVILLE POLICE DEPT,20161112314,Davidson,Nashville,12/16/2016 7:55:00 PM,2,0,0,36.124290,-86.696340,BRILEY PKWY,,,,0.00,,,VULTEE BLVD,,,,0.00,Y,Four-Way,N,Non-Junction,None,,,         ,Patrick,Taylor,Clear,"Sideswipe, Same Direction",no,no,no,no,yes,False
101479373,METROPOLITAN NASHVILLE POLICE DEPT,20161112040,Davidson,Nashville,12/16/2016 6:03:00 PM,2,0,0,36.173590,-86.602150,CENTRAL PKE,,,,0.00,,,OLD HICKORY BLVD,,,,0.00,Y,Four-Way,N,Intersection,None,,,         ,Jefferson,Hughes,Clear,"Sideswipe, Opposite Direction",no,no,no,no,no,False
101479410,METROPOLITAN NASHVILLE POLICE DEPT,2016-1112599,Davidson,Nashville,12/16/2016 9:12:00 PM,2,0,0,36.061210,-86.911760,HIGHWAY 100,,,,243.00,Feet,West,WARNER NATURE CTR PVTDR,,,,0.00,N,Not at Intersection,N,Non-Junction,None,,,         ,Ryan,Allen,Clear,Front to Rear,no,no,no,no,no,False
101479413,GOODLETTSVILLE POLICE DEPT,16-43561,Davidson,Goodlettsville,12/16/2016 4:35:00 PM,3,0,0,36.296290,-86.715330,I 65,,,,0.00,,,,,,,94.80,N,Not at Intersection,N,Non-Junction,None,,,         ,Charles,Hauskin,Clear,Front to Rear,no,no,no,no,no,False
101479415,METROPOLITAN NASHVILLE POLICE DEPT,20161112601,Davidson,Nashville,12/16/2016 9:21:00 PM,2,2,0,36.082100,-86.761700,HARDING PL,,,,0.00,,,SIDCO DR,,,,0.00,Y,Four-Way,N,Intersection-Related,None,,,         ,Tien,Nguyen,Blowing Sand/Soil/Dirt,Angle,no,no,no,no,no,False
101479417,METROPOLITAN NASHVILLE POLICE DEPT,2016-1112248,Davidson,Nashville,12/16/2016 7:27:00 PM,2,0,0,36.129140,-86.772860,I 65,,,,0.00,,,,,,,81.00,N,Not at Intersection, ,Non-Junction,None,,,         ,Austin,Kendrick,Clear,"Sideswipe, Same Direction",no,no,no,no,no,False
101479419,METROPOLITAN NASHVILLE POLICE DEPT,20161112228,Davidson,Nashville,12/16/2016 6:44:00 PM,2,0,0,36.075470,-86.920970,BELLE FOREST SHOPPING CENTER P,,,,0.00,,,OLD HICKORY BLVD,,,,0.00,Y,T-Intersection, ,"Driveway, Alley Access, etc",None,,,         ,John,Thomas,Clear,Angle,no,no,no,no,no,False
101479427,METROPOLITAN NASHVILLE POLICE DEPT,20161112634,Davidson,Not in City Limit,12/16/2016 9:38:00 PM,2,1,0,36.276030,-86.689600,MYATT DR,,,,0.00,Feet,,MYATT CENTER LN,,,,0.00,Y,T-Intersection,Y,Intersection,None,,,         ,Samuel,Miller,Cloudy,Angle,no,no,no,no,no,False
101479432,METROPOLITAN NASHVILLE POLICE DEPT,20161112723,Davidson,Nashville,12/16/2016 10:17:00 PM,2,3,0,36.099370,-86.763830,I 65,,,,0.00,,,,,,,79.00,N,Not at Intersection,N,Non-Junction,None,,,         ,Charles,Griffin,Cloudy,Front to Rear,no,no,no,no,yes,False
101479475,METROPOLITAN NASHVILLE POLICE DEPT,20161112088,Davidson,Nashville,12/16/2016 6:15:00 PM,2,1,0,36.054940,-86.730000,MCMURRAY DR,,,,0.00,,,HILSON RD,,,,0.00,Y,T-Intersection,N,Non-Junction,None,,,         ,Eric,Thomas,Clear,Angle,no,no,no,no,no,False
101479500,METROPOLITAN NASHVILLE POLICE DEPT,20161112768,Davidson,Nashville,12/16/2016 12:00:00 AM,2,1,0,36.085020,-86.920680,OLD HICKORY BLVD,,,,68.00,Feet,South,AMBERWOOD CIR,,,,0.00,N,Not at Intersection,N,Non-Junction,None,,,         ,Jeffrey,Barfield,Clear,Unknown,no,no,no,no,yes,False
101479506,METROPOLITAN NASHVILLE POLICE DEPT,20161112727,Davidson,Not in City Limit,12/16/2016 10:15:00 PM,2,0,0,36.264210,-86.733860,HEAD DR,,,,0.00,Feet,North,OLD HICKORY BLVDW,,,,0.00,N,Not at Intersection,N,Non-Junction,None,,,         ,Devon,Morgan,Rain,"Sideswipe, Same Direction",no,no,no,no,no,False
101479515,METROPOLITAN NASHVILLE POLICE DEPT,20161112874,Davidson,Nashville,12/16/2016 11:37:00 PM,2,0,0,36.162020,-86.776280,3RD AVN,,,,197.00,Feet,North,BROADWAY,,,,0.00,N,Not at Intersection, ,Non-Junction,None,,,         ,Caleb,Rogan,Rain,"Sideswipe, Same Direction",no,no,no,no,no,False
101479516,METROPOLITAN NASHVILLE POLICE DEPT,20161112790,Davidson,Nashville,12/16/2016 10:58:00 PM,2,0,0,36.217080,-86.696380,MUSIC VALLEY DR,,,,0.00,,,MCGAVOCK PKE,,,,0.00,Y,T-Intersection,N,Non-Junction,None,,,         ,Joseph,Zambardi,Clear,Front to Rear,no,no,no,no,no,False
101479524,METROPOLITAN NASHVILLE POLICE DEPT,20161112809,Davidson,Nashville,12/16/2016 11:08:00 PM,2,1,0,36.092780,-86.839740,ESTES RD,,,,6.00,Feet,North,HARDING PL,,,,0.00,N,Not at Intersection,N,Non-Junction,None,,,         ,Terrance,Stuckey,Clear,Angle,no,no,no,no,no,False
101479530,METROPOLITAN NASHVILLE POLICE DEPT,20161112929,Davidson,Nashville,12/17/2016 12:01:00 AM,2,1,0,36.154970,-86.627150,I40 E EXT RAMP,,,,0.00,,,I 40,,,,0.00,Y,T-Intersection,N,Entrance/Exit Ramp Related,None,,,         ,Bridget,Griepentrog,Rain,Front to Rear,no,no,no,no,no,False
101479531,METROPOLITAN NASHVILLE POLICE DEPT,2016-1112919,Davidson,Nashville,12/16/2016 11:56:00 PM,2,0,0,36.160150,-86.778230,5TH AVS,,,,130.00,Feet,South,BROADWAY,,,,0.00,N,Not at Intersection, ,Non-Junction,None,,,         ,Michael,Willis Jr.,Rain,"Sideswipe, Same Direction",no,no,no,no,no,False
101479537,METROPOLITAN NASHVILLE POLICE DEPT,20161112982,Davidson,Nashville,12/17/2016 12:00:00 AM,1,0,0,36.041640,-86.749040,OLD HICKORY BLVD,,,,61.00,Feet,East,HILL RD,,,,0.00,N,Not at Intersection,N,Non-Junction,None,,,         ,Jose,Salazar,Clear,Not Collision with Motor Vehicle in Transport,no,no,no,no,yes,False
101479539,METROPOLITAN NASHVILLE POLICE DEPT,20161112916,Davidson,Nashville,12/16/2016 11:49:00 PM,2,0,0,36.146960,-86.672150,ROYAL PKWY,,,,0.00,,,RACHEL DR,,,,0.00,Y,Four-Way,N,Intersection,None,,,         ,Leonard,Spadavecchia,Rain,Angle,no,no,no,no,no,False
101479541,METROPOLITAN NASHVILLE POLICE DEPT,20161112958,Davidson,Nashville,12/17/2016 12:15:00 AM,2,2,0,36.045480,-86.647290,CROSSINGS BLVD,,,,0.00,,,MT VIEW RD,,,,0.00,Y,Four-Way,N,Intersection,None,,,         ,David,Moser,Rain,Angle,no,no,no,no,no,False
101479544,METROPOLITAN NASHVILLE POLICE DEPT,20161113068,Davidson,Nashville,12/17/2016 12:48:00 AM,2,0,0,36.153790,-86.794410,WEST END AV,,,,0.00,,,17TH AVN,,,,0.00,Y,Four-Way,Y,Intersection,None,,,         ,Brian,Birch,Rain,Angle,no,no,no,no,yes,False
101479546,VANDERBILT UNIVERSITY POLICE,16-1109630,Davidson,Nashville,12/15/2016 11:50:00 PM,1,1,0,36.144500,-86.806290,25TH AVS,,,,0.00,,,,,,,0.00,,Not at Intersection,N,Non-Junction,None,,,         ,Michael,Walker,Clear,Not Collision with Motor Vehicle in Transport,no,no,no,no,no,Campus
101479553,METROPOLITAN NASHVILLE POLICE DEPT,20161113149,Davidson,Nashville,12/17/2016 1:45:00 AM,1,0,0,36.144810,-86.740080,I 40,,,,0.00,,,,,,,212.30,N,Not at Intersection,N,Non-Junction,None,,,         ,Joseph,Zambardi,Other,Not Collision with Motor Vehicle in Transport,no,no,no,no,no,False
101479556,METROPOLITAN NASHVILLE POLICE DEPT,20161113066,Davidson,Nashville,12/17/2016 1:00:00 AM,2,0,0,36.083060,-86.709270,HARDING PL,,,,326.00,Feet,South,LARGO DR,,,,0.00,N,Not at Intersection,N,Non-Junction,None,,,         ,Pamela,Caulder,Rain,Front to Rear,no,no,no,no,no,False
101479564,METROPOLITAN NASHVILLE POLICE DEPT,20161112936,Davidson,Nashville,12/17/2016 12:07:00 AM,3,3,0,36.067330,-86.692380,APACHE TRL,,,,0.00,,,HICKORY LAKE APTS PVTDR,,,,0.00,Y,T-Intersection,N,Non-Junction,None,,,         ,Dezmond,Hughes,Clear,Angle,no,no,no,no,no,False
101479571,METROPOLITAN NASHVILLE POLICE DEPT,2016-1112784,Davidson,Nashville,12/16/2016 10:00:00 PM,2,0,0,36.223670,-86.818640,CROUCH DR,,,,398.00,Feet,North,ERIC DR,,,,0.00,N,Not at Intersection,N,Non-Junction,None,,,         ,Anthony,Cavis,Rain,Unknown,no,no,no,no,yes,False
101479579,METROPOLITAN NASHVILLE POLICE DEPT,20161113027,Davidson,Nashville,12/17/2016 12:45:00 AM,2,0,0,36.127100,-86.843520,WOODLAWN DR,,,,201.00,Feet,South,HARDING PKE,,,,0.00,N,Not at Intersection,N,Non-Junction,None,,,         ,Benjamin,Fisher,Rain,"Sideswipe, Opposite Direction",no,no,no,yes,no,False
101479601,METROPOLITAN NASHVILLE POLICE DEPT,20161113455,Davidson,Nashville,12/17/2016 12:00:00 AM,2,0,0,36.087760,-86.781400,BATTERY LN,,,,404.00,Feet,East,DUSTIN LN,,,,0.00,N,Not at Intersection,N,Non-Junction,None,,,         ,Jose,Salazar,Clear,"Sideswipe, Opposite Direction",no,no,no,no,yes,False
101479602,METROPOLITAN NASHVILLE POLICE DEPT,20161113171,Davidson,Nashville,12/17/2016 12:23:00 AM,2,0,0,36.045730,-86.708230,OLD HICKORY BLVD,,,,534.00,Feet,West,HICKORY VALLEY CONDOS PVTDR,,,,0.00,N,Not at Intersection, ,Non-Junction,None,,,         ,Autumn,Manning,Rain,Front to Rear,no,no,no,no,no,False
101479604,METROPOLITAN NASHVILLE POLICE DEPT,20161113503,Davidson,Not in City Limit,12/17/2016 5:10:00 AM,1,1,0,36.280730,-86.931910,RIDGE RD,,,,1800.00,Feet,West,GRAYS POINT RD,,,,0.00,N,Not at Intersection,N,Non-Junction,None,,,         ,Matthew,Lachance,Rain,Not Collision with Motor Vehicle in Transport,no,no,no,no,no,False
101479605,METROPOLITAN NASHVILLE POLICE DEPT,20161113534,Davidson,Nashville,12/17/2016 5:20:00 AM,1,0,0,36.149750,-86.748100,I 40,,,,0.00,,,,,,,211.75,N,Not at Intersection,N,Non-Junction,None,,,         ,Anthony,Russo,Rain,Not Collision with Motor Vehicle in Transport,no,no,no,no,no,False
101479621,METROPOLITAN NASHVILLE POLICE DEPT,20161112974,Davidson,Nashville,12/17/2016 12:09:00 AM,1,0,0,36.234500,-86.746300,ELLINGTON PKWYS,,,,1.00,Feet,North,I65 S EXT RAMP,,,,0.00,N,Not at Intersection,N,Non-Junction,None,,,         ,Harris,Smith,Rain,Not Collision with Motor Vehicle in Transport,no,no,no,no,no,False
101479623,METROPOLITAN NASHVILLE POLICE DEPT,20161113580,Davidson,Nashville,12/17/2016 6:18:00 AM,2,0,0,36.158890,-86.782110,8TH AVS,,,,0.00,,,BROADWAY,,,,0.00,Y,Four-Way, ,Intersection,None,,,         ,John,Anderson,Clear,Angle,no,no,no,no,no,False
101479626,METROPOLITAN NASHVILLE POLICE DEPT,20161113560,Davidson,Nashville,12/17/2016 5:51:00 AM,2,0,0,36.108590,-86.865620,HARDING PKE,,,,685.00,Feet,West,BELLEVUE DRW,,,,0.00,N,Not at Intersection, ,Non-Junction,None,,,         ,Terrance,Stuckey,Rain,"Sideswipe, Same Direction",no,no,no,no,no,False
101479628,GOODLETTSVILLE POLICE DEPT,16-43557,Davidson,Goodlettsville,12/16/2016 4:17:00 PM,2,0,0,36.295760,-86.715990,I 65,,,,0.00,,,,,,,94.80,N,Not at Intersection,N,Non-Junction,None,,,         ,Joseph,Waldron,Clear,Front to Rear,no,no,no,no,no,False
101479631,METROPOLITAN NASHVILLE POLICE DEPT,2016-1111031,Davidson,Nashville,12/16/2016 11:15:00 AM,2,0,0,36.153860,-86.794240,WEST END AV,,,,54.00,Feet,East,17TH AVN,,,,0.00,N,Not at Intersection,N,Non-Junction,None,,,         ,David,Anderson,Cloudy,"Sideswipe, Same Direction",no,no,no,no,yes,False
101479649,METROPOLITAN NASHVILLE POLICE DEPT,20161113592,Davidson,Nashville,12/17/2016 6:45:00 AM,1,2,0,36.139290,-86.727080,I24 W ENT RAMP,,,,0.00,Feet,East,I 40,,,,0.00,N,Not at Intersection,Y,Entrance/Exit Ramp Related,None,,,         ,Ralph,Harvey,Cloudy,Not Collision with Motor Vehicle in Transport,no,no,no,no,no,False
101479663,GOODLETTSVILLE POLICE DEPT,16-43565,Davidson,Goodlettsville,12/16/2016 4:35:00 PM,3,1,0,36.296000,-86.715700,I 65,,,,0.00,,,,,,,94.80,N,Not at Intersection,N,Non-Junction,None,,,         ,Charles,Hauskin,Clear,Front to Rear,no,no,no,no,no,False
101479665,METROPOLITAN NASHVILLE POLICE DEPT,20161113699,Davidson,Nashville,12/17/2016 7:10:00 AM,2,0,0,36.183500,-86.610760,OLD HICKORY BLVD,,,,0.00,,,DODSON CHAPEL RD,,,,0.00,Y,Four-Way, ,Intersection-Related,None,,,         ,Christopher,Dickerson,Cloudy,Front to Rear,no,no,no,no,no,False
101479668,METROPOLITAN NASHVILLE POLICE DEPT,20161113686,Davidson,Nashville,12/17/2016 7:30:00 AM,1,1,0,36.121350,-86.826700,BOWLING AV,,,,278.00,Feet,South,MEADOW DR,,,,0.00,N,Not at Intersection,N,Non-Junction,None,,,         ,Michael,Phelps,Cloudy,Not Collision with Motor Vehicle in Transport,no,no,no,no,no,False
101479676,METROPOLITAN NASHVILLE POLICE DEPT,20161113790,Davidson,Nashville,12/17/2016 8:21:00 AM,1,0,0,36.214990,-86.701190,OPRY MILLS DR,,,,879.00,Feet,South,MCGAVOCK PKE,,,,0.00,N,Not at Intersection,N,Non-Junction,None,,,         ,Michael,Dance,Cloudy,Not Collision with Motor Vehicle in Transport,no,no,no,no,no,False
101479686,METROPOLITAN NASHVILLE POLICE DEPT,20161113703,Davidson,Nashville,12/17/2016 7:50:00 AM,2,0,0,36.158940,-86.792440,14TH AVN,,,,0.00,,,I40 E EXT RAMP,,,,0.00,Y,OTHER, ,Non-Junction,None,,,         ,William,Gibbs,Cloudy,Front to Rear,no,no,no,no,no,False
101479688,VANDERBILT UNIVERSITY POLICE,16- 1113755,Davidson,Nashville,12/17/2016 12:00:00 AM,2,0,0,36.142630,-86.806390,HIGHLAND AV,,,,0.00,,,,,,,0.00,,,N,OtherLocation,None,,,         ,Charles,Payton,Clear,"Sideswipe, Same Direction",no,no,no,yes,yes,Campus
101479703,METROPOLITAN NASHVILLE POLICE DEPT,2016-1113799,Davidson,Nashville,12/17/2016 8:53:00 AM,2,0,0,36.040450,-86.782600,I 65,,,,0.00,,,,,,,74.70,N,Not at Intersection,N,Entrance/Exit Ramp Related,None,,,         ,Timothy,Edwards,Cloudy,Angle,no,no,no,no,no,False
101479716,METROPOLITAN NASHVILLE POLICE DEPT,20161113891,Davidson,Nashville,12/17/2016 9:40:00 AM,2,0,0,36.186230,-86.763170,CLEVELAND ST,,,,0.00,,,N 5TH ST,,,,0.00,Y,Four-Way, ,Non-Junction,None,,,         ,Michael,Thompson,Cloudy,"Sideswipe, Same Direction",no,no,no,no,no,False
101479717,METROPOLITAN NASHVILLE POLICE DEPT,2016-1111401,Davidson,Nashville,12/16/2016 1:15:00 PM,2,0,0,36.136510,-86.785400,WADE AV,,,,253.00,Feet,West,10TH AVS,,,,0.00,N,Not at Intersection,N,Non-Junction,None,,,         ,David,Anderson,Cloudy,Rear to Rear,no,no,no,no,no,False
101479727,METROPOLITAN NASHVILLE POLICE DEPT,20161113997,Davidson,Nashville,12/17/2016 12:00:00 AM,1,0,0,36.193620,-86.673190,MCGAVOCK PKE,,,,78.00,Feet,North,TWO RIVERS MIDDLE SCHOOL PVTDR,,,,0.00,N,Not at Intersection,N,Non-Junction,None,,,         ,Richard,Hyatt,Unknown,Not Collision with Motor Vehicle in Transport,no,no,no,no,yes,False
101479730,METROPOLITAN NASHVILLE POLICE DEPT,20161113926,Davidson,Nashville,12/17/2016 10:00:00 AM,2,1,0,36.046670,-86.678480,BELL RD,,,,283.00,Feet,East,BRITTANY PARK DR,,,,0.00,N,Not at Intersection,N,Non-Junction,None,,,         ,Jedidayah,Merriweather,Cloudy,Front to Rear,no,no,no,no,no,False
101479731,METROPOLITAN NASHVILLE POLICE DEPT,20161113924,Davidson,Nashville,12/17/2016 10:00:00 AM,1,0,0,36.125370,-86.729620,I24 E ENT RAMP,,,,0.00,Feet,East,I 440,,,,0.00,N,Not at Intersection,Y,Entrance/Exit Ramp Related,None,,,         ,Rickie,Corman,Clear,Not Collision with Motor Vehicle in Transport,no,no,no,no,no,False
101479743,METROPOLITAN NASHVILLE POLICE DEPT,20161114012,Davidson,Nashville,12/17/2016 11:01:00 AM,2,1,0,36.039340,-86.785660,FRANKLIN PKE,,,,0.00,Feet,,FRANKLIN PIKE CIR,,,,0.00,Y,Four-Way,N,Intersection,None,,,         ,Brent,Bauer,Cloudy,Angle,no,no,no,no,no,False
101479764,METROPOLITAN NASHVILLE POLICE DEPT,20161113905,Davidson,Nashville,12/17/2016 9:55:00 AM,2,2,0,36.046010,-86.675600,BELL RD,,,,381.00,Feet,West,BLUE HOLE RD,,,,0.00,N,Not at Intersection,N,Non-Junction,None,,,         ,Roderic,Williams,Cloudy,Angle,no,no,no,no,no,False
101479789,METROPOLITAN NASHVILLE POLICE DEPT,20161113935,Davidson,Nashville,12/17/2016 12:00:00 AM,2,0,0,36.189370,-86.816630,25TH AVN,,,,377.00,Feet,North,DOWLAN ST,,,,0.00,N,Not at Intersection,N,Non-Junction,None,,,         ,Nicholas,MacDougall,Cloudy,HeadOn,no,no,no,no,yes,False
101479792,METROPOLITAN NASHVILLE POLICE DEPT,20161113921,Davidson,Nashville,12/17/2016 9:20:00 AM,2,0,0,36.226840,-86.603120,SHUTE LN,,,,192.00,Feet,North,SAUNDERSVILLE RD,,,,0.00,N,Not at Intersection, ,Non-Junction,None,,,         ,William,Walls,Cloudy,Front to Rear,no,no,no,no,no,False
101479797,METROPOLITAN NASHVILLE POLICE DEPT,20161114049,Davidson,Nashville,12/17/2016 11:30:00 AM,2,0,0,36.065900,-86.680620,ANTIOCH PKE,,,,196.00,Feet,West,REEVES RD,,,,0.00,N,Not at Intersection, ,Non-Junction,None,,,         ,Thomas,White,Rain,"Sideswipe, Opposite Direction",no,no,no,no,no,False
101479807,METROPOLITAN NASHVILLE POLICE DEPT,201611140991,Davidson,Nashville,12/17/2016 10:05:00 AM,2,0,0,36.078880,-86.758640,TROUSDALE DR,,,,268.00,Feet,South,RICHMAR DR,,,,0.00,N,Not at Intersection,N,Non-Junction,None,,,         ,Ryan,Cagle,Cloudy,"Sideswipe, Same Direction",no,no,no,no,yes,False
101479816,METROPOLITAN NASHVILLE POLICE DEPT,20161114019,Davidson,Not in City Limit,12/17/2016 11:08:00 AM,1,0,0,36.277870,-86.854120,OLD HICKORY BLVD,,,,2571.00,Feet,West,SHELLBARK DR,,,,0.00,N,Not at Intersection,N,Non-Junction,None,,,         ,James,Wray,Rain,Not Collision with Motor Vehicle in Transport,no,no,no,no,no,False