master_record_number,agency,agency_tracking_number,county,city,collision_date,vehicles_involved,number_injured,number_dead,latitude,longitude,roadway_name,roadway_suffix,roadway_number,roadway_local_id,distance_from_reference,miles-feet_indicator,direction_from_reference,intersection_road_name,intersection_road_name_suffix,intersection_road_number,intersection_local_id,mile_marker,intersection_indicator,intersect_type,interchange_related_indicator,relation_to_junction,work_zone_type,construction_maintenance_zone,construction_maintenance_zone_location,fatal_case_number,officer_first_name,officer_last_name,weather_condition(s),manner_of_crash,pedestrian,bicycle,scooter,parking,hitrun,mou
101479817,METROPOLITAN NASHVILLE POLICE DEPT,20161113939,Davidson,Nashville,12/17/2016 9:54:00 AM,2,0,0,36.255500,-86.714790,GALLATIN PKES,,,,222.00,Feet,North,MADISON BLVD,,,,0.00,N,Not at Intersection, ,Non-Junction,None,,,         ,DuJuan,Kendrick,Cloudy,Front to Rear,no,no,no,no,no,False
101479819,METROPOLITAN NASHVILLE POLICE DEPT,2016-1114121,Davidson,Nashville,12/17/2016 12:00:00 AM,2,0,0,36.138140,-86.764140,HAMILTON AV,,,,0.00,,,RAINS AV,,,,0.00,Y,T-Intersection,N,Intersection,None,,,         ,Jonathan,Seidl,Rain,Angle,no,no,no,no,yes,False
101479838,METROPOLITAN NASHVILLE POLICE DEPT,20161113827,Davidson,Nashville,12/17/2016 9:08:00 AM,4,1,0,36.040770,-86.782570,I 65,,,,0.00,,,,,,,74.70,N,Not at Intersection,N,Non-Junction,None,,,         ,Brian,Murphy,Cloudy,Angle,no,no,no,no,no,False
101479868,METROPOLITAN NASHVILLE POLICE DEPT,20161113962,Davidson,Nashville,12/17/2016 10:30:00 AM,2,0,0,36.167630,-86.787750,ROSA L PARKS BLVD,,,,0.00,,,10TH CIRN,,,,0.00,Y,T-Intersection,N,Intersection,None,,,         ,Wesley,Henderson,Cloudy,Angle,no,no,no,no,no,False
101479869,METROPOLITAN NASHVILLE POLICE DEPT,20161114185,Davidson,Nashville,12/17/2016 12:57:00 PM,2,0,0,36.024300,-86.742390,EDMONDSON PKE,,,,0.00,,,BANBURY STA,,,,0.00,Y,Four-Way, ,Intersection,None,,,         ,Timothy,Edwards,Cloudy,Front to Rear,no,no,no,no,no,False
101479873,BERRY HILL POLICE DEPT,16-4331,Davidson,Berry Hill,12/17/2016 9:32:00 AM,2,0,0,36.112300,-86.766670,THOMPSON LN,,,,101.00,Feet,East,BRANSFORD AV,,,,0.00,N,Not at Intersection, ,Non-Junction,None,,,         ,Ray,Ferguson,Cloudy,Rear to Rear,no,no,no,yes,no,False
101479910,METROPOLITAN NASHVILLE POLICE DEPT,20161114090,Davidson,Nashville,12/17/2016 11:50:00 AM,2,0,0,36.140460,-86.666450,DONELSON PKE,,,,34.00,Feet,North,I40 E EXT RAMP,,,,0.00,N,Not at Intersection, ,Non-Junction,None,,,         ,Scott,Toney,Cloudy,Angle,no,no,no,no,no,False
101479935,METROPOLITAN NASHVILLE POLICE DEPT,2016-1114147,Davidson,Nashville,12/17/2016 12:25:00 PM,3,1,0,36.086930,-86.777870,BATTERY LN,,,,0.00,Feet,East,CHURCHWOOD DR,,,,0.00,N,Not at Intersection,N,Non-Junction,None,,,         ,Sean,Williams,Clear,Front to Rear,no,no,no,no,yes,False
101479949,METROPOLITAN NASHVILLE POLICE DEPT,20161113729,Davidson,Nashville,12/17/2016 12:00:00 AM,1,0,0,36.223700,-86.806290,WHITES CREEK PKE,,,,0.00,,,KNIGHT DR,,,,0.00,Y,T-Intersection,N,Intersection,None,,,         ,Royce,McLester,Rain,Not Collision with Motor Vehicle in Transport,no,no,no,no,yes,False
101479975,METROPOLITAN NASHVILLE POLICE DEPT,20161114270,Davidson,Goodlettsville,12/17/2016 1:57:00 PM,2,1,0,36.300770,-86.694820,SHEPHERD HILLS DR,,,,0.00,Feet,,GALLATIN PKEN,,,,0.00,Y,Four-Way,Y,Intersection,None,,,         ,Spencer,Pittman,Cloudy,HeadOn,no,no,no,no,no,False
101479980,METROPOLITAN NASHVILLE POLICE DEPT,20161114261,Davidson,Nashville,12/17/2016 1:40:00 PM,2,0,0,36.195080,-86.776160,I 65,,,,0.00,,,,,,,86.55,N,Not at Intersection, ,,None,,,         ,Julie,Nabors,,,no,no,no,no,no,False
101480002,GOODLETTSVILLE POLICE DEPT,16-43707,Davidson,Goodlettsville,12/17/2016 2:48:00 PM,2,1,0,36.312280,-86.674100,VIETNAM VETERANS,BLVD,SR386,,1.04,Miles,East,CONFERENCE,DR,,,0.00,N,Not at Intersection,N,Non-Junction,None,,,         ,Jeremy,Baker,Cloudy,Front to Rear,no,no,no,no,no,False
101480003,GOODLETTSVILLE POLICE DEPT,16-43703,Davidson,Goodlettsville,12/17/2016 2:05:00 PM,2,0,0,36.324570,-86.703040,LONG HOLLOW PKE,,,,200.00,Feet,West,NORTHGATE DR,,,,0.00,N,Not at Intersection, ,Non-Junction,None,,,         ,Charles,Hauskin,Cloudy,"Sideswipe, Same Direction",no,no,no,no,no,False
101480017,METROPOLITAN NASHVILLE POLICE DEPT,20161114324,Davidson,Nashville,12/17/2016 3:00:00 PM,2,0,0,36.178040,-86.613810,JAMES KAY LN,,,,0.00,,,DODSON CHAPEL RD,,,,0.00,Y,T-Intersection,N,Intersection,None,,,         ,Jefferson,Hughes,Rain,Front to Rear,no,no,no,no,no,False
101480043,METROPOLITAN NASHVILLE POLICE DEPT,20161114250,Davidson,Nashville,12/17/2016 1:30:00 PM,3,2,0,36.200000,-86.688730,BRILEY PKWYS,,,,147.00,Feet,South,BRILEY PKWYN,,,,0.00,N,Not at Intersection,N,Non-Junction,None,,,         ,Gregory,Lindstrom,Cloudy,Angle,no,no,no,no,no,False
101480053,METROPOLITAN NASHVILLE POLICE DEPT,20161114323,Davidson,Nashville,12/17/2016 2:45:00 PM,2,1,0,36.136160,-86.726730,I 24,,,,0.00,,,,,,,52.25,N,Not at Intersection,N,Non-Junction,None,,,         ,Andrew,Mullen,Cloudy,Front to Rear,no,no,no,no,no,False
101480054,METROPOLITAN NASHVILLE POLICE DEPT,20161114241,Davidson,Nashville,12/17/2016 1:05:00 PM,2,0,0,36.169830,-86.607030,CENTRAL PKE EXIT RAMP,,,,0.00,,,I 40,,,,0.00,Y,Y-Intersection,Y,Entrance/Exit Ramp Related,None,,,         ,Terry,Denton,Clear,"Sideswipe, Same Direction",no,no,no,no,yes,False
101480055,METROPOLITAN NASHVILLE POLICE DEPT,20161114329,Davidson,Nashville,12/17/2016 2:30:00 PM,1,0,0,36.170200,-86.766230,I24 W ENT RAMP,,,,0.00,Feet,East,I 24,,,,0.00,N,Not at Intersection,Y,Entrance/Exit Ramp Related,None,,,         ,Steven,Frazier Jr.,Cloudy,Not Collision with Motor Vehicle in Transport,no,no,no,no,no,False
101480056,METROPOLITAN NASHVILLE POLICE DEPT,20161114349,Davidson,Nashville,12/17/2016 3:05:00 PM,2,0,0,36.086260,-86.699280,HARDING PL,,,,188.00,Feet,West,I24 W EXT RAMP,,,,0.00,N,Not at Intersection, ,,None,,,         ,Alyson,Cook,,,no,no,no,no,no,False
101480072,METROPOLITAN NASHVILLE POLICE DEPT,20161114382,Davidson,Nashville,12/17/2016 2:14:00 PM,2,0,0,36.049900,-86.649810,BELL RD,,,,95.00,Feet,West,MT VIEW RD,,,,0.00,N,Not at Intersection, ,Non-Junction,None,,,         ,Alyson,Cook,Clear,Front to Rear,no,no,no,no,no,False
101480084,METROPOLITAN NASHVILLE POLICE DEPT,20161114415,Davidson,Antioch,12/17/2016 3:34:00 PM,1,0,0,36.070610,-86.598870,FORRESTAL WAY,,,,51.00,Feet,South,SEASONS DR,,,,0.00,N,Not at Intersection, ,Non-Junction,None,,,         ,Alyson,Cook,Clear,Not Collision with Motor Vehicle in Transport,no,no,no,no,no,False
101480095,METROPOLITAN NASHVILLE POLICE DEPT,20161114472,Davidson,Nashville,12/17/2016 4:08:00 PM,2,0,0,36.147070,-86.757230,LAFAYETTE ST,,,,221.00,Feet,East,FAIRFIELD AV,,,,0.00,N,Not at Intersection,N,Non-Junction,None,,,         ,Kyle,Burks,Cloudy,Front to Rear,no,no,no,no,yes,False
101480103,METROPOLITAN NASHVILLE POLICE DEPT,20161114362,Davidson,Nashville,12/17/2016 3:13:00 PM,2,1,0,36.184820,-86.775160,I 24,,,,0.00,,,,,,,47.25,N,Not at Intersection,N,Non-Junction,None,,,         ,Benjamin,Leeper,Cloudy,Front to Rear,no,no,no,no,no,False
101480129,METROPOLITAN NASHVILLE POLICE DEPT,20161114546,Davidson,Nashville,12/17/2016 4:43:00 PM,2,0,0,36.176340,-86.766490,SPRING ST ENT RAMP,,,,0.00,,,ELLINGTON PKWYS,,,,0.00,Y,Y-Intersection, ,Non-Junction,None,,,         ,Amanda,Fox,Clear,Front to Rear,no,no,no,no,no,False
101480132,METROPOLITAN NASHVILLE POLICE DEPT,20161114559,Davidson,Nashville,12/17/2016 12:00:00 AM,2,0,0,36.223760,-86.745220,ELLINGTON PKWYN,,,,555.00,Feet,South,ELLINGTON PKWYS,,,,0.00,N,Not at Intersection, ,OtherLocation,None,,,         ,Christopher,Valdez,Clear,Unknown,no,no,no,yes,yes,False
101480151,METROPOLITAN NASHVILLE POLICE DEPT,20161114438,Davidson,Nashville,12/17/2016 3:45:00 PM,1,1,0,36.242840,-86.761720,SKYLINE COMMONS PVTDR,,,,0.00,Feet,East,DOVERSIDE DR,,,,0.00,N,Not at Intersection,N,Non-Junction,None,,,         ,Jordan,Vrbas,Cloudy,Not Collision with Motor Vehicle in Transport,no,no,no,yes,no,False
101480152,METROPOLITAN NASHVILLE POLICE DEPT,20161114598,Davidson,Nashville,12/17/2016 3:20:00 PM,2,0,0,36.243780,-86.756600,DICKERSON PKE,,,,40.00,Feet,South,SKYLINE MEMORIAL CT,,,,0.00,N,Not at Intersection,N,Non-Junction,None,,,         ,Jordan,Vrbas,Cloudy,"Sideswipe, Same Direction",no,no,no,no,yes,False
101480177,METROPOLITAN NASHVILLE POLICE DEPT,20161114545,Davidson,Nashville,12/17/2016 4:43:00 PM,2,0,0,36.142630,-86.707960,I 40,,,,0.00,,,,,,,214.30,N,Not at Intersection, ,Non-Junction,None,,,         ,Patrick,Taylor,Clear,Front to Rear,no,no,no,no,no,False
101480180,METROPOLITAN NASHVILLE POLICE DEPT,20161114609,Davidson,Nashville,12/17/2016 5:00:00 PM,2,0,0,36.070850,-86.635060,MURFREESBORO PKE,,,,498.00,Feet,South,BELL RD,,,,0.00,N,Not at Intersection, ,Non-Junction,None,,,         ,Candice,Soper,Clear,"Sideswipe, Same Direction",no,no,no,no,no,False
101480183,METROPOLITAN NASHVILLE POLICE DEPT,20161114690,Davidson,Not in City Limit,12/17/2016 5:29:00 PM,2,0,0,36.030100,-86.997160,HIGHWAY 100,,,,22.00,Feet,East,OLD HARDING PKE,,,,0.00,N,Not at Intersection,N,Non-Junction,None,,,         ,Jessica,Scott,Clear,"Sideswipe, Opposite Direction",no,no,no,no,yes,False
101480224,METROPOLITAN NASHVILLE POLICE DEPT,20161114773,Davidson,Nashville,12/17/2016 6:10:00 PM,2,1,0,36.156870,-86.632760,STEWARTS FERRY PKE,,,,29.00,Feet,West,LAUER DR,,,,0.00,N,Not at Intersection,N,Non-Junction,None,,,         ,Jonathan,Cavezza,Rain,Front to Rear,no,no,no,no,no,False
101480227,METROPOLITAN NASHVILLE POLICE DEPT,20161114871,Davidson,Nashville,12/17/2016 12:00:00 AM,2,0,0,36.168920,-86.758770,SHELBY AV,,,,258.00,Feet,East,S 6TH ST,,,,0.00,N,Not at Intersection,N,Non-Junction,None,,,         ,Steven,Frazier Jr.,Clear,"Sideswipe, Same Direction",no,no,no,no,yes,False
101480230,METROPOLITAN NASHVILLE POLICE DEPT,20161114547,Davidson,Nashville,12/17/2016 4:43:00 PM,1,0,0,36.203810,-86.683800,MELBOURNE DR,,,,64.00,Feet,North,DONNA HILL DR,,,,0.00,N,Not at Intersection,N,Non-Junction,None,,,         ,Jaby,Djabbarov,Clear,Not Collision with Motor Vehicle in Transport,no,no,no,no,no,False
101480235,METROPOLITAN NASHVILLE POLICE DEPT,20161114878,Davidson,Nashville,12/17/2016 7:10:00 PM,2,0,0,36.163250,-86.776070,1ST AVN,,,,0.00,,,DOWNTOWN GRNWY,,,,0.00,Y,OTHER, ,,None,,,         ,Wesley,Feinstein,,,no,no,no,no,no,False
101480237,METROPOLITAN NASHVILLE POLICE DEPT,20161114877,Davidson,Nashville,12/17/2016 6:22:00 PM,2,0,0,36.201180,-86.868880,BRILEY PKWYS,,,,1816.00,Feet,South,BRILEY PKWYN,,,,0.00,N,Not at Intersection, ,Non-Junction,None,,,         ,Melvin,Taylor,Cloudy,Front to Rear,no,no,no,no,yes,False
101480241,METROPOLITAN NASHVILLE POLICE DEPT,20161114826,Davidson,Nashville,12/17/2016 6:39:00 PM,2,1,0,36.207020,-86.791600,BAPTIST WORLD CENTER DR,,,,0.00,,,W TRINITY LN,,,,0.00,Y,Four-Way,N,Intersection,None,,,         ,Brandon,Rardin,Rain,Front to Rear,no,no,no,no,no,False
101480253,METROPOLITAN NASHVILLE POLICE DEPT,20161114395,Davidson,Nashville,12/17/2016 3:20:00 PM,4,1,0,36.203050,-86.776850,I 65,,,,0.00,,,,,,,87.10,N,Not at Intersection,N,Non-Junction,None,,,         ,Alexander,Georgeson,Cloudy,"Sideswipe, Same Direction",no,no,no,no,yes,False
101480259,METROPOLITAN NASHVILLE POLICE DEPT,20161114948,Davidson,Nashville,12/17/2016 7:30:00 PM,2,0,0,36.184220,-86.798060,ROSA L PARKS BLVD,,,,132.00,Feet,North,I65 N ENT RAMP,,,,0.00,N,Not at Intersection, ,Entrance/Exit Ramp Related,None,,,         ,Landon,Bagwell,Rain,"Sideswipe, Same Direction",no,no,no,no,no,False
101480260,METROPOLITAN NASHVILLE POLICE DEPT,20161115032,Davidson,Nashville,12/17/2016 6:12:00 PM,2,0,0,36.163450,-86.783530,7TH AVN,,,,0.00,,,UNION ST,,,,0.00,Y,Four-Way, ,,None,,,         ,Derek,Betty,,,no,no,no,no,no,False
101480279,METROPOLITAN NASHVILLE POLICE DEPT,20161114155,Davidson,Nashville,12/17/2016 12:38:00 PM,2,0,0,36.211270,-86.691130,BRILEY PKWYN,,,,489.00,Feet,South,BRILEY PKWY N EXT RAMP,,,,0.00,N,Not at Intersection, ,,None,,,         ,Ralph,Harvey,,,no,no,no,no,no,False
101480280,METROPOLITAN NASHVILLE POLICE DEPT,20161115133,Davidson,Nashville,12/17/2016 8:25:00 PM,2,0,0,36.182980,-86.773850,DICKERSON PKE,,,,71.00,Feet,South,GRACE ST,,,,0.00,N,Not at Intersection, ,Non-Junction,None,,,         ,Amanda,Fox,Clear,Rear to Rear,no,no,no,yes,yes,False
101480281,METROPOLITAN NASHVILLE POLICE DEPT,20161111633,Davidson,Nashville,12/16/2016 2:50:00 PM,2,0,0,36.180420,-86.747770,ORDWAY PL,,,,69.00,Feet,East,N 12TH ST,,,,0.00,N,Not at Intersection, ,Non-Junction,None,,,         ,Alexander,Georgeson,Cloudy,"Sideswipe, Opposite Direction",no,no,no,no,no,False
101480302,METROPOLITAN NASHVILLE POLICE DEPT,20161115087,Davidson,Nashville,12/17/2016 6:56:00 PM,2,0,0,36.233770,-86.702950,MUSIC VALLEY DR,,,,2265.00,Feet,East,PENNINGTON BEND RD,,,,0.00,N,Not at Intersection,N,Non-Junction,None,,,         ,Jaby,Djabbarov,Clear,Front to Rear,no,no,no,no,yes,False
101480322,METROPOLITAN NASHVILLE POLICE DEPT,20161115207,Davidson,Nashville,12/17/2016 8:52:00 PM,3,1,0,36.040660,-86.771730,OLD HICKORY BLVD,,,,200.00,Feet,West,SEVEN SPRINGS WAY PVTDR,,,,0.00,N,Not at Intersection,N,Non-Junction,None,,,         ,Charles,Griffin,Cloudy,Front to Rear,no,no,no,no,no,False
101480325,METROPOLITAN NASHVILLE POLICE DEPT,20161115165,Davidson,Nashville,12/17/2016 8:30:00 PM,2,0,0,36.151760,-86.768630,2ND AVS,,,,0.00,,,I40 W EXT RAMP,,,,0.00,Y,Four-Way,Y,Intersection,None,,,         ,Wesley,Feinstein,Clear,"Sideswipe, Same Direction",no,no,no,no,no,False
101480331,METROPOLITAN NASHVILLE POLICE DEPT,20161114764,Davidson,Nashville,12/17/2016 6:27:00 PM,3,3,0,36.203150,-86.689460,BRILEY PKWYS,,,,415.00,Feet,West,BRILEY PKWYN,,,,0.00,N,Not at Intersection,N,Non-Junction,None,,,         ,Brian,Smith,Clear,Front to Rear,no,no,no,no,no,False
101480336,METROPOLITAN NASHVILLE POLICE DEPT,20161114596,Davidson,Nashville,12/17/2016 5:00:00 PM,2,0,0,36.145580,-86.666690,DONELSON PKE,,,,140.00,Feet,South,ROYAL PKWY,,,,0.00,N,Not at Intersection,N,Non-Junction,None,,,         ,Brent,Hedgcoth,Clear,"Sideswipe, Same Direction",no,no,no,no,yes,False
101480341,METROPOLITAN NASHVILLE POLICE DEPT,20161115128,Davidson,Nashville,12/17/2016 8:15:00 PM,1,1,0,36.169920,-86.769830,WOODLAND ST,,,,443.00,Feet,West,INTERSTATE DR,,,,0.00,N,Not at Intersection,N,Non-Junction,None,,,         ,Jonathan,Weeks,Cloudy,Not Collision with Motor Vehicle in Transport,yes,no,no,no,no,False
101480376,METROPOLITAN NASHVILLE POLICE DEPT,20161115427,Davidson,Nashville,12/17/2016 10:33:00 PM,1,0,0,36.219920,-86.736250,SAUNDERS AV,,,,981.00,Feet,North,EDWARDS AV,,,,0.00,N,Not at Intersection, ,Non-Junction,None,,,         ,Christopher,Valdez,Cloudy,Not Collision with Motor Vehicle in Transport,no,no,no,no,no,False
101480403,METROPOLITAN NASHVILLE POLICE DEPT,20161114360,Davidson,Nashville,12/17/2016 2:37:00 PM,2,0,0,36.053930,-86.691210,TUSCULUM RD,,,,0.00,,,LUKER LN,,,,0.00,Y,T-Intersection,N,Intersection-Related,None,,,         ,Nakia,Reid,Cloudy,"Sideswipe, Opposite Direction",no,no,no,no,yes,False
101480410,METROPOLITAN NASHVILLE POLICE DEPT,20161115340,Davidson,Nashville,12/17/2016 9:48:00 PM,3,1,0,36.063300,-86.690350,PACKARD DR,,,,152.00,Feet,East,BRENDA LN,,,,0.00,N,Not at Intersection,N,Non-Junction,None,,,         ,Andrew,Mullen,Cloudy,Angle,no,no,no,no,no,False
101480413,METROPOLITAN NASHVILLE POLICE DEPT,20161115058,Davidson,Nashville,12/17/2016 8:00:00 PM,1,1,0,36.045660,-86.710230,OLD HICKORY BLVD,,,,903.00,Feet,East,NOLENSVILLE PKE,,,,0.00,N,Not at Intersection,N,OtherLocation,None,,,         ,Victoria,Cunningham,Severe Cross-Winds,Not Collision with Motor Vehicle in Transport,yes,no,no,yes,yes,False
101480417,METROPOLITAN NASHVILLE POLICE DEPT,20161115547,Davidson,Nashville,12/17/2016 11:21:00 PM,1,1,0,36.162900,-86.776860,3RD AVN,,,,0.00,,,COMMERCE ST,,,,0.00,Y,Four-Way,N,Intersection-Related,None,,,         ,Ruben,Mariano,Rain,Not Collision with Motor Vehicle in Transport,yes,no,no,no,no,False
101480429,METROPOLITAN NASHVILLE POLICE DEPT,20161115590,Davidson,Nashville,12/17/2016 11:45:00 PM,2,0,0,36.044470,-86.650970,HICKORY HOLLOW PKWY,,,,0.00,Feet,,CROSSINGS BLVD,,,,0.00,Y,T-Intersection,Y,Intersection-Related,None,,,         ,Andrew,Swint,Rain,HeadOn,no,no,no,no,no,False
101480434,BERRY HILL POLICE DEPT,16-4341,Davidson,Berry Hill,12/18/2016 12:17:00 AM,2,0,0,36.112330,-86.767020,THOMPSON LN,,,,0.00,,,BRANSFORD AV,,,,0.00,Y,Four-Way,N,Intersection-Related,None,,,         ,Kevin,Spencer,Rain,Angle,no,no,no,no,no,False
101480442,METROPOLITAN NASHVILLE POLICE DEPT,20161115636,Davidson,Nashville,12/17/2016 11:32:00 PM,1,0,0,36.159940,-86.776500,4TH AVS,,,,0.00,,,SYMPHONY PL,,,,0.00,Y,OTHER,N,Non-Junction,None,,,         ,Damon,Hutcheson,Rain,Not Collision with Motor Vehicle in Transport,no,no,no,yes,yes,False
101480443,METROPOLITAN NASHVILLE POLICE DEPT,20161115587,Davidson,Nashville,12/17/2016 11:47:00 PM,2,2,0,36.239200,-86.779930,BRILEY PKWY W EXT RAMP,,,,0.00,Feet,East,BRILEY PKWY W ENT RAMP,,,,0.00,N,Not at Intersection,Y,Entrance/Exit Ramp Related,None,,,         ,Christina,Buckner,Rain,HeadOn,no,no,no,no,no,False
101480450,METROPOLITAN NASHVILLE POLICE DEPT,20161115704,Davidson,Nashville,12/18/2016 12:55:00 AM,1,0,0,36.163360,-86.785020,ROSA L PARKS AV,,,,182.00,Feet,North,UNION ST,,,,0.00,N,Not at Intersection,N,Unknown,Unknown,Unknown,Unknown,         ,Kelcey,Bell,Rain,Unknown,no,no,no,no,no,False
101480477,METROPOLITAN NASHVILLE POLICE DEPT,20161115607,Davidson,Nashville,12/17/2016 11:50:00 PM,1,0,0,36.228950,-86.772420,I 65,,,,0.00,,,,,,,88.90,N,Not at Intersection, ,,None,,,         ,Michael,Richardson,,,no,no,no,no,no,False
101480480,METROPOLITAN NASHVILLE POLICE DEPT,20161115723,Davidson,Nashville,12/18/2016 1:06:00 AM,1,0,0,36.157530,-86.790070,I40 W ENT RAMP,,,,0.00,,,GEORGE L DAVIS BLVD,,,,0.00,Y,OTHER,Y,Entrance/Exit Ramp Related,None,,,         ,Kevin,Ott,Rain,Not Collision with Motor Vehicle in Transport,no,no,no,no,no,False
101480481,METROPOLITAN NASHVILLE POLICE DEPT,20161115694,Davidson,Nashville,12/18/2016 12:48:00 AM,1,0,0,36.129890,-86.899330,I 40,,,,0.00,,,,,,,201.00,N,Not at Intersection,N,Non-Junction,None,,,         ,Benjamin,Fisher,Rain,Not Collision with Motor Vehicle in Transport,no,no,no,no,no,False
101480482,METROPOLITAN NASHVILLE POLICE DEPT,20161115720,Davidson,Nashville,12/18/2016 1:00:00 AM,1,1,0,36.240120,-86.785730,I 24,,,,0.00,,,,,,,43.40,N,Not at Intersection,N,Non-Junction,None,,,         ,Devon,Morgan,Rain,Not Collision with Motor Vehicle in Transport,no,no,no,no,no,False
101480488,METROPOLITAN NASHVILLE POLICE DEPT,20161115582,Davidson,Nashville,12/17/2016 11:39:00 PM,2,0,0,36.140380,-86.778520,8TH AVS,,,,133.00,Feet,South,VERNON AV,,,,0.00,N,Not at Intersection,N,Non-Junction,None,,,         ,Stephen,Waterman,Rain,"Sideswipe, Opposite Direction",no,no,no,no,no,False
101480491,METROPOLITAN NASHVILLE POLICE DEPT,20161115772,Davidson,Nashville,12/18/2016 1:37:00 AM,2,0,0,36.216690,-86.693300,MCGAVOCK PKE,,,,60.00,Feet,West,MCGAVOCK PKE EB EXT RAMP,,,,0.00,N,Not at Intersection,N,Non-Junction,None,,,         ,Joseph,Zambardi,Rain,Angle,no,no,no,no,no,False
101480494,METROPOLITAN NASHVILLE POLICE DEPT,20161115844,Davidson,Nashville,12/18/2016 2:30:00 AM,1,0,0,36.216210,-86.604750,SHUTE LN,,,,582.00,Feet,North,LEBANON PKE,,,,0.00,N,Not at Intersection, ,Non-Junction,None,,,         ,Sean,Wuethrich,Rain,Not Collision with Motor Vehicle in Transport,no,no,no,yes,no,False
101480497,METROPOLITAN NASHVILLE POLICE DEPT,20161115692,Davidson,Nashville,12/18/2016 12:40:00 AM,1,0,0,36.050550,-86.667740,I 24,,,,0.00,,,,,,,58.80,N,Not at Intersection,N,Non-Junction,None,,,         ,Pamela,Caulder,Rain,Not Collision with Motor Vehicle in Transport,no,no,no,no,no,False
101480498,GOODLETTSVILLE POLICE DEPT,16-43771,Davidson,Goodlettsville,12/18/2016 1:46:00 AM,2,0,0,36.307007,-86.694336,CONFERENCE,DR,,,0.00,,,VIETNAM VETERANS,BLVD,SR386,,0.00,Y,T-Intersection, ,Intersection,None,,,         ,Shane,Farrell,Rain,Angle,no,no,no,no,no,False
101480504,METROPOLITAN NASHVILLE POLICE DEPT,20161115747,Davidson,Nashville,12/18/2016 1:05:00 AM,2,0,0,36.074720,-86.635010,BELL RD,,,,0.00,,,ANDERSON RD,,,,0.00,Y,T-Intersection,Y,Intersection,None,,,         ,Douglas,Sykes,Rain,Angle,no,no,no,no,no,False
101480506,METROPOLITAN NASHVILLE POLICE DEPT,20161115752,Davidson,Nashville,12/18/2016 12:00:00 AM,3,0,0,36.124210,-86.740100,I 440,,,,0.00,,,,,,,6.85,N,Not at Intersection,N,Non-Junction,None,,,         ,Brian,Mclarty,Rain,"Sideswipe, Same Direction",no,no,no,no,no,False
101480509,METROPOLITAN NASHVILLE POLICE DEPT,20161115633,Davidson,Nashville,12/18/2016 12:05:00 AM,1,1,0,36.124260,-86.739000,I 440,,,,0.00,,,,,,,6.90,N,Not at Intersection,N,Non-Junction,None,,,         ,Joseph,Zambardi,Rain,Not Collision with Motor Vehicle in Transport,no,no,no,no,no,False
101480511,METROPOLITAN NASHVILLE POLICE DEPT,20161115721,Davidson,Nashville,12/18/2016 12:00:00 AM,1,0,0,36.045990,-86.660640,I 24,,,,0.00,,,I24 E EXT RAMP,,,,0.00,Y,OTHER,Y,Entrance/Exit Ramp Related,None,,,         ,Caleb,Jernigan,Rain,Not Collision with Motor Vehicle in Transport,no,no,no,no,yes,False
101480515,METROPOLITAN NASHVILLE POLICE DEPT,20161115832,Davidson,Nashville,12/18/2016 1:40:00 AM,2,0,0,36.161580,-86.783890,ROSA L PARKS BLVD,,,,0.00,,,CHURCH ST,,,,0.00,Y,Four-Way,N,Intersection,None,,,         ,Damon,Hutcheson,Rain,HeadOn,no,no,no,no,no,False
101480516,METROPOLITAN NASHVILLE POLICE DEPT,20161115573,Davidson,Nashville,12/17/2016 11:33:00 PM,1,1,0,36.024950,-86.646330,CANE RIDGE RD,,,,1002.00,Feet,North,BLAIRFIELD DR,,,,0.00,N,Not at Intersection,N,Non-Junction,None,,,         ,Dezmond,Hughes,Rain,Not Collision with Motor Vehicle in Transport,no,no,no,no,no,False
101480517,METROPOLITAN NASHVILLE POLICE DEPT,20161115675,Davidson,Nashville,12/17/2016 10:38:00 PM,2,0,0,36.217080,-86.696380,OPRYLAND DR,,,,0.00,,,MUSIC VALLEY DR,,,,0.00,Y,Four-Way, ,Intersection,None,,,         ,Leonard,Spadavecchia,Rain,Front to Rear,no,no,no,no,no,False
101480520,METROPOLITAN NASHVILLE POLICE DEPT,20161115782,Davidson,Nashville,12/18/2016 1:51:00 AM,2,0,0,36.128590,-86.777890,FRANKLIN PKE,,,,0.00,,,8TH AVS,,,,0.00,Y,Four-Way, ,Intersection,None,,,         ,Joshua,Billotte,Rain,Angle,no,no,no,no,no,False
101480523,METROPOLITAN NASHVILLE POLICE DEPT,20161115929,Davidson,Nashville,12/18/2016 3:00:00 AM,2,0,0,36.064960,-86.638470,RICE RD,,,,192.00,Feet,South,HICKORY VIEW CT,,,,0.00,N,Not at Intersection, ,Non-Junction,None,,,         ,Daniel,Garrett,Rain,Front to Rear,no,no,no,no,yes,False
101480541,METROPOLITAN NASHVILLE POLICE DEPT,20161115660,Davidson,Nashville,12/18/2016 12:10:00 AM,3,1,0,36.063380,-86.683110,I 24,,,,0.00,,,,,,,57.55,N,Not at Intersection,N,Non-Junction,None,,,         ,Patrick,Lancaster,Rain,"Sideswipe, Same Direction",no,no,no,no,no,False
101480542,METROPOLITAN NASHVILLE POLICE DEPT,20161115962,Davidson,Nashville,12/18/2016 3:25:00 AM,2,0,0,36.161020,-86.777200,BROADWAY,,,,0.00,,,4TH AVN,,,,0.00,Y,Four-Way, ,Non-Junction,None,,,         ,Damon,Hutcheson,Rain,Front to Rear,no,no,no,no,yes,False