master_record_number,agency,agency_tracking_number,county,city,collision_date,vehicles_involved,number_injured,number_dead,latitude,longitude,roadway_name,roadway_suffix,roadway_number,roadway_local_id,distance_from_reference,miles-feet_indicator,direction_from_reference,intersection_road_name,intersection_road_name_suffix,intersection_road_number,intersection_local_id,mile_marker,intersection_indicator,intersect_type,interchange_related_indicator,relation_to_junction,work_zone_type,construction_maintenance_zone,construction_maintenance_zone_location,fatal_case_number,officer_first_name,officer_last_name,weather_condition(s),manner_of_crash,pedestrian,bicycle,scooter,parking,hitrun,mou
101480543,METROPOLITAN NASHVILLE POLICE DEPT,20161115945,Davidson,Nashville,12/18/2016 3:00:00 AM,2,0,0,36.161540,-86.775970,3RD AVS,,,,0.00,,,BROADWAY,,,,0.00,,Not at Intersection, ,"Driveway, Alley Access, etc",None,,,         ,Melvin,Foster,Rain,Rear to Side,no,no,no,yes,yes,False
101480547,METROPOLITAN NASHVILLE POLICE DEPT,20161115854,Davidson,Nashville,12/18/2016 2:35:00 AM,1,0,0,36.142250,-86.680420,I 40,,,,0.00,,,,,,,215.85,N,Not at Intersection,N,Non-Junction,None,,,         ,Robert,Fondren,Rain,Not Collision with Motor Vehicle in Transport,no,no,no,no,no,False
101480551,METROPOLITAN NASHVILLE POLICE DEPT,20161115910,Davidson,Nashville,12/18/2016 2:09:00 AM,2,0,0,36.217730,-86.774900,I 65,,,,0.00,,,,,,,88.15,N,Not at Intersection,N,Non-Junction,None,,,         ,Harris,Smith,Sleet/Hail,Angle,no,no,no,no,yes,False
101480552,METROPOLITAN NASHVILLE POLICE DEPT,20161115630,Davidson,Not in City Limit,12/18/2016 12:08:00 AM,4,0,0,36.102830,-86.933440,I 40,,,,0.00,,,,,,,198.40,N,Not at Intersection,N,Non-Junction,None,,,         ,Jeffrey,Barfield,Rain,Front to Rear,no,no,no,no,no,False
101480561,METROPOLITAN NASHVILLE POLICE DEPT,20161115991,Davidson,Nashville,12/18/2016 12:01:00 AM,2,0,0,36.164280,-86.752410,GLENVIEW DR,,,,146.00,Feet,West,S 11TH ST,,,,0.00,N,Not at Intersection, ,Non-Junction,None,,,         ,Michael,Wolterbeek,Rain,"Sideswipe, Same Direction",no,no,no,no,yes,False
101480564,METROPOLITAN NASHVILLE POLICE DEPT,20161115971,Davidson,Nashville,12/18/2016 4:10:00 AM,2,0,0,36.128730,-86.906430,RIVER RD,,,,0.00,,,CHARLOTTE PKE,,,,0.00,Y,T-Intersection,N,Intersection-Related,None,,,         ,Kenneth,Bray,Rain,Not Collision with Motor Vehicle in Transport,no,no,no,no,yes,False
101480569,METROPOLITAN NASHVILLE POLICE DEPT,20161115951,Davidson,Not in City Limit,12/18/2016 3:01:00 AM,2,1,0,36.068960,-87.000670,MCCRORY LN,,,,1936.00,Feet,West,AVONDALE PARK BLVD,,,,0.00,N,Not at Intersection,N,Non-Junction,None,,,         ,Kristen,Morgan,Rain,"Sideswipe, Opposite Direction",no,no,no,no,yes,False
101480570,METROPOLITAN NASHVILLE POLICE DEPT,20161115973,Davidson,Nashville,12/18/2016 4:14:00 AM,1,0,0,36.219720,-86.597600,WINDSOR CHASE WAY,,,,0.00,,,ANDREW JACKSON PKWY,,,,0.00,Y,T-Intersection,N,Intersection,None,,,         ,Sean,Wuethrich,Sleet/Hail,Not Collision with Motor Vehicle in Transport,no,no,no,no,no,False
101480574,METROPOLITAN NASHVILLE POLICE DEPT,20161115993,Davidson,Nashville,12/18/2016 4:30:00 AM,2,1,0,36.092640,-86.705440,I 24,,,,0.00,,,,,,,55.15,N,Not at Intersection,N,Non-Junction,None,,,         ,Erik,Dabbs,Sleet/Hail,Front to Rear,no,no,no,no,yes,False
101480575,METROPOLITAN NASHVILLE POLICE DEPT,20161116065,Davidson,Nashville,12/18/2016 5:40:00 AM,2,0,0,36.085560,-86.701430,I24 E EXT RAMP,,,,0.00,,,I 24,,,,0.00,Y,Four-Way,Y,Intersection-Related,None,,,         ,Andrew,Swint,Sleet/Hail,Front to Rear,no,no,no,no,yes,False
101480586,METROPOLITAN NASHVILLE POLICE DEPT,20161115618,Davidson,Nashville,12/17/2016 11:51:00 PM,2,0,0,36.180050,-86.808700,BUCHANAN ST,,,,0.00,,,15TH AVN,,,,0.00,Y,OTHER,N,Non-Junction,None,,,         ,John,Deiterick,Rain,"Sideswipe, Opposite Direction",no,no,no,no,no,False
101480592,METROPOLITAN NASHVILLE POLICE DEPT,20161116115,Davidson,Nashville,12/18/2016 6:09:00 AM,1,0,0,0.000000,0.000000,FRANKLIN LIMESTONE RD,,,,0.10,Miles,South,BILLINGSGATE RD,,,,0.00,N,Not at Intersection,N,Non-Junction,None,,,         ,Caleb,Jernigan,Rain,Not Collision with Motor Vehicle in Transport,no,no,no,no,no,False
101480598,METROPOLITAN NASHVILLE POLICE DEPT,20161114162,Davidson,Nashville,12/17/2016 12:32:00 PM,3,2,0,36.200400,-86.688640,BRILEY PKWYS,,,,0.00,,,BRILEY PKWYS,,,,0.00,Y,OTHER,N,Entrance/Exit Ramp Related,None,,,         ,Ralph,Harvey,Cloudy,Front to Rear,no,no,no,no,no,False
101480613,THP District 3 - Nashville,316068670,Davidson,Not in City Limit,12/13/2016 10:40:00 PM,2,2,0,36.266000,-86.737250,I 65,,,,0.00,,,,,,,92.35,N,Not at Intersection,N,Non-Junction,Construction Zone,Intermittent Moving Work,Advanced Warning Area,         ,Jeffrey,Buchanan,Clear,Front to Rear,no,no,no,no,no,False
101480642,METROPOLITAN NASHVILLE POLICE DEPT,20161116221,Davidson,Nashville,12/18/2016 7:35:00 AM,1,0,0,36.081690,-86.760510,HARDING PL,,,,381.00,Feet,East,SIDCO DR,,,,0.00,N,Not at Intersection,N,Non-Junction,None,,,         ,Ryan,Cagle,Cloudy,Not Collision with Motor Vehicle in Transport,no,no,no,no,no,False
101480657,METROPOLITAN NASHVILLE POLICE DEPT,20161116210,Davidson,Nashville,12/18/2016 7:27:00 AM,1,1,0,36.126260,-86.903810,I 40,,,,0.00,,,,,,,200.65,N,Not at Intersection,N,Non-Junction,None,,,         ,Douglas,Atwood,Cloudy,Not Collision with Motor Vehicle in Transport,no,no,no,no,no,False
101480663,METROPOLITAN NASHVILLE POLICE DEPT,20161116223,Davidson,Nashville,12/18/2016 7:40:00 AM,2,0,0,0.000000,0.000000,DICKERSON PIKE,,,,0.00,Feet,,DICKERSON PIKE,,SR,,0.00,Y,T-Intersection, ,Intersection,None,,,         ,Faye,Denson,Sleet/Hail,Angle,no,no,no,no,yes,False
101480682,METROPOLITAN NASHVILLE POLICE DEPT,20161116141,Davidson,Nashville,12/18/2016 6:25:00 AM,1,1,0,36.183330,-86.865770,BRILEY PKWYS,,,,1008.00,Feet,West,COUNTY HOSPITAL RD,,,,0.00,N,Not at Intersection,N,Non-Junction,None,,,         ,Michael,Pyle,Cloudy,Not Collision with Motor Vehicle in Transport,no,no,no,no,no,False
101480694,METROPOLITAN NASHVILLE POLICE DEPT,20161116374,Davidson,Not in City Limit,12/18/2016 8:10:00 AM,1,1,0,36.277060,-86.873860,OLD HICKORY BLVD,,,,249.00,Feet,North,ALESSIO RD,,,,0.00,N,Not at Intersection,N,Non-Junction,None,,,         ,Brandon,Evans,Cloudy,Not Collision with Motor Vehicle in Transport,no,no,no,no,no,False
101480707,METROPOLITAN NASHVILLE POLICE DEPT,20161116192,Davidson,Nashville,12/18/2016 6:25:00 AM,1,1,0,36.183330,-86.865770,BRILEY PKWYS,,,,1008.00,Feet,West,COUNTY HOSPITAL RD,,,,0.00,N,Not at Intersection,N,Non-Junction,None,,,         ,Michael,Pyle,Cloudy,Not Collision with Motor Vehicle in Transport,no,no,no,no,no,False
101480738,METROPOLITAN NASHVILLE POLICE DEPT,20161116422,Davidson,Nashville,12/18/2016 9:45:00 AM,2,0,0,36.074270,-86.920880,OLD HICKORY,,,,0.00,,West,,,,,0.01,N,Not at Intersection, ,Non-Junction,None,,,         ,Ciarra,Rench,Cloudy,Angle,no,no,no,no,no,False
101480745,METROPOLITAN NASHVILLE POLICE DEPT,20161116436,Davidson,Nashville,12/18/2016 9:46:00 AM,2,0,0,36.157700,-86.802030,CHARLOTTE AV,,,,0.00,,,,,,,0.00,,,N,Non-Junction,None,,,         ,Nathan,Mayo,Cloudy,Front to Rear,no,no,no,yes,yes,False
101480746,GOODLETTSVILLE POLICE DEPT,16-43817,Davidson,Goodlettsville,12/18/2016 11:10:00 AM,1,0,0,36.325680,-86.711410,CHURCH ST,,,,106.00,Feet,North,CONNELL ST,,,,0.00,N,Not at Intersection,N,Non-Junction,None,,,         ,Jeremy,Baker,Cloudy,Not Collision with Motor Vehicle in Transport,no,no,no,no,no,False
101480750,METROPOLITAN NASHVILLE POLICE DEPT,20161116585,Davidson,Nashville,12/18/2016 10:25:00 AM,2,0,0,36.040180,-86.767400,OLD HICKORY BLVD,,,,275.00,Feet,East,SEVEN SPRINGS WAY,,,,0.00,N,Not at Intersection, ,Non-Junction,None,,,         ,Earl,Davis,Cloudy,"Sideswipe, Same Direction",no,no,no,no,no,False
101480773,METROPOLITAN NASHVILLE POLICE DEPT,20161116565,Davidson,Nashville,12/18/2016 11:17:00 AM,2,0,0,36.106210,-86.673060,MURFREESBORO PKE,,,,0.00,,,DONELSON PKE,,,,0.00,Y,Four-Way, ,Intersection,None,,,         ,MIchael,Mihajlov,Cloudy,Front to Rear,no,no,no,no,no,False
101480808,METROPOLITAN NASHVILLE POLICE DEPT,20161116471,Davidson,Nashville,12/17/2016 11:59:00 PM,1,0,0,36.209300,-86.736110,W KIRKLAND AV,,,,78.00,Feet,East,AMERICAN BUSINESS CENTER PVTDR,,,,0.00,N,Not at Intersection,N,Non-Junction,None,,,         ,Samuel,Kersten,Unknown,Not Collision with Motor Vehicle in Transport,no,no,no,no,no,False
101480816,METROPOLITAN NASHVILLE POLICE DEPT,20161116710,Davidson,Not in City Limit,12/18/2016 1:00:00 PM,1,1,0,36.272030,-86.685780,ANDERSON LN,,,,351.00,Feet,West,RIO VISTA DR,,,,0.00,N,Not at Intersection,N,Non-Junction,None,,,         ,Michelle,Steidl,Cloudy,Not Collision with Motor Vehicle in Transport,no,no,no,no,no,False
101480845,METROPOLITAN NASHVILLE POLICE DEPT,20161116647,Davidson,Nashville,12/18/2016 12:13:00 PM,2,0,0,36.183500,-86.610760,OLD HICKORY BLVD,,,,0.00,,,DODSON CHAPEL RD,,,,0.00,Y,Four-Way, ,Intersection-Related,None,,,         ,Cassandra,Del Bosco,Cloudy,Front to Rear,no,no,no,no,no,False
101480847,METROPOLITAN NASHVILLE POLICE DEPT,20161116775,Davidson,Nashville,12/18/2016 1:45:00 PM,3,0,0,36.031130,-86.751410,CLOVERLAND DR,,,,0.00,,,COPPERFIELD CT,,,,0.00,Y,T-Intersection,N,Intersection,None,,,         ,Earl,Davis,Cloudy,Front to Rear,no,no,no,no,no,False
101480849,METROPOLITAN NASHVILLE POLICE DEPT,20161116666,Davidson,Nashville,12/18/2016 12:30:00 PM,3,2,0,36.182070,-86.695180,BRILEY PKWYS,,,,468.00,Feet,West,BRILEY PKWYN,,,,0.00,N,Not at Intersection,N,Non-Junction,None,,,         ,Gerry,Hutcheson,Cloudy,"Sideswipe, Same Direction",no,no,no,no,no,False
101480851,METROPOLITAN NASHVILLE POLICE DEPT,20161116764,Davidson,Nashville,12/18/2016 1:19:00 PM,2,0,0,36.062220,-86.919080,BELLEVUE RD,,,,269.00,Feet,East,ARLINGTON PL,,,,0.00,N,Not at Intersection,N,Non-Junction,None,,,         ,Brandon,Helms,Cloudy,Front to Rear,no,no,no,no,no,False
101480862,METROPOLITAN NASHVILLE POLICE DEPT,20161116702,Davidson,Nashville,12/18/2016 12:52:00 PM,3,2,0,36.049010,-86.665080,I 24,,,,0.00,,,,,,,59.00,N,Not at Intersection,N,Non-Junction,None,,,         ,Stephen,Soule,Cloudy,Front to Rear,no,no,no,no,no,False
101480874,METROPOLITAN NASHVILLE POLICE DEPT,20161116794,Davidson,Nashville,12/18/2016 1:55:00 PM,2,0,0,36.079600,-86.726320,NOLENSVILLE PKE,,,,0.00,,,HARDING PL,,,,0.00,Y,Four-Way, ,Non-Junction,None,,,         ,Roderic,Williams,Cloudy,Front to Rear,no,no,no,no,no,False
101480901,METROPOLITAN NASHVILLE POLICE DEPT,20161116680,Davidson,Nashville,12/18/2016 12:20:00 PM,2,0,0,36.098610,-86.659380,MURFREESBORO PKE,,,,0.00,,,HARDING PL,,,,0.00,Y,T-Intersection, ,Intersection,None,,,         ,David,Smith,Cloudy,HeadOn,no,no,no,no,no,False
101480902,METROPOLITAN NASHVILLE POLICE DEPT,20161116781,Davidson,Nashville,12/18/2016 1:55:00 PM,2,0,0,36.049960,-86.649590,BELL RD,,,,0.00,,,MT VIEW RD,,,,0.00,Y,Four-Way,N,Intersection-Related,None,,,         ,David,Smith,Cloudy,"Sideswipe, Same Direction",no,no,no,no,no,False
101480905,METROPOLITAN NASHVILLE POLICE DEPT,20161116846,Davidson,Nashville,12/18/2016 2:50:00 PM,2,1,0,36.137570,-86.800760,WEDGEWOOD AV,,,,0.00,Feet,,21ST AVS,,,,0.00,Y,Four-Way,N,Intersection-Related,None,,,         ,Nicholas,Smith,Cloudy,Front to Rear,no,no,no,no,no,Campus
101480911,METROPOLITAN NASHVILLE POLICE DEPT,20161116931,Davidson,Not in City Limit,12/18/2016 3:29:00 PM,2,0,0,36.077300,-86.946610,HIGHWAY 70S,,,,437.00,Feet,West,SAWYER BROWN RD,,,,0.00,N,Not at Intersection, ,,None,,,         ,Adam,Reese,,,no,no,no,no,no,False
101480919,METROPOLITAN NASHVILLE POLICE DEPT,20161116861,Davidson,Nashville,12/18/2016 12:00:00 AM,1,0,0,36.154310,-86.741780,LEBANON PKE,,,,75.00,Feet,West,RUCKER AV,,,,0.00,N,Not at Intersection,N,Non-Junction,None,,,         ,John,Kelley,Unknown,Unknown,no,no,no,yes,yes,False
101480944,METROPOLITAN NASHVILLE POLICE DEPT,20161117000,Davidson,Not in City Limit,12/18/2016 3:55:00 PM,1,1,0,36.140830,-86.562490,ALVIN SPERRY RD,,,,1108.00,Feet,East,LAKESIDE MEADOWS CIR,,,,0.00,N,Not at Intersection,N,Non-Junction,None,,,         ,Tyler,Maupin,Cloudy,Not Collision with Motor Vehicle in Transport,no,no,no,no,no,False
101480945,METROPOLITAN NASHVILLE POLICE DEPT,20161116925,Davidson,Goodlettsville,12/17/2016 7:00:00 PM,2,0,0,36.302750,-86.691850,RIVERGATE MARKETPLACE PVTDR,,,,0.00,,,GALLATIN PKEN,,,,0.00,Y,OTHER, ,Intersection,None,,,         ,Eric,Keller,Clear,Angle,no,no,no,yes,yes,False
101480951,METROPOLITAN NASHVILLE POLICE DEPT,20161116825,Davidson,Nashville,12/18/2016 1:00:00 PM,2,0,0,36.206180,-86.772400,W TRINITY LN,,,,320.00,Feet,East,I65 N ENT RAMP,,,,0.00,N,Not at Intersection,N,Non-Junction,None,,,         ,Gunes,Akyildiz,Clear,"Sideswipe, Opposite Direction",no,no,no,yes,yes,False
101480954,METROPOLITAN NASHVILLE POLICE DEPT,20161117067,Davidson,Nashville,12/18/2016 3:26:00 PM,1,0,0,36.126130,-86.696080,BRILEY PKWY,,,,282.00,Feet,North,KERMIT DR,,,,0.00,N,Not at Intersection,N,Non-Junction,None,,,         ,Kyle,Burks,Cloudy,Unknown,no,no,no,no,no,False
101480972,METROPOLITAN NASHVILLE POLICE DEPT,20161116863,Davidson,Nashville,12/18/2016 2:50:00 PM,2,0,0,36.082480,-86.646730,MURFREESBORO PKE,,,,80.00,Feet,South,SCOTT VALLEY DR,,,,0.00,N,Not at Intersection,N,Non-Junction,None,,,         ,Patrick,Taylor,Clear,Front to Rear,no,no,no,no,no,False
101480973,METROPOLITAN NASHVILLE POLICE DEPT,20161117085,Davidson,Nashville,12/18/2016 4:28:00 PM,2,0,0,36.153090,-86.625210,STEWARTS FERRY PKE,,,,313.00,Feet,North,BELL RD,,,,0.00,N,Not at Intersection, ,Non-Junction,None,,,         ,Patrick,Taylor,Clear,Angle,no,no,no,no,no,False
101480976,METROPOLITAN NASHVILLE POLICE DEPT,20161117142,Davidson,Nashville,12/18/2016 4:57:00 PM,3,0,0,36.031100,-86.783530,I 65,,,,0.00,,,,,,,74.00,N,Not at Intersection,N,Non-Junction,None,,,         ,Tien,Nguyen,Clear,"Sideswipe, Same Direction",no,no,no,no,no,False
101480982,METROPOLITAN NASHVILLE POLICE DEPT,20161116975,Davidson,Nashville,12/18/2016 3:40:00 PM,3,0,0,36.175680,-86.747370,S 13TH ST,,,,103.00,Feet,South,HOLLY ST,,,,0.00,N,Not at Intersection, ,Non-Junction,None,,,         ,Alexander,Georgeson,Cloudy,Front to Rear,no,no,no,no,no,False
101481010,METROPOLITAN NASHVILLE POLICE DEPT,20161117245,Davidson,Nashville,12/18/2016 5:00:00 PM,2,0,0,36.047950,-86.648150,MT VIEW RD,,,,324.00,Feet,North,BELL FORGE LNE,,,,0.00,N,Not at Intersection, ,"Driveway, Alley Access, etc",None,,,         ,Eric,Keller,Clear,Angle,no,no,no,no,no,False
101481019,METROPOLITAN NASHVILLE POLICE DEPT,20161116914,Davidson,Nashville,12/18/2016 3:26:00 PM,2,0,0,36.086730,-86.648560,MURFREESBORO PKE,,,,73.00,Feet,South,NASHBORO BLVD,,,,0.00,N,Not at Intersection,N,"Driveway, Alley Access, etc",None,,,         ,Kevin,Keating,Cloudy,Angle,no,no,no,no,yes,False
101481020,METROPOLITAN NASHVILLE POLICE DEPT,20161117120,Davidson,Nashville,12/18/2016 4:47:00 PM,1,2,0,36.043020,-86.690660,BELL RD,,,,841.00,Feet,East,BROOK VIEW ESTATES DR,,,,0.00,N,Not at Intersection,N,Non-Junction,None,,,         ,Kevin,Keating,Cloudy,Not Collision with Motor Vehicle in Transport,no,no,no,no,no,False
101481022,METROPOLITAN NASHVILLE POLICE DEPT,20161117367,Davidson,Nashville,12/18/2016 6:37:00 PM,2,0,0,36.158830,-86.776280,DEMONBREUN ST,,,,129.00,Feet,West,4TH AVS,,,,0.00,N,Not at Intersection, ,,None,,,         ,Derek,Betty,,,no,no,no,no,no,False
101481036,METROPOLITAN NASHVILLE POLICE DEPT,20161117296,Davidson,Nashville,12/18/2016 6:20:00 PM,3,0,0,36.144260,-86.696790,I 40,,,,0.00,,,,,,,214.90,N,Not at Intersection,N,Non-Junction,None,,,         ,Jaby,Djabbarov,Clear,Front to Rear,no,no,no,no,no,False
101481040,METROPOLITAN NASHVILLE POLICE DEPT,2016-1117303,Davidson,Nashville,12/17/2016 11:30:00 PM,1,0,0,36.204330,-86.602280,DUTCHMANS DR,,,,64.00,Feet,North,NETHERLANDS DR,,,,0.00,N,Not at Intersection,N,Non-Junction,None,,,         ,Sandra,Talavera,Rain,Not Collision with Motor Vehicle in Transport,no,no,no,yes,yes,False
101481041,METROPOLITAN NASHVILLE POLICE DEPT,20161117256,Davidson,Nashville,12/18/2016 5:40:00 PM,2,1,0,36.086860,-86.695950,S PERIMETER PARK DR,,,,0.00,,,HARDING PL,,,,0.00,Y,Four-Way,Y,Intersection,None,,,         ,William,McDaniel,Cloudy,Angle,no,no,no,no,no,False
101481052,METROPOLITAN NASHVILLE POLICE DEPT,20161117409,Davidson,Antioch,12/18/2016 7:15:00 PM,2,0,0,36.042850,-86.606550,HOBSON PKE,,,,0.00,,,MURFREESBORO PKE,,,,0.00,Y,Four-Way,N,Intersection,None,,,         ,Candice,Soper,Cloudy,Angle,no,no,no,no,no,False
101481056,METROPOLITAN NASHVILLE POLICE DEPT,20161117431,Davidson,Nashville,12/18/2016 7:30:00 PM,2,0,0,36.115800,-86.826610,BOWLING AV,,,,109.00,Feet,North,WOODMONT BLVD,,,,0.00,N,Not at Intersection, ,,None,,,         ,Ethan,Usherwood,,,no,no,no,no,no,False
101481061,METROPOLITAN NASHVILLE POLICE DEPT,2016-1117351,Davidson,Nashville,12/18/2016 5:05:00 PM,2,0,0,36.183830,-86.611340,OLD HICKORY BLVD,,,,210.00,Feet,West,DODSON CHAPEL RD,,,,0.00,N,Not at Intersection,N,Non-Junction,None,,,         ,Sandra,Talavera,Clear,Front to Rear,no,no,no,no,yes,False
101481065,METROPOLITAN NASHVILLE POLICE DEPT,20161117484,Davidson,Nashville,12/18/2016 7:55:00 PM,2,0,0,36.163680,-86.778980,CHURCH ST,,,,0.00,,,4TH AVN,,,,0.00,Y,OTHER,N,Intersection,None,,,         ,Michael,Baron,Clear,Angle,no,no,no,no,yes,False
101481069,METROPOLITAN NASHVILLE POLICE DEPT,20161117282,Davidson,Nashville,12/18/2016 6:09:00 PM,2,1,0,36.143040,-86.705430,I 40,,,,0.00,,,,,,,214.45,N,Not at Intersection,N,Non-Junction,None,,,         ,Jaby,Djabbarov,Clear,"Sideswipe, Same Direction",no,no,no,no,no,False
101481075,METROPOLITAN NASHVILLE POLICE DEPT,20161117270,Davidson,Nashville,12/18/2016 5:43:00 PM,2,0,0,36.106210,-86.673060,MURFREESBORO PKE,,,,0.00,,,DONELSON PKE,,,,0.00,Y,Four-Way,N,Intersection,None,,,         ,Patrick,Taylor,Clear,Angle,no,no,no,no,no,False
101481108,THP District 3 - Nashville,316069485,Davidson,Nashville,12/18/2016 12:00:00 AM,2,0,0,36.118110,-86.726150,I 24,,,,0.00,,,,,,,53.05,N,Not at Intersection,N,Non-Junction,None,,,         ,Christopher,Burrell,Rain,Front to Rear,no,no,no,no,yes,False
101481131,METROPOLITAN NASHVILLE POLICE DEPT,20161117673,Davidson,Nashville,12/18/2016 9:07:00 PM,1,0,0,36.197590,-86.687090,BRILEY PKWY N ENT RAMP,,,,0.00,,,BRILEY PKWY N EXT RAMP,,,,0.00,Y,OTHER,N,Entrance/Exit Ramp Related,None,,,         ,Brent,Hedgcoth,Clear,Not Collision with Motor Vehicle in Transport,no,no,no,no,no,False
101481137,METROPOLITAN NASHVILLE POLICE DEPT,20161117735,Davidson,Not in City Limit,12/18/2016 12:00:00 AM,1,0,0,36.263200,-86.757090,WESTCHESTER DR,,,,55.00,Feet,East,DICKERSON PKE,,,,0.00,N,Not at Intersection,N,Non-Junction,None,,,         ,Rodney,Phipps,Clear,Not Collision with Motor Vehicle in Transport,no,no,no,yes,no,False
101481190,METROPOLITAN NASHVILLE POLICE DEPT,20161117823,Davidson,Nashville,12/18/2016 10:34:00 PM,1,0,0,36.009530,-86.615300,I 24,,,,0.00,,,,,,,63.00,N,Not at Intersection, ,Non-Junction,None,,,         ,Abbey,Sawl,Cloudy,Not Collision with Motor Vehicle in Transport,no,no,no,no,no,False
101481191,METROPOLITAN NASHVILLE POLICE DEPT,20161117802,Davidson,Nashville,12/18/2016 10:31:00 PM,1,0,0,36.238200,-86.781680,BRILEY PKWYE,,,,399.00,Feet,East,I24 W EXT RAMP,,,,0.00,N,Not at Intersection,N,Non-Junction,None,,,         ,Christina,Buckner,Clear,Not Collision with Motor Vehicle in Transport,no,no,no,no,no,False
101481194,GOODLETTSVILLE POLICE DEPT,16-43871,Davidson,Goodlettsville,12/18/2016 8:35:00 PM,2,1,0,36.305030,-86.707100,I 65,,,,0.00,,,,,,,95.60,N,Not at Intersection,N,Non-Junction,None,,,         ,Daniel,Knalls,Cloudy,Front to Rear,no,no,no,no,no,False
101481197,METROPOLITAN NASHVILLE POLICE DEPT,20161117953,Davidson,Nashville,12/18/2016 11:30:00 PM,1,0,0,36.153240,-86.755700,I 40,,,,0.00,,,,,,,211.25,N,Not at Intersection,N,Non-Junction,None,,,         ,Anthony,Russo,Clear,Not Collision with Motor Vehicle in Transport,no,no,no,no,no,False
101481200,METROPOLITAN NASHVILLE POLICE DEPT,20161118036,Davidson,Nashville,12/19/2016 12:27:00 AM,1,0,0,36.152190,-86.803070,ELLISTON PL,,,,152.00,Feet,West,21ST AVN,,,,0.00,N,Not at Intersection, ,Non-Junction,None,,,         ,Brian,Birch,Clear,Not Collision with Motor Vehicle in Transport,no,no,no,yes,no,Campus
101481218,METROPOLITAN NASHVILLE POLICE DEPT,20161118188,Davidson,Nashville,12/19/2016 1:10:00 AM,1,0,0,36.072820,-86.645870,RICE RD,,,,335.00,Feet,East,EDGE O LAKE DR,,,,0.00,N,Not at Intersection,N,OtherLocation,None,,,         ,Andrew,Swint,Clear,Not Collision with Motor Vehicle in Transport,no,no,no,no,no,False
101481227,METROPOLITAN NASHVILLE POLICE DEPT,20161118234,Davidson,Nashville,12/19/2016 1:55:00 AM,2,0,0,36.153460,-86.756910,I 40,,,,0.00,,,,,,,211.15,N,Not at Intersection,N,Non-Junction,None,,,         ,Anthony,Russo,Clear,"Sideswipe, Same Direction",no,no,no,no,no,False
101481258,METROPOLITAN NASHVILLE POLICE DEPT,20161118393,Davidson,Nashville,12/19/2016 2:48:00 AM,1,0,0,0.000000,0.000000,4726 PACKARD DR,,,,1.00,Feet,West,4726 PACKARD DR,,,,0.00,N,Not at Intersection,N,Non-Junction,None,,,         ,Caleb,Jernigan,Clear,Not Collision with Motor Vehicle in Transport,no,no,no,yes,no,False
101481285,METROPOLITAN NASHVILLE POLICE DEPT,2016-1118005,Davidson,Nashville,12/19/2016 12:05:00 AM,2,0,0,36.106540,-86.764560,POWELL AV,,,,0.00,,,POWELL PL,,,,0.00,Y,Four-Way, ,Non-Junction,None,,,         ,Frank,Walker,Clear,"Sideswipe, Same Direction",no,no,no,no,no,False
101481296,METROPOLITAN NASHVILLE POLICE DEPT,20161118666,Davidson,Nashville,12/19/2016 6:10:00 AM,2,0,0,36.145160,-86.740340,I 40,,,,0.00,,,,,,,212.25,N,Not at Intersection, ,Non-Junction,None,,,         ,Anthony,Russo,Clear,"Sideswipe, Same Direction",no,no,no,no,yes,False
101481306,METROPOLITAN NASHVILLE POLICE DEPT,20161118710,Davidson,Nashville,12/19/2016 6:50:00 AM,2,1,0,36.195020,-86.776160,I 65,,,,0.00,,,,,,,86.50,N,Not at Intersection,Y,Non-Junction,None,,,         ,Michael,McCord,Cloudy,Front to Rear,no,no,no,no,no,False
101481314,METROPOLITAN NASHVILLE POLICE DEPT,20161118723,Davidson,Nashville,12/19/2016 6:45:00 AM,2,0,0,36.160160,-86.622370,I 40,,,,0.00,,,,,,,219.45,N,Not at Intersection,N,Non-Junction,None,,,         ,Michael,Dance,Cloudy,Angle,no,no,no,no,no,False
101481325,METROPOLITAN NASHVILLE POLICE DEPT,20161118428,Davidson,Madison,12/19/2016 4:00:00 AM,2,1,0,36.264210,-86.734100,OLD HICKORY BLVDW,,,,68.00,Feet,West,HEAD DR,,,,0.00,N,Not at Intersection,N,Non-Junction,None,,,         ,Rudy,Basaldua,Clear,HeadOn,no,no,no,no,no,False
101481336,METROPOLITAN NASHVILLE POLICE DEPT,20161118822,Davidson,Nashville,12/19/2016 7:47:00 AM,2,0,0,36.178470,-86.763530,ELLINGTON PKWYS,,,,200.00,Feet,North,SPRING ST ENT RAMP,,,,0.00,N,Not at Intersection, ,Non-Junction,None,,,         ,Doyle,Price,Cloudy,Front to Rear,no,no,no,no,no,False
101481350,METROPOLITAN NASHVILLE POLICE DEPT,20161118915,Davidson,Nashville,12/19/2016 8:17:00 AM,2,0,0,36.205340,-86.776600,I 65,,,,0.00,,,,,,,87.25,N,Not at Intersection, ,Non-Junction,None,,,         ,Michael,McCord,Cloudy,"Sideswipe, Same Direction",no,no,no,no,no,False
101481351,METROPOLITAN NASHVILLE POLICE DEPT,20161118999,Davidson,Nashville,12/19/2016 12:00:00 AM,1,0,0,36.128600,-86.906680,CHARLOTTE PKE PVTDR,,,,7.00,Feet,North,CHARLOTTE PKE,,,,0.00,N,Not at Intersection, ,Non-Junction,None,,,         ,Curtis,Rich,Unknown,Not Collision with Motor Vehicle in Transport,no,no,no,no,yes,False