master_record_number,agency,agency_tracking_number,county,city,collision_date,vehicles_involved,number_injured,number_dead,latitude,longitude,roadway_name,roadway_suffix,roadway_number,roadway_local_id,distance_from_reference,miles-feet_indicator,direction_from_reference,intersection_road_name,intersection_road_name_suffix,intersection_road_number,intersection_local_id,mile_marker,intersection_indicator,intersect_type,interchange_related_indicator,relation_to_junction,work_zone_type,construction_maintenance_zone,construction_maintenance_zone_location,fatal_case_number,officer_first_name,officer_last_name,weather_condition(s),manner_of_crash,pedestrian,bicycle,scooter,parking,hitrun,mou
101483121,METROPOLITAN NASHVILLE POLICE DEPT,20161124999,Davidson,Nashville,12/21/2016 5:29:00 AM,2,0,0,36.142580,-86.699260,BRILEY PKWYS,,,,86.00,Feet,South,I40 E ENT RAMP,,,,0.00,N,Not at Intersection, ,Entrance/Exit Ramp Related,None,,,         ,Sean,Wuethrich,Fog,Front to Rear,no,no,no,no,no,False
101483122,METROPOLITAN NASHVILLE POLICE DEPT,20161125021,Davidson,Nashville,12/21/2016 5:45:00 AM,1,1,0,36.154330,-86.822950,I40 W EXT RAMP,,,,0.00,Feet,East,I 440,,,,0.00,N,Not at Intersection,N,Entrance/Exit Ramp Related,None,,,         ,Edward,Holden,Clear,Not Collision with Motor Vehicle in Transport,no,no,no,no,no,False
101483125,METROPOLITAN NASHVILLE POLICE DEPT,20161125097,Davidson,Nashville,12/21/2016 6:37:00 AM,2,0,0,36.112290,-86.687590,MURFREESBORO PKE,,,,473.00,Feet,East,MCGAVOCK PKE,,,,0.00,N,Not at Intersection,N,Non-Junction,None,,,         ,Stephen,Soule,Clear,Front to Rear,no,no,no,no,yes,False
101483126,METROPOLITAN NASHVILLE POLICE DEPT,2016-1122879,Davidson,Nashville,12/20/2016 1:30:00 PM,2,0,0,36.140870,-86.817430,WEST END AV,,,,0.00,,,ACKLEN PARK DR,,,,0.00,Y,Four-Way,Y,Intersection-Related,None,,,         ,Aaron,Jones,Clear,Front to Rear,no,no,no,no,no,False
101483136,METROPOLITAN NASHVILLE POLICE DEPT,20161124944,Davidson,Nashville,12/21/2016 5:01:00 AM,1,0,0,36.139860,-86.726330,I 40,,,,0.00,,,,,,,213.35,N,Not at Intersection,N,Non-Junction,None,,,         ,Daniel,Caruth,Fog,Not Collision with Motor Vehicle in Transport,no,no,no,no,no,False
101483138,METROPOLITAN NASHVILLE POLICE DEPT,20161125045,Davidson,Nashville,12/21/2016 6:02:00 AM,1,1,0,36.217000,-86.695480,MCGAVOCK PKE,,,,266.00,Feet,East,MUSIC VALLEY DR,,,,0.00,N,Not at Intersection,N,Non-Junction,None,,,         ,James,Curtis,Fog,Not Collision with Motor Vehicle in Transport,no,no,no,no,no,False
101483140,METROPOLITAN NASHVILLE POLICE DEPT,2016-1125106,Davidson,Nashville,12/21/2016 5:49:00 AM,2,0,0,36.156310,-86.807250,22ND AVN,,,,0.00,Feet,North,CHARLOTTE AV,,,,0.00,N,Not at Intersection, ,Non-Junction,None,,,         ,Craig,Bega,Clear,Front to Rear,no,no,no,no,no,False
101483145,METROPOLITAN NASHVILLE POLICE DEPT,20161125127,Davidson,Nashville,12/21/2016 6:54:00 AM,1,0,0,36.156680,-86.824980,I440 W EXT RAMP,,,,0.00,Feet,East,I 40,,,,0.00,N,Not at Intersection, ,Entrance/Exit Ramp Related,None,,,         ,John,Jean Baptiste,Fog,Not Collision with Motor Vehicle in Transport,no,no,no,no,no,False
101483146,METROPOLITAN NASHVILLE POLICE DEPT,20161125065,Davidson,Nashville,12/21/2016 5:58:00 AM,2,0,0,36.049460,-86.601140,HOBSON,PIKE,,,0.00,,,PIN HOOK,RD,,,0.00,Y,Four-Way,Y,Intersection,None,,,         ,Kevin,Breeding,Clear,Angle,no,no,no,no,no,False
101483154,METROPOLITAN NASHVILLE POLICE DEPT,20161125111,Davidson,Nashville,12/21/2016 6:00:00 AM,2,0,0,36.167980,-86.815460,I 40,,,,0.00,,,,,,,206.80,N,Not at Intersection,N,Entrance/Exit Ramp Related,None,,,         ,Darryl,Morton,Cloudy,Front to Rear,no,no,no,no,yes,False
101483157,METROPOLITAN NASHVILLE POLICE DEPT,20161125139,Davidson,Nashville,12/21/2016 6:10:00 AM,1,0,0,36.169850,-86.735930,S 20TH ST,,,,0.00,Feet,East,SHELBY AV,,,,0.00,N,Not at Intersection, ,,None,,,         ,David,Boone,,,no,no,no,no,no,False
101483159,BELLE MEADE POLICE DEPT,16-0361,Davidson,Belle Meade,12/21/2016 7:39:00 AM,1,0,0,36.120880,-86.853230,HARDING PKE,,,,0.00,,,GARDNER DR,,,,0.00,Y,T-Intersection, ,Non-Junction,None,,,         ,Dennis,Goins,Clear,Not Collision with Motor Vehicle in Transport,no,no,no,no,no,False
101483160,METROPOLITAN NASHVILLE POLICE DEPT,20161124997,Davidson,Nashville,12/21/2016 5:48:00 AM,1,0,0,36.145980,-86.694940,BRILEY PKWYN,,,,256.00,Feet,East,I40 W EXT RAMP,,,,0.00,N,Not at Intersection,N,Non-Junction,None,,,         ,Jamal,Jarvis,Clear,Not Collision with Motor Vehicle in Transport,no,no,no,no,no,False
101483161,METROPOLITAN NASHVILLE POLICE DEPT,20161125098,Davidson,Nashville,12/21/2016 6:13:00 AM,1,0,0,36.040740,-86.782730,I65 S EXT RAMP,,,,0.00,Feet,East,I 65,,,,0.00,N,Not at Intersection,N,Non-Junction,None,,,         ,Nathan,Kemp,Fog,Not Collision with Motor Vehicle in Transport,no,no,no,no,no,False
101483162,METROPOLITAN NASHVILLE POLICE DEPT,20161125134,Davidson,Nashville,12/21/2016 7:06:00 AM,2,1,0,36.040740,-86.782730,I65 S EXT RAMP,,,,0.00,Feet,East,I 65,,,,0.00,N,Not at Intersection,N,Non-Junction,None,,,         ,Nathan,Kemp,Fog,Front to Rear,no,no,no,no,no,False
101483163,METROPOLITAN NASHVILLE POLICE DEPT,20161125135,Davidson,Nashville,12/21/2016 7:06:00 AM,1,0,0,36.040740,-86.782730,I65 S EXT RAMP,,,,0.00,Feet,East,I 65,,,,0.00,N,Not at Intersection,N,Non-Junction,None,,,         ,Nathan,Kemp,Fog,Not Collision with Motor Vehicle in Transport,no,no,no,no,no,False
101483167,METROPOLITAN NASHVILLE POLICE DEPT,20161125167,Davidson,Nashville,12/21/2016 6:38:00 AM,1,1,0,36.153120,-86.691020,BRILEY PKWYN,,,,167.00,Feet,North,BRILEY PKWY N ENT RAMP,,,,0.00,N,Not at Intersection,N,Non-Junction,None,,,         ,Ralph,Harvey,Fog,Not Collision with Motor Vehicle in Transport,no,no,no,no,no,False
101483175,METROPOLITAN NASHVILLE POLICE DEPT,20161125096,Davidson,Nashville,12/21/2016 6:25:00 AM,2,0,0,36.131700,-86.726740,I 24,,,,0.00,,,,,,,52.05,N,Not at Intersection, ,Non-Junction,None,,,         ,Stephen,Soule,Clear,Front to Rear,no,no,no,no,no,False
101483177,METROPOLITAN NASHVILLE POLICE DEPT,20161125205,Davidson,Nashville,12/21/2016 7:45:00 AM,2,0,0,36.063870,-86.771610,I 65,,,,0.00,,,,,,,76.50,N,Not at Intersection,N,Non-Junction,None,,,         ,Earl,Davis,Clear,Front to Rear,no,no,no,no,no,False
101483185,METROPOLITAN NASHVILLE POLICE DEPT,20161125057,Davidson,Nashville,12/21/2016 6:10:00 AM,3,2,0,36.237700,-86.757860,DICKERSON PKE,,,,54.00,Feet,North,I65 N EXT RAMP,,,,0.00,N,Not at Intersection,N,Non-Junction,None,,,         ,Richard,Conger,Fog,HeadOn,no,no,no,no,no,False
101483190,METROPOLITAN NASHVILLE POLICE DEPT,20161125208,Davidson,Nashville,12/21/2016 7:50:00 AM,2,0,0,36.187840,-86.755790,ELLINGTON PKWYS,,,,404.00,Feet,West,MCFERRIN AV,,,,0.00,N,Not at Intersection,N,Non-Junction,None,,,         ,Jared,Eaves,Clear,Front to Rear,no,no,no,no,no,False
101483191,METROPOLITAN NASHVILLE POLICE DEPT,2016-1125218,Davidson,Not in City Limit,12/21/2016 7:27:00 AM,2,1,0,35.997430,-86.690670,NOLENSVILLE PKE,,,,307.00,Feet,West,CONCORD RD,,,,0.00,N,Not at Intersection,N,Non-Junction,None,,,         ,William,Whitworth,Clear,Front to Rear,no,no,no,no,no,False
101483192,METROPOLITAN NASHVILLE POLICE DEPT,20161125131,Davidson,Nashville,12/21/2016 6:50:00 AM,2,0,0,36.143340,-86.699560,I40 E ENT RAMP,,,,0.00,Feet,East,I 40,,,,0.00,N,Not at Intersection, ,Entrance/Exit Ramp Related,None,,,         ,Scott,Toney,Fog,"Sideswipe, Same Direction",no,no,no,no,no,False
101483193,METROPOLITAN NASHVILLE POLICE DEPT,20161125159,Davidson,Nashville,12/21/2016 7:22:00 AM,1,0,0,36.151930,-86.690880,ELM HILL PKE,,,,0.00,,,BRILEY PKWYS,,,,0.00,Y,OTHER,Y,Non-Junction,None,,,         ,Terry,Denton,Other,Not Collision with Motor Vehicle in Transport,no,no,no,no,no,False
101483196,METROPOLITAN NASHVILLE POLICE DEPT,20161125171,Davidson,Nashville,12/21/2016 7:34:00 AM,2,0,0,36.145220,-86.695870,BRILEY PKWYN,,,,0.00,,,I40 W ENT RAMP,,,,0.00,Y,Y-Intersection,N,Non-Junction,None,,,         ,Daniel,Herndon,Other,Not Collision with Motor Vehicle in Transport,no,no,no,no,no,False
101483225,METROPOLITAN NASHVILLE POLICE DEPT,20161125187,Davidson,Nashville,12/21/2016 7:40:00 AM,2,0,0,36.145220,-86.695870,BRILEY PKWYN,,,,0.00,,,I40 W ENT RAMP,,,,0.00,Y,OTHER, ,,None,,,         ,Ron,Longino,,,no,no,no,no,no,False
101483228,METROPOLITAN NASHVILLE POLICE DEPT,20161125110,Davidson,Nashville,12/21/2016 6:49:00 AM,2,1,0,36.046770,-86.610840,MURFREESBORO PKE,,,,1000.00,Feet,North,MOUNTAIN SPRINGS RD,,,,0.00,N,Not at Intersection,N,Non-Junction,None,,,         ,Randall,Combs,Fog,Front to Rear,no,no,no,no,no,False
101483229,METROPOLITAN NASHVILLE POLICE DEPT,20161125158,Davidson,Nashville,12/21/2016 7:30:00 AM,2,0,0,36.149220,-86.822650,I 440,,,,0.00,,,,,,,1.40,N,Not at Intersection,N,Non-Junction,None,,,         ,George,Spencer,Clear,"Sideswipe, Same Direction",no,no,no,no,no,False
101483240,METROPOLITAN NASHVILLE POLICE DEPT,20161125386,Davidson,Nashville,12/21/2016 9:00:00 AM,2,0,0,36.127050,-86.844650,HARDING PKE,,,,294.00,Feet,West,BOSLEY SPRINGS RD,,,,0.00,N,Not at Intersection, ,Non-Junction,None,,,         ,Curtis,Rich,Cloudy,Front to Rear,no,no,no,no,yes,False
101483245,METROPOLITAN NASHVILLE POLICE DEPT,20161125096,Davidson,Nashville,12/21/2016 6:50:00 AM,1,0,0,36.117930,-86.721500,OLD GLENROSE AV,,,,744.00,Feet,West,EAST THOMPSON LN,,,,0.00,N,Not at Intersection,N,Non-Junction,None,,,         ,Stephen,Soule,Fog,Not Collision with Motor Vehicle in Transport,no,no,no,no,no,False
101483261,METROPOLITAN NASHVILLE POLICE DEPT,20161125216,Davidson,Nashville,12/21/2016 7:58:00 AM,1,1,0,36.156950,-86.807470,22ND AVN,,,,241.00,Feet,North,CHARLOTTE AV,,,,0.00,N,Not at Intersection,Y,Non-Junction,None,,,         ,Ernie,Wilson,Fog,Not Collision with Motor Vehicle in Transport,no,no,no,no,no,False
101483271,METROPOLITAN NASHVILLE POLICE DEPT,2016-1125254,Davidson,Nashville,12/21/2016 8:12:00 AM,2,0,0,36.155500,-86.759350,I24 W ENT RAMP,,,,0.00,,,I 40,,,,0.00,Y,OTHER,N,Entrance/Exit Ramp Related,None,,,         ,Byron,Boelter,Fog,"Sideswipe, Same Direction",no,no,no,no,yes,False
101483272,METROPOLITAN NASHVILLE POLICE DEPT,20161125406,Davidson,Nashville,12/21/2016 9:18:00 AM,2,0,0,36.115880,-86.784620,I 440,,,,0.00,,,,,,,4.30,N,Not at Intersection,N,Non-Junction,None,,,         ,Shedie,Herbert III,Cloudy,"Sideswipe, Same Direction",no,no,no,no,yes,False
101483286,METROPOLITAN NASHVILLE POLICE DEPT,20161125241,Davidson,Nashville,12/21/2016 6:40:00 AM,1,0,0,36.152020,-86.690900,BRILEY PKWYS,,,,0.00,,,BRILEY PKWY S ENT RAMP,,,,0.00,Y,OTHER,N,Entrance/Exit Ramp Related,None,,,         ,Calen,Morrison,Fog,Not Collision with Motor Vehicle in Transport,no,no,no,no,no,False
101483288,METROPOLITAN NASHVILLE POLICE DEPT,20161125583,Davidson,Nashville,12/21/2016 10:25:00 AM,2,0,0,36.143120,-86.814870,WEST END AV,,,,186.00,Feet,South,30TH AVS,,,,0.00,N,Not at Intersection, ,,None,,,         ,Nathan,Kemp,,,no,no,no,no,no,Campus
101483292,GOODLETTSVILLE POLICE DEPT,16-44195,Davidson,Goodlettsville,12/21/2016 8:00:00 AM,1,1,0,36.297710,-86.713750,ALTA LOMA RD,,,,247.00,Feet,West,HARDAWAY DR,,,,0.00,N,Not at Intersection,N,Non-Junction,None,,,         ,Charles,Hauskin,Other,Not Collision with Motor Vehicle in Transport,no,no,no,no,no,False
101483294,METROPOLITAN NASHVILLE POLICE DEPT,20161125530,Davidson,Nashville,12/21/2016 10:08:00 AM,2,0,0,36.208660,-86.690560,BRILEY PKWYN,,,,0.56,Miles,South,MCGAVOCK PKE,,,,0.00,N,Not at Intersection, ,Non-Junction,None,,,         ,James,Curtis,Fog,"Sideswipe, Same Direction",no,no,no,no,yes,False
101483303,METROPOLITAN NASHVILLE POLICE DEPT,20161125120,Davidson,Not in City Limit,12/21/2016 6:56:00 AM,3,0,0,36.275080,-86.709850,GALLATIN PKEN,,,,102.00,Feet,West,PIERCE RD,,,,0.00,N,Not at Intersection,N,Non-Junction,None,,,         ,Michael,Agee,Fog,Front to Rear,no,no,no,no,no,False
101483304,GOODLETTSVILLE POLICE DEPT,16-44197,Davidson,Goodlettsville,12/21/2016 8:20:00 AM,2,0,0,36.310840,-86.705350,RIVERGATE PKWY,,,,38.00,Feet,North,I65 S EXT RAMP,,,,0.00,N,Not at Intersection,N,Non-Junction,None,,,         ,Jeremy,Baker,Fog,Front to Rear,no,no,no,no,no,False
101483329,METROPOLITAN NASHVILLE POLICE DEPT,161125116,Davidson,Nashville,12/21/2016 6:50:00 AM,1,0,0,36.215990,-86.738020,HART LN,,,,0.00,,,SAUNDERS AV,,,,0.00,Y,OTHER,N,Non-Junction,None,,,         ,Greg,Lyons,Fog,Not Collision with Motor Vehicle in Transport,no,no,no,no,no,False
101483336,METROPOLITAN NASHVILLE POLICE DEPT,20161125579,Davidson,Goodlettsville,12/21/2016 9:59:00 AM,2,0,0,36.296910,-86.699160,GALLATIN PKEN,,,,0.00,,,RIVERGATE PKWY,,,,0.00,Y,Four-Way, ,Intersection-Related,None,,,         ,Michael,Watkins,Cloudy,Front to Rear,no,no,no,no,no,False
101483343,METROPOLITAN NASHVILLE POLICE DEPT,2016-1125130,Davidson,Madison,12/21/2016 6:28:00 AM,3,0,0,36.274990,-86.709870,GALLATIN PKEN,,,,113.00,Feet,West,PIERCE RD,,,,0.00,N,Not at Intersection,N,Non-Junction,None,,,         ,Arthur,Hipp,Snow,Not Collision with Motor Vehicle in Transport,no,no,no,no,yes,False
101483345,METROPOLITAN NASHVILLE POLICE DEPT,2016-1125766,Davidson,Goodlettsville,12/21/2016 11:31:00 AM,2,1,0,36.295710,-86.698220,MYATT DR,,,,89.00,Feet,North,RIVERGATE BUSINESS CENTER PVTD,,,,0.00,N,Not at Intersection,N,Non-Junction,None,,,         ,Arthur,Hipp,Cloudy,Front to Rear,no,no,no,no,no,False
101483358,METROPOLITAN NASHVILLE POLICE DEPT,20161125591,Davidson,Nashville,12/21/2016 10:26:00 AM,2,1,0,36.191910,-86.744790,GALLATIN AV,,,,0.00,,,MCKENNIE AV,,,,0.00,Y,Four-Way,N,Intersection,None,,,         ,Alex,Moore,Clear,Angle,no,no,no,no,no,False
101483361,GOODLETTSVILLE POLICE DEPT,16-44198,Davidson,Goodlettsville,12/21/2016 8:05:00 AM,2,1,0,36.297440,-86.713170,ALTA LOMA RD,,,,50.00,Feet,West,HARDAWAY DR,,,,0.00,N,Not at Intersection,N,Non-Junction,None,,,         ,Charles,Hauskin,Other,HeadOn,no,no,no,no,no,False
101483372,METROPOLITAN NASHVILLE POLICE DEPT,20161125832,Davidson,Nashville,12/21/2016 11:55:00 AM,2,0,0,36.131080,-86.716740,MURFREESBORO PKE,,,,53.00,Feet,East,FOOTHILL DR,,,,0.00,N,Not at Intersection,N,Non-Junction,None,,,         ,Brian,Ewing,Clear,Front to Rear,no,no,no,no,no,False
101483375,METROPOLITAN NASHVILLE POLICE DEPT,20161125828,Davidson,Nashville,12/21/2016 11:43:00 AM,2,1,0,36.152100,-86.690650,ELM HILL PKE,,,,0.00,,,BRILEY PKWYN,,,,0.00,Y,OTHER,N,Intersection-Related,None,,,         ,James,Curtis,Cloudy,Front to Rear,no,no,no,no,no,False
101483389,METROPOLITAN NASHVILLE POLICE DEPT,20161125357,Davidson,Nashville,12/21/2016 9:00:00 AM,2,0,0,36.106570,-86.794840,CALDWELL LN,,,,0.00,,,GRANNY WHITE PKE,,,,0.00,Y,T-Intersection,N,Intersection,None,,,         ,Sean,Pulizzano,Clear,Angle,no,no,no,no,no,False
101483397,METROPOLITAN NASHVILLE POLICE DEPT,2016-1125835,Davidson,Nashville,12/21/2016 11:32:00 AM,2,0,0,36.146750,-86.792520,MUSIC SQS,,,,0.00,,,MUSIC SQE,,,,0.00,Y,Four-Way,Y,Intersection-Related,None,,,         ,Aaron,Jones,Clear,"Sideswipe, Same Direction",no,no,no,no,no,False
101483398,METROPOLITAN NASHVILLE POLICE DEPT,20161125802,Davidson,Nashville,12/21/2016 11:51:00 AM,2,0,0,36.110070,-86.776680,WOODMONT BLVD,,,,248.00,Feet,West,PLEASANT VALLEY RD,,,,0.00,N,Not at Intersection, ,Non-Junction,None,,,         ,Nathan,Kemp,Clear,"Sideswipe, Same Direction",no,no,no,no,no,False
101483400,METROPOLITAN NASHVILLE POLICE DEPT,20161125669,Davidson,Nashville,12/21/2016 10:42:00 AM,2,0,0,36.088230,-86.787720,BATTERY LN,,,,0.00,,,SOPER AV,,,,0.00,Y,T-Intersection, ,Intersection,None,,,         ,Earl,Davis,Clear,Front to Rear,no,no,no,no,no,False
101483401,METROPOLITAN NASHVILLE POLICE DEPT,2016-1125444,Davidson,Nashville,12/21/2016 8:00:00 AM,2,0,0,36.098330,-86.678420,AIRPARK CENTER DR,,,,325.00,Feet,West,OLD EZELL RD,,,,0.00,N,Not at Intersection,N,OtherLocation,None,,,         ,William,Whitworth,Clear,"Sideswipe, Same Direction",no,no,no,yes,yes,False
101483403,METROPOLITAN NASHVILLE POLICE DEPT,2016-1125647,Davidson,Nashville,12/21/2016 10:47:00 AM,4,1,0,36.087760,-86.691420,HARDING PL,,,,263.00,Feet,East,ANTIOCH PKE,,,,0.00,N,Not at Intersection,N,"Driveway, Alley Access, etc",None,,,         ,William,Whitworth,Clear,Angle,no,no,no,no,no,False
101483420,METROPOLITAN NASHVILLE POLICE DEPT,20161125859,Davidson,Nashville,12/21/2016 11:42:00 AM,2,1,0,36.041970,-86.833740,OLD HICKORY BLVD,,,,5.00,Feet,East,ST REGIS CT,,,,0.00,N,Not at Intersection,N,Non-Junction,None,,,         ,Je-Marc,Sears,Cloudy,Front to Rear,no,no,no,no,no,False
101483447,METROPOLITAN NASHVILLE POLICE DEPT,20161125140,Davidson,Not in City Limit,12/21/2016 6:22:00 AM,2,0,0,36.275200,-86.709840,GALLATIN PKEN,,,,102.00,Feet,West,PIERCE RD,,,,0.00,N,Not at Intersection, ,Non-Junction,None,,,         ,Brandon,Wood,Fog,Front to Rear,no,no,no,no,no,False
101483466,METROPOLITAN NASHVILLE POLICE DEPT,20161125774,Davidson,Not in City Limit,12/21/2016 10:10:00 AM,3,0,0,36.305980,-86.816690,I 24,,,,0.00,,,,,,,38.30,N,Not at Intersection,N,Non-Junction,None,,,         ,Jonathon,Sheppard,Cloudy,Front to Rear,no,no,no,no,no,False
101483476,METROPOLITAN NASHVILLE POLICE DEPT,20161125596,Davidson,Old Hickory,12/21/2016 10:26:00 AM,2,2,0,36.256260,-86.654590,ROBINSON RD,,,,229.00,Feet,West,MERRITT ST,,,,0.00,N,Not at Intersection,N,"Driveway, Alley Access, etc",None,,,         ,Terry,Denton,Cloudy,Angle,no,no,no,yes,no,False
101483477,GOODLETTSVILLE POLICE DEPT,16-44212,Davidson,Goodlettsville,12/21/2016 1:32:00 PM,2,0,0,36.298140,-86.699850,RIVERGATE PKWY,,,,0.00,,,GLEAVES ST,,,,0.00,Y,T-Intersection,N,Intersection,None,,,         ,Jeremy,Baker,Cloudy,Angle,no,no,no,no,no,False
101483480,METROPOLITAN NASHVILLE POLICE DEPT,20161125778,Davidson,Nashville,12/21/2016 11:39:00 AM,2,2,0,36.090020,-86.733660,NOLENSVILLE PKE,,,,0.00,,,ZOO RD,,,,0.00,Y,T-Intersection,N,Intersection-Related,None,,,         ,Brian,Penny,Cloudy,Angle,no,no,no,no,no,False
101483495,METROPOLITAN NASHVILLE POLICE DEPT,20161126051,Davidson,Nashville,12/21/2016 1:37:00 PM,2,0,0,36.153800,-86.755580,HERMITAGE AV,,,,148.00,Feet,East,FAIRFIELD AV,,,,0.00,N,Not at Intersection, ,OtherLocation,None,,,         ,Ralph,Harvey,Clear,"Sideswipe, Opposite Direction",no,no,no,no,yes,False
101483500,METROPOLITAN NASHVILLE POLICE DEPT,20161125965,Davidson,Nashville,12/21/2016 12:54:00 PM,1,1,0,36.211400,-86.697710,OPRYLAND DR,,,,740.00,Feet,East,OPRY MILLS DR,,,,0.00,N,Not at Intersection,N,OtherLocation,None,,,         ,James,Curtis,Clear,Not Collision with Motor Vehicle in Transport,yes,no,no,yes,yes,False
101483514,METROPOLITAN NASHVILLE POLICE DEPT,20161126019,Davidson,Nashville,12/21/2016 1:25:00 PM,4,1,0,36.118450,-86.749010,NOLENSVILLE PKE,,,,215.00,Feet,South,ELBERTA ST,,,,0.00,N,Not at Intersection,N,Non-Junction,None,,,         ,Brent,Bauer,Clear,Angle,no,no,no,no,no,False
101483528,METROPOLITAN NASHVILLE POLICE DEPT,20161125898,Davidson,Nashville,12/21/2016 12:30:00 PM,3,2,0,36.183490,-86.610320,OLD HICKORY BLVD,,,,118.00,Feet,East,ANDREW JACKSON PKWY,,,,0.00,N,Not at Intersection,N,Non-Junction,None,,,         ,William,Walls,Cloudy,Front to Rear,no,no,no,no,no,False
101483554,METROPOLITAN NASHVILLE POLICE DEPT,20161126181,Davidson,Nashville,12/21/2016 1:37:00 PM,1,0,0,36.101140,-86.800440,GRANNY WHITE PKE,,,,0.00,,,SHACKLEFORD RD,,,,0.00,Y,T-Intersection, ,Intersection-Related,None,,,         ,Tien,Nguyen,Clear,Not Collision with Motor Vehicle in Transport,no,no,no,no,no,False
101483558,METROPOLITAN NASHVILLE POLICE DEPT,20161126192,Davidson,Nashville,12/21/2016 12:35:00 PM,2,0,0,36.086790,-86.695170,HARDING PL,,,,234.00,Feet,East,S PERIMETER PARK DR,,,,0.00,N,Not at Intersection, ,Non-Junction,None,,,         ,Alyson,Cook,Clear,"Sideswipe, Same Direction",no,no,no,no,no,False
101483593,METROPOLITAN NASHVILLE POLICE DEPT,20161126189,Davidson,Nashville,12/21/2016 1:40:00 PM,2,0,0,36.208330,-86.839640,CLARKSVILLE PKE,,,,0.00,Feet,,W HAMILTON RD,,,,0.00,Y,T-Intersection, ,Intersection,None,,,         ,Allen,Hall,Cloudy,Angle,no,no,no,no,no,False
101483604,METROPOLITAN NASHVILLE POLICE DEPT,20161126334,Davidson,Nashville,12/21/2016 3:40:00 PM,2,0,0,36.113840,-86.809530,WOODMONT BLVD,,,,93.00,Feet,West,GOLF CLUB LN,,,,0.00,N,Not at Intersection, ,Non-Junction,None,,,         ,Tien,Nguyen,Clear,Front to Rear,no,no,no,no,no,False
101483606,METROPOLITAN NASHVILLE POLICE DEPT,20161126262,Davidson,Nashville,12/21/2016 2:38:00 PM,2,0,0,36.177560,-86.749950,WOODLAND ST,,,,0.00,,,N 11TH ST,,,,0.00,Y,Five Point Or More, ,Intersection,None,,,         ,Michael,Moss,Cloudy,Angle,no,no,no,no,no,False
101483612,METROPOLITAN NASHVILLE POLICE DEPT,20161126255,Davidson,Nashville,12/21/2016 3:20:00 PM,1,1,0,36.079040,-86.726160,NOLENSVILLE PKE,,,,210.00,Feet,South,HARDING PL,,,,0.00,N,Not at Intersection,N,Non-Junction,None,,,         ,Miguel,Garcia,Clear,Not Collision with Motor Vehicle in Transport,no,yes,no,no,no,False
101483613,METROPOLITAN NASHVILLE POLICE DEPT,2016-1126179,Davidson,Nashville,12/21/2016 2:09:00 PM,3,1,0,36.127570,-86.843880,WOODLAWN DR,,,,0.00,,,HARDING PKE,,,,0.00,Y,Four-Way,N,Intersection,None,,,         ,Ryan,Allen,Cloudy,Front to Rear,no,no,no,no,no,False
101483629,METROPOLITAN NASHVILLE POLICE DEPT,20161126098,Davidson,Not in City Limit,12/21/2016 2:05:00 PM,1,1,0,36.006850,-86.631690,SMOKEY HILL RD,,,,0.00,,,OCTOBER WOODS DR,,,,0.00,Y,Four-Way,N,Intersection,None,,,         ,Colin,Feeney,Clear,Not Collision with Motor Vehicle in Transport,yes,no,no,no,no,False
101483641,METROPOLITAN NASHVILLE POLICE DEPT,20161126223,Davidson,Nashville,12/21/2016 2:13:00 PM,2,0,0,36.167490,-86.820670,28TH AVN,,,,116.00,Feet,South,JEFFERSON ST,,,,0.00,N,Not at Intersection, ,Non-Junction,None,,,         ,Zachary,Ronan,Clear,Angle,no,no,no,no,no,False
101483646,METROPOLITAN NASHVILLE POLICE DEPT,2016-1126463,Davidson,Nashville,12/21/2016 3:56:00 PM,2,0,0,36.106430,-86.819430,ABBOTT MARTIN RD,,,,0.00,,,CLEGHORN AV,,,,0.00,Y,Four-Way, ,Intersection,None,,,         ,Ryan,Allen,Clear,Front to Rear,no,no,no,no,no,False
101483658,METROPOLITAN NASHVILLE POLICE DEPT,20161126462,Davidson,Nashville,12/21/2016 4:20:00 PM,2,0,0,36.175080,-86.771610,I24 E ENT RAMP,,,,0.00,,,I 24,,,,0.00,Y,Y-Intersection, ,,None,,,         ,Wesley,Feinstein,,,no,no,no,no,no,False
101483659,METROPOLITAN NASHVILLE POLICE DEPT,20161126434,Davidson,Nashville,12/21/2016 4:00:00 PM,2,0,0,36.159900,-86.773860,2ND AVS,,,,0.00,,,DEMONBREUN ST,,,,0.00,Y,Four-Way,N,Intersection,Construction Zone,Work On Shoulder Or Median,Unknown,         ,Phillip,Box,Clear,"Sideswipe, Same Direction",no,no,no,no,yes,False
101483667,METROPOLITAN NASHVILLE POLICE DEPT,20161126446,Davidson,Nashville,12/21/2016 4:14:00 PM,2,0,0,36.173880,-86.788700,JEFFERSON ST,,,,0.00,,,6TH AVN,,,,0.00,Y,Four-Way, ,Intersection-Related,None,,,         ,Michael,Baron,Clear,Other,no,no,no,no,no,False
101483676,METROPOLITAN NASHVILLE POLICE DEPT,20161126369,Davidson,Nashville,12/21/2016 3:55:00 PM,2,1,0,36.157760,-86.845000,ILLINOIS AV,,,,0.00,,,48TH AVN,,,,0.00,Y,Four-Way,Y,Intersection,None,,,         ,Shaun,Heath,Clear,Angle,no,no,no,no,no,False
101483680,METROPOLITAN NASHVILLE POLICE DEPT,20161125949,Davidson,Not in City Limit,12/21/2016 12:51:00 PM,4,0,0,36.312930,-86.830650,I 24,,,,0.00,,,,,,,37.40,N,Not at Intersection,N,Non-Junction,None,,,         ,Royce,McLester,Cloudy,"Sideswipe, Same Direction",no,no,no,no,no,False