master_record_number,agency,agency_tracking_number,county,city,collision_date,vehicles_involved,number_injured,number_dead,latitude,longitude,roadway_name,roadway_suffix,roadway_number,roadway_local_id,distance_from_reference,miles-feet_indicator,direction_from_reference,intersection_road_name,intersection_road_name_suffix,intersection_road_number,intersection_local_id,mile_marker,intersection_indicator,intersect_type,interchange_related_indicator,relation_to_junction,work_zone_type,construction_maintenance_zone,construction_maintenance_zone_location,fatal_case_number,officer_first_name,officer_last_name,weather_condition(s),manner_of_crash,pedestrian,bicycle,scooter,parking,hitrun,mou
101483685,METROPOLITAN NASHVILLE POLICE DEPT,20161126536,Davidson,Nashville,12/21/2016 4:33:00 PM,3,0,0,36.104240,-86.716150,I 24,,,,0.00,,,,,,,54.20,N,Not at Intersection, ,Non-Junction,None,,,         ,Alyson,Cook,Clear,Front to Rear,no,no,no,no,no,False
101483686,METROPOLITAN NASHVILLE POLICE DEPT,20161126662,Davidson,Nashville,12/21/2016 5:00:00 PM,2,0,0,36.115750,-86.771070,I440 E ENT RAMP,,,,0.00,Feet,East,I 440,,,,0.00,N,Not at Intersection, ,Entrance/Exit Ramp Related,None,,,         ,Tien,Nguyen,Clear,Front to Rear,no,no,no,no,no,False
101483688,GOODLETTSVILLE POLICE DEPT,16-44235,Davidson,Goodlettsville,12/21/2016 4:49:00 PM,2,0,0,36.293340,-86.719050,I 65,,,,0.00,,,,,,,94.55,N,Not at Intersection,N,Non-Junction,None,,,         ,Jeremy,Baker,Cloudy,Front to Rear,no,no,no,no,no,False
101483691,METROPOLITAN NASHVILLE POLICE DEPT,20161126559,Davidson,Nashville,12/21/2016 3:37:00 PM,2,0,0,36.153590,-86.757290,I 40,,,,0.00,,,,,,,211.15,N,Not at Intersection, ,,None,,,         ,Mikala,Moore,,,no,no,no,no,no,False
101483699,METROPOLITAN NASHVILLE POLICE DEPT,20161126663,Davidson,Nashville,12/21/2016 12:00:00 AM,2,0,0,36.158750,-86.664660,DONELSON PKE,,,,119.00,Feet,South,MCCAMPBELL AV,,,,0.00,N,Not at Intersection,N,Non-Junction,None,,,         ,Craig,Gentry,Clear,HeadOn,no,no,no,no,no,False
101483706,METROPOLITAN NASHVILLE POLICE DEPT,20161126626,Davidson,Nashville,12/21/2016 5:00:00 PM,2,0,0,36.154310,-86.792790,BROADWAY,,,,0.00,,,WEST END AV,,,,0.00,Y,Five Point Or More, ,Non-Junction,None,,,         ,Eric,Burford,Clear,"Sideswipe, Same Direction",no,no,no,no,no,False
101483708,METROPOLITAN NASHVILLE POLICE DEPT,20161126119,Davidson,Not in City Limit,12/21/2016 2:11:00 PM,2,0,0,36.312930,-86.830650,I 24,,,,0.00,,,,,,,37.40,N,Not at Intersection,N,Non-Junction,None,,,         ,Royce,McLester,Cloudy,Front to Rear,no,no,no,no,yes,False
101483709,METROPOLITAN NASHVILLE POLICE DEPT,20161126709,Davidson,Nashville,12/21/2016 5:33:00 PM,2,0,0,36.098610,-86.659380,MURFREESBORO PKE,,,,0.00,,,HARDING PL,,,,0.00,Y,T-Intersection, ,,None,,,         ,Michael,Apsey,,,no,no,no,no,no,False
101483710,METROPOLITAN NASHVILLE POLICE DEPT,20161126768,Davidson,Nashville,12/21/2016 5:35:00 PM,2,0,0,36.109770,-86.770560,I 65,,,,0.00,,,,,,,79.75,N,Not at Intersection, ,Non-Junction,None,,,         ,Tien,Nguyen,Clear,Front to Rear,no,no,no,no,no,False
101483715,METROPOLITAN NASHVILLE POLICE DEPT,20161126705,Davidson,Nashville,12/21/2016 5:34:00 PM,2,0,0,36.088920,-86.702150,I 24,,,,0.00,,,,,,,55.50,N,Not at Intersection,N,Non-Junction,None,,,         ,Brandon,Vance,Clear,"Sideswipe, Same Direction",no,no,no,no,yes,False
101483730,METROPOLITAN NASHVILLE POLICE DEPT,20161126691,Davidson,Nashville,12/21/2016 5:30:00 PM,3,3,0,36.129140,-86.772860,I 65,,,,0.00,,,,,,,81.00,N,Not at Intersection,N,Non-Junction,None,,,         ,Charles,Griffin,Clear,Front to Rear,no,no,no,no,no,False
101483743,METROPOLITAN NASHVILLE POLICE DEPT,20161126560,Davidson,Nashville,12/21/2016 4:45:00 PM,3,0,0,36.109450,-86.728050,BRILEY PKWYN,,,,0.00,Feet,,BRILEY PKWYS,,,,0.00,Y,Four-Way,N,Intersection,None,,,         ,Benjamin,Froehlich,Clear,Angle,no,no,no,no,no,False
101483753,METROPOLITAN NASHVILLE POLICE DEPT,2016-1126858,Davidson,Nashville,12/21/2016 5:27:00 PM,2,0,0,36.198440,-86.620270,LEBANON PKE,,,,0.00,,,OLD HICKORY BLVD,,,,0.00,Y,Four-Way, ,Intersection,None,,,         ,Sandra,Talavera,Clear,Front to Rear,no,no,no,no,no,False
101483758,METROPOLITAN NASHVILLE POLICE DEPT,20161126841,Davidson,Nashville,12/21/2016 5:59:00 PM,2,0,0,36.149700,-86.857930,WHITE BRIDGE PKE,,,,164.00,Feet,South,CHARLOTTE PKE,,,,0.00,N,Not at Intersection, ,Non-Junction,None,,,         ,Shaun,Heath,Cloudy,Angle,no,no,no,no,no,False
101483769,METROPOLITAN NASHVILLE POLICE DEPT,20161126883,Davidson,Nashville,12/21/2016 4:35:00 PM,2,0,0,36.103900,-86.808790,LONE OAK RD,,,,175.00,Feet,South,HILLMONT DR,,,,0.00,N,Not at Intersection,N,Non-Junction,None,,,         ,Tien,Nguyen,Clear,Front to Rear,no,no,no,no,no,False
101483772,METROPOLITAN NASHVILLE POLICE DEPT,20161126269,Davidson,Not in City Limit,12/21/2016 3:17:00 PM,2,4,0,36.081710,-86.957100,I40 W EXT RAMP,,,,0.00,,,I 40,,,,0.00,Y,Four-Way,Y,Entrance/Exit Ramp Related,None,,,         ,Adam,Reese,Clear,Front to Rear,no,no,no,no,no,False
101483773,METROPOLITAN NASHVILLE POLICE DEPT,20161126879,Davidson,Nashville,12/21/2016 5:56:00 PM,2,0,0,36.146140,-86.759990,TRIMBLE ST,,,,172.00,Feet,East,LINCOLN ST,,,,0.00,N,Not at Intersection, ,Non-Junction,None,,,         ,Alyson,Cook,Clear,"Sideswipe, Same Direction",no,no,no,no,yes,False
101483781,METROPOLITAN NASHVILLE POLICE DEPT,2016-1126643,Davidson,Nashville,12/21/2016 5:19:00 PM,2,1,0,36.151940,-86.849370,CHARLOTTE AV,,,,155.00,Feet,East,52ND AVN,,,,0.00,N,Not at Intersection,N,Non-Junction,None,,,         ,Ryan,Allen,Clear,Front to Rear,no,no,no,no,no,False
101483787,METROPOLITAN NASHVILLE POLICE DEPT,20161126851,Davidson,Nashville,12/21/2016 5:35:00 PM,2,0,0,36.140740,-86.793640,16TH AVS,,,,0.00,,,HORTON AV,,,,0.00,Y,Four-Way, ,Intersection,None,,,         ,Maria,Cortez,Cloudy,Angle,no,no,no,no,no,False
101483793,METROPOLITAN NASHVILLE POLICE DEPT,20161126645,Davidson,Nashville,12/21/2016 4:35:00 PM,1,0,0,36.184200,-86.754900,CLEVELAND ST,,,,118.00,Feet,West,W EASTLAND AV,,,,0.00,N,Not at Intersection,N,Non-Junction,None,,,         ,Jonathan,Hadley,Clear,Not Collision with Motor Vehicle in Transport,no,no,no,yes,yes,False
101483795,METROPOLITAN NASHVILLE POLICE DEPT,20161126667,Davidson,Nashville,12/21/2016 5:23:00 PM,2,0,0,36.181020,-86.800030,I 65,,,,0.00,,,,,,,85.10,N,Not at Intersection, ,Non-Junction,None,,,         ,Michael,Brooks,Clear,"Sideswipe, Same Direction",no,no,no,no,no,False
101483796,METROPOLITAN NASHVILLE POLICE DEPT,20161127037,Davidson,Nashville,12/21/2016 7:41:00 PM,2,2,0,36.231520,-86.795630,EWING DR,,,,0.00,,,VISTA LN,,,,0.00,Y,Four-Way,N,Intersection,None,,,         ,Michael,Brooks,Clear,Angle,no,no,no,no,yes,False
101483801,BERRY HILL POLICE DEPT,16-4379,Davidson,Berry Hill,12/21/2016 12:00:00 AM,1,1,0,36.120990,-86.775320,FRANKLIN PKE,,,,142.00,Feet,South,KIRKWOOD AV,,,,0.00,N,Not at Intersection,N,Non-Junction,None,,,         ,John,Gleixner,Clear,Not Collision with Motor Vehicle in Transport,no,no,no,no,no,False
101483813,METROPOLITAN NASHVILLE POLICE DEPT,20161126657,Davidson,Nashville,12/21/2016 5:19:00 PM,2,1,0,36.250420,-86.741020,I 65,,,,0.00,,,,,,,91.25,N,Not at Intersection,N,Non-Junction,None,,,         ,Samuel,Miller,Clear,Front to Rear,no,no,no,no,no,False
101483816,METROPOLITAN NASHVILLE POLICE DEPT,20161126870,Davidson,Not in City Limit,12/21/2016 5:30:00 PM,2,0,0,35.992110,-86.684340,NOLENSVILLE RD,,,,412.00,Feet,North,BURKITT RD,,,,0.00,N,Not at Intersection, ,Non-Junction,None,,,         ,Alyson,Cook,Clear,"Sideswipe, Opposite Direction",no,no,no,no,yes,False
101483826,VANDERBILT UNIVERSITY POLICE,16-1126596,Davidson,Nashville,12/21/2016 4:15:00 PM,2,0,0,36.141230,-86.804990,24TH AVS,,,,589.00,Feet,South,HIGHLAND AV,,,,0.00,N,Not at Intersection, ,Non-Junction,None,,,         ,Cedric,Edwards,Clear,"Sideswipe, Opposite Direction",no,no,no,yes,no,Campus
101483827,METROPOLITAN NASHVILLE POLICE DEPT,20161126910,Davidson,Nashville,12/21/2016 6:44:00 PM,2,2,0,36.069120,-86.683840,ANTIOCH PKE,,,,0.00,,,RICHARDS RD,,,,0.00,Y,T-Intersection,N,Intersection,None,,,         ,William,Durham,Clear,Angle,no,no,no,no,no,False
101483833,METROPOLITAN NASHVILLE POLICE DEPT,20161127046,Davidson,Antioch,12/21/2016 7:05:00 PM,2,0,0,36.042320,-86.607490,HOBSON PKE,,,,338.00,Feet,West,MURFREESBORO PKE,,,,0.00,N,Not at Intersection,N,Non-Junction,None,,,         ,Victoria,Cunningham,Clear,"Sideswipe, Same Direction",no,no,no,no,no,False
101483837,METROPOLITAN NASHVILLE POLICE DEPT,20161127153,Davidson,Nashville,12/21/2016 7:55:00 PM,2,0,0,36.045470,-86.658670,BELL RD,,,,77.00,Feet,West,I24 W EXT RAMP,,,,0.00,N,Not at Intersection,N,Non-Junction,None,,,         ,Alyson,Cook,Clear,Front to Rear,no,no,no,no,no,False
101483839,METROPOLITAN NASHVILLE POLICE DEPT,20161127209,Davidson,Nashville,12/21/2016 6:19:00 PM,3,0,0,36.032870,-86.772060,CHURCH STE,,,,999.00,Feet,West,CLOVERLAND DR,,,,0.00,N,Not at Intersection,N,Non-Junction,None,,,         ,Tien,Nguyen,Clear,Front to Rear,no,no,no,no,no,False
101483840,METROPOLITAN NASHVILLE POLICE DEPT,20161127029,Davidson,Nashville,12/21/2016 7:20:00 PM,2,0,0,36.229770,-86.624830,OLD HICKORY BLVD,,,,606.00,Feet,North,CLEVELAND HALL BLVD,,,,0.00,N,Not at Intersection,N,Non-Junction,None,,,         ,Codey,Mullins,Clear,"Sideswipe, Same Direction",no,no,no,no,no,False
101483841,METROPOLITAN NASHVILLE POLICE DEPT,20161127139,Davidson,Nashville,12/21/2016 8:19:00 PM,2,1,0,36.176870,-86.793850,TAYLOR ST,,,,0.00,Feet,,ROSA L PARKS BLVD,,,,0.00,Y,Four-Way,N,Intersection,None,,,         ,Zachary,Ronan,Clear,Angle,no,no,no,no,no,False
101483843,METROPOLITAN NASHVILLE POLICE DEPT,20161127240,Davidson,Nashville,12/21/2016 8:54:00 PM,2,0,0,36.183740,-86.747700,EASTLAND AV,,,,200.00,Feet,East,GALLATIN AV,,,,0.00,N,Not at Intersection, ,"Driveway, Alley Access, etc",None,,,         ,Cressie,Prill,Clear,Angle,no,no,no,no,no,False
101483845,METROPOLITAN NASHVILLE POLICE DEPT,20161127203,Davidson,Nashville,12/21/2016 6:40:00 PM,2,0,0,36.136340,-86.771070,SOUTHGATE AV,,,,52.00,Feet,East,STEWART PL,,,,0.00,N,Not at Intersection, ,Non-Junction,None,,,         ,Blaine,Whited,Clear,Angle,no,no,no,no,no,False
101483848,METROPOLITAN NASHVILLE POLICE DEPT,20161127212,Davidson,Nashville,12/21/2016 7:40:00 PM,2,0,0,36.194340,-86.775590,I 65,,,,0.00,,,,,,,86.50,N,Not at Intersection, ,Non-Junction,None,,,         ,Christopher,Valdez,Clear,Angle,no,no,no,no,no,False
101483854,METROPOLITAN NASHVILLE POLICE DEPT,2016-1126997,Davidson,Nashville,12/21/2016 6:45:00 PM,2,0,0,36.192320,-86.616300,OLD HICKORY BLVD,,,,0.00,,,JUAREZ DR,,,,0.00,Y,Four-Way, ,Intersection,None,,,         ,Sandra,Talavera,Clear,Front to Rear,no,no,no,no,no,False
101483857,METROPOLITAN NASHVILLE POLICE DEPT,20161127303,Davidson,Nashville,12/21/2016 8:25:00 PM,1,0,0,36.239110,-86.872070,EATONS CREEK RD,,,,300.00,Feet,South,MCCOOL RD,,,,0.00,N,Not at Intersection,N,Non-Junction,None,,,         ,Michael,Brooks,Clear,Not Collision with Motor Vehicle in Transport,no,no,no,no,yes,False
101483858,METROPOLITAN NASHVILLE POLICE DEPT,20161126608,Davidson,Nashville,12/21/2016 12:00:00 AM,2,0,0,36.131500,-86.773960,I 65,,,,0.00,,,,,,,81.20,N,Not at Intersection,N,Non-Junction,None,,,         ,Akira,McSwain,Clear,Angle,no,no,no,no,yes,False
101483894,METROPOLITAN NASHVILLE POLICE DEPT,20161127013,Davidson,Nashville,12/21/2016 7:26:00 PM,2,2,0,36.145460,-86.659210,ELM HILL PKE,,,,0.00,,,COLFAX DR,,,,0.00,Y,T-Intersection,N,Intersection,None,,,         ,Mikala,Moore,Clear,Angle,no,no,no,no,yes,False
101483904,METROPOLITAN NASHVILLE POLICE DEPT,20161127370,Davidson,Nashville,12/21/2016 9:27:00 PM,2,1,0,36.075830,-86.920910,OLD HICKORY BLVD,,,,132.00,Feet,North,BELLE FOREST SHOPPING CENTER P,,,,0.00,N,Not at Intersection,N,Non-Junction,None,,,         ,Adam,Reese,Cloudy,Angle,no,no,no,no,no,False
101483913,METROPOLITAN NASHVILLE POLICE DEPT,20161127247,Davidson,Not in City Limit,12/21/2016 8:25:00 PM,2,0,0,36.307920,-86.683480,NORTHSIDE MARKETPLACE PVTDR,,,,0.00,,,GALLATIN PKEN,,,,0.00,Y,Four-Way,N,Non-Junction,None,,,         ,Broderick,Jones,Clear,"Sideswipe, Opposite Direction",no,no,no,no,no,False
101483917,METROPOLITAN NASHVILLE POLICE DEPT,20161126321,Davidson,Nashville,12/21/2016 3:35:00 PM,4,1,0,36.115780,-86.782260,I 440,,,,0.00,,,,,,,4.40,N,Not at Intersection,N,Non-Junction,None,,,         ,William,Taylor,Clear,Front to Rear,no,no,no,no,no,False
101483927,METROPOLITAN NASHVILLE POLICE DEPT,2016-1127419,Davidson,Not in City Limit,12/21/2016 10:17:00 PM,1,0,0,36.094900,-86.937350,I 40,,,,0.00,,,,,,,197.80,N,Not at Intersection,N,Non-Junction,None,,,         ,Ryan,Allen,Clear,Not Collision with Motor Vehicle in Transport,no,no,no,no,no,False
101483930,GOODLETTSVILLE POLICE DEPT,16-44265,Davidson,Goodlettsville,12/21/2016 9:00:00 PM,2,0,0,36.305660,-86.703030,RIVERGATE PARKWAY,,,,0.00,,,MEADOWLARK LANE,,,,0.00,Y,Four-Way, ,Non-Junction,None,,,         ,Daniel,Knalls,Clear,Angle,no,no,no,no,yes,False
101483942,METROPOLITAN NASHVILLE POLICE DEPT,20161127476,Davidson,Nashville,12/21/2016 10:15:00 PM,2,0,0,36.140710,-86.726280,I 40,,,,0.00,,,,,,,213.35,N,Not at Intersection,N,Non-Junction,None,,,         ,Kelcey,Bell,Clear,"Sideswipe, Same Direction",no,no,no,no,no,False
101483946,METROPOLITAN NASHVILLE POLICE DEPT,20161127340,Davidson,Nashville,12/21/2016 8:00:00 PM,1,0,0,36.110040,-86.789860,DRAUGHON AV,,,,583.00,Feet,West,LEALAND LN,,,,0.00,N,Not at Intersection,N,Non-Junction,None,,,         ,Stephen,Waterman,Clear,Not Collision with Motor Vehicle in Transport,no,no,no,no,no,False
101483950,METROPOLITAN NASHVILLE POLICE DEPT,20161127558,Davidson,Nashville,12/21/2016 11:10:00 PM,2,0,0,36.239750,-86.771330,BRILEY PKWYW,,,,334.00,Feet,West,BRILEY PKWYE,,,,0.00,N,Not at Intersection,N,Non-Junction,None,,,         ,Patrick,Lancaster,Clear,Front to Rear,no,no,no,no,no,False
101483956,GOODLETTSVILLE POLICE DEPT,16-44274,Davidson,Goodlettsville,12/21/2016 10:13:00 PM,2,1,0,36.332621,-86.716770,N. MAIN STREET,,US31/41,,400.00,Feet,South,FANNIN DRIVE,,,,0.00,N,Not at Intersection,N,Non-Junction,None,,,         ,Shane,Farrell,Clear,Not Collision with Motor Vehicle in Transport,no,no,no,no,no,False
101483957,METROPOLITAN NASHVILLE POLICE DEPT,20161127543,Davidson,Nashville,12/21/2016 10:00:00 PM,2,0,0,36.184210,-86.595740,WILLESDEN GREEN,,,,156.00,Feet,North,STROMBURY DR,,,,0.00,N,Not at Intersection, ,,None,,,         ,Bo,Branum,,,no,no,no,no,no,False
101483961,METROPOLITAN NASHVILLE POLICE DEPT,20161127483,Davidson,Nashville,12/21/2016 10:45:00 PM,2,0,0,36.239830,-86.774410,BRILEY PKWYW,,,,229.00,Feet,South,BRILEY PKWYE,,,,0.00,N,Not at Intersection,N,Non-Junction,None,,,         ,Devon,Morgan,Clear,Front to Rear,no,no,no,no,yes,False
101483978,METROPOLITAN NASHVILLE POLICE DEPT,20161127764,Davidson,Nashville,12/22/2016 12:52:00 AM,1,0,0,36.125400,-86.729690,I24 E ENT RAMP,,,,1061.00,Feet,East,I 440,,,,0.00,N,Not at Intersection,N,Entrance/Exit Ramp Related,None,,,         ,Dale,Dameron,Clear,Not Collision with Motor Vehicle in Transport,no,no,no,no,no,False
101483981,METROPOLITAN NASHVILLE POLICE DEPT,20161127793,Davidson,Nashville,12/21/2016 11:00:00 PM,2,0,0,36.237190,-86.790020,BRILEY PKWYW,,,,0.00,,,I24 E EXT RAMP,,,,0.00,Y,OTHER,N,Entrance/Exit Ramp Related,None,,,         ,Matthew,Lachance,Clear,Angle,no,no,no,no,yes,False
101483985,METROPOLITAN NASHVILLE POLICE DEPT,20161127815,Davidson,Nashville,12/21/2016 10:30:00 PM,2,0,0,36.044890,-86.663950,BELL RD,,,,627.00,Feet,North,CANE RIDGE RD,,,,0.00,N,Not at Intersection,N,Non-Junction,None,,,         ,Charles,Shaw,Clear,Front to Rear,no,no,no,no,yes,False
101483990,METROPOLITAN NASHVILLE POLICE DEPT,20161127903,Davidson,Nashville,12/22/2016 1:20:00 AM,2,0,0,36.127200,-86.707240,THOMPSON PL,,,,0.00,,,PATRICIA DR,,,,0.00,Y,T-Intersection,N,Intersection,None,,,         ,Bo,Branum,Clear,Angle,no,no,no,no,yes,False
101483993,METROPOLITAN NASHVILLE POLICE DEPT,20161127676,Davidson,Nashville,12/22/2016 12:10:00 AM,2,0,0,36.207230,-86.776410,I65 S ENT RAMP,,,,0.00,,,I 65,,,,0.00,Y,OTHER,Y,Entrance/Exit Ramp Related,None,,,         ,Geoffrey,Daugherty,Clear,"Sideswipe, Same Direction",no,no,no,no,yes,False
101483999,Nashville Airport Police,2016-03760,Davidson,Nashville,12/21/2016 5:00:00 AM,1,0,0,0.000000,0.000000,AIRPORT SERVICES,RD,SR921,,7.00,Feet,South,,,,,1.00,N,Not at Intersection,N,Unknown,None,,,         ,Len,Sangster Jr,Cloudy,Not Collision with Motor Vehicle in Transport,no,no,no,no,no,False
101484000,METROPOLITAN NASHVILLE POLICE DEPT,20161127803,Davidson,Nashville,12/22/2016 1:21:00 AM,1,0,0,36.168180,-86.689970,LEBANON PKE,,,,58.00,Feet,East,BRILEY PKWY S EXT RAMP,,,,0.00,N,Not at Intersection,N,Entrance/Exit Ramp Related,None,,,         ,Austin,Childress,Clear,Not Collision with Motor Vehicle in Transport,no,no,no,no,no,False
101484001,METROPOLITAN NASHVILLE POLICE DEPT,20161127902,Davidson,Nashville,12/22/2016 12:00:00 AM,1,0,0,36.171240,-86.803180,I 40,,,,0.00,,,,,,,207.70,N,Not at Intersection,N,Non-Junction,None,,,         ,Nicholas,Carter,Clear,Not Collision with Motor Vehicle in Transport,no,no,no,no,yes,False
101484002,METROPOLITAN NASHVILLE POLICE DEPT,20161127897,Davidson,Nashville,12/22/2016 2:09:00 AM,2,1,0,36.219680,-86.585670,SHSHONE DR,,,,160.00,Feet,North,KILIMANJARO DR,,,,0.00,N,Not at Intersection,N,Non-Junction,None,,,         ,Brett,Johns,Clear,"Sideswipe, Same Direction",no,no,no,no,yes,False
101484049,METROPOLITAN NASHVILLE POLICE DEPT,20161125105,Davidson,Nashville,12/21/2016 6:41:00 AM,3,0,0,36.164780,-86.614440,I 40,,,,0.00,,,,,,,220.00,N,Not at Intersection,N,Non-Junction,None,,,         ,Clifton,Knight,Clear,"Sideswipe, Same Direction",no,no,no,no,yes,False
101484054,METROPOLITAN NASHVILLE POLICE DEPT,20161128320,Davidson,Nashville,12/22/2016 5:50:00 AM,2,0,0,36.109330,-86.720090,I24 W EXT RAMP,,,,0.00,,,I 24,,,,0.00,Y,Y-Intersection, ,Entrance/Exit Ramp Related,None,,,         ,Erik,Dabbs,Clear,"Sideswipe, Same Direction",no,no,no,no,no,False
101484076,METROPOLITAN NASHVILLE POLICE DEPT,20161125902,Davidson,Nashville,12/21/2016 12:00:00 AM,1,0,0,36.233510,-86.818860,BRILEY PKWYW,,,,56.00,Feet,East,BRILEY PKWY W ENT RAMP,,,,0.00,N,Not at Intersection,N,Non-Junction,None,,,         ,Donald,Black,Fog,Not Collision with Motor Vehicle in Transport,no,no,no,no,no,False
101484078,METROPOLITAN NASHVILLE POLICE DEPT,20161128362,Davidson,Nashville,12/22/2016 12:00:00 AM,1,2,0,36.154020,-86.756660,HERMITAGE AV,,,,182.00,Feet,West,FAIRFIELD AV,,,,0.00,N,Not at Intersection,N,Non-Junction,None,,,         ,Brandon,Hughes,Clear,Not Collision with Motor Vehicle in Transport,no,no,no,no,no,False
101484083,METROPOLITAN NASHVILLE POLICE DEPT,20161128486,Davidson,Nashville,12/22/2016 7:45:00 AM,2,0,0,36.086580,-86.771970,HARDING PL,,,,0.00,,,FRANKLIN PKE,,,,0.00,Y,Four-Way, ,,None,,,         ,Nathan,Kemp,,,no,no,no,no,no,False
101484138,METROPOLITAN NASHVILLE POLICE DEPT,20161128638,Davidson,Nashville,12/22/2016 8:50:00 AM,2,0,0,36.124800,-86.765920,BRANSFORD AV,,,,103.00,Feet,South,ROSEDALE AV,,,,0.00,N,Not at Intersection, ,Non-Junction,None,,,         ,Nathan,Kemp,Clear,Front to Rear,no,no,no,no,no,False
101484162,METROPOLITAN NASHVILLE POLICE DEPT,20161126123,Davidson,Nashville,12/21/2016 2:17:00 PM,2,1,0,36.214610,-86.604660,LEBANON PKE,,,,0.00,,,SHUTE LN,,,,0.00,Y,OTHER,N,Non-Junction,None,,,         ,Christopher,Dickerson,Clear,Front to Rear,no,no,no,no,no,False
101484176,METROPOLITAN NASHVILLE POLICE DEPT,20161128508,Davidson,Nashville,12/22/2016 7:57:00 AM,2,0,0,36.045460,-86.658680,BELL RD,,,,79.00,Feet,West,I24 W ENT RAMP,,,,0.00,N,Not at Intersection, ,Non-Junction,None,,,         ,Rickie,Corman,Clear,"Sideswipe, Same Direction",no,no,no,no,no,False
101484211,METROPOLITAN NASHVILLE POLICE DEPT,20161128854,Davidson,Nashville,12/22/2016 10:25:00 AM,2,1,0,36.215790,-86.775320,I 65,,,,0.00,,,,,,,88.00,N,Not at Intersection,N,Non-Junction,None,,,         ,Michael,McCord,Clear,Front to Rear,no,no,no,no,no,False
101484225,METROPOLITAN NASHVILLE POLICE DEPT,20161128580,Davidson,Nashville,12/22/2016 8:31:00 AM,2,0,0,36.225210,-86.625580,OLD HICKORY BLVD,,,,0.00,,,CENTER ST,,,,0.00,Y,OTHER,N,Non-Junction,None,,,         ,Christopher,Dickerson,Clear,Front to Rear,no,no,no,no,no,False
101484238,METROPOLITAN NASHVILLE POLICE DEPT,20161128940,Davidson,Nashville,12/22/2016 11:00:00 AM,2,0,0,36.145040,-86.872010,CHARLOTTE PKE,,,,303.00,Feet,North,AMERICAN RD,,,,0.00,N,Not at Intersection, ,Non-Junction,None,,,         ,Curtis,Rich,Clear,Front to Rear,no,no,no,no,no,False
101484247,METROPOLITAN NASHVILLE POLICE DEPT,2016-1128458,Davidson,Nashville,12/22/2016 7:36:00 AM,2,1,0,36.044950,-86.659750,BELL RD,,,,0.00,,,I24 E ENT RAMP,,,,0.00,Y,Four-Way,Y,Entrance/Exit Ramp Related,None,,,         ,William,Whitworth,Clear,Angle,no,no,no,no,no,False
101484248,METROPOLITAN NASHVILLE POLICE DEPT,2016-1128753,Davidson,Nashville,12/22/2016 9:37:00 AM,1,0,0,36.092880,-86.705360,I 24,,,,0.00,,,,,,,55.15,N,Not at Intersection,N,Non-Junction,None,,,         ,William,Whitworth,Clear,Not Collision with Motor Vehicle in Transport,no,no,no,no,no,False
101484273,METROPOLITAN NASHVILLE POLICE DEPT,20161128982,Davidson,Not in City Limit,12/22/2016 10:30:00 AM,2,0,0,36.272060,-86.687340,ANDERSON LN,,,,47.00,Feet,East,ARCHWOOD DR,,,,0.00,N,Not at Intersection, ,,None,,,         ,Brian,Otto,,,no,no,no,yes,no,False
101484302,METROPOLITAN NASHVILLE POLICE DEPT,20161129012,Davidson,Nashville,12/22/2016 11:47:00 AM,2,0,0,36.156240,-86.802940,20TH AVN,,,,0.00,,,MURPHY AV,,,,0.00,Y,T-Intersection, ,Intersection,None,,,         ,Nathan,Kemp,Clear,"Sideswipe, Same Direction",no,no,no,no,no,False
101484303,METROPOLITAN NASHVILLE POLICE DEPT,20161129062,Davidson,Nashville,12/22/2016 12:15:00 PM,2,0,0,36.155040,-86.797520,CHURCH ST,,,,0.00,,,18TH AVN,,,,0.00,Y,Four-Way, ,,None,,,         ,Nathan,Kemp,,,no,no,no,no,no,False
101484305,METROPOLITAN NASHVILLE POLICE DEPT,20161074093,Davidson,Nashville,12/4/2016 9:06:00 PM,1,1,1,36.070720,-86.716350,HOPEDALE DR,,,,714.00,Feet,North,HAYWOOD LN,,,,0.00,N,Not at Intersection,N,Non-Junction,None,,,16-0910  ,Erika,Bowden,Rain,Not Collision with Motor Vehicle in Transport,no,no,no,no,no,False
101484320,METROPOLITAN NASHVILLE POLICE DEPT,20161128692,Davidson,Nashville,12/22/2016 9:11:00 AM,2,0,0,36.254120,-86.739010,I 65,,,,0.00,,,,,,,91.55,N,Not at Intersection, ,Non-Junction,None,,,         ,Brandon,Wood,Clear,"Sideswipe, Same Direction",no,no,no,no,no,False
101484334,METROPOLITAN NASHVILLE POLICE DEPT,20161129078,Davidson,Nashville,12/22/2016 12:20:00 PM,3,1,0,36.134920,-86.887500,CHARLOTTE PKE,,,,185.00,Feet,East,W HILLWOOD DR,,,,0.00,N,Not at Intersection,N,Non-Junction,None,,,         ,Curtis,Rich,Clear,Front to Rear,no,no,no,no,no,False
101484338,METROPOLITAN NASHVILLE POLICE DEPT,20161128989,Davidson,Nashville,12/22/2016 11:40:00 AM,2,2,0,36.253720,-86.739170,I 65,,,,0.00,,,,,,,91.50,N,Not at Intersection,N,Non-Junction,None,,,         ,Terrence,Bradley,Clear,Angle,no,no,no,no,no,False
101484339,THP District 3 - Nashville,316069979,Davidson,Nashville,12/20/2016 6:00:00 PM,2,1,0,36.026370,-86.784690,I 65,,,,0.00,,,,,,,73.70,N,Not at Intersection,N,Non-Junction,None,,,         ,Charles,Achinger,Clear,Front to Rear,no,no,no,no,no,False