master_record_number,agency,agency_tracking_number,county,city,collision_date,vehicles_involved,number_injured,number_dead,latitude,longitude,roadway_name,roadway_suffix,roadway_number,roadway_local_id,distance_from_reference,miles-feet_indicator,direction_from_reference,intersection_road_name,intersection_road_name_suffix,intersection_road_number,intersection_local_id,mile_marker,intersection_indicator,intersect_type,interchange_related_indicator,relation_to_junction,work_zone_type,construction_maintenance_zone,construction_maintenance_zone_location,fatal_case_number,officer_first_name,officer_last_name,weather_condition(s),manner_of_crash,pedestrian,bicycle,scooter,parking,hitrun,mou
101484340,METROPOLITAN NASHVILLE POLICE DEPT,20161129076,Davidson,Nashville,12/22/2016 12:20:00 PM,2,2,0,36.195740,-86.732650,CAHAL AV,,,,0.00,,,SCOTT AV,,,,0.00,Y,Four-Way,N,Intersection,None,,,         ,Anthony,Rizo,Clear,Angle,no,no,no,no,no,False
101484341,METROPOLITAN NASHVILLE POLICE DEPT,20161128695,Davidson,Nashville,12/22/2016 9:00:00 AM,2,0,0,36.156450,-86.631310,STEWARTS FERRY PKE,,,,0.00,,,I40 W EXT RAMP,,,,0.00,Y,T-Intersection,N,Intersection,None,,,         ,Gerald,Gomes,Clear,"Sideswipe, Same Direction",no,no,no,no,yes,False
101484368,METROPOLITAN NASHVILLE POLICE DEPT,20161129086,Davidson,Nashville,12/22/2016 12:25:00 PM,2,1,0,36.080370,-86.685700,ANTIOCH PKE,,,,0.00,,,FRANKLIN LIMESTONE RD,,,,0.00,Y,Four-Way,Y,Intersection-Related,None,,,         ,Blake,Lutz,Clear,Front to Rear,no,no,no,no,no,False
101484394,METROPOLITAN NASHVILLE POLICE DEPT,20161129066,Davidson,Nashville,12/22/2016 11:48:00 AM,2,0,0,36.143920,-86.699880,I 40,,,,0.00,,,,,,,214.75,N,Not at Intersection,N,Non-Junction,None,,,         ,Kevin,Coleman,Clear,Front to Rear,no,no,no,no,no,False
101484395,METROPOLITAN NASHVILLE POLICE DEPT,2016-1129074,Davidson,Nashville,12/22/2016 11:40:00 AM,2,0,0,36.033250,-86.712930,NOLENSVILLE PKE,,,,100.00,Feet,South,CELEBRATION WAY,,,,0.00,N,Not at Intersection,N,Non-Junction,None,,,         ,William,Whitworth,Clear,Front to Rear,no,no,no,no,no,False
101484405,METROPOLITAN NASHVILLE POLICE DEPT,20161129188,Davidson,Nashville,12/22/2016 1:16:00 PM,2,0,0,36.091360,-86.828510,HILLSBORO PKE,,,,0.00,,,HARDING PL,,,,0.00,Y,Four-Way,N,Intersection-Related,None,,,         ,Nathan,Kemp,Clear,Front to Rear,no,no,no,no,no,False
101484406,METROPOLITAN NASHVILLE POLICE DEPT,20161128411,Davidson,Nashville,12/22/2016 7:13:00 AM,2,0,0,36.200110,-86.582260,CHANDLER RD,,,,193.00,Feet,East,CHANDLER GROVE DR,,,,0.00,N,Not at Intersection, ,,None,,,         ,James,Curtis,,,no,no,no,no,no,False
101484409,METROPOLITAN NASHVILLE POLICE DEPT,20161129134,Davidson,Not in City Limit,12/22/2016 12:06:00 PM,2,0,0,36.262320,-86.738180,I 65,,,,0.00,,,,,,,92.10,N,Not at Intersection,N,Non-Junction,None,,,         ,Brandon,Wood,Clear,"Sideswipe, Same Direction",no,no,no,no,no,False
101484427,METROPOLITAN NASHVILLE POLICE DEPT,20161129196,Davidson,Not in City Limit,12/22/2016 1:15:00 PM,2,0,0,36.352350,-86.879870,WHITES CREEK PKE,,,,0.00,Feet,East,BAXTER RD,,,,0.00,N,Not at Intersection, ,Non-Junction,None,,,         ,Craig,Bega,Clear,Front to Rear,no,no,no,no,no,False
101484434,METROPOLITAN NASHVILLE POLICE DEPT,20161129161,Davidson,Nashville,12/22/2016 12:51:00 PM,2,0,0,36.206250,-86.773520,I65 N EXT RAMP,,,,0.00,,,W TRINITY LN,,,,0.00,Y,T-Intersection,N,Entrance/Exit Ramp Related,None,,,         ,Michael,Parman,Clear,Front to Rear,no,no,no,no,yes,False
101484437,Nashville Airport Police,2016-03810,Davidson,Nashville,12/21/2016 1:00:00 PM,2,0,0,36.145780,-86.666890,DONELSON PKE,,,,0.00,,,DONELSON PKE,,,,0.00,,Not at Intersection, ,Non-Junction,None,,,         ,Steve,Wright,Clear,Front to Rear,no,no,no,yes,yes,False
101484440,METROPOLITAN NASHVILLE POLICE DEPT,2016-1129329,Davidson,Nashville,12/22/2016 1:47:00 PM,2,0,0,36.121250,-86.763790,I 440,,,,0.00,,,,,,,5.60,N,Not at Intersection, ,Non-Junction,None,,,         ,Jonathan,Seidl,Clear,"Sideswipe, Same Direction",no,no,no,no,no,False
101484457,METROPOLITAN NASHVILLE POLICE DEPT,2016-1129261,Davidson,Nashville,12/22/2016 1:39:00 PM,2,0,0,36.193660,-86.831220,S HAMILTON RD,,,,0.00,,,BUENA VISTA PKE,,,,0.00,Y,Four-Way, ,Intersection,None,,,         ,William,Caillouette,Clear,Angle,no,no,no,no,no,False
101484465,METROPOLITAN NASHVILLE POLICE DEPT,2016-1129292,Davidson,Not in City Limit,12/22/2016 12:50:00 PM,2,0,0,35.975630,-86.648700,BATTLE RD,,,,6.00,Feet,West,KIDD RD,,,,0.00,N,Not at Intersection, ,Non-Junction,None,,,         ,William,Whitworth,Clear,"Sideswipe, Opposite Direction",no,no,no,no,no,False
101484494,Nashville Airport Police,2016-03767,Davidson,Nashville,12/19/2016 3:45:00 PM,2,0,0,36.133410,-86.665080,BNA DR,,,,0.00,,,TERMINAL DR,,,,0.00,Y,Y-Intersection, ,Non-Junction,None,,,         ,Mark,Lawrence,Clear,Front to Rear,no,no,no,no,no,False
101484512,METROPOLITAN NASHVILLE POLICE DEPT,20160128839,Davidson,Nashville,12/22/2016 10:21:00 AM,3,3,0,36.132630,-86.726750,I 24,,,,0.00,,,,,,,52.00,N,Not at Intersection,N,Non-Junction,None,,,         ,Jerre,Fly,Clear,Front to Rear,no,no,no,no,no,False
101484541,GOODLETTSVILLE POLICE DEPT,16-44366,Davidson,Goodlettsville,12/22/2016 3:22:00 PM,2,1,0,36.323380,-86.706640,LONG HOLLOW PKE,,,,40.00,Feet,West,I65 S EXT RAMP,,,,0.00,N,Not at Intersection,N,Non-Junction,None,,,         ,Jeremy,Baker,Clear,Front to Rear,no,no,no,no,no,False
101484550,METROPOLITAN NASHVILLE POLICE DEPT,20161126838,Davidson,Nashville,12/21/2016 6:07:00 PM,3,2,0,36.127400,-86.907990,CHARLOTTE PKE,,,,528.00,Feet,South,CHARLOTTE PKE PVTDR,,,,0.00,N,Not at Intersection,N,"Driveway, Alley Access, etc",None,,,         ,John,Thomas,Clear,Front to Rear,no,no,no,no,no,False
101484586,METROPOLITAN NASHVILLE POLICE DEPT,20161129458,Davidson,Nashville,12/22/2016 3:48:00 PM,3,1,0,36.169750,-86.676710,LEBANON PKE,,,,222.00,Feet,West,PARK DR,,,,0.00,N,Not at Intersection,N,Non-Junction,None,,,         ,Mikala,Moore,Clear,Front to Rear,no,no,no,no,no,False
101484591,METROPOLITAN NASHVILLE POLICE DEPT,20161129386,Davidson,Nashville,12/22/2016 3:07:00 PM,3,0,0,36.047910,-86.663160,I 24,,,,0.00,,,,,,,59.10,N,Not at Intersection,N,Non-Junction,None,,,         ,Alyson,Cook,Clear,"Sideswipe, Same Direction",no,no,no,no,no,False
101484592,METROPOLITAN NASHVILLE POLICE DEPT,20161129344,Davidson,Nashville,12/22/2016 2:57:00 PM,2,0,0,36.102600,-86.765310,I 65,,,,0.00,,,,,,,79.25,N,Not at Intersection, ,Non-Junction,None,,,         ,Akira,McSwain,Clear,Angle,no,no,no,no,no,False
101484595,METROPOLITAN NASHVILLE POLICE DEPT,20161129443,Davidson,Nashville,12/22/2016 3:38:00 PM,2,0,0,36.038200,-86.783910,OLD HICKORY BLVD,,,,168.00,Feet,West,I65 S EXT RAMP,,,,0.00,N,Not at Intersection,N,Non-Junction,None,,,         ,Jacob,Masteller,Clear,Front to Rear,no,no,no,no,yes,False
101484597,METROPOLITAN NASHVILLE POLICE DEPT,20161129342,Davidson,Nashville,12/22/2016 1:07:00 PM,2,1,0,36.092580,-86.885420,VAUGHNS GAP RD,,,,0.00,,,HARDING PKE,,,,0.00,Y,Four-Way,N,Intersection,None,,,         ,John,Thomas,Clear,Angle,no,no,no,no,no,False
101484609,METROPOLITAN NASHVILLE POLICE DEPT,20161129550,Davidson,Nashville,12/22/2016 4:29:00 PM,2,1,0,36.048990,-86.716280,HICKORYVIEW DR,,,,0.00,,,HICKORY PLZ,,,,0.00,Y,Four-Way,N,Intersection-Related,None,,,         ,David,Collins,Clear,HeadOn,no,no,no,no,no,False
101484639,METROPOLITAN NASHVILLE POLICE DEPT,20161129625,Davidson,Nashville,12/22/2016 4:29:00 PM,2,0,0,36.047630,-86.662690,I 24,,,,0.00,,,,,,,59.15,N,Not at Intersection, ,Non-Junction,None,,,         ,Alyson,Cook,Clear,Front to Rear,no,no,no,no,no,False
101484640,METROPOLITAN NASHVILLE POLICE DEPT,20161129597,Davidson,Not in City Limit,12/22/2016 4:50:00 PM,2,0,0,36.313110,-86.864870,WHITES CREEK PKE,,,,0.00,,,OLD CLARKSVILLE PKE,,,,0.00,Y,Y-Intersection, ,Intersection-Related,None,,,         ,Melvin,Taylor,Clear,"Sideswipe, Opposite Direction",no,no,no,no,no,False
101484641,METROPOLITAN NASHVILLE POLICE DEPT,20161129572,Davidson,Nashville,12/22/2016 4:35:00 PM,2,0,0,36.183070,-86.609450,OLD HICKORY BLVD,,,,414.00,Feet,East,CHANDLER PL,,,,0.00,N,Not at Intersection, ,Non-Junction,None,,,         ,Jefferson,Hughes,Clear,"Sideswipe, Same Direction",no,no,no,no,no,False
101484642,METROPOLITAN NASHVILLE POLICE DEPT,20161129580,Davidson,Nashville,12/22/2016 4:40:00 PM,2,0,0,36.159840,-86.779910,6TH AVS,,,,0.00,,,BROADWAY,,,,0.00,Y,T-Intersection, ,,None,,,         ,Phillip,Box,,,no,no,no,no,no,False
101484644,METROPOLITAN NASHVILLE POLICE DEPT,20161129677,Davidson,Nashville,12/22/2016 5:10:00 PM,2,0,0,36.044840,-86.670250,BELL RD,,,,55.00,Feet,East,HICKORY PARK DR,,,,0.00,N,Not at Intersection, ,Non-Junction,None,,,         ,Alyson,Cook,Clear,Front to Rear,no,no,no,no,no,False
101484646,METROPOLITAN NASHVILLE POLICE DEPT,20161129707,Davidson,Nashville,12/22/2016 4:04:00 PM,2,0,0,36.081510,-86.726930,NOLENSVILLE PKE,,,,412.00,Feet,South,WELSHWOOD DR,,,,0.00,N,Not at Intersection, ,Non-Junction,None,,,         ,Miguel,Garcia,Clear,Angle,no,no,no,no,no,False
101484654,METROPOLITAN NASHVILLE POLICE DEPT,20161129369,Davidson,Nashville,12/22/2016 3:04:00 PM,1,0,0,36.153790,-86.812630,PARK PLZ,,,,145.00,Feet,South,25TH AVN,,,,0.00,N,Not at Intersection,N,Non-Junction,None,,,         ,Eric,Burford,Clear,Not Collision with Motor Vehicle in Transport,no,no,no,no,no,False
101484663,METROPOLITAN NASHVILLE POLICE DEPT,20161129644,Davidson,Nashville,12/22/2016 5:00:00 PM,2,0,0,36.229380,-86.759280,EWING DR,,,,0.00,,,DICKERSON PKE,,,,0.00,Y,Four-Way, ,Non-Junction,None,,,         ,Amanda,Fox,Clear,Front to Rear,no,no,no,no,no,False
101484666,METROPOLITAN NASHVILLE POLICE DEPT,20161129623,Davidson,Nashville,12/22/2016 5:06:00 PM,2,1,0,36.199740,-86.592040,TULIP GROVE RD,,,,0.00,,,CHANDLER RD,,,,0.00,Y,Four-Way,N,Intersection,None,,,         ,Noah,Melton,Clear,Angle,no,no,no,no,no,False
101484667,METROPOLITAN NASHVILLE POLICE DEPT,20161129554,Davidson,Not in City Limit,12/22/2016 3:36:00 PM,2,0,0,36.078720,-87.020680,NEWSOM STATION RD,,,,377.00,Feet,North,MCCRORY LN,,,,0.00,N,Not at Intersection, ,Non-Junction,None,,,         ,Jessica,Scott,Clear,"Sideswipe, Opposite Direction",no,no,no,no,no,False
101484669,METROPOLITAN NASHVILLE POLICE DEPT,20161129603,Davidson,Nashville,12/22/2016 4:50:00 PM,2,0,0,36.179180,-86.605890,OLD HICKORY BLVD,,,,123.00,Feet,South,FRIST BLVD,,,,0.00,N,Not at Intersection, ,OtherLocation,None,,,         ,Christopher,Mackey,Clear,Front to Rear,no,no,no,no,no,False
101484689,METROPOLITAN NASHVILLE POLICE DEPT,20161129723,Davidson,Nashville,12/22/2016 6:03:00 PM,2,0,0,36.073960,-86.924520,BELLE FOREST CIR,,,,0.00,,,HIGHWAY 70S,,,,0.00,Y,T-Intersection, ,Intersection,None,,,         ,John,Thomas,Clear,Front to Rear,no,no,no,no,no,False
101484690,METROPOLITAN NASHVILLE POLICE DEPT,20161129708,Davidson,Nashville,12/22/2016 12:00:00 AM,2,0,0,36.153840,-86.763250,I24 W ENT RAMP,,,,0.00,Feet,East,I 40,,,,0.00,N,Not at Intersection, ,Entrance/Exit Ramp Related,None,,,         ,Craig,Gentry,Clear,Front to Rear,no,no,no,no,no,False
101484692,METROPOLITAN NASHVILLE POLICE DEPT,20161129785,Davidson,Nashville,12/22/2016 6:10:00 PM,2,0,0,36.209980,-86.839180,CLARKSVILLE PKE,,,,376.00,Feet,South,NORTHSIDE STATION PVTDR,,,,0.00,N,Not at Intersection,N,Non-Junction,None,,,         ,Melvin,Taylor,Clear,"Sideswipe, Opposite Direction",no,no,no,yes,yes,False
101484698,METROPOLITAN NASHVILLE POLICE DEPT,20161129762,Davidson,Nashville,12/22/2016 5:21:00 PM,2,0,0,36.079630,-86.721510,BROOKRIDGE TRL,,,,305.00,Feet,West,WALLACE RD,,,,0.00,N,Not at Intersection, ,Non-Junction,None,,,         ,Alyson,Cook,Clear,Angle,no,no,no,yes,yes,False
101484699,METROPOLITAN NASHVILLE POLICE DEPT,20161129758,Davidson,Nashville,12/22/2016 6:07:00 PM,2,0,0,36.142960,-86.705940,I 40,,,,0.00,,,,,,,214.45,N,Not at Intersection,N,Non-Junction,None,,,         ,Jaby,Djabbarov,Clear,Front to Rear,no,no,no,no,no,False
101484700,METROPOLITAN NASHVILLE POLICE DEPT,20161129759,Davidson,Nashville,12/22/2016 5:59:00 PM,2,0,0,36.174720,-86.602600,OLD HICKORY BLVD,,,,79.00,Feet,North,BURNING TREE DR,,,,0.00,N,Not at Intersection,N,Non-Junction,None,,,         ,Jefferson,Hughes,Clear,"Sideswipe, Same Direction",no,no,no,no,no,False
101484701,METROPOLITAN NASHVILLE POLICE DEPT,20161129806,Davidson,Nashville,12/22/2016 5:33:00 PM,2,0,0,36.150390,-86.801430,WEST END AV,,,,69.00,Feet,West,21ST AVN,,,,0.00,N,Not at Intersection, ,Non-Junction,None,,,         ,Tien,Nguyen,Clear,Front to Rear,no,no,no,no,no,Campus
101484708,METROPOLITAN NASHVILLE POLICE DEPT,20161129720,Davidson,Not in City Limit,12/22/2016 5:47:00 PM,1,0,0,36.039360,-86.963080,HIGHWAY 100,,,,464.00,Feet,South,STONEMEADE DR,,,,0.00,N,Not at Intersection, ,Non-Junction,None,,,         ,Jessica,Scott,Clear,Not Collision with Motor Vehicle in Transport,no,no,no,no,no,False
101484709,METROPOLITAN NASHVILLE POLICE DEPT,20161129404,Davidson,Antioch,12/22/2016 3:20:00 PM,2,1,0,36.045570,-86.658430,I24 W EXT RAMP,,,,0.00,Feet,,I 24,,,,0.00,Y,Four-Way,N,Intersection-Related,None,,,         ,Victoria,Cunningham,Clear,Angle,no,no,no,no,no,False
101484714,METROPOLITAN NASHVILLE POLICE DEPT,20161129772,Davidson,Nashville,12/22/2016 6:00:00 PM,2,0,0,36.157730,-86.781350,8TH AVS,,,,62.00,Feet,South,MCGAVOCK ST,,,,0.00,N,Not at Intersection, ,,Construction Zone,,,         ,Phillip,Box,,,no,no,no,no,no,False
101484723,METROPOLITAN NASHVILLE POLICE DEPT,20161129802,Davidson,Nashville,12/22/2016 6:09:00 PM,2,0,0,36.200290,-86.620840,OLD HICKORY BLVD,,,,95.00,Feet,South,PLANTATION DR,,,,0.00,N,Not at Intersection, ,Non-Junction,None,,,         ,Kyle,Burks,Clear,Front to Rear,no,no,no,no,no,False
101484725,METROPOLITAN NASHVILLE POLICE DEPT,20161129322,Davidson,Nashville,12/22/2016 2:42:00 PM,2,1,0,36.173960,-86.602090,OLD HICKORY BLVD,,,,0.00,,,,,,,0.00,,,N,"Driveway, Alley Access, etc",None,,,         ,Christopher,Augustin,Clear,Angle,no,no,no,yes,no,False
101484729,METROPOLITAN NASHVILLE POLICE DEPT,20161129833,Davidson,Nashville,12/22/2016 6:06:00 PM,2,0,0,36.131240,-86.897040,I40 E EXT RAMP,,,,0.00,,,I 40,,,,0.00,Y,OTHER, ,,None,,,         ,Benjamin,Spees,,,no,no,no,no,no,False
101484731,METROPOLITAN NASHVILLE POLICE DEPT,20161129900,Davidson,Nashville,12/22/2016 6:31:00 PM,2,0,0,36.071470,-86.635740,MURFREESBORO PKE,,,,196.00,Feet,South,BELL RD,,,,0.00,N,Not at Intersection, ,Non-Junction,None,,,         ,Larry,Preuett,Clear,"Sideswipe, Same Direction",no,no,no,no,no,False
101484732,METROPOLITAN NASHVILLE POLICE DEPT,20161129889,Davidson,Nashville,12/22/2016 6:55:00 PM,2,1,0,36.223790,-86.625600,OLD HICKORY BLVD,,,,94.00,Feet,South,COMMERCE ST,,,,0.00,N,Not at Intersection,N,Non-Junction,None,,,         ,Codey,Mullins,Clear,Front to Rear,no,no,no,no,no,False
101484734,METROPOLITAN NASHVILLE POLICE DEPT,20161129897,Davidson,Nashville,12/22/2016 6:12:00 PM,2,0,0,36.181460,-86.641200,JACKSON DOWNS BLVD,,,,165.00,Feet,South,LEBANON PKE,,,,0.00,N,Not at Intersection, ,,None,,,         ,Tyler,Maupin,,,no,no,no,no,no,False
101484753,METROPOLITAN NASHVILLE POLICE DEPT,20161129895,Davidson,Nashville,12/22/2016 5:25:00 PM,3,0,0,36.141790,-86.672090,I 40,,,,0.00,,,,,,,215.00,N,Not at Intersection,N,Non-Junction,None,,,         ,Craig,Gentry,Clear,Front to Rear,no,no,no,no,yes,False
101484763,METROPOLITAN NASHVILLE POLICE DEPT,20161129741,Davidson,Nashville,12/22/2016 5:04:00 PM,3,1,0,36.041460,-86.822990,OLD HICKORY BLVD,,,,467.00,Feet,West,HICKORY SPRINGS RD,,,,0.00,N,Not at Intersection,N,Non-Junction,None,,,         ,Jacob,Masteller,Clear,Front to Rear,no,no,no,no,no,False
101484765,METROPOLITAN NASHVILLE POLICE DEPT,20161130101,Davidson,Nashville,12/22/2016 8:19:00 PM,2,1,0,36.115170,-86.743610,FOSTER AV,,,,0.00,,,WHITSETT RD,,,,0.00,Y,Four-Way,N,Intersection,None,,,         ,Alyson,Cook,Clear,Angle,no,no,no,no,no,False
101484797,METROPOLITAN NASHVILLE POLICE DEPT,20161129779,Davidson,Nashville,12/22/2016 6:13:00 PM,3,4,0,36.226500,-86.696180,BRILEY PKWYS,,,,908.00,Feet,North,MUSIC VALLEY DR,,,,0.00,N,Not at Intersection,N,Non-Junction,None,,,         ,Mikala,Moore,Clear,Front to Rear,no,no,no,no,no,False
101484798,METROPOLITAN NASHVILLE POLICE DEPT,20161129817,Davidson,Nashville,12/22/2016 6:32:00 PM,3,0,0,36.153380,-86.756690,I 40,,,,0.00,,,,,,,211.20,N,Not at Intersection,N,Non-Junction,None,,,         ,Brian,Smith,Clear,Front to Rear,no,no,no,no,no,False
101484800,VANDERBILT UNIVERSITY POLICE,16-1130144,Davidson,Nashville,12/22/2016 7:30:00 PM,1,0,0,36.142840,-86.800710,MEDICAL CENTER DR,,,,208.00,Feet,West,21ST AVS,,,,0.00,N,Not at Intersection, ,,None,,,         ,James,Goolsby,,,no,no,no,no,no,Campus
101484803,METROPOLITAN NASHVILLE POLICE DEPT,20161130025,Davidson,Not in City Limit,12/22/2016 7:47:00 PM,2,2,0,36.034900,-86.971240,HIGHWAY 100,,,,79.00,Feet,East,WESTHAVEN DR,,,,0.00,N,Not at Intersection,N,Non-Junction,None,,,         ,John,Thomas,Clear,Front to Rear,no,no,no,no,no,False
101484835,METROPOLITAN NASHVILLE POLICE DEPT,20161129767,Davidson,Nashville,12/22/2016 6:12:00 PM,2,0,0,36.130510,-86.803000,BLAIR BLVD,,,,297.00,Feet,West,21ST AVS,,,,0.00,N,Not at Intersection,N,OtherLocation,None,,,         ,Tien,Nguyen,Clear,"Sideswipe, Same Direction",no,no,no,yes,yes,False
101484841,METROPOLITAN NASHVILLE POLICE DEPT,20161130279,Davidson,Not in City Limit,12/22/2016 8:37:00 PM,2,0,0,36.263180,-86.713090,OLD HICKORY BLVDW,,,,438.00,Feet,East,DOUGLAS ST,,,,0.00,N,Not at Intersection,N,Non-Junction,None,,,         ,Christopher,Kelly,Clear,"Sideswipe, Same Direction",no,no,no,no,yes,False
101484844,METROPOLITAN NASHVILLE POLICE DEPT,20161130044,Davidson,Nashville,12/22/2016 7:41:00 PM,3,0,0,36.163970,-86.689260,BRILEY PKWYS,,,,0.00,,,,,,,0.00,,,N,Non-Junction,None,,,         ,Brian,Smith,Clear,Front to Rear,no,no,no,no,no,False
101484852,METROPOLITAN NASHVILLE POLICE DEPT,20161130170,Davidson,Nashville,12/22/2016 8:43:00 PM,2,1,0,36.222570,-86.773730,I24 W ENT RAMP,,,,0.00,,,I 65,,,,0.00,Y,Y-Intersection,Y,Entrance/Exit Ramp Related,None,,,         ,Benjamin,Leeper,Clear,Angle,no,no,no,no,yes,False
101484867,METROPOLITAN NASHVILLE POLICE DEPT,20161129832,Davidson,Nashville,12/22/2016 6:37:00 PM,2,0,0,36.200260,-86.776380,I 65,,,,0.00,,,,,,,86.90,N,Not at Intersection, ,Non-Junction,None,,,         ,Johan,Kinberg,Clear,"Sideswipe, Same Direction",no,no,no,no,no,False
101484905,METROPOLITAN NASHVILLE POLICE DEPT,20161130179,Davidson,Nashville,12/22/2016 8:48:00 PM,3,1,0,36.246810,-86.721090,GALLATIN PKES,,,,15.00,Feet,North,BERKLEY DR,,,,0.00,N,Not at Intersection,N,Non-Junction,None,,,         ,Samuel,Miller,Clear,Front to Rear,no,no,no,no,no,False
101484906,METROPOLITAN NASHVILLE POLICE DEPT,20161130324,Davidson,Nashville,12/22/2016 9:50:00 PM,2,1,0,36.241110,-86.757300,DICKERSON PKE,,,,59.00,Feet,South,BRILEY PKWYE,,,,0.00,N,Not at Intersection,N,Non-Junction,None,,,         ,Devon,Morgan,Clear,Front to Rear,no,no,no,no,no,False
101484914,METROPOLITAN NASHVILLE POLICE DEPT,20161130550,Davidson,Nashville,12/22/2016 11:28:00 PM,2,0,0,36.170580,-86.688810,BRILEY PKWYS,,,,187.00,Feet,South,BRILEY PKWYN,,,,0.00,N,Not at Intersection, ,,None,,,         ,Curtis,Fisher,,,no,no,no,no,no,False
101484916,METROPOLITAN NASHVILLE POLICE DEPT,20161130215,Davidson,Nashville,12/22/2016 8:45:00 PM,2,0,0,36.252970,-86.716970,GALLATIN PKES,,,,100.00,Feet,South,EMMITT AV,,,,0.00,N,Not at Intersection,N,Non-Junction,None,,,         ,Samuel,Miller,Clear,Angle,no,no,no,no,yes,False
101484918,METROPOLITAN NASHVILLE POLICE DEPT,20161130459,Davidson,Nashville,12/22/2016 11:15:00 PM,1,0,0,36.155300,-86.759220,I24 W ENT RAMP,,,,0.00,,,I 40,,,,0.00,Y,OTHER,N,Non-Junction,None,,,         ,Austin,Childress,Clear,Not Collision with Motor Vehicle in Transport,no,no,no,no,no,False
101484923,GOODLETTSVILLE POLICE DEPT,16-44381,Davidson,Goodlettsville,12/22/2016 5:30:00 PM,2,0,0,36.298090,-86.699950,GLEAVES ST,,,,0.00,,,RIVERGATE PKWY,,,,0.00,Y,T-Intersection, ,Intersection-Related,None,,,         ,Charles,Hauskin,Clear,"Sideswipe, Same Direction",no,no,no,no,no,False
101484943,METROPOLITAN NASHVILLE POLICE DEPT,20161130419,Davidson,Nashville,12/22/2016 12:00:00 AM,2,0,0,0.000000,0.000000,3805 GREEN HILLS VILLAGE DR,DR,,,1.00,Feet,North,,,,,1.00,N,Not at Intersection,N,Non-Junction,None,,,         ,Kenneth,Bray,Clear,Unknown,no,no,no,yes,yes,False
101484978,METROPOLITAN NASHVILLE POLICE DEPT,20161130749,Davidson,Nashville,12/23/2016 1:38:00 AM,2,1,0,36.235420,-86.764270,I 65,,,,0.00,,,,,,,89.55,N,Not at Intersection,N,Non-Junction,None,,,         ,Ky,Luu,Clear,Front to Rear,no,no,no,no,no,False
101484982,METROPOLITAN NASHVILLE POLICE DEPT,20161130406,Davidson,Nashville,12/22/2016 10:34:00 PM,1,1,0,36.168800,-86.679950,MCGAVOCK PKE,,,,258.00,Feet,North,CROSSFIELD DR,,,,0.00,N,Not at Intersection,N,Non-Junction,None,,,         ,Leonard,Spadavecchia,Clear,Not Collision with Motor Vehicle in Transport,no,no,no,yes,no,False
101484987,METROPOLITAN NASHVILLE POLICE DEPT,20161130811,Davidson,Nashville,12/23/2016 2:13:00 AM,2,0,0,36.184990,-86.810410,CASS ST,,,,0.00,Feet,,15TH AVN,,,,0.00,Y,Four-Way,Y,Intersection,None,,,         ,Nicholas,Carter,Clear,Angle,no,no,no,no,yes,False
101484998,METROPOLITAN NASHVILLE POLICE DEPT,20161130953,Davidson,Not in City Limit,12/23/2016 2:25:00 AM,1,0,0,35.991250,-86.660620,BURKITT RD,,,,695.00,Feet,East,GLORYLAND LN,,,,0.00,N,Not at Intersection,N,Non-Junction,None,,,         ,Autumn,Manning,Clear,Not Collision with Motor Vehicle in Transport,no,no,no,yes,no,False
101485029,METROPOLITAN NASHVILLE POLICE DEPT,20161131012,Davidson,Nashville,12/23/2016 4:05:00 AM,2,2,0,36.183130,-86.775000,I 24,,,,0.00,,,,,,,47.40,N,Not at Intersection,N,Non-Junction,None,,,         ,Audrean,Manquero,Clear,Front to Rear,no,no,no,no,no,False
101485116,METROPOLITAN NASHVILLE POLICE DEPT,20161131162,Davidson,Antioch,12/23/2016 6:00:00 AM,2,1,0,36.047230,-86.590040,PIN HOOK RD,,,,0.00,,,PIN OAK DR,,,,0.00,Y,Four-Way,N,Intersection,None,,,         ,Sandra,Fly,Clear,Unknown,no,no,no,no,no,False
101485119,GOODLETTSVILLE POLICE DEPT,16-44123,Davidson,Goodlettsville,12/20/2016 2:15:00 PM,2,2,0,36.314560,-86.699010,CONFERENCE DR,,,,25.00,Feet,South,WINDSOR GREEN BLVD,,,,0.00,N,Not at Intersection,N,Non-Junction,None,,,         ,John,Spencer,Clear,Front to Rear,no,no,no,no,no,False
101485133,METROPOLITAN NASHVILLE POLICE DEPT,20161131301,Davidson,Nashville,12/23/2016 7:37:00 AM,1,1,0,36.107340,-86.672440,DONELSON PKE,,,,450.00,Feet,North,MURFREESBORO PKE,,,,0.00,N,Not at Intersection,N,Non-Junction,None,,,         ,James,Curtis,Clear,Not Collision with Motor Vehicle in Transport,no,no,no,no,no,False
101485145,METROPOLITAN NASHVILLE POLICE DEPT,20161131392,Davidson,Nashville,12/23/2016 8:20:00 AM,1,0,0,36.089260,-86.617070,SMITH SPRINGS RD,,,,0.00,,,BUTLER RD,,,,0.00,Y,T-Intersection,N,Non-Junction,None,,,         ,Brian,Ewing,Clear,Not Collision with Motor Vehicle in Transport,no,no,no,no,no,False