master_record_number,agency,agency_tracking_number,county,city,collision_date,vehicles_involved,number_injured,number_dead,latitude,longitude,roadway_name,roadway_suffix,roadway_number,roadway_local_id,distance_from_reference,miles-feet_indicator,direction_from_reference,intersection_road_name,intersection_road_name_suffix,intersection_road_number,intersection_local_id,mile_marker,intersection_indicator,intersect_type,interchange_related_indicator,relation_to_junction,work_zone_type,construction_maintenance_zone,construction_maintenance_zone_location,fatal_case_number,officer_first_name,officer_last_name,weather_condition(s),manner_of_crash,pedestrian,bicycle,scooter,parking,hitrun,mou
101486125,METROPOLITAN NASHVILLE POLICE DEPT,20161133444,Davidson,Nashville,12/24/2016 1:17:00 AM,2,1,0,36.215740,-86.775160,I 65,,,,0.00,,,,,,,88.00,N,Not at Intersection,N,Non-Junction,None,,,         ,Audrean,Manquero,Rain,Front to Rear,no,no,no,no,yes,False
101486132,METROPOLITAN NASHVILLE POLICE DEPT,20161133394,Davidson,Nashville,12/24/2016 1:30:00 AM,2,1,0,36.206250,-86.773540,I65 N EXT RAMP,,,,0.00,,,W TRINITY LN,,,,0.00,Y,Four-Way,N,Intersection,None,,,         ,Randy,Heinze,Rain,Angle,no,no,no,no,no,False
101486133,METROPOLITAN NASHVILLE POLICE DEPT,20161133437,Davidson,Nashville,12/24/2016 1:10:00 AM,1,0,0,36.149620,-86.772810,I 40,,,,0.00,,,,,,,210.25,N,Not at Intersection,N,Non-Junction,None,,,         ,Steven,Wiser,Rain,Not Collision with Motor Vehicle in Transport,no,no,no,no,no,False
101486134,METROPOLITAN NASHVILLE POLICE DEPT,20161133470,Davidson,Nashville,12/24/2016 1:15:00 AM,2,0,0,36.156630,-86.768670,HERMITAGE AV,,,,0.00,,,LEA AV,,,,0.00,Y,Four-Way,N,Intersection,None,,,         ,John,Anderson,Rain,Angle,no,no,no,no,no,False
101486135,METROPOLITAN NASHVILLE POLICE DEPT,20161133354,Davidson,Nashville,12/24/2016 12:00:00 AM,1,0,0,36.143270,-86.737020,I 40,,,,0.00,,,,,,,212.70,N,Not at Intersection,N,Non-Junction,None,,,         ,Austin,Childress,Rain,Not Collision with Motor Vehicle in Transport,no,no,no,no,yes,False
101486145,METROPOLITAN NASHVILLE POLICE DEPT,20161133465,Davidson,Nashville,12/24/2016 1:29:00 AM,1,1,0,36.118960,-86.726470,I 24,,,,0.00,,,,,,,53.00,N,Not at Intersection,N,Non-Junction,None,,,         ,Erik,Dabbs,Rain,Not Collision with Motor Vehicle in Transport,no,no,no,no,no,False
101486147,METROPOLITAN NASHVILLE POLICE DEPT,20161133512,Davidson,Nashville,12/24/2016 1:55:00 AM,1,0,0,36.078280,-86.730160,HARDING PL,,,,363.00,Feet,South,SHEFFIELD DR,,,,0.00,N,Not at Intersection,N,Unknown,None,,,         ,Joshua,Dickall,Rain,Unknown,no,no,no,no,yes,False
101486148,METROPOLITAN NASHVILLE POLICE DEPT,20161133539,Davidson,Nashville,12/24/2016 2:15:00 AM,1,0,0,36.117190,-86.861060,POST RD,,,,870.00,Feet,North,DAVIDSON RD,,,,0.00,N,Not at Intersection,N,Non-Junction,None,,,         ,Albert,Wilson,Rain,Not Collision with Motor Vehicle in Transport,no,no,no,no,yes,False
101486151,METROPOLITAN NASHVILLE POLICE DEPT,20161133478,Davidson,Nashville,12/24/2016 1:30:00 AM,2,1,0,36.095710,-86.707930,I 24,,,,0.00,,,,,,,54.90,N,Not at Intersection,N,Non-Junction,None,,,         ,Andrew,Swint,Rain,"Sideswipe, Same Direction",no,no,no,no,no,False
101486155,METROPOLITAN NASHVILLE POLICE DEPT,20161133591,Davidson,Nashville,12/24/2016 12:00:00 AM,1,0,0,36.149620,-86.772810,I 40,,,,0.00,,,,,,,210.25,N,Not at Intersection,N,Non-Junction,None,,,         ,Steven,Wiser,Rain,Not Collision with Motor Vehicle in Transport,no,no,no,no,yes,False
101486156,METROPOLITAN NASHVILLE POLICE DEPT,20161133496,Davidson,Nashville,12/24/2016 1:45:00 AM,1,0,0,36.170150,-86.598150,I 40,,,,0.00,,,,,,,221.00,N,Not at Intersection,N,Non-Junction,None,,,         ,Emily,Mulready,Rain,Not Collision with Motor Vehicle in Transport,no,no,no,no,no,False
101486157,METROPOLITAN NASHVILLE POLICE DEPT,20161133403,Davidson,Nashville,12/24/2016 12:45:00 AM,2,0,0,36.129860,-86.899600,I 40,,,,0.00,,,,,,,201.00,N,Not at Intersection,N,Non-Junction,None,,,         ,Jeffrey,Barfield,Rain,"Sideswipe, Same Direction",no,no,no,no,no,False
101486160,METROPOLITAN NASHVILLE POLICE DEPT,20161133534,Davidson,Nashville,12/24/2016 2:09:00 AM,2,1,0,36.089670,-86.762470,I 65,,,,0.00,,,,,,,78.35,N,Not at Intersection,N,Non-Junction,None,,,         ,Stephen,Waterman,Rain,"Sideswipe, Same Direction",no,no,no,no,yes,False
101486162,METROPOLITAN NASHVILLE POLICE DEPT,20161133549,Davidson,Nashville,12/24/2016 2:27:00 AM,3,0,0,36.106210,-86.673060,MURFREESBORO PKE,,,,0.00,,,DONELSON PKE,,,,0.00,Y,Four-Way, ,Non-Junction,None,,,         ,Charles,Shaw,Rain,Front to Rear,no,no,no,no,yes,False
101486164,METROPOLITAN NASHVILLE POLICE DEPT,2016-1133603,Davidson,Nashville,12/24/2016 2:45:00 AM,1,0,0,36.104610,-86.669290,MURFREESBORO PKE,,,,300.00,Feet,West,OLD MURFREESBORO PKE,,,,0.00,N,Not at Intersection,N,Non-Junction,None,,,         ,William,Whitworth,Rain,Not Collision with Motor Vehicle in Transport,no,no,no,no,no,False
101486165,METROPOLITAN NASHVILLE POLICE DEPT,20161133594,Davidson,Nashville,12/24/2016 2:58:00 AM,1,1,0,36.164170,-86.793800,I 40,,,,0.00,,,,,,,208.50,N,Not at Intersection,N,Non-Junction,None,,,         ,Hunter,Fikes,Rain,Not Collision with Motor Vehicle in Transport,no,no,no,no,no,False
101486167,METROPOLITAN NASHVILLE POLICE DEPT,20161133526,Davidson,Nashville,12/24/2016 2:05:00 AM,1,0,0,36.082780,-86.628700,MOSSDALE DR,,,,0.00,,,BELL RD,,,,0.00,Y,Four-Way,N,Non-Junction,None,,,         ,Jamal,Jarvis,Rain,Not Collision with Motor Vehicle in Transport,no,no,no,no,no,False
101486168,METROPOLITAN NASHVILLE POLICE DEPT,20161133620,Davidson,Nashville,12/24/2016 12:00:00 AM,1,0,0,36.198140,-86.717090,STRATFORD AV,,,,31.00,Feet,North,UPLAND DR,,,,0.00,N,Not at Intersection,N,Non-Junction,None,,,         ,Amanda,Hane,Rain,Not Collision with Motor Vehicle in Transport,no,no,no,no,no,False
101486169,METROPOLITAN NASHVILLE POLICE DEPT,20161133613,Davidson,Nashville,12/24/2016 3:11:00 AM,2,0,0,36.161320,-86.793170,I 40,,,,0.00,,,,,,,208.70,N,Not at Intersection, ,Non-Junction,None,,,         ,Jeremy,King,Rain,Front to Rear,no,no,no,no,no,False
101486170,METROPOLITAN NASHVILLE POLICE DEPT,20161133576,Davidson,Nashville,12/24/2016 2:40:00 AM,1,0,0,36.152250,-86.858570,I 40,,,,0.00,,,,,,,203.90,N,Not at Intersection,N,Non-Junction,None,,,         ,Jean,McCormack,Rain,Not Collision with Motor Vehicle in Transport,no,no,no,no,no,False
101486176,METROPOLITAN NASHVILLE POLICE DEPT,20161133628,Davidson,Nashville,12/24/2016 3:18:00 AM,1,0,0,36.141690,-86.741000,MURFREESBORO PKE,,,,143.00,Feet,West,FOSTER AV,,,,0.00,N,Not at Intersection,N,Non-Junction,None,,,         ,Pamela,Caulder,Rain,Not Collision with Motor Vehicle in Transport,no,no,no,no,no,False
101486177,METROPOLITAN NASHVILLE POLICE DEPT,20161133645,Davidson,Nashville,12/24/2016 3:36:00 AM,1,0,0,36.059160,-86.622300,MURFREESBORO PKE,,,,0.52,Miles,South,HAMILTON CHURCH RD,,,,0.00,N,Not at Intersection,N,Non-Junction,None,,,         ,William,Coy,Rain,Not Collision with Motor Vehicle in Transport,no,no,no,no,no,False
101486178,METROPOLITAN NASHVILLE POLICE DEPT,20161133655,Davidson,Nashville,12/24/2016 3:48:00 AM,1,2,0,36.126160,-86.710200,MURFREESBORO PKE,,,,0.00,,,,,,,0.00,,,N,Non-Junction,None,,,         ,Joseph,Zambardi,Rain,Not Collision with Motor Vehicle in Transport,yes,no,no,yes,yes,False
101486179,METROPOLITAN NASHVILLE POLICE DEPT,20161133679,Davidson,Nashville,12/24/2016 4:00:00 AM,1,0,0,36.190000,-86.791120,I 65,,,,0.00,,,,,,,85.70,N,Not at Intersection,N,Non-Junction,None,,,         ,Phillip,Black,Rain,Not Collision with Motor Vehicle in Transport,no,no,no,no,no,False
101486180,METROPOLITAN NASHVILLE POLICE DEPT,20161133707,Davidson,Nashville,12/24/2016 12:00:00 AM,1,0,0,36.133520,-86.721830,MURFREESBORO PKE,,,,300.00,Feet,West,PAVILION BLVD,,,,0.00,N,Not at Intersection,N,Non-Junction,None,,,         ,Daniel,Caruth,Rain,Not Collision with Motor Vehicle in Transport,no,no,no,no,yes,False
101486181,METROPOLITAN NASHVILLE POLICE DEPT,20161133636,Davidson,Nashville,12/24/2016 12:00:00 AM,2,1,0,36.171840,-86.764770,S 5TH ST,,,,0.00,,,WOODLAND ST,,,,0.00,Y,Four-Way,Y,Intersection,None,,,         ,Michael,Wolterbeek,Rain,HeadOn,no,no,no,no,no,False
101486183,METROPOLITAN NASHVILLE POLICE DEPT,20161133734,Davidson,Nashville,12/24/2016 4:50:00 AM,1,0,0,36.114890,-86.724760,I 24,,,,0.00,,,,,,,53.30,N,Not at Intersection,N,Non-Junction,None,,,         ,Douglas,Sykes,Rain,Not Collision with Motor Vehicle in Transport,no,no,no,no,no,False
101486199,METROPOLITAN NASHVILLE POLICE DEPT,20161133692,Davidson,Nashville,12/24/2016 4:00:00 AM,1,0,0,36.238520,-86.783890,I24 W ENT RAMP,,,,61.00,Feet,West,I 24,,,,0.00,N,Not at Intersection,Y,Entrance/Exit Ramp Related,None,,,         ,Michael,Richardson,Rain,Not Collision with Motor Vehicle in Transport,no,no,no,no,no,False
101486200,METROPOLITAN NASHVILLE POLICE DEPT,20161133654,Davidson,Nashville,12/24/2016 3:25:00 AM,2,0,0,36.236700,-86.786140,I 24,,,,0.00,,,,,,,43.65,N,Not at Intersection, ,Non-Junction,None,,,         ,Geoffrey,Daugherty,Rain,"Sideswipe, Same Direction",no,no,no,no,no,False
101486202,METROPOLITAN NASHVILLE POLICE DEPT,20161133709,Davidson,Nashville,12/24/2016 4:32:00 AM,1,1,0,36.231510,-86.792450,EWING DR,,,,0.00,,,GWYNNWOOD DR,,,,0.00,Y,T-Intersection,N,Non-Junction,None,,,         ,Craig,Amabile,Rain,Not Collision with Motor Vehicle in Transport,no,no,no,no,no,False
101486204,METROPOLITAN NASHVILLE POLICE DEPT,20161133760,Davidson,Not in City Limit,12/24/2016 3:00:00 AM,1,0,0,36.287620,-86.879390,CLARKSVILLE PKE,,,,200.00,Feet,South,ST LAWRENCE DR,,,,0.00,N,Not at Intersection,N,Non-Junction,None,,,         ,Matthew,Lachance,Rain,Not Collision with Motor Vehicle in Transport,no,no,no,no,no,False
101486205,METROPOLITAN NASHVILLE POLICE DEPT,20161133761,Davidson,Nashville,12/24/2016 5:17:00 AM,1,0,0,36.046100,-86.657840,BELL RD,,,,40.00,Feet,East,COLLINS PARK DR,,,,0.00,N,Not at Intersection,N,Non-Junction,None,,,         ,Autumn,Manning,Rain,Not Collision with Motor Vehicle in Transport,no,no,no,no,no,False
101486208,METROPOLITAN NASHVILLE POLICE DEPT,20161133801,Davidson,Nashville,12/24/2016 5:50:00 AM,1,0,0,36.121840,-86.762590,I 440,,,,0.00,,,,,,,5.65,N,Not at Intersection,N,Non-Junction,None,,,         ,Steven,Wiser,Rain,Not Collision with Motor Vehicle in Transport,no,no,no,no,no,False
101486213,METROPOLITAN NASHVILLE POLICE DEPT,20161133507,Davidson,Antioch,12/24/2016 1:47:00 AM,4,2,0,36.007450,-86.612610,I 24,,,,0.00,,,,,,,63.20,N,Not at Intersection,N,Non-Junction,None,,,         ,Sandra,Fly,Rain,Other,no,no,no,no,no,False
101486228,METROPOLITAN NASHVILLE POLICE DEPT,20161133763,Davidson,Not in City Limit,12/24/2016 5:17:00 AM,1,5,0,36.077210,-87.007260,I 40,,,,0.00,,,,,,,193.25,N,Not at Intersection,N,Non-Junction,None,,,         ,Kristen,Morgan,Rain,Not Collision with Motor Vehicle in Transport,no,no,no,no,no,False
101486240,METROPOLITAN NASHVILLE POLICE DEPT,20161133813,Davidson,Nashville,12/24/2016 12:00:00 AM,1,0,0,36.061840,-86.771850,I 65,,,,0.00,,,,,,,75.40,N,Not at Intersection,N,Non-Junction,None,,,         ,Jose,Salazar,Rain,Not Collision with Motor Vehicle in Transport,no,no,no,no,no,False
101486252,METROPOLITAN NASHVILLE POLICE DEPT,20161133740,Davidson,Nashville,12/24/2016 4:45:00 AM,4,0,0,36.138320,-86.730790,MURFREESBORO PKE,,,,12.00,Feet,East,MAPLE AV,,,,0.00,N,Not at Intersection,N,Non-Junction,None,,,         ,Pamela,Caulder,Rain,HeadOn,no,no,no,no,yes,False
101486267,METROPOLITAN NASHVILLE POLICE DEPT,20161133955,Davidson,Nashville,12/24/2016 8:06:00 AM,1,0,0,36.123100,-86.706480,MURFREESBORO PKE,,,,412.00,Feet,East,VULTEE BLVD,,,,0.00,N,Not at Intersection,N,Non-Junction,None,,,         ,Stephen,Soule,Rain,Not Collision with Motor Vehicle in Transport,no,no,no,no,no,False
101486270,METROPOLITAN NASHVILLE POLICE DEPT,20161133902,Davidson,Nashville,12/24/2016 12:00:00 AM,1,1,0,36.243890,-86.785050,I 24,,,,0.00,,,,,,,42.90,N,Not at Intersection,N,Non-Junction,None,,,         ,Royce,McLester,Rain,Not Collision with Motor Vehicle in Transport,no,no,no,no,no,False
101486277,METROPOLITAN NASHVILLE POLICE DEPT,20161133873,Davidson,Nashville,12/24/2016 7:00:00 AM,1,1,0,36.111330,-86.922590,I 40,,,,0.00,,,,,,,199.30,N,Not at Intersection,N,Non-Junction,None,,,         ,Gregory,McDaniel,Rain,Not Collision with Motor Vehicle in Transport,no,no,no,no,no,False
101486291,METROPOLITAN NASHVILLE POLICE DEPT,20161133978,Davidson,Nashville,12/24/2016 8:31:00 AM,1,3,0,36.240150,-86.769180,BRILEY PKWYE,,,,272.00,Feet,South,DOVERSIDE DR,,,,0.00,N,Not at Intersection,N,Non-Junction,None,,,         ,Brandon,Wood,Rain,Not Collision with Motor Vehicle in Transport,no,no,no,no,no,False
101486299,METROPOLITAN NASHVILLE POLICE DEPT,20161133875,Davidson,Nashville,12/24/2016 7:05:00 AM,2,1,0,36.246180,-86.779240,BRICK CHURCH PKE,,,,16.00,Feet,North,CHESAPEAKE DR,,,,0.00,N,Not at Intersection,N,Non-Junction,None,,,         ,Matthew,Harris,Rain,Front to Rear,no,no,no,no,no,False
101486303,METROPOLITAN NASHVILLE POLICE DEPT,20161134050,Davidson,Nashville,12/24/2016 9:21:00 AM,1,1,0,36.169570,-86.606530,I40 E EXT RAMP,,,,0.00,,East,I 40,,,,0.00,N,Not at Intersection,N,Non-Junction,None,,,         ,MIchael,Mihajlov,Rain,Not Collision with Motor Vehicle in Transport,no,no,no,no,no,False
101486305,METROPOLITAN NASHVILLE POLICE DEPT,20161134101,Davidson,Nashville,12/24/2016 10:02:00 AM,1,0,0,36.139070,-86.880560,HILLWOOD BLVD,,,,0.00,,,CHARLOTTE PKE,,,,0.00,Y,Four-Way, ,,None,,,         ,Andrew,Maholland,,,no,no,no,no,no,False
101486306,METROPOLITAN NASHVILLE POLICE DEPT,2016-11134007,Davidson,Nashville,12/24/2016 8:56:00 AM,3,0,0,36.124700,-86.812750,I 440,,,,0.00,,,,,,,2.45,N,Not at Intersection,N,Non-Junction,None,,,         ,Jonathan,Seidl,Rain,Not Collision with Motor Vehicle in Transport,no,no,no,no,no,False
101486311,METROPOLITAN NASHVILLE POLICE DEPT,20161134099,Davidson,Nashville,12/24/2016 9:55:00 AM,1,1,0,36.154050,-86.835000,I 40,,,,0.00,,,,,,,205.20,N,Not at Intersection,N,Non-Junction,None,,,         ,Douglas,Atwood,Rain,Not Collision with Motor Vehicle in Transport,no,no,no,no,no,False
101486313,METROPOLITAN NASHVILLE POLICE DEPT,20161133989,Davidson,Nashville,12/24/2016 8:42:00 AM,1,0,0,36.161220,-86.793130,I 40,,,,0.00,,,,,,,208.70,N,Not at Intersection,N,Non-Junction,None,,,         ,Frank,Campbell,Rain,Not Collision with Motor Vehicle in Transport,no,no,no,no,no,False
101486320,METROPOLITAN NASHVILLE POLICE DEPT,20161134118,Davidson,Nashville,12/24/2016 10:28:00 AM,2,0,0,36.181550,-86.773690,DICKERSON PKE NB ENT RAMP,,,,0.00,,,I 24,,,,0.00,Y,Y-Intersection, ,Intersection,None,,,         ,Jared,Eaves,Rain,"Sideswipe, Same Direction",no,no,no,no,no,False
101486332,METROPOLITAN NASHVILLE POLICE DEPT,20161134110,Davidson,Nashville,12/24/2016 10:00:00 AM,2,0,0,36.174280,-86.787420,5TH AVN,,,,0.00,,,JEFFERSON ST,,,,0.00,Y,Four-Way,N,Intersection-Related,None,,,         ,Nicholas,MacDougall,Rain,Angle,no,no,no,no,no,False
101486347,METROPOLITAN NASHVILLE POLICE DEPT,20161134066,Davidson,Nashville,12/24/2016 9:30:00 AM,3,1,0,36.110920,-86.722620,I 24,,,,0.00,,,,,,,53.60,N,Not at Intersection,N,Non-Junction,None,,,         ,David,Smith,Rain,Unknown,no,no,no,no,yes,False
101486355,METROPOLITAN NASHVILLE POLICE DEPT,20161134121,Davidson,Nashville,12/24/2016 10:13:00 AM,1,1,0,36.121080,-86.764640,I 440,,,,0.00,,,,,,,5.50,N,Not at Intersection,N,Non-Junction,None,,,         ,Brent,Bauer,Rain,Not Collision with Motor Vehicle in Transport,no,no,no,no,no,False
101486357,METROPOLITAN NASHVILLE POLICE DEPT,20161134122,Davidson,Nashville,12/24/2016 10:10:00 AM,2,1,0,36.129490,-86.714700,MURFREESBORO PKE,,,,0.00,,,MILLWOOD DR,,,,0.00,Y,T-Intersection,N,Intersection,None,,,         ,Scott,Toney,Rain,Angle,no,no,no,no,no,False
101486374,METROPOLITAN NASHVILLE POLICE DEPT,20161133947,Davidson,Nashville,12/24/2016 6:40:00 AM,2,0,0,36.044800,-86.662120,BELL RD,,,,176.00,Feet,West,CANE RIDGE RD,,,,0.00,N,Not at Intersection,N,Non-Junction,None,,,         ,Jedidayah,Merriweather,Rain,Angle,no,no,no,no,no,False
101486409,METROPOLITAN NASHVILLE POLICE DEPT,20161134155,Davidson,Nashville,12/24/2016 10:35:00 AM,1,0,0,36.040750,-86.632980,OLD FRANKLIN RD,,,,351.00,Feet,South,MONROE CRSG,,,,0.00,N,Not at Intersection,N,Non-Junction,None,,,         ,Jason,Dudley,Rain,Not Collision with Motor Vehicle in Transport,no,no,no,no,no,False
101486410,METROPOLITAN NASHVILLE POLICE DEPT,20161134150,Davidson,Nashville,12/24/2016 10:35:00 AM,2,1,0,36.121660,-86.756380,I 440,,,,0.00,,,,,,,6.00,N,Not at Intersection,N,Non-Junction,None,,,         ,Brent,Bauer,Rain,Front to Rear,no,no,no,no,no,False
101486412,METROPOLITAN NASHVILLE POLICE DEPT,20161134181,Davidson,Nashville,12/24/2016 11:08:00 AM,1,0,0,36.169340,-86.606580,I40 E EXT RAMP,,,,230.00,Feet,North,I 40,,,,0.00,N,Not at Intersection,N,Non-Junction,None,,,         ,MIchael,Mihajlov,Rain,Not Collision with Motor Vehicle in Transport,no,no,no,no,no,False
101486413,METROPOLITAN NASHVILLE POLICE DEPT,20161134189,Davidson,Nashville,12/24/2016 11:19:00 AM,2,2,0,36.169340,-86.606580,I40 E EXT RAMP,,,,230.00,Feet,North,I 40,,,,0.00,N,Not at Intersection,N,Non-Junction,None,,,         ,MIchael,Mihajlov,Rain,Front to Rear,no,no,no,no,no,False
101486425,METROPOLITAN NASHVILLE POLICE DEPT,20161134299,Davidson,Nashville,12/24/2016 12:50:00 PM,2,0,0,36.076930,-86.725950,EDMONDSON PKE,,,,129.00,Feet,West,WALLACE RD,,,,0.00,N,Not at Intersection, ,Non-Junction,None,,,         ,Brian,Murphy,Rain,Angle,no,no,no,no,no,False
101486427,METROPOLITAN NASHVILLE POLICE DEPT,20161134259,Davidson,Nashville,12/24/2016 12:05:00 PM,2,0,0,36.097420,-86.924870,OLD HICKORY BLVD,,,,0.00,,,RIDGELAKE PKWY,,,,0.00,Y,T-Intersection, ,Intersection,None,,,         ,Douglas,Atwood,Rain,Angle,no,no,no,no,no,False
101486432,METROPOLITAN NASHVILLE POLICE DEPT,20161134285,Davidson,Nashville,12/24/2016 12:27:00 PM,2,0,0,36.169360,-86.679890,LEBANON PKE,,,,0.00,,,MCGAVOCK PKE,,,,0.00,Y,Four-Way, ,Intersection-Related,None,,,         ,Ralph,Harvey,Rain,HeadOn,no,no,no,no,no,False
101486434,GOODLETTSVILLE POLICE DEPT,16-44576,Davidson,Goodlettsville,12/24/2016 11:40:00 AM,2,1,0,36.306730,-86.695100,VIETNAM VETERANS BLVD NB EXT R,,,,227.00,Feet,West,CONFERENCE DR,,,,0.00,N,Not at Intersection,Y,Entrance/Exit Ramp Related,None,,,         ,John,Spencer,Rain,Front to Rear,no,no,no,no,yes,False
101486436,METROPOLITAN NASHVILLE POLICE DEPT,20161134168,Davidson,Nashville,12/24/2016 10:45:00 AM,1,0,0,36.041480,-86.782470,I 65,,,,0.00,,,,,,,74.75,N,Not at Intersection, ,Non-Junction,None,,,         ,Ryan,Cagle,Rain,Not Collision with Motor Vehicle in Transport,no,no,no,no,no,False
101486438,METROPOLITAN NASHVILLE POLICE DEPT,20161134166,Davidson,Goodlettsville,12/24/2016 10:58:00 AM,2,3,0,36.291660,-86.703150,GALLATIN PKEN,,,,223.00,Feet,South,RIVERGATE SQUARE PVTDR,,,,0.00,N,Not at Intersection,N,Non-Junction,None,,,         ,Brandon,Wood,Rain,Front to Rear,no,no,no,no,no,False
101486444,METROPOLITAN NASHVILLE POLICE DEPT,20161134318,Davidson,Nashville,12/24/2016 1:11:00 PM,2,0,0,36.072500,-86.636780,MURFREESBORO PKE,,,,288.00,Feet,North,BELL RD,,,,0.00,N,Not at Intersection, ,Non-Junction,None,,,         ,Roy,McElwee,Rain,Front to Rear,no,no,no,no,no,False
101486452,METROPOLITAN NASHVILLE POLICE DEPT,20161134252,Davidson,Nashville,12/24/2016 12:13:00 PM,2,0,0,36.154050,-86.817790,CHARLOTTE AV,,,,129.00,Feet,East,28TH AVN,,,,0.00,N,Not at Intersection,N,Non-Junction,None,,,         ,Nathan,Mayo,Cloudy,"Sideswipe, Same Direction",no,no,no,no,yes,False
101486453,METROPOLITAN NASHVILLE POLICE DEPT,20161134280,Davidson,Not in City Limit,12/24/2016 12:30:00 PM,1,0,0,36.054910,-86.981870,POPLAR CREEK RD,,,,1210.00,Feet,East,MCCRORY LN,,,,0.00,N,Not at Intersection, ,Non-Junction,None,,,         ,Gregory,McDaniel,Rain,Not Collision with Motor Vehicle in Transport,no,no,no,no,no,False
101486458,METROPOLITAN NASHVILLE POLICE DEPT,20161134322,Davidson,Nashville,12/24/2016 1:19:00 PM,1,0,0,36.039150,-86.782770,I 65,,,,0.00,,,,,,,74.60,N,Not at Intersection,N,Non-Junction,None,,,         ,Brent,Bauer,Rain,Not Collision with Motor Vehicle in Transport,no,no,no,no,no,False
101486462,METROPOLITAN NASHVILLE POLICE DEPT,20161134365,Davidson,Nashville,12/24/2016 2:06:00 PM,1,1,0,36.169540,-86.606540,I40 E EXT RAMP,,,,0.00,Feet,East,I 40,,,,0.00,N,Not at Intersection,N,Non-Junction,None,,,         ,MIchael,Mihajlov,Rain,Not Collision with Motor Vehicle in Transport,no,no,no,no,no,False
101486463,METROPOLITAN NASHVILLE POLICE DEPT,20161134312,Davidson,Nashville,12/24/2016 12:47:00 PM,2,0,0,36.149980,-86.859420,MIDLAND AV,,,,58.00,Feet,North,CHARLOTTE PKE,,,,0.00,N,Not at Intersection,N,Non-Junction,None,,,         ,Paul,Junkmann,Rain,"Sideswipe, Same Direction",no,no,no,no,yes,False
101486464,METROPOLITAN NASHVILLE POLICE DEPT,20161134347,Davidson,Nashville,12/24/2016 1:40:00 PM,2,0,0,36.154930,-86.626940,STEWARTS FERRY PKE,,,,59.00,Feet,East,I40 E ENT RAMP,,,,0.00,N,Not at Intersection, ,Entrance/Exit Ramp Related,None,,,         ,Scott,Toney,Rain,"Sideswipe, Same Direction",no,no,no,no,no,False
101486466,METROPOLITAN NASHVILLE POLICE DEPT,20161134339,Davidson,Nashville,12/24/2016 1:39:00 PM,2,1,0,36.074530,-86.748760,BLACKMAN RD,,,,0.00,,,SALEM DR,,,,0.00,Y,T-Intersection,N,Non-Junction,None,,,         ,Brian,Murphy,Rain,Front to Rear,no,no,no,no,no,False
101486467,METROPOLITAN NASHVILLE POLICE DEPT,20161134352,Davidson,Nashville,12/24/2016 1:45:00 PM,2,0,0,36.074530,-86.748760,BLACKMAN RD,,,,0.00,,,SALEM DR,,,,0.00,Y,T-Intersection,N,Non-Junction,None,,,         ,Brian,Murphy,Rain,Front to Rear,no,no,no,no,yes,False
101486475,METROPOLITAN NASHVILLE POLICE DEPT,20161134329,Davidson,Nashville,12/24/2016 1:19:00 PM,2,0,0,36.228880,-86.591000,SAUNDERSVILLE RD,,,,101.00,Feet,East,WOODSIDE DR,,,,0.00,N,Not at Intersection, ,Non-Junction,None,,,         ,Cassandra,Del Bosco,Rain,Front to Rear,no,no,no,no,no,False
101486481,METROPOLITAN NASHVILLE POLICE DEPT,20161134370,Davidson,Nashville,12/24/2016 2:15:00 PM,2,0,0,36.073320,-86.637550,MURFREESBORO PKE,,,,531.00,Feet,South,RURAL HILL RD,,,,0.00,N,Not at Intersection, ,Non-Junction,None,,,         ,Rickie,Corman,Rain,"Sideswipe, Same Direction",no,no,no,no,no,False
101486493,METROPOLITAN NASHVILLE POLICE DEPT,20161134304,Davidson,Nashville,12/24/2016 12:15:00 PM,2,0,0,36.185570,-86.747170,GALLATIN AV,,,,322.00,Feet,West,SEYMOUR AV,,,,0.00,N,Not at Intersection,N,Non-Junction,None,,,         ,Anthony,Rizo,Rain,Angle,no,no,no,yes,yes,False
101486507,METROPOLITAN NASHVILLE POLICE DEPT,20161134375,Davidson,Nashville,12/24/2016 2:00:00 PM,2,1,0,36.206850,-86.777880,BRICK CHURCH PKE,,,,84.00,Feet,North,W TRINITY LN,,,,0.00,N,Not at Intersection,N,Non-Junction,None,,,         ,Steven,Spillers,Rain,Front to Rear,no,no,no,no,yes,False
101486508,METROPOLITAN NASHVILLE POLICE DEPT,20161134424,Davidson,Nashville,12/24/2016 2:58:00 PM,1,0,0,36.044410,-86.780390,I 65,,,,0.00,,,,,,,75.00,N,Not at Intersection,N,Non-Junction,None,,,         ,Austin,Kendrick,Rain,Not Collision with Motor Vehicle in Transport,no,no,no,no,no,False