master_record_number,agency,agency_tracking_number,county,city,collision_date,vehicles_involved,number_injured,number_dead,latitude,longitude,roadway_name,roadway_suffix,roadway_number,roadway_local_id,distance_from_reference,miles-feet_indicator,direction_from_reference,intersection_road_name,intersection_road_name_suffix,intersection_road_number,intersection_local_id,mile_marker,intersection_indicator,intersect_type,interchange_related_indicator,relation_to_junction,work_zone_type,construction_maintenance_zone,construction_maintenance_zone_location,fatal_case_number,officer_first_name,officer_last_name,weather_condition(s),manner_of_crash,pedestrian,bicycle,scooter,parking,hitrun,mou
101490519,METROPOLITAN NASHVILLE POLICE DEPT,20161147789,Davidson,Nashville,12/29/2016 7:10:00 PM,2,0,0,36.167880,-86.783220,GAY ST,,,,3.00,Feet,West,5TH AVN,,,,0.00,N,Not at Intersection, ,Non-Junction,None,,,         ,Kendra,Cowper,Clear,"Sideswipe, Same Direction",no,no,no,no,no,False
101490520,METROPOLITAN NASHVILLE POLICE DEPT,20161147761,Davidson,Nashville,12/29/2016 7:04:00 PM,2,0,0,36.137200,-86.699670,BRILEY PKWY,,,,0.00,,,GLASTONBURY RD,,,,0.00,Y,Four-Way, ,Intersection,None,,,         ,Jaby,Djabbarov,Clear,Angle,no,no,no,no,no,False
101490531,METROPOLITAN NASHVILLE POLICE DEPT,20161147928,Davidson,Nashville,12/29/2016 8:17:00 PM,2,0,0,36.124260,-86.806370,I440 W ENT RAMP,,,,0.00,,,I 440,,,,0.00,Y,T-Intersection, ,Entrance/Exit Ramp Related,None,,,         ,Tien,Nguyen,Clear,"Sideswipe, Same Direction",no,no,no,no,no,False
101490533,METROPOLITAN NASHVILLE POLICE DEPT,2016-1147654,Davidson,Nashville,12/29/2016 6:14:00 PM,2,1,0,36.055100,-86.742660,MCMURRAY DR,,,,0.00,,,EDMONDSON PKE,,,,0.00,Y,Four-Way,N,Intersection,None,,,         ,William,King,Clear,Angle,no,no,no,no,no,False
101490558,METROPOLITAN NASHVILLE POLICE DEPT,20161147768,Davidson,Nashville,12/29/2016 7:12:00 PM,2,1,0,36.183280,-86.773850,DICKERSON PKE,,,,45.00,Feet,East,GRACE ST,,,,0.00,N,Not at Intersection,N,Non-Junction,None,,,         ,Charles,Wakefield,Clear,Angle,no,no,no,yes,no,False
101490576,METROPOLITAN NASHVILLE POLICE DEPT,20161147509,Davidson,Nashville,12/29/2016 5:03:00 PM,2,0,0,36.165050,-86.779830,4TH AVN,,,,0.00,,,UNION ST,,,,0.00,Y,Four-Way, ,Non-Junction,Construction Zone,,,         ,Michael,Douglas,Clear,"Sideswipe, Same Direction",no,no,no,no,yes,False
101490580,METROPOLITAN NASHVILLE POLICE DEPT,2016-1147573,Davidson,Nashville,12/29/2016 5:33:00 PM,2,0,0,36.168800,-86.787710,HARRISON ST,,,,190.00,Feet,West,7TH AVN,,,,0.00,N,Not at Intersection, ,Non-Junction,None,,,         ,Cory,West,Clear,"Sideswipe, Opposite Direction",no,no,no,no,no,False
101490590,METROPOLITAN NASHVILLE POLICE DEPT,20161148090,Davidson,Nashville,12/29/2016 8:35:00 PM,2,1,0,36.248050,-86.720840,DUE WEST AVW,,,,144.00,Feet,West,GALLATIN PKES,,,,0.00,N,Not at Intersection,N,Non-Junction,None,,,         ,Cecilia,Gomez,Clear,"Sideswipe, Same Direction",no,no,no,no,yes,False
101490592,METROPOLITAN NASHVILLE POLICE DEPT,20161148084,Davidson,Nashville,12/29/2016 9:12:00 PM,1,1,0,36.180330,-86.796980,GARFIELD ST,,,,201.00,Feet,East,NASSAU ST,,,,0.00,N,Not at Intersection,N,Non-Junction,None,,,         ,Michael,Brooks,Clear,Not Collision with Motor Vehicle in Transport,yes,no,no,no,no,False
101490595,METROPOLITAN NASHVILLE POLICE DEPT,20161148194,Davidson,Nashville,12/29/2016 9:49:00 PM,2,0,0,36.082170,-86.761890,HARDING PL,,,,60.00,Feet,West,SIDCO DR,,,,0.00,N,Not at Intersection, ,Non-Junction,None,,,         ,Charles,Griffin,Clear,"Sideswipe, Same Direction",no,no,no,no,yes,False
101490619,METROPOLITAN NASHVILLE POLICE DEPT,20161147976,Davidson,Nashville,12/29/2016 8:26:00 PM,2,0,0,36.157000,-86.818680,28TH AVN,,,,0.00,,,GEORGIA AV,,,,0.00,Y,T-Intersection,N,Intersection,None,,,         ,Roy,Sain Jr.,Clear,Angle,no,no,no,no,no,False
101490639,METROPOLITAN NASHVILLE POLICE DEPT,20161148376,Davidson,Nashville,12/29/2016 11:08:00 PM,2,0,0,36.044770,-86.661190,BELL RD,,,,100.00,Feet,East,CANE RIDGE RD,,,,0.00,N,Not at Intersection,N,Non-Junction,None,,,         ,Caleb,Jernigan,Clear,"Sideswipe, Same Direction",no,no,no,no,yes,False
101490661,METROPOLITAN NASHVILLE POLICE DEPT,20161148503,Davidson,Nashville,12/30/2016 12:05:00 AM,2,1,0,36.106480,-86.718820,I 24,,,,0.00,,,,,,,54.00,N,Not at Intersection,N,Non-Junction,None,,,         ,Erik,Dabbs,Clear,"Sideswipe, Same Direction",no,no,no,no,no,False
101490698,METROPOLITAN NASHVILLE POLICE DEPT,2016-1148566,Davidson,Nashville,12/30/2016 12:15:00 AM,2,0,0,36.193350,-86.831480,S HAMILTON RD,,,,135.00,Feet,South,CLARKSVILLE PKE,,,,0.00,N,Not at Intersection,N,Non-Junction,None,,,         ,Armonty,Houston,Clear,Angle,no,no,no,yes,yes,False
101490753,METROPOLITAN NASHVILLE POLICE DEPT,20161149256,Davidson,Not in City Limit,12/30/2016 6:07:00 AM,1,0,0,36.322270,-86.907920,CLARKSVILLE PKE,,,,442.00,Feet,West,DOUGLAS RD,,,,0.00,N,Not at Intersection, ,Non-Junction,None,,,         ,James,Murphy,Clear,Not Collision with Motor Vehicle in Transport,no,no,no,no,no,False
101490755,METROPOLITAN NASHVILLE POLICE DEPT,20161149200,Davidson,Nashville,12/30/2016 5:40:00 AM,2,2,0,36.192710,-86.744370,DOUGLAS AV,,,,0.00,,,GALLATIN AV,,,,0.00,Y,Four-Way,Y,Intersection,None,,,         ,Daniel,Wadham,Clear,HeadOn,no,no,no,no,no,False
101490798,BELLE MEADE POLICE DEPT,16-0365,Davidson,Belle Meade,12/27/2016 5:21:00 PM,2,1,0,36.109720,-86.856410,BELLE MEADE BLVD,,,,0.00,,,JACKSON BLVD,,,,0.00,Y,Four-Way,Y,Intersection,None,,,         ,Jon,Carter,Clear,Angle,no,no,no,no,no,False
101490805,METROPOLITAN NASHVILLE POLICE DEPT,20161149290,Davidson,Nashville,12/30/2016 12:00:00 AM,1,0,0,36.233080,-86.821420,BRILEY PKWYE,,,,55.00,Feet,West,BRILEY PKWY E EXT RAMP,,,,0.00,N,Not at Intersection,N,Non-Junction,None,,,         ,Benjamin,Williams,Unknown,Not Collision with Motor Vehicle in Transport,no,no,no,no,yes,False
101490838,METROPOLITAN NASHVILLE POLICE DEPT,20161149294,Davidson,Nashville,12/30/2016 6:54:00 AM,1,0,0,36.030160,-86.662340,PRESTON RD,,,,574.00,Feet,South,OLD FRANKLIN RD,,,,0.00,N,Not at Intersection, ,Non-Junction,None,,,         ,Kevin,Coleman,Clear,Not Collision with Motor Vehicle in Transport,no,no,no,no,no,False
101490863,METROPOLITAN NASHVILLE POLICE DEPT,20161149453,Davidson,Nashville,12/30/2016 8:12:00 AM,2,0,0,36.153260,-86.843170,ALABAMA AV,,,,107.00,Feet,East,47TH AVN,,,,0.00,N,Not at Intersection, ,,None,,,         ,Michael,Pyle,,,no,no,no,yes,no,False
101490886,METROPOLITAN NASHVILLE POLICE DEPT,20161149594,Davidson,Nashville,12/30/2016 9:31:00 AM,3,3,0,36.039680,-86.762120,OLD HICKORY BLVD,,,,198.00,Feet,East,TOWNHOMES OF FREDERICKSBURG PV,,,,0.00,N,Not at Intersection,N,Non-Junction,None,,,         ,Nathan,Kemp,Clear,Front to Rear,no,no,no,no,no,False
101490912,METROPOLITAN NASHVILLE POLICE DEPT,20161149461,Davidson,Nashville,12/30/2016 8:20:00 AM,1,0,0,36.162090,-86.774100,DOWNTOWN GRNWY,,,,92.00,Feet,East,1ST AVS,,,,0.00,N,Not at Intersection,N,Non-Junction,Work Zone,,,         ,William,Gibbs,Clear,Not Collision with Motor Vehicle in Transport,no,no,no,no,no,False
101490934,METROPOLITAN NASHVILLE POLICE DEPT,20161149532,Davidson,Not in City Limit,12/30/2016 7:32:00 AM,2,0,0,36.079830,-86.953950,HIGHWAY 70S,,,,158.00,Feet,West,COLEY DAVIS RD,,,,0.00,N,Not at Intersection, ,Non-Junction,None,,,         ,Brandon,Helms,Clear,Front to Rear,no,no,no,no,no,False
101490958,METROPOLITAN NASHVILLE POLICE DEPT,20161149650,Davidson,Nashville,12/30/2016 9:50:00 AM,3,0,0,36.150050,-86.748260,I 40,,,,0.00,,,,,,,211.70,N,Not at Intersection,N,Non-Junction,None,,,         ,Richard,Hyatt,Clear,Front to Rear,no,no,no,no,yes,False
101490981,METROPOLITAN NASHVILLE POLICE DEPT,20161149699,Davidson,Nashville,12/30/2016 10:40:00 AM,2,0,0,36.186450,-86.822860,ED TEMPLE BLVD,,,,139.00,Feet,North,28TH AVN,,,,0.00,N,Not at Intersection,N,Non-Junction,None,,,         ,John,Tyree,Clear,"Sideswipe, Same Direction",no,no,no,no,no,False
101490983,Nashville Airport Police,2016-03854,Davidson,Nashville,12/27/2016 4:00:00 AM,2,0,0,36.104220,-86.668380,MURFREESBORO PKE,,,,0.00,,,OLD MURFREESBORO PKE,,,,0.00,Y,OTHER, ,Non-Junction,None,,,         ,Brian,Wolters,Rain,Angle,no,no,no,yes,no,False
101490984,METROPOLITAN NASHVILLE POLICE DEPT,20161149785,Davidson,Nashville,12/30/2016 11:29:00 AM,2,0,0,36.139830,-86.666320,DONELSON PKE,,,,0.00,,,I40 E ENT RAMP,,,,0.00,Y,OTHER, ,Entrance/Exit Ramp Related,None,,,         ,Steven,Rowlett,Clear,Angle,no,no,no,no,yes,False
101490988,METROPOLITAN NASHVILLE POLICE DEPT,20161149307,Davidson,Not in City Limit,12/30/2016 6:46:00 AM,2,0,0,36.099850,-86.935090,I 40,,,,0.00,,,,,,,198.15,N,Not at Intersection, ,Non-Junction,None,,,         ,Andrew,Maholland,Clear,Angle,no,no,no,no,no,False
101491011,METROPOLITAN NASHVILLE POLICE DEPT,20161149703,Davidson,Nashville,12/30/2016 10:46:00 AM,2,1,0,36.093720,-86.706040,I 24,,,,0.00,,,,,,,55.10,N,Not at Intersection,N,Non-Junction,None,,,         ,Peter,Vaught,Clear,Front to Rear,no,no,no,no,yes,False
101491012,METROPOLITAN NASHVILLE POLICE DEPT,20161149636,Davidson,Nashville,12/30/2016 10:05:00 AM,1,1,0,36.182700,-86.748840,STRATTON AV,,,,4.00,Feet,East,GALLATIN AV,,,,0.00,N,Not at Intersection,Y,Unknown,None,,,         ,Samuel,Kersten,Clear,Not Collision with Motor Vehicle in Transport,no,yes,no,no,no,False
101491021,METROPOLITAN NASHVILLE POLICE DEPT,20161149725,Davidson,Nashville,12/30/2016 10:57:00 AM,1,1,0,36.128640,-86.759160,DUNN AV,,,,80.00,Feet,North,NAPOLEON AV,,,,0.00,N,Not at Intersection,N,Non-Junction,None,,,         ,Nathan,Kemp,Clear,Not Collision with Motor Vehicle in Transport,no,no,no,no,no,False
101491033,METROPOLITAN NASHVILLE POLICE DEPT,20161149584,Davidson,Nashville,12/30/2016 9:26:00 AM,3,1,0,36.192320,-86.616300,OLD HICKORY BLVD,,,,0.00,,,JUAREZ DR,,,,0.00,Y,T-Intersection,N,Intersection,None,,,         ,James,Curtis,Clear,Angle,no,no,no,no,no,False
101491040,METROPOLITAN NASHVILLE POLICE DEPT,20161149894,Davidson,Nashville,12/30/2016 12:10:00 PM,1,0,0,36.149860,-86.748300,I 40,,,,0.00,,,,,,,211.70,N,Not at Intersection, ,,None,,,         ,Richard,Hyatt,,,no,no,no,no,no,False
101491057,METROPOLITAN NASHVILLE POLICE DEPT,20161149886,Davidson,Not in City Limit,12/30/2016 12:14:00 PM,2,0,0,36.261240,-86.712530,GALLATIN PKES,,,,0.00,,,MAPLE ST,,,,0.00,Y,T-Intersection, ,Non-Junction,None,,,         ,DuJuan,Kendrick,Clear,HeadOn,no,no,no,no,no,False
101491059,METROPOLITAN NASHVILLE POLICE DEPT,20161149898,Davidson,Nashville,12/30/2016 12:24:00 PM,2,0,0,36.144700,-86.712410,ELM HILL PKE,,,,408.00,Feet,West,MASSMAN DR,,,,0.00,N,Not at Intersection, ,Non-Junction,None,,,         ,Larry,Benz,Clear,Angle,no,no,no,no,no,False
101491097,METROPOLITAN NASHVILLE POLICE DEPT,20161149631,Davidson,Nashville,12/30/2016 10:00:00 AM,2,2,0,36.182270,-86.607960,OLD HICKORY BLVD,,,,0.00,,,ANDREW JACKSON WAY,,,,0.00,Y,Four-Way,N,Intersection,None,,,         ,William,Walls,Clear,Angle,no,no,no,no,no,False
101491110,METROPOLITAN NASHVILLE POLICE DEPT,20161149961,Davidson,Nashville,12/30/2016 1:03:00 PM,2,0,0,36.182290,-86.608390,OLD HICKORY BLVD,,,,95.00,Feet,West,ANDREW JACKSON WAY,,,,0.00,N,Not at Intersection, ,Non-Junction,None,,,         ,James,Curtis,Clear,"Sideswipe, Same Direction",no,no,no,no,no,False
101491111,METROPOLITAN NASHVILLE POLICE DEPT,20161149907,Davidson,Nashville,12/30/2016 12:20:00 PM,2,0,0,36.158070,-86.848890,51ST AVN,,,,166.00,Feet,North,ILLINOIS AV,,,,0.00,N,Not at Intersection, ,Non-Junction,None,,,         ,Michael,Pyle,Clear,Front to Rear,no,no,no,no,no,False
101491125,METROPOLITAN NASHVILLE POLICE DEPT,20161149940,Davidson,Nashville,12/30/2016 12:40:00 PM,2,0,0,36.200850,-86.776770,I 65,,,,0.00,,,,,,,86.90,N,Not at Intersection,N,Non-Junction,None,,,         ,John,Tyree,Clear,Front to Rear,no,no,no,no,no,False
101491153,METROPOLITAN NASHVILLE POLICE DEPT,2016-1149882,Davidson,Nashville,12/30/2016 12:15:00 PM,2,0,0,36.147350,-86.785730,SOUTH ST,,,,0.00,,,12TH AVS,,,,0.00,Y,Four-Way, ,Intersection,None,,,         ,David,Anderson,Clear,Angle,no,no,no,no,no,False
101491170,METROPOLITAN NASHVILLE POLICE DEPT,20161150027,Davidson,Nashville,12/30/2016 1:43:00 PM,2,0,0,36.154380,-86.665360,DONELSON PKE,,,,213.00,Feet,South,LAKELAND DR,,,,0.00,N,Not at Intersection, ,,None,,,         ,Larry,Benz,,,no,no,no,no,no,False
101491171,METROPOLITAN NASHVILLE POLICE DEPT,16-1149869,Davidson,Nashville,12/30/2016 12:08:00 PM,2,0,0,36.168540,-86.788320,ROSA L PARKS BLVD,,,,0.00,,,HARRISON ST,,,,0.00,Y,Four-Way,N,Intersection,None,,,         ,Frank,Campbell,Clear,Front to Rear,no,no,no,no,no,False
101491181,METROPOLITAN NASHVILLE POLICE DEPT,20161149868,Davidson,Nashville,12/30/2016 11:39:00 AM,2,0,0,36.220520,-86.762100,DICKERSON PKE,,,,205.00,Feet,North,ALHAMBRA CIR,,,,0.00,N,Not at Intersection, ,Non-Junction,None,,,         ,Paxton,Montgomery,Clear,Front to Rear,no,no,no,no,no,False
101491208,METROPOLITAN NASHVILLE POLICE DEPT,20161149992,Davidson,Nashville,12/30/2016 1:15:00 PM,3,0,0,36.156090,-86.777440,6TH AVS,,,,98.00,Feet,North,KOREAN VETERANS BLVD,,,,0.00,N,Not at Intersection, ,Non-Junction,None,,,         ,William,Gibbs,Clear,Front to Rear,no,no,no,no,no,False
101491231,METROPOLITAN NASHVILLE POLICE DEPT,20161149943,Davidson,Nashville,12/30/2016 12:00:00 AM,2,1,0,36.119520,-86.730240,GLENROSE AV,,,,0.00,,,OLD GLENROSE AV,,,,0.00,Y,T-Intersection,N,Intersection-Related,None,,,         ,David,Simmonds,Clear,Angle,no,no,no,no,no,False
101491238,METROPOLITAN NASHVILLE POLICE DEPT,20161149926,Davidson,Nashville,12/30/2016 12:30:00 PM,2,2,0,36.041500,-86.632260,MONROE CRSG,,,,0.00,,,OLD FRANKLIN RD,,,,0.00,Y,T-Intersection,Y,Intersection,None,,,         ,Jedidayah,Merriweather,Clear,Angle,no,no,no,no,no,False
101491243,METROPOLITAN NASHVILLE POLICE DEPT,20161149876,Davidson,Nashville,12/30/2016 12:10:00 PM,3,0,0,36.115030,-86.724590,I 24,,,,0.00,,,,,,,53.30,N,Not at Intersection,N,Non-Junction,None,,,         ,David,Smith,Clear,Front to Rear,no,no,no,no,no,False
101491257,METROPOLITAN NASHVILLE POLICE DEPT,20161149996,Davidson,Nashville,12/30/2016 1:22:00 PM,3,0,0,36.130790,-86.900120,I40 W EXT RAMP,,,,190.00,Feet,North,CHARLOTTE PKE,,,,0.00,N,Not at Intersection,Y,Entrance/Exit Ramp Related,None,,,         ,Michael,Phelps,Clear,"Sideswipe, Same Direction",no,no,no,no,no,False
101491261,METROPOLITAN NASHVILLE POLICE DEPT,20161150070,Davidson,Nashville,12/30/2016 2:14:00 PM,4,1,0,36.132860,-86.727150,I 24,,,,0.00,,,,,,,52.00,N,Not at Intersection,N,Non-Junction,None,,,         ,Peter,Vaught,Clear,Front to Rear,no,no,no,no,yes,False
101491265,METROPOLITAN NASHVILLE POLICE DEPT,20161150081,Davidson,Nashville,12/30/2016 2:15:00 PM,2,0,0,36.123440,-86.727590,I 24,,,,0.00,,,,,,,52.70,N,Not at Intersection, ,Non-Junction,None,,,         ,Alfredo,Arevalo,Clear,Front to Rear,no,no,no,no,no,False
101491296,METROPOLITAN NASHVILLE POLICE DEPT,20161150097,Davidson,Nashville,12/30/2016 2:27:00 PM,3,0,0,36.141200,-86.717410,I 40,,,,0.00,,,,,,,213.80,N,Not at Intersection,N,Non-Junction,None,,,         ,Brian,Smith,Clear,Front to Rear,no,no,no,no,no,False
101491304,METROPOLITAN NASHVILLE POLICE DEPT,20161150108,Davidson,Nashville,12/30/2016 2:57:00 PM,2,0,0,36.122540,-86.751980,I 440,,,,0.00,,,,,,,6.25,N,Not at Intersection,N,Non-Junction,None,,,         ,Tien,Nguyen,Clear,Front to Rear,no,no,no,no,no,False
101491310,METROPOLITAN NASHVILLE POLICE DEPT,20161150067,Davidson,Nashville,12/30/2016 2:02:00 PM,2,1,0,36.064860,-86.628550,MURFREESBORO PKE,,,,31.00,Feet,North,HAMILTON CHURCH RD,,,,0.00,N,Not at Intersection,N,OtherLocation,None,,,         ,Paul,Goebel,Clear,Angle,no,no,no,no,no,False
101491320,METROPOLITAN NASHVILLE POLICE DEPT,2016-1150107,Davidson,Nashville,12/30/2016 2:52:00 PM,1,2,0,36.170460,-86.805520,I 40,,,,0.00,,,,,,,207.35,N,Not at Intersection,Y,Entrance/Exit Ramp Related,None,,,         ,Thomas,Burns,Clear,Not Collision with Motor Vehicle in Transport,no,no,no,no,no,False
101491324,METROPOLITAN NASHVILLE POLICE DEPT,20161150190,Davidson,Nashville,12/30/2016 3:21:00 PM,2,0,0,36.115830,-86.783430,I 440,,,,0.00,,,,,,,4.35,N,Not at Intersection,N,Non-Junction,None,,,         ,Ralph,Smith IV,Clear,Front to Rear,no,no,no,no,no,False
101491330,METROPOLITAN NASHVILLE POLICE DEPT,20161150174,Davidson,Nashville,12/30/2016 2:45:00 PM,2,0,0,36.128450,-86.713370,MURFREESBORO PKE,,,,145.00,Feet,North,PHILFRE CT,,,,0.00,N,Not at Intersection, ,Non-Junction,None,,,         ,Alyson,Cook,Clear,Angle,no,no,no,no,no,False
101491335,METROPOLITAN NASHVILLE POLICE DEPT,20161150112,Davidson,Nashville,12/30/2016 1:45:00 PM,2,0,0,36.164340,-86.793860,I 40,,,,0.00,,,,,,,208.45,N,Not at Intersection,N,Non-Junction,None,,,         ,Kendra,Cowper,Clear,"Sideswipe, Same Direction",no,no,no,no,no,False
101491336,METROPOLITAN NASHVILLE POLICE DEPT,20161150241,Davidson,Nashville,12/30/2016 3:36:00 PM,2,0,0,36.191820,-86.781960,I 65,,,,0.00,,,,,,,86.20,N,Not at Intersection, ,,None,,,         ,Michael,Brooks,,,no,no,no,no,no,False
101491339,METROPOLITAN NASHVILLE POLICE DEPT,20161150169,Davidson,Not in City Limit,12/30/2016 3:20:00 PM,3,1,0,36.264100,-86.724100,OLD HICKORY BLVDW,,,,25.00,Feet,East,HERITAGE DR,,,,0.00,N,Not at Intersection,N,Non-Junction,None,,,         ,Jordan,Vrbas,Clear,Front to Rear,no,no,no,no,no,False
101491340,METROPOLITAN NASHVILLE POLICE DEPT,20161150103,Davidson,Nashville,12/30/2016 2:28:00 PM,1,1,0,36.141130,-86.627970,BELL RD,,,,0.00,Feet,,ELM HILL PKE,,,,0.00,Y,T-Intersection,N,Intersection,None,,,         ,Marcus,Mitchell,Clear,Not Collision with Motor Vehicle in Transport,yes,no,no,no,no,False
101491350,METROPOLITAN NASHVILLE POLICE DEPT,20161150129,Davidson,Antioch,12/30/2016 2:30:00 PM,2,0,0,36.070220,-86.634350,MURFREESBORO PKE,,,,810.00,Feet,South,BELL RD,,,,0.00,N,Not at Intersection, ,Non-Junction,None,,,         ,Victoria,Cunningham,Clear,Angle,no,no,no,no,no,False
101491358,METROPOLITAN NASHVILLE POLICE DEPT,20161150173,Davidson,Nashville,12/30/2016 3:18:00 PM,2,0,0,36.121640,-86.806680,I440 E ENT RAMP,,,,0.00,Feet,East,I 440,,,,0.00,N,Not at Intersection, ,,None,,,         ,Charles,Griffin,,,no,no,no,no,no,False
101491359,METROPOLITAN NASHVILLE POLICE DEPT,20161150232,Davidson,Nashville,12/30/2016 3:40:00 PM,2,0,0,36.101790,-86.740550,NOLENSVILLE PKE,,,,0.00,,,ANTIOCH PKE,,,,0.00,Y,T-Intersection, ,Intersection,None,,,         ,Eric,Keller,Clear,Front to Rear,no,no,no,no,no,False
101491367,METROPOLITAN NASHVILLE POLICE DEPT,20161150231,Davidson,Nashville,12/30/2016 3:20:00 PM,2,0,0,36.146130,-86.777020,I40 E ENT RAMP,,,,0.00,Feet,East,I 65,,,,0.00,N,Not at Intersection, ,Entrance/Exit Ramp Related,None,,,         ,Charles,Griffin,Clear,Front to Rear,no,no,no,no,yes,False
101491370,METROPOLITAN NASHVILLE POLICE DEPT,20161150123,Davidson,Not in City Limit,12/30/2016 2:59:00 PM,2,1,0,36.325320,-86.878010,I 24,,,,0.00,,,,,,,34.45,N,Not at Intersection,N,Non-Junction,None,,,         ,Christopher,Templin,Clear,Front to Rear,no,no,no,no,no,False
101491371,METROPOLITAN NASHVILLE POLICE DEPT,20161150323,Davidson,Nashville,12/30/2016 4:23:00 PM,2,0,0,36.150040,-86.771880,I 40,,,,0.00,,,,,,,210.30,N,Not at Intersection, ,Non-Junction,None,,,         ,Tien,Nguyen,Clear,"Sideswipe, Same Direction",no,no,no,no,no,False
101491375,METROPOLITAN NASHVILLE POLICE DEPT,20161150187,Davidson,Nashville,12/30/2016 2:20:00 PM,2,0,0,36.202600,-86.776850,I 65,,,,0.00,,,,,,,86.95,N,Not at Intersection, ,Non-Junction,Construction Zone,,,         ,Roy,Sain Jr.,Clear,Front to Rear,no,no,no,no,no,False
101491378,METROPOLITAN NASHVILLE POLICE DEPT,20161150144,Davidson,Nashville,12/30/2016 2:34:00 PM,2,0,0,36.040010,-86.743470,OLD HICKORY BLVD,,,,0.00,,,EDMONDSON PKE,,,,0.00,Y,Four-Way, ,Intersection,None,,,         ,Charles,Griffin,Clear,Front to Rear,no,no,no,no,no,False
101491393,Nashville Airport Police,16-03895,Davidson,Nashville,12/30/2016 3:08:00 PM,2,0,0,36.133410,-86.665080,BNA DR,,,,0.00,,,TERMINAL DR,,,,0.00,Y,OTHER, ,SharedUsePathOrTrail,None,,,         ,Eric,Dipzinski,Clear,"Sideswipe, Same Direction",no,no,no,yes,yes,False
101491395,METROPOLITAN NASHVILLE POLICE DEPT,20161150349,Davidson,Nashville,12/30/2016 4:38:00 PM,2,0,0,36.120700,-86.807970,LOMBARDY AV,,,,0.00,,,HILLSBORO PKE,,,,0.00,Y,Four-Way, ,Intersection,None,,,         ,Ralph,Smith IV,Clear,Angle,no,no,no,no,no,False
101491399,METROPOLITAN NASHVILLE POLICE DEPT,20161150368,Davidson,Nashville,12/30/2016 4:35:00 PM,2,0,0,36.156550,-86.806140,CHARLOTTE AV,,,,101.00,Feet,East,21ST AVN,,,,0.00,N,Not at Intersection, ,Non-Junction,None,,,         ,Andy,Esqueda,Clear,Front to Rear,no,no,no,no,no,False
101491401,METROPOLITAN NASHVILLE POLICE DEPT,20161150346,Davidson,Nashville,12/30/2016 4:35:00 PM,2,4,0,36.056510,-86.667130,MT VIEW RD,,,,1186.00,Feet,South,HICKORY HOLLOW PKWY,,,,0.00,N,Not at Intersection,N,Non-Junction,None,,,         ,Alyson,Cook,Clear,"Sideswipe, Opposite Direction",no,no,no,no,no,False
101491438,METROPOLITAN NASHVILLE POLICE DEPT,20161150438,Davidson,Nashville,12/30/2016 5:29:00 PM,2,0,0,36.148340,-86.745650,I 40,,,,0.00,,,,,,,211.90,N,Not at Intersection,N,Non-Junction,None,,,         ,Dontaveous,Eubanks,Clear,Front to Rear,no,no,no,no,no,False
101491440,METROPOLITAN NASHVILLE POLICE DEPT,20161150496,Davidson,Nashville,12/30/2016 5:40:00 PM,2,0,0,36.179800,-86.800500,I 65,,,,0.00,,,,,,,85.00,N,Not at Intersection,N,Non-Junction,None,,,         ,Thomas,Burns,Clear,Front to Rear,no,no,no,no,yes,False
101491441,METROPOLITAN NASHVILLE POLICE DEPT,20161150437,Davidson,Nashville,12/30/2016 5:00:00 PM,2,0,0,36.157380,-86.792700,15TH AVN,,,,0.00,Feet,,CHURCH ST,,,,0.00,Y,Four-Way,N,Intersection-Related,None,,,         ,Tien,Nguyen,Clear,"Sideswipe, Same Direction",no,no,no,no,yes,False
101491447,METROPOLITAN NASHVILLE POLICE DEPT,20161150350,Davidson,Nashville,12/30/2016 4:32:00 PM,2,2,0,36.184670,-86.775150,I 24,,,,0.00,,,,,,,47.25,N,Not at Intersection,N,Non-Junction,None,,,         ,Charles,Wakefield,Clear,Front to Rear,no,no,no,no,no,False
101491452,METROPOLITAN NASHVILLE POLICE DEPT,20161150452,Davidson,Nashville,12/30/2016 4:23:00 PM,2,1,0,36.074110,-86.922130,OLD HARDING PKE,,,,51.00,Feet,West,HIGHWAY 70S,,,,0.00,N,Not at Intersection,N,Non-Junction,None,,,         ,Benjamin,Spees,Clear,Angle,no,no,no,no,no,False
101491467,METROPOLITAN NASHVILLE POLICE DEPT,20161150554,Davidson,Nashville,12/30/2016 6:20:00 PM,2,0,0,36.140730,-86.732280,I 40,,,,0.00,,,,,,,213.00,N,Not at Intersection, ,,None,,,         ,Jonathan,Cavezza,,,no,no,no,no,no,False
101491470,METROPOLITAN NASHVILLE POLICE DEPT,2016-1150522,Davidson,Nashville,12/30/2016 5:45:00 PM,2,0,0,36.139990,-86.880090,CHARLOTTE PKE,,,,0.00,,,,,,,0.00,,,N,Non-Junction,None,,,         ,Michael,Rogers,Clear,Other,no,no,no,yes,yes,False
101491471,METROPOLITAN NASHVILLE POLICE DEPT,20161150523,Davidson,Not in City Limit,12/30/2016 5:40:00 PM,3,0,0,36.263540,-86.716490,OLD HICKORY BLVDW,,,,22.00,Feet,East,PEGGY ST,,,,0.00,N,Not at Intersection,N,Non-Junction,None,,,         ,Jordan,Vrbas,Clear,Front to Rear,no,no,no,no,yes,False