master_record_number,agency,agency_tracking_number,county,city,collision_date,vehicles_involved,number_injured,number_dead,latitude,longitude,roadway_name,roadway_suffix,roadway_number,roadway_local_id,distance_from_reference,miles-feet_indicator,direction_from_reference,intersection_road_name,intersection_road_name_suffix,intersection_road_number,intersection_local_id,mile_marker,intersection_indicator,intersect_type,interchange_related_indicator,relation_to_junction,work_zone_type,construction_maintenance_zone,construction_maintenance_zone_location,fatal_case_number,officer_first_name,officer_last_name,weather_condition(s),manner_of_crash,pedestrian,bicycle,scooter,parking,hitrun,mou
101492279,METROPOLITAN NASHVILLE POLICE DEPT,20161152602,Davidson,Nashville,12/31/2016 2:23:00 PM,3,2,0,36.127030,-86.804010,21ST AVS,,,,0.00,,,BEECHWOOD AV,,,,0.00,Y,T-Intersection,N,Intersection,None,,,         ,Charles,Griffin,Rain,Angle,no,no,no,no,no,False
101492280,METROPOLITAN NASHVILLE POLICE DEPT,20161152633,Davidson,Nashville,12/31/2016 3:00:00 PM,2,1,0,36.195380,-86.723370,PORTER RD,,,,0.00,,,RIVERSIDE DR,,,,0.00,Y,Five Point Or More,N,Intersection,None,,,         ,Ryan,Howard,Rain,Front to Rear,no,no,no,no,yes,False
101492281,METROPOLITAN NASHVILLE POLICE DEPT,20161152611,Davidson,Not in City Limit,12/31/2016 2:03:00 PM,2,1,0,36.264110,-86.711550,GALLATIN PKEN,,,,62.00,Feet,South,OLD TIME VILLAGE PVTDR,,,,0.00,N,Not at Intersection,N,Non-Junction,None,,,         ,Harold,Willmore IV,Rain,Angle,no,no,no,no,no,False
101492283,METROPOLITAN NASHVILLE POLICE DEPT,20161152675,Davidson,Nashville,12/31/2016 3:25:00 PM,1,0,0,36.160630,-86.586930,BELL RD,,,,81.00,Feet,West,NEWCASTLE LN,,,,0.00,N,Not at Intersection,N,Non-Junction,None,,,         ,Marcus,Mitchell,Rain,Not Collision with Motor Vehicle in Transport,no,no,no,no,no,False
101492297,METROPOLITAN NASHVILLE POLICE DEPT,20161152707,Davidson,Nashville,12/31/2016 3:47:00 PM,2,1,0,36.230510,-86.765760,EWING DR,,,,32.00,Feet,East,RICH ACRES DR,,,,0.00,N,Not at Intersection,N,Non-Junction,None,,,         ,Christopher,Valdez,Rain,HeadOn,no,no,no,no,no,False
101492299,METROPOLITAN NASHVILLE POLICE DEPT,20161152614,Davidson,Nashville,12/31/2016 2:30:00 PM,2,0,0,36.151460,-86.857720,I40 E ENT RAMP,,,,0.00,,,I 40,,,,0.00,Y,Four-Way, ,Intersection,None,,,         ,Justin,Coyle,Rain,Angle,no,no,no,no,no,False
101492304,METROPOLITAN NASHVILLE POLICE DEPT,20161152680,Davidson,Nashville,12/31/2016 12:45:00 PM,2,0,0,36.216690,-86.625010,GRANWOOD BLVD,,,,353.00,Feet,East,DAWNWOOD DR,,,,0.00,N,Not at Intersection,N,Non-Junction,None,,,         ,John,Kelley,Rain,Other,no,no,no,yes,yes,False
101492317,METROPOLITAN NASHVILLE POLICE DEPT,20161152689,Davidson,Nashville,12/31/2016 3:34:00 PM,3,0,0,36.120050,-86.802660,I 440,,,,0.00,,,,,,,3.00,N,Not at Intersection,N,Non-Junction,None,,,         ,Charles,Griffin,Rain,Front to Rear,no,no,no,no,no,False
101492336,METROPOLITAN NASHVILLE POLICE DEPT,20161152780,Davidson,Nashville,12/31/2016 4:07:00 PM,1,0,0,36.222370,-86.746700,ELLINGTON PKWYS,,,,121.00,Feet,North,ELLINGTON PKWYN,,,,0.00,N,Not at Intersection, ,Non-Junction,None,,,         ,Jonathan,Hadley,Rain,Not Collision with Motor Vehicle in Transport,no,no,no,no,no,False
101492337,METROPOLITAN NASHVILLE POLICE DEPT,20161152753,Davidson,Nashville,12/31/2016 4:06:00 PM,2,0,0,36.152920,-86.789820,DEMONBREUN ST,,,,463.00,Feet,North,MUSIC CIRE,,,,0.00,N,Not at Intersection, ,Non-Junction,None,,,         ,Ralph,Smith IV,Rain,Angle,no,no,no,no,no,False
101492348,METROPOLITAN NASHVILLE POLICE DEPT,20161152789,Davidson,Nashville,12/31/2016 4:26:00 PM,2,0,0,36.076620,-86.640780,MURFREESBORO PKE,,,,273.00,Feet,East,LAKEVILLA DR,,,,0.00,N,Not at Intersection,N,Non-Junction,None,,,         ,Nakia,Reid,Rain,Unknown,no,no,no,yes,yes,False
101492351,METROPOLITAN NASHVILLE POLICE DEPT,20161152812,Davidson,Nashville,12/31/2016 4:53:00 PM,1,0,0,36.220580,-86.804760,WHITES CREEK PKE,,,,210.00,Feet,South,REVELS DR,,,,0.00,N,Not at Intersection,N,Non-Junction,None,,,         ,Thomas,Burns,Rain,Unknown,no,no,no,no,yes,False
101492366,METROPOLITAN NASHVILLE POLICE DEPT,20161152644,Davidson,Nashville,12/31/2016 12:20:00 PM,2,0,0,36.064570,-86.717220,NOLENSVILLE PKE,,,,557.00,Feet,East,FAIRLANE DR,,,,0.00,N,Not at Intersection,N,Non-Junction,None,,,         ,Marcus,Darden,Clear,"Sideswipe, Same Direction",no,no,no,yes,yes,False
101492371,METROPOLITAN NASHVILLE POLICE DEPT,20161152613,Davidson,Nashville,12/31/2016 2:30:00 PM,2,0,0,36.085950,-86.699890,I 24,,,,0.00,,,,,,,55.75,N,Not at Intersection, ,Non-Junction,None,,,         ,Darryl,Williams,Rain,Front to Rear,no,no,no,no,no,False
101492378,METROPOLITAN NASHVILLE POLICE DEPT,20161152777,Davidson,Nashville,12/31/2016 4:12:00 PM,2,2,0,36.205160,-86.737510,GALLATIN PKE,,,,61.00,Feet,North,MCGAVOCK PKE,,,,0.00,N,Not at Intersection,N,Non-Junction,None,,,         ,James,Smith,Cloudy,Front to Rear,no,no,no,no,yes,False
101492380,METROPOLITAN NASHVILLE POLICE DEPT,20161152769,Davidson,Nashville,12/31/2016 4:27:00 PM,2,1,0,36.059100,-86.714290,RAYWOOD LN,,,,0.00,,,TUSCULUM RD,,,,0.00,Y,Four-Way,N,Non-Junction,None,,,         ,Brandon,Vance,Rain,Angle,no,no,no,no,no,False
101492386,METROPOLITAN NASHVILLE POLICE DEPT,20161152884,Davidson,Nashville,12/31/2016 5:12:00 PM,2,0,0,36.197610,-86.691520,OPRY MILLS DR,,,,316.00,Feet,North,GAYLORD DR,,,,0.00,N,Not at Intersection,N,OtherLocation,None,,,         ,Tyler,Maupin,Rain,Front to Rear,no,no,no,no,yes,False
101492391,METROPOLITAN NASHVILLE POLICE DEPT,20161152946,Davidson,Nashville,12/31/2016 6:12:00 PM,2,1,0,36.177360,-86.688420,MAPLECREST DR,,,,0.00,,,DENNYWOOD DR,,,,0.00,Y,Four-Way,Y,Intersection,None,,,         ,Brian,Smith,Rain,Front to Rear,no,no,no,no,yes,False
101492395,METROPOLITAN NASHVILLE POLICE DEPT,20161152917,Davidson,Nashville,12/31/2016 5:45:00 PM,2,0,0,36.064790,-86.628480,HAMILTON CHURCH RD,,,,0.00,,,MURFREESBORO PKE,,,,0.00,Y,Four-Way, ,Intersection,None,,,         ,Candice,Soper,Rain,Front to Rear,no,no,no,no,no,False
101492399,METROPOLITAN NASHVILLE POLICE DEPT,20161152894,Davidson,Nashville,12/31/2016 5:28:00 PM,3,0,0,36.176910,-86.755550,MCFERRIN AV,,,,107.00,Feet,North,MAIN ST,,,,0.00,N,Not at Intersection,N,Non-Junction,None,,,         ,Christopher,Valdez,Rain,Front to Rear,no,no,no,no,no,False
101492408,METROPOLITAN NASHVILLE POLICE DEPT,20161152742,Davidson,Nashville,12/31/2016 4:13:00 PM,2,2,0,36.047840,-86.612050,MURFREESBORO PKE,,,,0.00,,,MOUNTAIN SPRINGS RD,,,,0.00,Y,T-Intersection,Y,Intersection-Related,None,,,         ,Benny,Pittman,Rain,Angle,no,no,no,no,no,False
101492411,METROPOLITAN NASHVILLE POLICE DEPT,20161152878,Davidson,Nashville,12/31/2016 5:30:00 PM,1,1,0,36.069630,-86.694300,HAYWOOD LN,,,,117.00,Feet,West,EZELL RD,,,,0.00,N,Not at Intersection,N,Non-Junction,None,,,         ,Richard,Olive,Rain,Not Collision with Motor Vehicle in Transport,yes,no,no,no,no,False
101492414,METROPOLITAN NASHVILLE POLICE DEPT,20161152797,Davidson,Nashville,12/31/2016 4:45:00 PM,3,0,0,36.151640,-86.690860,BRILEY PKWYS,,,,91.00,Feet,East,ELM HILL PKE,,,,0.00,N,Not at Intersection,N,Non-Junction,None,,,         ,Jonathan,Cavezza,Rain,Angle,no,no,no,no,no,False
101492415,METROPOLITAN NASHVILLE POLICE DEPT,20161152992,Davidson,Nashville,12/31/2016 6:34:00 PM,2,0,0,36.164780,-86.763430,I 24,,,,0.00,,,,,,,49.10,N,Not at Intersection,N,Non-Junction,None,,,         ,Cressie,Prill,Rain,Front to Rear,no,no,no,no,no,False
101492416,METROPOLITAN NASHVILLE POLICE DEPT,20161152975,Davidson,Nashville,12/31/2016 5:58:00 PM,2,0,0,36.184700,-86.747970,GALLATIN AV,,,,0.00,,,CHICAMAUGA AV,,,,0.00,Y,T-Intersection, ,Intersection,None,,,         ,James,Smith,Rain,Other,no,no,no,no,no,False
101492430,METROPOLITAN NASHVILLE POLICE DEPT,20161152933,Davidson,Nashville,12/31/2016 6:06:00 PM,2,0,0,36.138030,-86.857680,WHITE BRIDGE PKE,,,,69.00,Feet,North,KNOB RD,,,,0.00,N,Not at Intersection, ,Non-Junction,None,,,         ,Barrett,Teague,Rain,Angle,no,no,no,no,no,False
101492432,METROPOLITAN NASHVILLE POLICE DEPT,20161153011,Davidson,Nashville,12/31/2016 5:51:00 PM,2,0,0,36.062910,-86.630520,HAMILTON CHURCH RD,,,,121.00,Feet,North,HAMILTON CROSSINGS,,,,0.00,N,Not at Intersection,N,Non-Junction,None,,,         ,Matthew,Johnson,Rain,"Sideswipe, Same Direction",no,no,no,yes,yes,False
101492440,METROPOLITAN NASHVILLE POLICE DEPT,20161153005,Davidson,Nashville,12/31/2016 6:20:00 PM,2,0,0,36.057710,-86.702010,BREWER DR,,,,0.00,,,TUSCULUM RD,,,,0.00,Y,T-Intersection,N,Intersection,None,,,         ,Brandon,Vance,Rain,Front to Rear,no,no,no,no,yes,False
101492444,METROPOLITAN NASHVILLE POLICE DEPT,20161152990,Davidson,Goodlettsville,12/31/2016 5:58:00 PM,2,0,0,36.305230,-86.688210,GALLATIN PKEN,,,,293.00,Feet,East,LIBERTY LN,,,,0.00,N,Not at Intersection, ,Non-Junction,None,,,         ,Christopher,Littles,Rain,Front to Rear,no,no,no,no,no,False
101492445,METROPOLITAN NASHVILLE POLICE DEPT,20161153024,Davidson,Goodlettsville,12/31/2016 6:40:00 PM,1,0,0,36.293170,-86.695740,MYATT DR,,,,320.00,Feet,South,SPRING BRANCH DR,,,,0.00,N,Not at Intersection, ,,None,,,         ,Christopher,Littles,,,no,no,no,no,no,False
101492459,METROPOLITAN NASHVILLE POLICE DEPT,20161152944,Davidson,Nashville,12/31/2016 6:09:00 PM,2,0,0,36.049280,-86.651730,BELL RD,,,,0.00,,,HICKORY HOLLOW MALL PVTDR PL,,,,0.00,Y,Four-Way,N,Intersection,None,,,         ,Nakia,Reid,Rain,"Sideswipe, Same Direction",no,no,no,no,yes,False
101492464,METROPOLITAN NASHVILLE POLICE DEPT,20161152976,Davidson,Nashville,12/31/2016 6:29:00 PM,2,0,0,36.167890,-86.777960,JAMES ROBERTSON PKWY,,,,0.00,,,PUBLIC SQ,,,,0.00,Y,T-Intersection, ,Intersection,None,,,         ,Alex,Moore,Rain,"Sideswipe, Same Direction",no,no,no,no,no,False
101492492,METROPOLITAN NASHVILLE POLICE DEPT,20161153126,Davidson,Nashville,12/31/2016 7:55:00 PM,2,0,0,36.103350,-86.816090,WARFIELD DR,,,,0.00,,,HILLSBORO PKE,,,,0.00,Y,T-Intersection, ,Intersection,None,,,         ,Charles,Griffin,Rain,Other,no,no,no,no,no,False
101492493,METROPOLITAN NASHVILLE POLICE DEPT,20161152986,Davidson,Nashville,12/31/2016 6:32:00 PM,2,3,0,36.215120,-86.597670,LEBANON PKE,,,,0.00,,,ANDREW JACKSON PKWY,,,,0.00,Y,Four-Way,N,Intersection,None,,,         ,Dontaveous,Eubanks,Rain,HeadOn,no,no,no,no,no,False
101492496,METROPOLITAN NASHVILLE POLICE DEPT,20161153140,Davidson,Nashville,12/31/2016 8:15:00 PM,1,1,0,36.135780,-86.701630,GLASTONBURY RD,,,,241.00,Feet,North,SOUTHWOOD PARK PL,,,,0.00,N,Not at Intersection,N,Non-Junction,None,,,         ,Marcus,Mitchell,Rain,Not Collision with Motor Vehicle in Transport,no,no,no,no,no,False
101492499,METROPOLITAN NASHVILLE POLICE DEPT,20161153036,Davidson,Nashville,12/31/2016 7:02:00 PM,2,0,0,36.039690,-86.739170,OLD HICKORY BLVD,,,,0.00,,,HIGHLAND VILLA DR,,,,0.00,Y,Four-Way, ,Intersection,None,,,         ,Charles,Griffin,Rain,Front to Rear,no,no,no,no,no,False
101492511,METROPOLITAN NASHVILLE POLICE DEPT,20161153100,Davidson,Nashville,12/31/2016 3:57:00 PM,2,0,0,36.217670,-86.703920,MCGAVOCK PKE,,,,0.00,,,,,,,0.00,,, ,,None,,,         ,Brian,Smith,,,no,no,no,no,no,False
101492513,METROPOLITAN NASHVILLE POLICE DEPT,20161153112,Davidson,Not in City Limit,12/31/2016 7:50:00 PM,2,0,0,36.006530,-86.655200,LEGACY DR,,,,131.00,Feet,West,MAGGIE DR,,,,0.00,N,Not at Intersection, ,Non-Junction,None,,,         ,Darryl,Williams,Rain,Angle,no,no,no,no,no,False
101492520,METROPOLITAN NASHVILLE POLICE DEPT,20161153085,Davidson,Nashville,12/31/2016 7:10:00 PM,2,0,0,36.064790,-86.628480,HAMILTON CHURCH RD,,,,0.00,Feet,,MURFREESBORO PKE,,,,0.00,Y,Four-Way, ,Intersection-Related,None,,,         ,Benny,Pittman,Rain,Front to Rear,no,no,no,no,no,False
101492521,METROPOLITAN NASHVILLE POLICE DEPT,20161153053,Davidson,Nashville,12/31/2016 6:37:00 PM,2,0,0,36.166230,-86.765790,SHELBY AV,,,,0.00,Feet,,INTERSTATE DR,,,,0.00,Y,Four-Way, ,Intersection,None,,,         ,Michael,Moss,Rain,Angle,no,no,no,no,yes,False
101492522,METROPOLITAN NASHVILLE POLICE DEPT,20161153001,Davidson,Nashville,12/31/2016 6:36:00 PM,2,2,0,36.141020,-86.817260,WEST END AV,,,,80.00,Feet,South,33RD AVS,,,,0.00,N,Not at Intersection,N,Non-Junction,None,,,         ,Charles,Griffin,Rain,Front to Rear,no,no,no,no,no,False
101492525,METROPOLITAN NASHVILLE POLICE DEPT,20161152942,Davidson,Nashville,12/31/2016 6:00:00 PM,2,0,0,36.169070,-86.766290,I 24,,,,0.00,,,,,,,48.75,N,Not at Intersection,N,Non-Junction,None,,,         ,Micah,Wright,Rain,Front to Rear,no,no,no,no,no,False
101492526,METROPOLITAN NASHVILLE POLICE DEPT,20161153199,Davidson,Nashville,12/31/2016 8:54:00 PM,2,0,0,36.183740,-86.747660,EASTLAND AV,,,,262.00,Feet,East,GALLATIN AV,,,,0.00,N,Not at Intersection,N,Non-Junction,None,,,         ,James,Smith,Rain,Other,no,no,no,no,yes,False
101492532,METROPOLITAN NASHVILLE POLICE DEPT,20161152977,Davidson,Nashville,12/31/2016 6:29:00 PM,1,0,0,36.056840,-86.702680,BREWER DR,,,,330.00,Feet,North,DELVIN DR,,,,0.00,N,Not at Intersection,N,Non-Junction,None,,,         ,Darryl,Williams,Rain,Not Collision with Motor Vehicle in Transport,no,no,no,no,no,False
101492540,METROPOLITAN NASHVILLE POLICE DEPT,20161153090,Davidson,Nashville,12/31/2016 6:45:00 PM,2,0,0,36.081860,-86.660730,KNIGHTSBRIDGE WAY,,,,179.00,Feet,West,BISHOPSGATE RD,,,,0.00,N,Not at Intersection, ,Non-Junction,None,,,         ,Eric,Keller,Rain,Rear to Side,no,no,no,no,no,False
101492554,METROPOLITAN NASHVILLE POLICE DEPT,20161153069,Davidson,Nashville,12/31/2016 7:24:00 PM,2,2,0,36.193660,-86.831220,CLARKSVILLE PKE,,,,0.00,,,BUENA VISTA PKE,,,,0.00,Y,Four-Way,N,Intersection,None,,,         ,Christopher,Templin,Rain,"Sideswipe, Same Direction",no,no,no,no,yes,False
101492564,METROPOLITAN NASHVILLE POLICE DEPT,20161153190,Davidson,Nashville,12/31/2016 8:52:00 PM,2,0,0,36.081550,-86.701890,LINBAR DR,,,,0.00,,,,,,,0.00,,, ,Non-Junction,None,,,         ,Jeffrey,Livingston,Rain,"Sideswipe, Same Direction",no,no,no,yes,no,False
101492585,METROPOLITAN NASHVILLE POLICE DEPT,20161153172,Davidson,Nashville,12/31/2016 8:38:00 PM,2,0,0,36.162380,-86.778080,4TH AVN,,,,0.00,,,COMMERCE ST,,,,0.00,Y,Four-Way, ,Intersection,None,,,         ,Joshua,Reece,Rain,Angle,no,no,no,no,no,False
101492586,METROPOLITAN NASHVILLE POLICE DEPT,20161153219,Davidson,Nashville,12/31/2016 12:00:00 AM,2,0,0,36.163640,-86.793650,I 40,,,,0.00,,,,,,,208.55,N,Not at Intersection, ,Non-Junction,None,,,         ,Kendra,Cowper,Rain,"Sideswipe, Same Direction",no,no,no,no,no,False
101492587,METROPOLITAN NASHVILLE POLICE DEPT,20161153287,Davidson,Nashville,12/31/2016 9:38:00 PM,2,0,0,36.180130,-86.749900,GALLATIN AV,,,,3.00,Feet,South,N 11TH ST,,,,0.00,N,Not at Intersection, ,Non-Junction,None,,,         ,Cressie,Prill,Rain,Front to Rear,no,no,no,no,no,False
101492588,METROPOLITAN NASHVILLE POLICE DEPT,20161153191,Davidson,Nashville,12/31/2016 8:49:00 PM,1,0,0,36.164340,-86.793780,I40 W ENT RAMP,,,,0.00,Feet,East,I 40,,,,0.00,N,Not at Intersection,N,Non-Junction,None,,,         ,Brian,Woodard,Rain,Not Collision with Motor Vehicle in Transport,no,no,no,no,no,False
101492591,METROPOLITAN NASHVILLE POLICE DEPT,20161153212,Davidson,Nashville,12/31/2016 9:01:00 PM,2,0,0,36.111450,-86.771770,I65 S ENT RAMP,,,,0.00,,,I 65,,,,0.00,Y,Y-Intersection, ,Non-Junction,None,,,         ,Akira,McSwain,Rain,Front to Rear,no,no,no,no,no,False
101492599,METROPOLITAN NASHVILLE POLICE DEPT,20161153233,Davidson,Antioch,12/31/2016 8:23:00 PM,2,0,0,0.000000,0.000000,ANDERSON,RD,,,0.00,,,MOSSDALE,DR,,,0.00,Y,Four-Way, ,Intersection,None,,,         ,Victoria,Cunningham,Rain,Angle,no,no,no,no,no,False
101492602,METROPOLITAN NASHVILLE POLICE DEPT,20161153278,Davidson,Not in City Limit,12/31/2016 9:33:00 PM,1,0,0,36.263360,-86.696480,E OLD HICKORY BLVD,,,,0.00,,,LANIER DR,,,,0.00,Y,T-Intersection,N,Intersection-Related,None,,,         ,Christopher,Littles,Rain,Not Collision with Motor Vehicle in Transport,no,no,no,no,no,False
101492603,METROPOLITAN NASHVILLE POLICE DEPT,20161153327,Davidson,Nashville,12/31/2016 9:50:00 PM,2,1,0,36.050530,-86.673200,BLUE HOLE RD,,,,85.00,Feet,South,TIMBERLAKE WAY,,,,0.00,N,Not at Intersection,N,Non-Junction,None,,,         ,Matthew,Johnson,Rain,Front to Rear,no,no,no,no,no,False
101492608,METROPOLITAN NASHVILLE POLICE DEPT,20161153295,Davidson,Lakewood,12/31/2016 9:17:00 PM,1,0,0,36.236960,-86.634200,ALLENTOWN RD,,,,138.00,Feet,North,RIFLE RANGE RD,,,,0.00,N,Not at Intersection,N,Non-Junction,None,,,         ,Dontaveous,Eubanks,Rain,Not Collision with Motor Vehicle in Transport,no,no,no,no,yes,False
101492620,GOODLETTSVILLE POLICE DEPT,16-45482,Davidson,Goodlettsville,12/31/2016 9:51:00 PM,2,0,0,36.305700,-86.702680,RIVERGATE DR,,,,16.00,Feet,West,WADE CIR,,,,0.00,N,Not at Intersection, ,Non-Junction,None,,,         ,Andre,Sanders,Rain,Front to Rear,no,no,no,no,no,False
101492640,METROPOLITAN NASHVILLE POLICE DEPT,2016-1153095,Davidson,Nashville,12/31/2016 7:42:00 PM,1,0,0,36.169290,-86.606590,I40 E EXT RAMP,,,,0.00,Feet,East,I 40,,,,0.00,N,Not at Intersection,N,Entrance/Exit Ramp Related,None,,,         ,Sandra,Talavera,Rain,Not Collision with Motor Vehicle in Transport,no,no,no,no,no,False
101492651,METROPOLITAN NASHVILLE POLICE DEPT,20161153293,Davidson,Nashville,12/31/2016 8:23:00 PM,2,0,0,36.189520,-86.627430,LEBANON PKE,,,,728.00,Feet,East,HICKORY HILL LN,,,,0.00,N,Not at Intersection,N,Non-Junction,None,,,         ,Daniel,Caruth,Rain,"Sideswipe, Opposite Direction",no,no,no,no,no,False
101492655,METROPOLITAN NASHVILLE POLICE DEPT,20161153497,Davidson,Nashville,12/31/2016 11:35:00 PM,1,1,0,36.067510,-86.688420,I24 E ENT RAMP,,,,0.00,Feet,East,I 24,,,,0.00,N,Not at Intersection,N,Non-Junction,None,,,         ,Autumn,Manning,Rain,Not Collision with Motor Vehicle in Transport,no,no,no,no,no,False
101492658,METROPOLITAN NASHVILLE POLICE DEPT,20161153308,Davidson,Nashville,12/31/2016 9:47:00 PM,2,1,0,36.130070,-86.900780,CHARLOTTE PKE,,,,0.00,,,CABOT DR,,,,0.00,Y,T-Intersection,N,Intersection,None,,,         ,Adam,Reese,Rain,Front to Rear,no,no,no,no,no,False
101492659,METROPOLITAN NASHVILLE POLICE DEPT,20161153479,Davidson,Nashville,12/31/2016 11:20:00 PM,2,0,0,36.080780,-86.716470,HARDING PL,,,,453.00,Feet,East,JONQUIL DR,,,,0.00,N,Not at Intersection,N,Non-Junction,None,,,         ,Erik,Dabbs,Rain,"Sideswipe, Opposite Direction",no,no,no,no,yes,False
101492705,METROPOLITAN NASHVILLE POLICE DEPT,20161153506,Davidson,Not in City Limit,12/31/2016 11:35:00 PM,1,1,0,36.257520,-86.776820,BELLE ARBOR DR,,,,13.00,Feet,East,BRICK CHURCH PKE,,,,0.00,N,Not at Intersection,N,Non-Junction,None,,,         ,Michael,Richardson,Rain,Not Collision with Motor Vehicle in Transport,no,no,no,no,no,False
101492753,METROPOLITAN NASHVILLE POLICE DEPT,20170000145,Davidson,Nashville,12/31/2016 11:55:00 PM,2,0,0,36.189360,-86.627660,LEBANON PKE,,,,740.00,Feet,East,HICKORY HILL LN,,,,0.00,N,Not at Intersection,N,Non-Junction,None,,,         ,Daniel,Caruth,Rain,Front to Rear,no,no,no,yes,yes,False
101492767,METROPOLITAN NASHVILLE POLICE DEPT,20170000361,Davidson,Nashville,12/31/2016 11:25:00 PM,2,0,0,36.187930,-86.794360,I 65,,,,0.00,,,,,,,85.45,N,Not at Intersection,N,Non-Junction,None,,,         ,Phillip,Black,Rain,Not Collision with Motor Vehicle in Transport,no,no,no,no,yes,False
101492775,METROPOLITAN NASHVILLE POLICE DEPT,20161153396,Davidson,Nashville,12/31/2016 10:23:00 PM,2,0,0,36.139280,-86.727070,I24 W ENT RAMP,,,,0.00,Feet,East,I 40,,,,0.00,N,Not at Intersection,N,Non-Junction,None,,,         ,Leonard,Spadavecchia,Rain,Not Collision with Motor Vehicle in Transport,no,no,no,no,no,False
101492787,METROPOLITAN NASHVILLE POLICE DEPT,20170000113,Davidson,Nashville,12/31/2016 11:14:00 PM,2,0,0,36.155590,-86.780660,CLARK PL,,,,166.00,Feet,East,9TH AVS,,,,0.00,N,Not at Intersection, ,Non-Junction,Construction Zone,,,         ,Melvin,Foster,Rain,"Sideswipe, Opposite Direction",no,no,no,no,no,False
101492803,METROPOLITAN NASHVILLE POLICE DEPT,20161153461,Davidson,Nashville,12/31/2016 11:16:00 PM,2,0,0,36.178840,-86.795210,ROSA L PARKS BLVD,,,,0.00,,,HUME ST,,,,0.00,Y,Four-Way,Y,Intersection,None,,,         ,Raymond,Heymann,Rain,Angle,no,no,no,no,no,False
101492810,METROPOLITAN NASHVILLE POLICE DEPT,20161153535,Davidson,Nashville,12/31/2016 11:55:00 PM,2,1,0,36.069590,-86.693910,HAYWOOD LN,,,,0.00,,,EZELL RD,,,,0.00,Y,Four-Way,N,Intersection,None,,,         ,William,Coy,Rain,Angle,no,no,no,no,yes,False
101492824,METROPOLITAN NASHVILLE POLICE DEPT,20161153440,Davidson,Nashville,12/31/2016 11:00:00 PM,3,0,0,36.168490,-86.766130,I 24,,,,0.00,,,,,,,48.80,N,Not at Intersection,N,Non-Junction,None,,,         ,Jeremy,King,Rain,"Sideswipe, Same Direction",no,no,no,no,no,False
101492840,METROPOLITAN NASHVILLE POLICE DEPT,2016-1153515,Davidson,Nashville,12/31/2016 11:30:00 PM,2,0,0,36.051510,-86.714360,NOLENSVILLE PKE,,,,0.00,,,OCALA DR,,,,0.00,Y,Four-Way,N,Intersection,None,,,         ,David,Barras,Rain,Front to Rear,no,no,no,no,yes,False
101492942,METROPOLITAN NASHVILLE POLICE DEPT,20170000974,Davidson,Nashville,12/31/2016 9:00:00 PM,1,0,0,36.244860,-86.828770,BUENA VISTA PKE,,,,789.00,Feet,North,HORACE MANN DR,,,,0.00,N,Not at Intersection,N,Non-Junction,None,,,         ,Royce,McLester,Rain,Not Collision with Motor Vehicle in Transport,no,no,no,no,yes,False
101493330,METROPOLITAN NASHVILLE POLICE DEPT,20170001417,Davidson,Nashville,12/31/2016 9:00:00 PM,2,0,0,36.070950,-86.669550,MINERS CV,,,,250.00,Feet,South,VOLUNTEER DR,,,,0.00,N,Not at Intersection, ,Non-Junction,None,,,         ,Jeffrey,Livingston,Rain,Unknown,no,no,no,no,yes,False
101493613,GOODLETTSVILLE POLICE DEPT,16-45169,Davidson,Goodlettsville,12/29/2016 7:05:00 AM,2,0,0,36.296395,-86.727217,ROBERT CARTWRIGHT DR.,,,,220.00,Feet,West,DICKERSON RD.,,,,0.00,N,Not at Intersection,N,Non-Junction,None,,,         ,John,Spencer,Clear,Front to Rear,no,no,no,no,no,False
101493652,GOODLETTSVILLE POLICE DEPT,16-45219,Davidson,Goodlettsville,12/29/2016 3:42:00 PM,1,1,0,36.307230,-86.717770,DICKERSON PKES,,,,688.00,Feet,South,CIMA DR,,,,0.00,N,Not at Intersection,N,"Driveway, Alley Access, etc",None,,,         ,John,Spencer,Clear,Not Collision with Motor Vehicle in Transport,no,no,no,no,no,False
101495300,METROPOLITAN NASHVILLE POLICE DEPT,20161152943,Davidson,Nashville,12/31/2016 6:55:00 PM,1,0,1,36.073840,-86.920730,OLD HICKORY BLVD,,,,250.00,Feet,South,HIGHWAY 70S,,,,0.00,N,Not at Intersection,N,Non-Junction,None,,,16-0980  ,Nathan,Dungan,Rain,Not Collision with Motor Vehicle in Transport,yes,no,no,no,no,False
101497344,Nashville Airport Police,16-03778,Davidson,Nashville,12/26/2016 6:32:00 AM,2,0,0,36.125210,-86.665610,AIRPORT SERVICE RD,,,,1431.00,Feet,South,DONELSON PKE,,,,0.00,N,Not at Intersection, ,Non-Junction,None,,,         ,Taran,Perry,Cloudy,Rear to Side,no,no,no,yes,no,False
101498439,GOODLETTSVILLE POLICE DEPT,16-45062,Davidson,Goodlettsville,12/28/2016 12:48:00 PM,3,0,0,36.321250,-86.701680,CONFERENCE DR,,,,122.00,Feet,South,MUSIC CITY CENTER PVTDR,,,,0.00,N,Not at Intersection,N,Non-Junction,None,,,         ,Jennifer,Hancock,Clear,Front to Rear,no,no,no,no,no,False